run,amplitude,horizon,k,t,epsilon_i,w,N,Y,pi,r,i,tr,Pi,AC,A_hh,N_hh,C,R_asset,R_labor,R_goods,R_nkpc,R_fisher,R_taylor,R_fiscal,R_profits,R_wealth,mass_error,min_mass,neg_count,nan_count,hjb_residual,labor_kkt,cfoc
amp0.0_T12.0,0.0,12.0,0,0.0,0.0,0.833333302167834,1.0656334053617316,1.0656334053617316,1.422460203682088e-09,0.0073706145949002985,0.007370616017360502,0.059498024739563865,0.17760560077128573,1.0780976030364521e-16,10.000000002223675,1.065633405362024,1.0656334499375317,2.2236754659843427e-09,2.9243274468626623e-13,-4.457580026995966e-08,-1.2407709188295415e-24,0.0,0.0,0.0,0.0,2.09215355232156e-15,0.0,0.0,0,0,9.094947017729282e-13,2.4980018054066022e-15,2.220446049250313e-16
amp0.0_T12.0,0.0,12.0,1,0.05,0.0,0.8333333372490564,1.0656334500368163,1.0656334500368163,1.5166679319941505e-09,0.007370614642004163,0.0073706161586720945,0.05949803546046924,0.17760557083341044,1.2256285172248897e-16,10.000000000000046,1.0656334500371174,1.0656334500376337,4.618527782440651e-14,3.0109248427834245e-13,-8.174687535807627e-13,-3.2053248736429822e-24,0.0,0.0,0.0,0.0,-1.2113728902217033e-14,0.0,0.0,0,0,9.094947017729282e-13,2.4980018054066022e-15,2.220446049250313e-16
amp0.0_T12.0,0.0,12.0,2,0.1,0.0,0.8333333372847911,1.0656334500511198,1.0656334500511198,1.5056790967227946e-09,0.007370614636509744,0.007370616142188841,0.05949803552291334,0.17760557079771433,1.2079325689377279e-16,10.000000000000009,1.0656334500514175,1.0656334500510272,8.881784197001252e-15,2.97761815204467e-13,9.247180699684428e-14,-5.169878828456423e-25,0.0,0.0,0.0,0.0,-7.256681084136973e-15,0.0,0.0,0,0,9.094947017729282e-13,2.275957200481571e-15,2.220446049250313e-16
amp0.0_T12.0,0.0,12.0,3,0.15000000000000002,0.0,0.8333333373191875,1.0656334500641615,1.0656334500641615,1.4945775631213893e-09,0.007370614630958978,0.007370616125536541,0.05949803558554932,0.17760557076323402,1.1901858024592844e-16,10.000000000000021,1.0656334500644498,1.065633450064278,2.1316282072803006e-14,2.8821389719269064e-13,-1.1647039156096234e-13,-7.237830359838992e-25,0.0,0.0,0.0,0.0,2.0067728459564e-14,0.0,0.0,0,0,9.094947017729282e-13,2.3869795029440866e-15,2.220446049250313e-16
amp0.0_T12.0,0.0,12.0,4,0.2,0.0,0.8333333373543608,1.0656334500786178,1.0656334500786178,1.483367289629271e-09,0.007370614625353842,0.007370616108721131,0.05949803564903,0.17760557072816152,1.172398474711119e-16,10.000000000000028,1.0656334500789084,1.0656334500773892,2.842170943040401e-14,2.90656387846866e-13,1.228455559202727e-12,-2.8434333556510326e-24,0.0,0.0,0.0,0.0,1.9103379627038844e-14,2.220446049250313e-16,0.0,0,0,9.094947017729282e-13,2.7200464103316335e-15,2.220446049250313e-16
amp0.0_T12.0,0.0,12.0,5,0.25,0.0,0.8333333373864343,1.0656334500895717,1.0656334500895717,1.4720458910742764e-09,0.007370614619693142,0.007370616091739033,0.05949803571213305,0.1776055706958085,1.1545707411914757e-16,10.000000000000107,1.0656334500898514,1.06563345009035,1.0658141036401503e-13,2.7977620220553945e-13,-7.783817973363539e-13,-3.618915179919496e-24,0.0,0.0,0.0,0.0,4.1312412352073744e-16,0.0,0.0,0,0,1.3642420526593924e-12,2.609024107869118e-15,2.220446049250313e-16
amp0.0_T12.0,0.0,12.0,6,0.30000000000000004,0.0,0.8333333374218773,1.065633450105236,1.065633450105236,1.4606226111219283e-09,0.007370614613981503,0.007370616074604114,0.059498035776872835,0.17760557066064997,1.1367210115130758e-16,10.000000000000087,1.0656334501055205,1.0656334501031746,8.704148513061227e-14,2.844391389089651e-13,2.0613484400228393e-12,-2.481541837659083e-24,0.0,0.0,0.0,0.0,-2.9939320042326306e-14,0.0,0.0,0,0,9.094947017729282e-13,2.55351295663786e-15,2.220446049250313e-16
amp0.0_T12.0,0.0,12.0,7,0.35000000000000003,0.0,0.8333333374516749,1.0656334501141846,1.0656334501141846,1.449087290583956e-09,0.007370614608213842,0.0073706160573011326,0.05949803584043105,0.17760557063038807,1.1188373184476128e-16,10.000000000000211,1.065633450114429,1.0656334501158389,2.113864638886298e-13,2.4424906541753444e-13,-1.654344190423328e-12,-2.3781442610899546e-24,0.0,0.0,0.0,0.0,1.3632509495185292e-14,0.0,0.0,0,0,9.094947017729282e-13,2.275957200481571e-15,2.220446049250313e-16
amp0.0_T12.0,0.0,12.0,8,0.4,0.0,0.8333333374844739,1.065633450127325,1.065633450127325,1.43745680955924e-09,0.007370614602398602,0.0073706160398554115,0.059498035905468746,0.1776055705976265,1.1009496505760585e-16,10.000000000000155,1.0656334501275926,1.0656334501283626,1.545430450278218e-13,2.6756374893466273e-13,-1.0377245337797289e-12,1.34416849539867e-24,0.0,0.0,0.0,0.0,-8.068113550604303e-15,0.0,0.0,0,0,1.3642420526593924e-12,2.4980018054066022e-15,2.220446049250313e-16
amp0.0_T12.0,0.0,12.0,9,0.45,0.0,0.8333333375167731,1.0656334501403213,1.0656334501403213,1.4257221163367633e-09,0.007370614596531254,0.007370616022253371,0.059498035970929605,0.1776055705653734,1.0830477938197143e-16,10.000000000000131,1.0656334501405496,1.0656334501407363,1.3145040611561853e-13,2.282618538629322e-13,-4.151096713842655e-13,-2.0679515313825692e-25,0.0,0.0,0.0,0.0,1.0656260729598159e-14,0.0,0.0,0,0,9.094947017729282e-13,2.3869795029440866e-15,2.220446049250313e-16
amp0.0_T12.0,0.0,12.0,10,0.5,0.0,0.8333333375490317,1.0656334501536509,1.0656334501536509,1.4138846582776435e-09,0.007370614590612525,0.007370616004497184,0.05949803603693948,0.17760557053321913,1.0651378383756217e-16,10.000000000000142,1.065633450153884,1.065633450152959,1.4210854715202004e-13,2.3314683517128287e-13,6.9178447516256e-13,-1.3958672836832342e-24,0.0,0.0,0.0,0.0,-2.0707323743403083e-14,0.0,0.0,0,0,9.094947017729282e-13,2.275957200481571e-15,2.220446049250313e-16
amp0.0_T12.0,0.0,12.0,11,0.55,0.0,0.8333333375794953,1.0656334501651394,1.0656334501651394,1.4019445055688835e-09,0.007370614584642449,0.007370615986586955,0.05949803610294577,0.1776055705026709,1.0472237780457007e-16,10.00000000000021,1.0656334501653602,1.0656334501650249,2.0961010704922955e-13,2.2071233729548112e-13,1.144702937635116e-13,-1.2407709188295415e-24,0.0,0.0,0.0,0.0,9.335889380112554e-15,0.0,0.0,0,0,9.094947017729282e-13,2.4424906541753444e-15,2.220446049250313e-16
amp0.0_T12.0,0.0,12.0,12,0.6000000000000001,0.0,0.8333333376090817,1.0656334501759404,1.0656334501759404,1.3899069918889172e-09,0.007370614578623693,0.007370615968530685,0.059498036169212676,0.1776055704729428,1.0293174327011154e-16,10.000000000000252,1.065633450176147,1.065633450176935,2.5224267119483557e-13,2.0672352718520415e-13,-9.946407172024853e-13,-5.428372769879244e-24,0.0,0.0,0.0,0.0,5.1750053559420866e-15,2.220446049250313e-16,0.0,0,0,1.3642420526593924e-12,2.4424906541753444e-15,2.220446049250313e-16
amp0.0_T12.0,0.0,12.0,13,0.65,0.0,0.8333333376394091,1.0656334501880922,1.0656334501880922,1.377774700451961e-09,0.007370614572557547,0.007370615950332247,0.05949803623624081,0.17760557044265024,1.0114263417387791e-16,10.000000000000242,1.0656334501883058,1.0656334501886917,2.4158453015843406e-13,2.1360690993788012e-13,-5.996215759317584e-13,-1.7577588016751838e-24,0.0,0.0,0.0,0.0,-1.949183145284383e-14,0.0,0.0,0,0,1.3642420526593924e-12,2.55351295663786e-15,2.220446049250313e-16
amp0.0_T12.0,0.0,12.0,14,0.7000000000000001,0.0,0.8333333376689106,1.0656334501996476,1.0656334501996476,1.3655453606475301e-09,0.007370614566442877,0.007370615931988238,0.059498036303547594,0.1776055704131383,9.935508770521374e-17,10.000000000000252,1.065633450199841,1.0656334502002893,2.5224267119483557e-13,1.9340085088970227e-13,-6.418082633210457e-13,-1.0339757656912846e-24,0.0,0.0,0.0,0.0,2.2641853876990937e-14,0.0,0.0,0,0,1.3642420526593924e-12,2.55351295663786e-15,2.220446049250313e-16
amp0.0_T12.0,0.0,12.0,15,0.75,0.0,0.8333333376985275,1.0656334502117744,1.0656334502117744,1.3532214016361645e-09,0.007370614560280898,0.0073706159135022995,0.05949803637141733,0.1776055703835987,9.756983357820347e-17,10.000000000000265,1.06563345021195,1.0656334502117297,2.646771690706373e-13,1.7563728249569976e-13,4.453339575635309e-14,8.788794008375919e-25,0.0,0.0,0.0,0.0,1.2871397076621865e-14,0.0,0.0,0,0,9.094947017729282e-13,2.4980018054066022e-15,2.220446049250313e-16
amp0.0_T12.0,0.0,12.0,16,0.8,0.0,0.8333333377265383,1.065633450222278,1.065633450222278,1.3408024300517441e-09,0.007370614554071412,0.007370615894873842,0.05949803643930253,0.1776055703555001,9.57871883735214e-17,10.000000000000313,1.0656334502224405,1.0656334502230065,3.126388037344441e-13,1.6253665080512292e-13,-7.286241359474012e-13,8.271806125530277e-25,0.0,0.0,0.0,0.0,2.016163964615193e-15,0.0,0.0,0,0,9.094947017729282e-13,2.4980018054066022e-15,2.220446049250313e-16
amp0.0_T12.0,0.0,12.0,17,0.8500000000000001,0.0,0.833333337754059,1.0656334502325813,1.0656334502325813,1.3282932165338645e-09,0.007370614547816805,0.007370615876110022,0.05949803650753559,0.1776055703278903,9.400820458252523e-17,10.000000000000323,1.0656334502327338,1.0656334502341216,3.232969447708456e-13,1.525446435834965e-13,-1.5404174325695247e-12,-3.153626085358418e-24,0.0,0.0,0.0,0.0,-6.0095222930643904e-15,2.220446049250313e-16,0.0,0,0,1.3642420526593924e-12,2.55351295663786e-15,2.220446049250313e-16
amp0.0_T12.0,0.0,12.0,18,0.9,0.0,0.8333333377823637,1.0656334502443028,1.0656334502443028,1.315695186118888e-09,0.007370614541517789,0.007370615857212976,0.059498036576515284,0.1776055702996814,9.223344288619107e-17,10.000000000000295,1.0656334502444533,1.0656334502450768,2.948752353404416e-13,1.5054624213917123e-13,-7.741397262115454e-13,-2.481541837659083e-24,0.0,0.0,0.0,0.0,7.009252702662764e-15,0.0,0.0,0,0,9.094947017729282e-13,2.3869795029440866e-15,2.220446049250313e-16
amp0.0_T12.0,0.0,12.0,19,0.9500000000000001,0.0,0.8333333378097684,1.0656334502552982,1.0656334502552982,1.3030059426129332e-09,0.007370614535173168,0.007370615838179111,0.059498036645716415,0.17760557027231075,9.04629282730267e-17,10.000000000000307,1.0656334502554536,1.0656334502558666,3.0730973321624333e-13,1.5543122344752192e-13,-5.685246515363531e-13,-2.6366382025127757e-24,0.0,0.0,0.0,0.0,-2.8217213727288906e-14,2.220446049250313e-16,0.0,0,0,9.094947017729282e-13,2.4980018054066022e-15,2.220446049250313e-16
amp0.0_T12.0,0.0,12.0,20,1.0,0.0,0.8333333378364222,1.0656334502657978,1.0656334502657978,1.2902281405828728e-09,0.007370614528784267,0.007370615819012408,0.059498036715178365,0.1776055702456575,8.869739573908183e-17,10.00000000000033,1.0656334502659257,1.0656334502664897,3.304023721284466e-13,1.2789769243681803e-13,-6.919796863421366e-13,1.809457589959748e-24,0.0,0.0,0.0,0.0,5.97259007521328e-15,2.220446049250313e-16,0.0,0,0,9.094947017729282e-13,2.3314683517128287e-15,2.220446049250313e-16
amp0.0_T12.0,0.0,12.0,21,1.05,0.0,0.8333333378634732,1.065633450277195,1.065633450277195,1.2773639882809396e-09,0.007370614522352191,0.007370615799716179,0.05949803678524772,0.1776055702187305,8.693750762780441e-17,10.00000000000035,1.065633450277332,1.0656334502769482,3.4994229736184934e-13,1.3700152123874432e-13,2.46604618564082e-13,-2.895132143935597e-24,0.0,0.0,0.0,0.0,2.1842204180172466e-14,2.220446049250313e-16,0.0,0,0,9.094947017729282e-13,2.609024107869118e-15,2.220446049250313e-16
amp0.0_T12.0,0.0,12.0,22,1.1,0.0,0.8333333378881038,1.0656334502859415,1.0656334502859415,1.2644122508186026e-09,0.007370614515876322,0.007370615780288573,0.05949803685503682,0.177605570193941,8.518345266900534e-17,10.00000000000042,1.0656334502860827,1.0656334502872333,4.192202140984591e-13,1.412203687323199e-13,-1.2919406949065011e-12,-2.946830932220161e-24,0.0,0.0,0.0,0.0,-7.3917113538094e-15,0.0,0.0,0,0,9.094947017729282e-13,2.3869795029440866e-15,2.220446049250313e-16
amp0.0_T12.0,0.0,12.0,23,1.1500000000000001,0.0,0.8333333379131188,1.0656334502956046,1.0656334502956046,1.2513801455949298e-09,0.007370614509360269,0.007370615760740415,0.05949803692540377,0.1776055701688948,8.34365559594026e-17,10.000000000000412,1.0656334502957523,1.065633450297351,4.121147867408581e-13,1.4765966227514582e-13,-1.7464642542913307e-12,-8.788794008375919e-25,0.0,0.0,0.0,0.0,-1.6663773547340194e-14,0.0,0.0,0,0,9.094947017729282e-13,2.4980018054066022e-15,2.220446049250313e-16
amp0.0_T12.0,0.0,12.0,24,1.2000000000000002,0.0,0.8333333379387197,1.0656334503064593,1.0656334503064593,1.2382664793484072e-09,0.007370614502803437,0.007370615741069916,0.0594980369964211,0.17760557014342274,8.169699487443832e-17,10.000000000000384,1.0656334503065974,1.0656334503073008,3.836930773104541e-13,1.3811174426336947e-13,-8.416307496607431e-13,-1.550963648536927e-25,0.0,0.0,0.0,0.0,1.623479336494981e-14,0.0,0.0,0,0,9.094947017729282e-13,2.4980018054066022e-15,2.220446049250313e-16
amp0.0_T12.0,0.0,12.0,25,1.25,0.0,0.8333333379629965,1.0656334503160716,1.0656334503160716,1.2250694537044531e-09,0.007370614496204924,0.0073706157212743775,0.05949803706748831,0.1776055701191546,7.996487656941119e-17,10.000000000000403,1.0656334503161855,1.0656334503170766,4.0323300254385686e-13,1.1390888232654106e-13,-1.005053846767261e-12,1.34416849539867e-24,0.0,0.0,0.0,0.0,-1.0289137914477523e-14,0.0,0.0,0,0,1.3642420526593924e-12,2.55351295663786e-15,2.220446049250313e-16
amp0.0_T12.0,0.0,12.0,26,1.3,0.0,0.8333333379866574,1.0656334503253413,1.0656334503253413,1.2117929991393063e-09,0.007370614489566696,0.007370615701359696,0.059498037138811355,0.17760557009548564,7.824106028640292e-17,10.000000000000414,1.065633450325419,1.0656334503266787,4.1389114358025836e-13,7.771561172376096e-14,-1.33745289652375e-12,-2.481541837659083e-24,0.0,0.0,0.0,0.0,1.557946791472501e-16,2.220446049250313e-16,0.0,0,0,1.3642420526593924e-12,2.3314683517128287e-15,2.220446049250313e-16
amp0.0_T12.0,0.0,12.0,27,1.35,0.0,0.8333333380106138,1.065633450335397,1.065633450335397,1.1984389234606412e-09,0.007370614482889658,0.007370615681328582,0.05949803721066803,0.17760557007163283,7.652611402398626e-17,10.000000000000409,1.0656334503354596,1.0656334503361085,4.085620730620576e-13,6.261657858885883e-14,-7.115074402938243e-13,-1.9645539548134407e-24,0.0,0.0,0.0,0.0,-2.136844028905496e-16,2.220446049250313e-16,0.0,0,0,9.094947017729282e-13,2.4424906541753444e-15,2.220446049250313e-16
amp0.0_T12.0,0.0,12.0,28,1.4000000000000001,0.0,0.8333333380322965,1.0656334503429876,1.0656334503429876,1.1850063015668607e-09,0.0073706144761733474,0.007370615661179649,0.05949803728224583,0.1776055700497922,7.482025233902161e-17,10.000000000000435,1.0656334503430351,1.065633450345358,4.3520742565306136e-13,4.75175454539567e-14,-2.3704009778270483e-12,-2.68833699079734e-24,0.0,0.0,0.0,0.0,7.753639786072275e-15,4.440892098500626e-16,0.0,0,0,9.094947017729282e-13,2.4424906541753444e-15,2.220446049250313e-16
amp0.0_T12.0,0.0,12.0,29,1.4500000000000002,0.0,0.8333333380564816,1.0656334503541862,1.0656334503541862,1.1715019153951205e-09,0.007370614469421154,0.0073706156409230695,0.05949803735503344,0.1776055700258862,7.312465917992043e-17,10.00000000000038,1.0656334503542308,1.0656334503544387,3.801403636316536e-13,4.463096558993129e-14,-2.5253784045894053e-13,-1.1890721305449773e-24,0.0,0.0,0.0,0.0,5.186437255110781e-15,2.220446049250313e-16,0.0,0,0,9.094947017729282e-13,2.609024107869118e-15,2.220446049250313e-16
amp0.0_T12.0,0.0,12.0,30,1.5,0.0,0.8333333380786564,1.065633450363264,1.065633450363264,1.1579182217351892e-09,0.007370614462629308,0.00737061562054753,0.05949803742763117,0.1776055700037689,7.143871359618669e-17,10.000000000000432,1.0656334503632972,1.0656334503633378,4.3165471197426086e-13,3.3084646133829665e-14,-7.379024754870659e-14,-1.3958672836832342e-24,0.0,0.0,0.0,0.0,-8.97600931358633e-15,2.220446049250313e-16,0.0,0,0,9.094947017729282e-13,2.609024107869118e-15,2.220446049250313e-16
amp0.0_T12.0,0.0,12.0,31,1.55,0.0,0.8333333380990698,1.0656334503704905,1.0656334503704905,1.1442612117758147e-09,0.007370614455800803,0.0073706156000620145,0.05949803750008251,0.1776055699832201,6.976349052777643e-17,10.000000000000492,1.065633450370553,1.0656334503720544,4.920508445138694e-13,6.23945339839338e-14,-1.5639299159775234e-12,-1.0339757656912846e-24,0.0,0.0,0.0,0.0,-1.9461566915625913e-14,2.220446049250313e-16,0.0,0,0,9.094947017729282e-13,2.4424906541753444e-15,2.220446049250313e-16
amp0.0_T12.0,0.0,12.0,32,1.6,0.0,0.8333333381205799,1.0656334503795801,1.0656334503795801,1.130536132965333e-09,0.0073706144489382635,0.007370615579474396,0.059498037573282384,0.17760556996181326,6.809994225274456e-17,10.00000000000048,1.0656334503796394,1.0656334503805953,4.796163466380676e-13,5.928590951498336e-14,-1.015256033659496e-12,-1.8611563782443123e-24,0.0,0.0,0.0,0.0,2.036093268392896e-14,0.0,0.0,0,0,9.094947017729282e-13,2.4980018054066022e-15,2.220446049250313e-16
amp0.0_T12.0,0.0,12.0,33,1.6500000000000001,0.0,0.8333333381411417,1.0656334503879068,1.0656334503879068,1.1167396615674741e-09,0.007370614442040027,0.007370615558779689,0.05949803764659231,0.17760556994128956,6.644797190456086e-17,10.000000000000497,1.0656334503879523,1.065633450388954,4.973799150320701e-13,4.551914400963142e-14,-1.0472288047983522e-12,-2.8434333556510326e-24,0.0,0.0,0.0,0.0,-2.6551048489575394e-14,2.220446049250313e-16,0.0,0,0,9.094947017729282e-13,2.3869795029440866e-15,2.220446049250313e-16
amp0.0_T12.0,0.0,12.0,34,1.7000000000000002,0.0,0.8333333381608042,1.065633450395513,1.065633450395513,1.1028746062773336e-09,0.0073706144351075005,0.007370615537982106,0.059498037720011276,0.1776055699216043,6.480822446127936e-17,10.000000000000512,1.065633450395554,1.0656334503971299,5.115907697472721e-13,4.107825191113079e-14,-1.6169936212885392e-12,5.686866711302065e-25,0.0,0.0,0.0,0.0,3.1836641819274294e-14,2.220446049250313e-16,0.0,0,0,9.094947017729282e-13,2.4424906541753444e-15,2.220446049250313e-16
amp0.0_T12.0,0.0,12.0,35,1.75,0.0,0.8333333381796088,1.0656334504024663,1.0656334504024663,1.0889436309779823e-09,0.0073706144281420125,0.007370615517085643,0.05949803779354114,0.17760556990272441,6.318131304292773e-17,10.000000000000501,1.065633450402499,1.0656334504051213,5.009326287108706e-13,3.26405569239796e-14,-2.6550505224016423e-12,-2.1713491079516976e-24,0.0,0.0,0.0,0.0,-6.6887819499367154e-15,4.440892098500626e-16,0.0,0,0,9.094947017729282e-13,2.4980018054066022e-15,2.220446049250313e-16
amp0.0_T12.0,0.0,12.0,36,1.8,0.0,0.8333333382009677,1.065633450413108,1.065633450413108,1.0749492766504754e-09,0.007370614421144835,0.007370615496094112,0.05949803786825722,0.1776055698817373,6.156782230023676e-17,10.000000000000437,1.0656334504131355,1.0656334504129363,4.369837824924616e-13,2.7533531010703882e-14,1.7157891178474897e-13,-7.754818242684634e-25,0.0,0.0,0.0,0.0,4.605664630249215e-15,4.440892098500626e-16,0.0,0,0,9.094947017729282e-13,2.3314683517128287e-15,2.220446049250313e-16
amp0.0_T12.0,0.0,12.0,37,1.85,0.0,0.8333333382182297,1.0656334504189717,1.0656334504189717,1.060883848401894e-09,0.007370614414112121,0.007370615474995969,0.059498037942076615,0.17760556986431958,5.996716586028961e-17,10.000000000000515,1.065633450418988,1.0656334504205573,5.151434834260726e-13,1.6209256159527285e-14,-1.585680490935509e-12,-1.6543612251060553e-24,0.0,0.0,0.0,0.0,-2.3024759578367743e-14,4.440892098500626e-16,0.0,0,0,1.3642420526593924e-12,2.4980018054066022e-15,2.220446049250313e-16
amp0.0_T12.0,0.0,12.0,38,1.9000000000000001,0.0,0.833333338235903,1.0656334504257852,1.0656334504257852,1.046759601197227e-09,0.007370614407049998,0.007370615453809599,0.0594980380163745,0.17760556984662185,5.838103029962783e-17,10.000000000000504,1.0656334504258027,1.0656334504279945,5.044853423896711e-13,1.7541523789077473e-14,-2.209402200034361e-12,-4.497794580757088e-24,0.0,0.0,0.0,0.0,1.9195339308857292e-14,4.440892098500626e-16,0.0,0,0,9.094947017729282e-13,2.3314683517128287e-15,2.220446049250313e-16
amp0.0_T12.0,0.0,12.0,39,1.9500000000000002,0.0,0.8333333382555795,1.0656334504355847,1.0656334504355847,1.0325752719471712e-09,0.007370614399957833,0.0073706154325331045,0.059498038091666275,0.1776055698272872,5.680954222465189e-17,10.000000000000465,1.0656334504356089,1.065633450435251,4.654054919228656e-13,2.4202861936828413e-14,3.336762316600974e-13,-7.754818242684634e-25,0.0,0.0,0.0,0.0,2.4032911409731438e-14,2.220446049250313e-16,0.0,0,0,9.094947017729282e-13,2.4424906541753444e-15,2.220446049250313e-16
amp0.0_T12.0,0.0,12.0,40,2.0,0.0,0.833333338270779,1.0656334504401106,1.0656334504401106,1.0183248210844942e-09,0.007370614392832607,0.007370615411157428,0.05949803816591383,0.17760556981184444,5.525231869006483e-17,10.000000000000554,1.0656334504401501,1.0656334504423088,5.542233338928781e-13,3.952393967665557e-14,-2.1982968410765e-12,-1.550963648536927e-25,0.0,0.0,0.0,0.0,-2.7344487415544706e-14,2.220446049250313e-16,0.0,0,0,9.094947017729282e-13,2.3314683517128287e-15,2.220446049250313e-16
amp0.0_T12.0,0.0,12.0,41,2.0500000000000003,0.0,0.8333333382883209,1.0656334504480465,1.0656334504480465,1.00402164647143e-09,0.00737061438568102,0.0073706153897026665,0.05949803824122568,0.1776055697944739,5.37110943815937e-17,10.000000000000515,1.065633450448116,1.0656334504491853,5.151434834260726e-13,6.94999613415348e-14,-1.1389204897548671e-12,-1.809457589959748e-24,0.0,0.0,0.0,0.0,2.2795941721473384e-14,2.220446049250313e-16,0.0,0,0,1.3642420526593924e-12,2.609024107869118e-15,2.220446049250313e-16
amp0.0_T12.0,0.0,12.0,42,2.1,0.0,0.8333333383037471,1.065633450453756,1.065633450453756,9.896586947004913e-10,0.007370614378499544,0.007370615368158239,0.0594980383162199,0.17760556977898673,5.218536651817806e-17,10.000000000000533,1.0656334504538272,1.0656334504558678,5.329070518200751e-13,7.127631818093505e-14,-2.111918422808491e-12,3.101927297073854e-25,0.0,0.0,0.0,0.0,-9.38436177919752e-15,0.0,0.0,0,0,9.094947017729282e-13,2.3869795029440866e-15,2.220446049250313e-16
amp0.0_T12.0,0.0,12.0,43,2.15,0.0,0.8333333383201946,1.0656334504612286,1.0656334504612286,9.752422828060864e-10,0.007370614371291338,0.007370615346533621,0.05949803839186511,0.1776055697627052,5.0676066074527633e-17,10.000000000000501,1.0656334504612806,1.0656334504623632,5.009326287108706e-13,5.1958437552457326e-14,-1.1346986072329846e-12,-3.2053248736429822e-24,0.0,0.0,0.0,0.0,1.7613541365267565e-14,4.440892098500626e-16,0.0,0,0,9.094947017729282e-13,2.4424906541753444e-15,2.220446049250313e-16
amp0.0_T12.0,0.0,12.0,44,2.2,0.0,0.8333333383357752,1.0656334504680194,1.0656334504680194,9.607693201756723e-10,0.007370614364054857,0.007370615324824177,0.059498038467569264,0.1776055697472338,4.918312301059081e-17,10.000000000000519,1.0656334504680716,1.0656334504686664,5.186961971048731e-13,5.218048215738236e-14,-6.470871618745518e-13,-1.1890721305449773e-24,0.0,0.0,0.0,0.0,2.3167798248255356e-14,2.220446049250313e-16,0.0,0,0,9.094947017729282e-13,2.4424906541753444e-15,2.220446049250313e-16
amp0.0_T12.0,0.0,12.0,45,2.25,0.0,0.8333333383503854,1.0656334504740022,1.0656334504740022,9.46242379453361e-10,0.0073706143567913865,0.007370615303033766,0.059498038543287154,0.17760556973266178,4.77070583903942e-17,10.000000000000561,1.0656334504740688,1.0656334504747758,5.613287612504791e-13,6.661338147750939e-14,-7.736511106171995e-13,-1.9645539548134407e-24,0.0,0.0,0.0,0.0,-7.23777222139794e-15,2.220446049250313e-16,0.0,0,0,1.3642420526593924e-12,2.609024107869118e-15,2.220446049250313e-16
amp0.0_T12.0,0.0,12.0,46,2.3000000000000003,0.0,0.833333338363409,1.0656334504784362,1.0656334504784362,9.316643446548772e-10,0.007370614349502369,0.007370615281166714,0.059498038618813365,0.17760556971952252,4.624840922284559e-17,10.000000000000597,1.0656334504784875,1.0656334504806892,5.968558980384842e-13,5.129230373768223e-14,-2.2531328545835154e-12,-2.0679515313825692e-24,0.0,0.0,0.0,0.0,-1.588372524628319e-14,4.440892098500626e-16,0.0,0,0,1.3642420526593924e-12,2.3869795029440866e-15,2.220446049250313e-16
amp0.0_T12.0,0.0,12.0,47,2.35,0.0,0.8333333383784022,1.065633450485798,1.065633450485798,9.17039950092356e-10,0.007370614342190172,0.007370615259230122,0.05949803869525215,0.1776055697047722,4.48078762789076e-17,10.000000000000558,1.0656334504858607,1.0656334504864151,5.577760475716786e-13,6.261657858885883e-14,-6.171067649629409e-13,-7.754818242684634e-25,0.0,0.0,0.0,0.0,-2.4760297612935435e-14,4.440892098500626e-16,0.0,0,0,9.094947017729282e-13,2.3869795029440866e-15,2.220446049250313e-16
amp0.0_T12.0,0.0,12.0,48,2.4000000000000004,0.0,0.833333338391169,1.0656334504907443,1.0656334504907443,9.023632636459117e-10,0.007370614334851828,0.007370615237215092,0.05949803877129459,0.17760556969199187,4.338510587522572e-17,10.0000000000006,1.0656334504908411,1.0656334504919416,6.004086117172847e-13,9.681144774731365e-14,-1.197307894861644e-12,6.72084247699335e-25,0.0,0.0,0.0,0.0,3.092966389491445e-14,4.440892098500626e-16,0.0,0,0,1.3642420526593924e-12,2.4980018054066022e-15,2.220446049250313e-16
amp0.0_T12.0,0.0,12.0,49,2.45,0.0,0.8333333384039882,1.0656334504962575,1.0656334504962575,8.87640938493363e-10,0.007370614327490667,0.007370615215131605,0.059498038847644416,0.17760556967925017,4.198097268659398e-17,10.000000000000618,1.065633450496334,1.0656334504972738,6.181721801112872e-13,7.66053886991358e-14,-1.016340137714555e-12,-1.0339757656912846e-24,0.0,0.0,0.0,0.0,5.97107911524782e-15,4.440892098500626e-16,0.0,0,0,9.094947017729282e-13,2.55351295663786e-15,2.220446049250313e-16
amp0.0_T12.0,0.0,12.0,50,2.5,0.0,0.8333333384158822,1.065633450501027,1.065633450501027,8.728727946077764e-10,0.007370614320106594,0.007370615192979389,0.05949803892398253,0.17760556966737037,4.059567476978031e-17,10.000000000000643,1.0656334505010945,1.0656334505024083,6.430411758628907e-13,6.750155989720952e-14,-1.3813800829133895e-12,1.550963648536927e-25,0.0,0.0,0.0,0.0,-1.3696547700789954e-14,4.440892098500626e-16,0.0,0,0,9.094947017729282e-13,2.55351295663786e-15,2.220446049250313e-16
amp0.0_T12.0,0.0,12.0,51,2.5500000000000003,0.0,0.8333333384268387,1.065633450505062,1.065633450505062,8.580615845263249e-10,0.007370614312700989,0.007370615170762574,0.05949803900029428,0.17760556965636728,3.9229680131343647e-17,10.000000000000648,1.0656334505051062,1.065633450507345,6.483702463810914e-13,4.418687638008123e-14,-2.2831018575193033e-12,3.618915179919496e-25,0.0,0.0,0.0,0.0,-2.035647469615987e-14,2.220446049250313e-16,0.0,0,0,9.094947017729282e-13,2.3869795029440866e-15,2.220446049250313e-16
amp0.0_T12.0,0.0,12.0,52,2.6,0.0,0.8333333384387941,1.065633450510801,1.065633450510801,8.432100994659433e-10,0.007370614305275246,0.007370615148485346,0.05949803907718011,0.1776055696445837,3.7883443494839194e-17,10.000000000000608,1.0656334505108382,1.0656334505120877,6.075140390748857e-13,3.730349362740526e-14,-1.2867863689840513e-12,-2.1713491079516976e-24,0.0,0.0,0.0,0.0,2.2643399863326515e-14,2.220446049250313e-16,0.0,0,0,1.3642420526593924e-12,2.4980018054066022e-15,2.220446049250313e-16
amp0.0_T12.0,0.0,12.0,53,2.6500000000000004,0.0,0.8333333384501068,1.0656334505161458,1.0656334505161458,8.283153223531094e-10,0.007370614297827858,0.007370615126143181,0.05949803915413039,0.1776055696334193,3.655688976893871e-17,10.000000000000618,1.0656334505161997,1.0656334505166316,6.181721801112872e-13,5.395683899678261e-14,-4.858701524657375e-13,-1.4475660719677984e-24,0.0,0.0,0.0,0.0,-4.8516986398792946e-15,2.220446049250313e-16,0.0,0,0,9.094947017729282e-13,2.4424906541753444e-15,2.220446049250313e-16
amp0.0_T12.0,0.0,12.0,54,2.7,0.0,0.8333333384597208,1.0656334505197955,1.0656334505197955,8.133791596661239e-10,0.007370614290359776,0.007370615103738936,0.05949803923080417,0.17760556962378257,3.52503903443686e-17,10.000000000000668,1.0656334505198453,1.0656334505209728,6.679101716144942e-13,4.973799150320701e-14,-1.1773157457028604e-12,-1.6543612251060553e-24,0.0,0.0,0.0,0.0,-1.8993029871802025e-14,2.220446049250313e-16,0.0,0,0,1.3642420526593924e-12,2.3869795029440866e-15,2.220446049250313e-16
amp0.0_T12.0,0.0,12.0,55,2.75,0.0,0.8333333384682584,1.06563345052253,1.06563345052253,7.984066869689496e-10,0.00737061428287354,0.007370615081280227,0.05949803930737303,0.17760556961514037,3.396457466700464e-17,10.000000000000682,1.0656334505225686,1.0656334505251133,6.821210263296962e-13,3.863576125695545e-14,-2.583300898272481e-12,7.237830359838992e-25,0.0,0.0,0.0,0.0,4.5241507551495365e-14,4.440892098500626e-16,0.0,0,0,9.094947017729282e-13,2.4424906541753444e-15,2.220446049250313e-16
amp0.0_T12.0,0.0,12.0,56,2.8000000000000003,0.0,0.8333333384787049,1.0656334505281397,1.0656334505281397,7.834011151902489e-10,0.007370614275370755,0.00737061505877187,0.05949803938477194,0.1776055696049432,3.2699884590351874e-17,10.000000000000629,1.0656334505281737,1.0656334505290586,6.288303211476887e-13,3.397282455352979e-14,-9.1885327506437e-13,-1.8611563782443123e-24,0.0,0.0,0.0,0.0,-8.26122762323742e-15,4.440892098500626e-16,0.0,0,0,9.094947017729282e-13,2.3869795029440866e-15,2.220446049250313e-16
amp0.0_T12.0,0.0,12.0,57,2.85,0.0,0.8333333384867411,1.0656334505311023,1.0656334505311023,7.683567010280749e-10,0.007370614267848547,0.0073706150362052485,0.05949803946164885,0.17760556959687332,3.145600863926656e-17,10.000000000000655,1.065633450531157,1.0656334505327987,6.554756737386924e-13,5.484501741648273e-14,-1.6964522376358785e-12,8.271806125530277e-25,0.0,0.0,0.0,0.0,-2.357861006220684e-14,2.220446049250313e-16,0.0,0,0,9.094947017729282e-13,2.4424906541753444e-15,2.220446049250313e-16
amp0.0_T12.0,0.0,12.0,58,2.9000000000000004,0.0,0.8333333384944557,1.0656334505341365,1.0656334505341365,7.532806562768625e-10,0.007370614260310524,0.007370615013591181,0.059498039538641495,0.17760556958915816,3.023371253135294e-17,10.000000000000643,1.065633450534182,1.0656334505363372,6.430411758628907e-13,4.551914400963142e-14,-2.200714313124517e-12,-2.0679515313825692e-25,0.0,0.0,0.0,0.0,3.0962693889305456e-14,2.220446049250313e-16,0.0,0,0,9.094947017729282e-13,2.220446049250313e-15,2.220446049250313e-16
amp0.0_T12.0,0.0,12.0,59,2.95,0.0,0.8333333385030517,1.065633450538749,1.065633450538749,7.381739296830808e-10,0.007370614252757162,0.007370614990931092,0.05949803961612575,0.17760556958076665,2.903322334589263e-17,10.000000000000608,1.065633450538781,1.0656334505396772,6.075140390748857e-13,3.197442310920451e-14,-9.281754818099768e-13,6.203854594147708e-25,0.0,0.0,0.0,0.0,-1.4652385075275442e-14,4.440892098500626e-16,0.0,0,0,9.094947017729282e-13,2.3869795029440866e-15,2.220446049250313e-16
amp0.0_T12.0,0.0,12.0,60,3.0,0.0,0.8333333385110869,1.0656334505430918,1.0656334505430918,7.230338616876309e-10,0.007370614245187128,0.00737061496822099,0.05949803969365332,0.1776055695729278,2.785448434337086e-17,10.000000000000632,1.0656334505431158,1.0656334505428144,6.323830348264892e-13,2.398081733190338e-14,2.7730585706702073e-13,-5.169878828456423e-26,0.0,0.0,0.0,0.0,3.856559362041213e-14,2.220446049250313e-16,0.0,0,0,9.094947017729282e-13,2.4980018054066022e-15,2.220446049250313e-16
amp0.0_T12.0,0.0,12.0,61,3.0500000000000003,0.0,0.8333333385163637,1.065633450544361,1.065633450544361,7.078621179407611e-10,0.007370614237601256,0.0073706149454633735,0.05949803977051413,0.17760556956751625,2.6697782543839444e-17,10.00000000000072,1.0656334505443892,1.065633450545742,7.194245199571014e-13,2.8199664825478976e-14,-1.3811441404162387e-12,-1.3958672836832342e-24,0.0,0.0,0.0,0.0,-7.0533515820188385e-15,4.440892098500626e-16,0.0,0,0,9.094947017729282e-13,2.6645352591003757e-15,2.220446049250313e-16
amp0.0_T12.0,0.0,12.0,62,3.1,0.0,0.8333333385215719,1.0656334505459975,1.0656334505459975,6.926669579849765e-10,0.007370614230003676,0.007370614922670634,0.05949803984752701,0.17760556956223902,2.5563881240088555e-17,10.000000000000721,1.0656334505460274,1.0656334505484675,7.212008767965017e-13,2.9976021664879227e-14,-2.4700497490672882e-12,-1.6543612251060553e-24,0.0,0.0,0.0,0.0,-1.4446964669374525e-14,2.220446049250313e-16,0.0,0,0,9.094947017729282e-13,2.4980018054066022e-15,2.220446049250313e-16
amp0.0_T12.0,0.0,12.0,63,3.1500000000000004,0.0,0.8333333385271635,1.0656334505485525,1.0656334505485525,6.774485759475216e-10,0.007370614222394485,0.0073706148998430605,0.05949803992483209,0.17760556955670623,2.4452908196287125e-17,10.000000000000668,1.0656334505486083,1.06563345055099,6.679101716144942e-13,5.573319583618286e-14,-2.437408081170265e-12,-3.101927297073854e-25,0.0,0.0,0.0,0.0,1.5677976535387603e-14,4.440892098500626e-16,0.0,0,0,9.094947017729282e-13,2.4424906541753444e-15,2.220446049250313e-16
amp0.0_T12.0,0.0,12.0,64,3.2,0.0,0.8333333385343868,1.0656334505536627,1.0656334505536627,6.622058098042574e-10,0.007370614214773101,0.0073706148769789115,0.0594980400028393,0.17760556954986048,2.3364894391255464e-17,10.000000000000618,1.0656334505537206,1.0656334505533134,6.181721801112872e-13,5.795364188543317e-14,3.49252798652683e-13,-2.3264454728053903e-24,0.0,0.0,0.0,0.0,-2.115006710964471e-14,4.440892098500626e-16,0.0,0,0,9.094947017729282e-13,2.3869795029440866e-15,2.220446049250313e-16
amp0.0_T12.0,0.0,12.0,65,3.25,0.0,0.8333333385372856,1.0656334505537193,1.0656334505537193,6.469337522787931e-10,0.007370614207137073,0.0073706148540708255,0.05949804007967001,0.17760556954678083,2.229962034151575e-17,10.000000000000705,1.0656334505537763,1.065633450555422,7.052136652418994e-13,5.706546346573305e-14,-1.7026603301854817e-12,-1.0339757656912846e-24,0.0,0.0,0.0,0.0,1.217306308151331e-14,4.440892098500626e-16,0.0,0,0,9.094947017729282e-13,2.609024107869118e-15,2.220446049250313e-16
amp0.0_T12.0,0.0,12.0,66,3.3000000000000003,0.0,0.8333333385423035,1.065633450556939,1.065633450556939,6.316453623476142e-10,0.007370614199492877,0.00737061483113824,0.05949804015731651,0.17760556954197024,2.1258101320187678e-17,10.000000000000691,1.065633450556985,1.065633450557331,6.910028105266974e-13,4.618527782440651e-14,-3.9215203039892547e-13,-2.016252743098005e-24,0.0,0.0,0.0,0.0,3.7873184290374374e-14,4.440892098500626e-16,0.0,0,0,9.094947017729282e-13,2.55351295663786e-15,2.220446049250313e-16
amp0.0_T12.0,0.0,12.0,67,3.35,0.0,0.8333333385443136,1.0656334505567726,1.0656334505567726,6.163342745964564e-10,0.007370614191837334,0.007370614808171609,0.05949804023417245,0.17760556953980053,2.0239999078597262e-17,10.000000000000743,1.0656334505568168,1.065633450559028,7.425171588693047e-13,4.418687638008123e-14,-2.2553272922226216e-12,-7.754818242684634e-25,0.0,0.0,0.0,0.0,-8.407575104121536e-15,4.440892098500626e-16,0.0,0,0,1.3642420526593924e-12,2.3869795029440866e-15,2.220446049250313e-16
amp0.0_T12.0,0.0,12.0,68,3.4000000000000004,0.0,0.8333333385489713,1.0656334505604406,1.0656334505604406,6.010095011250649e-10,0.007370614184174947,0.007370614785184448,0.05949804031199932,0.17760556953544845,1.9246001899076793e-17,10.000000000000698,1.0656334505604765,1.0656334505605263,6.981082378842984e-13,3.597122599785507e-14,-8.572846350296116e-14,-6.72084247699335e-25,0.0,0.0,0.0,0.0,-2.3764127056988006e-14,4.440892098500626e-16,0.0,0,0,9.094947017729282e-13,2.4424906541753444e-15,2.220446049250313e-16
amp0.0_T12.0,0.0,12.0,69,3.45,0.0,0.8333333385497897,1.0656334505596572,1.0656334505596572,5.856630921109721e-10,0.007370614176501743,0.007370614762164835,0.05949804038876429,0.1776055695344457,1.827568067672254e-17,10.00000000000076,1.065633450559699,1.0656334505618092,7.602807272633072e-13,4.1744385725905886e-14,-2.1520745866140802e-12,5.686866711302065e-25,0.0,0.0,0.0,0.0,2.1608106537814286e-14,4.440892098500626e-16,0.0,0,0,9.094947017729282e-13,2.4424906541753444e-15,2.220446049250313e-16
amp0.0_T12.0,0.0,12.0,70,3.5,0.0,0.8333333385519126,1.0656334505609921,1.0656334505609921,5.70306554523131e-10,0.007370614168823474,0.007370614739130028,0.059498040466053184,0.177605569532406,1.7329840872537835e-17,10.000000000000721,1.0656334505610383,1.0656334505628893,7.212008767965017e-13,4.618527782440651e-14,-1.89716643432034e-12,-6.203854594147708e-25,0.0,0.0,0.0,0.0,-9.125807470983394e-15,4.440892098500626e-16,0.0,0,0,9.094947017729282e-13,2.275957200481571e-15,2.220446049250313e-16
amp0.0_T12.0,0.0,12.0,71,3.5500000000000003,0.0,0.8333333385557448,1.0656334505649496,1.0656334505649496,5.549359700941598e-10,0.007370614161138181,0.0073706147160741515,0.059498040544013336,0.17760556952898196,1.6408300500231928e-17,10.000000000000693,1.065633450565011,1.0656334505637675,6.927791673660977e-13,6.128431095930864e-14,1.1821490683203665e-12,-5.686866711302065e-25,0.0,0.0,0.0,0.0,-2.373764928806923e-14,4.440892098500626e-16,0.0,0,0,9.094947017729282e-13,2.3869795029440866e-15,2.220446049250313e-16
amp0.0_T12.0,0.0,12.0,72,3.6,0.0,0.8333333385537572,1.0656334505619622,1.0656334505619622,5.395462039025318e-10,0.007370614153443299,0.007370614692989503,0.059498040620271045,0.177605569530602,1.551083334527147e-17,10.000000000000817,1.065633450562023,1.0656334505644243,8.171241461241152e-13,6.084022174945858e-14,-2.4620460902420926e-12,-9.822769774067204e-25,0.0,0.0,0.0,0.0,3.3717857221114236e-15,4.440892098500626e-16,0.0,0,0,9.094947017729282e-13,2.4980018054066022e-15,2.220446049250313e-16
amp0.0_T12.0,0.0,12.0,73,3.6500000000000004,0.0,0.8333333385544334,1.06563345056282,1.06563345056282,5.241547053915841e-10,0.007370614145747549,0.0073706146699022545,0.05949804069744384,0.17760556953002446,1.463850841550684e-17,10.00000000000076,1.0656334505628855,1.0656334505648806,7.602807272633072e-13,6.550315845288424e-14,-2.060588572212706e-12,-4.652890945610781e-25,0.0,0.0,0.0,0.0,5.922513439445213e-15,4.440892098500626e-16,0.0,0,0,1.3642420526593924e-12,2.4424906541753444e-15,2.220446049250313e-16
amp0.0_T12.0,0.0,12.0,74,3.7,0.0,0.8333333385557381,1.0656334505649374,1.0656334505649374,5.087534827539149e-10,0.007370614138046938,0.007370614646800421,0.05949804077492318,0.17760556952898698,1.3790900959758382e-17,10.000000000000723,1.0656334505650045,1.0656334505651315,7.229772336359019e-13,6.705747068735946e-14,-1.9408077560543712e-13,-5.169878828456423e-26,0.0,0.0,0.0,0.0,4.729883538166411e-15,4.440892098500626e-16,0.0,0,0,9.094947017729282e-13,2.4980018054066022e-15,2.220446049250313e-16
amp0.0_T12.0,0.0,12.0,75,3.75,0.0,0.833333338554662,1.0656334505645038,1.0656334505645038,4.933406453026312e-10,0.00737061413034052,0.007370614623681165,0.059498040851761136,0.17760556953006157,1.2967959458419033e-17,10.000000000000778,1.065633450564545,1.0656334505651692,7.780442956573097e-13,4.1300296516055823e-14,-6.654806489197772e-13,8.271806125530277e-25,0.0,0.0,0.0,0.0,-2.441792960939977e-14,4.440892098500626e-16,0.0,0,0,9.094947017729282e-13,2.3314683517128287e-15,2.220446049250313e-16
amp0.0_T12.0,0.0,12.0,76,3.8000000000000003,0.0,0.8333333385517511,1.065633450562154,1.065633450562154,4.779233298501553e-10,0.007370614122631861,0.007370614600555192,0.059498040928088705,0.17760556953277185,1.2170104610309677e-17,10.000000000000806,1.0656334505622047,1.0656334505649943,8.064660050877137e-13,5.062616992290714e-14,-2.840184711700686e-12,2.0679515313825692e-25,0.0,0.0,0.0,0.0,2.3715456254673314e-14,4.440892098500626e-16,0.0,0,0,9.094947017729282e-13,2.4980018054066022e-15,2.220446049250313e-16
amp0.0_T12.0,0.0,12.0,77,3.85,0.0,0.8333333385517527,1.0656334505639664,1.0656334505639664,4.625070384211979e-10,0.007370614114923716,0.007370614577430754,0.05949804100539699,0.17760556953307216,1.1397629659313839e-17,10.000000000000728,1.0656334505640308,1.0656334505646186,7.283063041541027e-13,6.439293542825908e-14,-6.521564022944763e-13,-2.5849394142282115e-25,0.0,0.0,0.0,0.0,1.4938714734996778e-14,4.440892098500626e-16,0.0,0,0,9.094947017729282e-13,2.55351295663786e-15,2.220446049250313e-16
amp0.0_T12.0,0.0,12.0,78,3.9000000000000004,0.0,0.8333333385493003,1.065633450563141,1.065633450563141,4.4708303385052237e-10,0.007370614107211714,0.007370614554294747,0.05949804108202182,0.17760556953554807,1.0650113292629899e-17,10.000000000000759,1.065633450563186,1.0656334505640286,7.585043704239069e-13,4.4853010194856324e-14,-8.875229359986428e-13,-5.169878828456423e-25,0.0,0.0,0.0,0.0,-3.830199466826468e-15,4.440892098500626e-16,0.0,0,0,1.3642420526593924e-12,2.3314683517128287e-15,2.220446049250313e-16
amp0.0_T12.0,0.0,12.0,79,3.95,0.0,0.8333333385470887,1.0656334505630634,1.0656334505630634,4.316586747255457e-10,0.007370614099499534,0.007370614531158209,0.05949804115878041,0.17760556953789175,9.927932027750528e-18,10.000000000000774,1.0656334505631035,1.0656334505632312,7.744915819785092e-13,4.0190073491430667e-14,-1.6787564925535143e-13,-4.1359030627651384e-25,0.0,0.0,0.0,0.0,9.220945819110488e-15,4.440892098500626e-16,0.0,0,0,9.094947017729282e-13,2.275957200481571e-15,2.220446049250313e-16
amp0.0_T12.0,0.0,12.0,80,4.0,0.0,0.8333333385438199,1.065633450562076,1.065633450562076,4.162332381138017e-10,0.007370614091786816,0.007370614508020054,0.05949804123526163,0.17760556954121054,9.231055547125606e-18,10.000000000000826,1.0656334505621299,1.0656334505622225,8.260059303211165e-13,5.395683899678261e-14,-1.465586703060678e-13,-5.169878828456423e-25,0.0,0.0,0.0,0.0,-3.896478865019586e-15,4.440892098500626e-16,0.0,0,0,9.094947017729282e-13,2.4424906541753444e-15,2.220446049250313e-16
amp0.0_T12.0,0.0,12.0,81,4.05,0.0,0.8333333385387323,1.0656334505592315,1.0656334505592315,4.00809895272706e-10,0.007370614084075144,0.007370614484885039,0.05949804131120959,0.17760556954615803,8.559624613301922e-18,10.000000000000878,1.0656334505592948,1.0656334505610006,8.775202786637237e-13,6.328271240363392e-14,-1.7690379270623377e-12,-3.618915179919496e-25,0.0,0.0,0.0,0.0,-7.635933644773126e-15,4.440892098500626e-16,0.0,0,0,9.094947017729282e-13,2.55351295663786e-15,2.220446049250313e-16
amp0.0_T12.0,0.0,12.0,82,4.1000000000000005,0.0,0.8333333385354007,1.0656334505590817,1.0656334505590817,3.8539410355122085e-10,0.007370614076367249,0.007370614461761352,0.05949804138773726,0.17760556954968332,7.913853028233835e-18,10.000000000000847,1.0656334505591527,1.0656334505595746,8.473222123939195e-13,7.105427357601002e-14,-4.929469367865977e-13,-6.72084247699335e-25,0.0,0.0,0.0,0.0,4.6373005679348625e-14,4.440892098500626e-16,0.0,0,0,1.3642420526593924e-12,2.609024107869118e-15,2.220446049250313e-16
amp0.0_T12.0,0.0,12.0,83,4.15,0.0,0.8333333385296481,1.0656334505563314,1.0656334505563314,3.699805986056318e-10,0.007370614068660497,0.007370614438641095,0.05949804146354146,0.17760556955535511,7.293496022445494e-18,10.000000000000883,1.0656334505563807,1.0656334505579337,8.828493491819245e-13,4.929390229335695e-14,-1.6022811626350483e-12,-1.550963648536927e-25,0.0,0.0,0.0,0.0,-5.527693193466946e-14,4.440892098500626e-16,0.0,0,0,1.3642420526593924e-12,2.4424906541753444e-15,2.220446049250313e-16
amp0.0_T12.0,0.0,12.0,84,4.2,0.0,0.8333333385233462,1.065633450553319,1.065633450553319,3.545766447693763e-10,0.007370614060958519,0.007370614415535164,0.05949804153917737,0.17760556956156848,6.6988168068744015e-18,10.000000000000856,1.0656334505533647,1.0656334505560825,8.562039965909207e-13,4.574118861455645e-14,-2.7635738517137465e-12,-1.0339757656912846e-25,0.0,0.0,0.0,0.0,2.4691011336815783e-14,4.440892098500626e-16,0.0,0,0,9.094947017729282e-13,2.4424906541753444e-15,2.220446049250313e-16
amp0.0_T12.0,0.0,12.0,85,4.25,0.0,0.8333333385199195,1.0656334505544152,1.0656334505544152,3.3918389449999976e-10,0.007370614053262144,0.0073706143924460385,0.059498041615730426,0.17760556956540274,6.1298280744209026e-18,10.000000000000774,1.0656334505544671,1.0656334505540295,7.744915819785092e-13,5.1958437552457326e-14,3.8568534892670497e-13,-4.1359030627651384e-25,0.0,0.0,0.0,0.0,2.421109798178935e-14,4.440892098500626e-16,0.0,0,0,9.094947017729282e-13,2.55351295663786e-15,2.220446049250313e-16
amp0.0_T12.0,0.0,12.0,86,4.3,0.0,0.8333333385128088,1.0656334505512888,1.0656334505512888,3.2379372796558505e-10,0.007370614045567061,0.007370614369360789,0.059498041691153816,0.1776055695724592,5.586177265985255e-18,10.000000000000849,1.0656334505513296,1.0656334505517586,8.490985692333197e-13,4.085620730620576e-14,-4.698519701986322e-13,3.101927297073854e-25,0.0,0.0,0.0,0.0,-1.8322563228881154e-14,4.440892098500626e-16,0.0,0,0,9.094947017729282e-13,2.55351295663786e-15,2.220446049250313e-16
amp0.0_T12.0,0.0,12.0,87,4.3500000000000005,0.0,0.8333333385045137,1.0656334505470901,1.0656334505470901,3.0841719861718753e-10,0.007370614037878796,0.007370614346295995,0.059498041766185714,0.1776055695805988,5.068214945261258e-18,10.000000000000878,1.0656334505471392,1.0656334505492755,8.775202786637237e-13,4.907185768843192e-14,-2.1853680698871034e-12,5.169878828456423e-26,0.0,0.0,0.0,0.0,3.5403264625934444e-15,4.440892098500626e-16,0.0,0,0,1.3642420526593924e-12,2.3869795029440866e-15,2.220446049250313e-16
amp0.0_T12.0,0.0,12.0,88,4.4,0.0,0.833333338498483,1.0656334505462604,1.0656334505462604,2.9305786609810126e-10,0.00737061403019913,0.007370614323256996,0.05949804184191468,0.1776055695868871,4.575985239869019e-18,10.00000000000082,1.065633450546288,1.0656334505465894,8.206768598029157e-13,2.7755575615628914e-14,-3.290746804841363e-13,-1.0339757656912846e-25,0.0,0.0,0.0,0.0,-3.6532610069678677e-14,4.440892098500626e-16,0.0,0,0,9.094947017729282e-13,2.4424906541753444e-15,2.220446049250313e-16
amp0.0_T12.0,0.0,12.0,89,4.45,0.0,0.8333333384902675,1.0656334505430982,1.0656334505430982,2.7770894610716473e-10,0.00737061402252467,0.007370614300233616,0.05949804191695081,0.17760556959511486,4.109202935162893e-18,10.000000000000853,1.065633450543106,1.0656334505436886,8.526512829121202e-13,7.771561172376096e-15,-5.904207136985934e-13,-2.0679515313825692e-25,0.0,0.0,0.0,0.0,4.614565000058209e-14,4.440892098500626e-16,0.0,0,0,1.3642420526593924e-12,2.4980018054066022e-15,2.220446049250313e-16
amp0.0_T12.0,0.0,12.0,90,4.5,0.0,0.8333333384807664,1.0656334505387521,1.0656334505387521,2.623769982743125e-10,0.007370614014858695,0.007370614277235694,0.059498041991548595,0.17760556960451512,3.6680003414044645e-18,10.000000000000874,1.0656334505387397,1.065633450540576,8.739675649849232e-13,-1.2434497875801753e-14,-1.8238780528545484e-12,-9.305781891221561e-25,0.0,0.0,0.0,0.0,-3.6662348944752314e-14,4.440892098500626e-16,0.0,0,0,9.094947017729282e-13,2.609024107869118e-15,2.220446049250313e-16
amp0.0_T12.0,0.0,12.0,91,4.55,0.0,0.833333338472651,1.0656334505366087,1.0656334505366087,2.470658876673442e-10,0.00737061400720314,0.007370614254269028,0.05949804206653901,0.17760556961280594,3.2523960294217856e-18,10.000000000000828,1.0656334505365925,1.0656334505372582,8.277822871605167e-13,-1.6209256159527285e-14,-6.49483721801746e-13,-5.686866711302065e-25,0.0,0.0,0.0,0.0,2.4294631067702942e-14,4.440892098500626e-16,0.0,0,0,1.3642420526593924e-12,2.55351295663786e-15,2.220446049250313e-16
amp0.0_T12.0,0.0,12.0,92,4.6000000000000005,0.0,0.8333333384638233,1.0656334505339848,1.0656334505339848,2.3177146769680177e-10,0.007370613999555931,0.007370614231327398,0.05949804214127205,0.17760556962177576,2.862185590149574e-18,10.000000000000842,1.06563345053399,1.06563345053373,8.419931418757187e-13,5.10702591327572e-15,2.5490434426834577e-13,0.0,0.0,0.0,0.0,0.0,1.7064568943763365e-14,4.440892098500626e-16,0.0,0,0,9.094947017729282e-13,2.4980018054066022e-15,2.220446049250313e-16
amp0.0_T12.0,0.0,12.0,93,4.65,0.0,0.8333333384522711,1.0656334505283662,1.0656334505283662,2.164958836652812e-10,0.007370613991918139,0.007370614208414022,0.05949804221510106,0.17760556963314977,2.4973369081682778e-18,10.0000000000009,1.0656334505283678,1.0656334505299863,9.00612917575927e-13,1.5543122344752192e-15,-1.6200399348699366e-12,-3.101927297073854e-25,0.0,0.0,0.0,0.0,-5.684778889323634e-15,6.661338147750939e-16,0.0,0,0,9.094947017729282e-13,2.4980018054066022e-15,2.220446049250313e-16
amp0.0_T12.0,0.0,12.0,94,4.7,0.0,0.8333333384434007,1.065633450526607,1.065633450526607,2.0124731845265923e-10,0.007370613984293856,0.007370614185541175,0.05949804228970612,0.1776055696423091,2.1579334821886055e-18,10.000000000000863,1.0656334505266143,1.0656334505260412,8.633094239485217e-13,7.327471962526033e-15,5.657674954154976e-13,-1.550963648536927e-25,0.0,0.0,0.0,0.0,-7.651161268200575e-16,4.440892098500626e-16,0.0,0,0,9.094947017729282e-13,2.4424906541753444e-15,2.220446049250313e-16
amp0.0_T12.0,0.0,12.0,95,4.75,0.0,0.8333333384306395,1.0656334505203335,1.0656334505203335,1.860177400041305e-10,0.007370613976679066,0.007370614162696807,0.059498042363030024,0.1776055696548623,1.8436843802359654e-18,10.000000000000934,1.0656334505203546,1.065633450521878,9.343636975245317e-13,2.1094237467877974e-14,-1.544544115542898e-12,-1.550963648536927e-25,0.0,0.0,0.0,0.0,-1.3284663702906792e-14,4.440892098500626e-16,0.0,0,0,1.3642420526593924e-12,2.4424906541753444e-15,2.220446049250313e-16
amp0.0_T12.0,0.0,12.0,96,4.800000000000001,0.0,0.8333333384193583,1.0656334505164347,1.0656334505164347,1.7081883047591337e-10,0.007370613969079612,0.007370614139898443,0.059498042436733956,0.1776055696662341,1.5547098039428504e-18,10.000000000000899,1.0656334505164318,1.0656334505175105,8.988365607365267e-13,-2.886579864025407e-15,-1.0758076655715806e-12,-2.0679515313825692e-25,0.0,0.0,0.0,0.0,-1.4185045750037226e-14,4.440892098500626e-16,0.0,0,0,9.094947017729282e-13,2.55351295663786e-15,2.220446049250313e-16
amp0.0_T12.0,0.0,12.0,97,4.8500000000000005,0.0,0.833333338406641,1.0656334505111114,1.0656334505111114,1.5564616508752559e-10,0.007370613961493279,0.007370614117139444,0.05949804250989908,0.17760556967889884,1.290787343630194e-18,10.000000000000885,1.0656334505111291,1.0656334505129312,8.846257060213247e-13,1.7763568394002505e-14,-1.8198788727529003e-12,1.0339757656912846e-25,0.0,0.0,0.0,0.0,2.777431100391023e-14,4.440892098500626e-16,0.0,0,0,9.094947017729282e-13,2.4980018054066022e-15,2.220446049250313e-16
amp0.0_T12.0,0.0,12.0,98,4.9,0.0,0.8333333383956175,1.065633450508443,1.065633450508443,1.4050406518148414e-10,0.007370613953922229,0.007370614094426294,0.059498042583513974,0.17760556969020114,1.0518544014573566e-18,10.000000000000835,1.065633450508433,1.0656334505081493,8.348877145181177e-13,-9.992007221626409e-15,2.9376396046141496e-13,-3.101927297073854e-25,0.0,0.0,0.0,0.0,-1.2859526307902337e-14,6.661338147750939e-16,0.0,0,0,1.3642420526593924e-12,2.4424906541753444e-15,2.220446049250313e-16
amp0.0_T12.0,0.0,12.0,99,4.95,0.0,0.8333333383816394,1.0656334505024467,1.0656334505024467,1.2538746477179108e-10,0.007370613946363929,0.007370614071751394,0.05949804265611312,0.17760556970409735,8.376953250979521e-19,10.000000000000886,1.065633450502422,1.0656334505031522,8.86402062860725e-13,-2.4646951146678475e-14,-7.054365475421495e-13,-1.0339757656912846e-25,0.0,0.0,0.0,0.0,2.397570770196795e-14,6.661338147750939e-16,0.0,0,0,9.094947017729282e-13,2.4424906541753444e-15,2.220446049250313e-16
amp0.0_T12.0,0.0,12.0,100,5.0,0.0,0.8333333383683411,1.0656334504977365,1.0656334504977365,1.103052405178009e-10,0.007370613938822817,0.007370614049128058,0.05949804272880979,0.1776055697174833,6.482912214674406e-19,10.000000000000888,1.0656334504977258,1.0656334504979497,8.881784197001252e-13,-1.0658141036401503e-14,-2.131634690192515e-13,-2.0679515313825692e-25,0.0,0.0,0.0,0.0,8.998580791705843e-15,6.661338147750939e-16,0.0,0,0,1.3642420526593924e-12,2.4424906541753444e-15,2.220446049250313e-16
amp0.0_T12.0,0.0,12.0,101,5.050000000000001,0.0,0.8333333383535876,1.0656334504916278,1.0656334504916278,9.525536990585059e-11,0.007370613931297882,0.007370614026553252,0.059498042800937276,0.1776055697321871,4.83455811016358e-19,10.000000000000913,1.065633450491623,1.0656334504925367,9.130474154517287e-13,-4.884981308350689e-15,-9.088290514139641e-13,-1.0339757656912846e-25,0.0,0.0,0.0,0.0,-2.193683130838509e-14,4.440892098500626e-16,0.0,0,0,9.094947017729282e-13,2.275957200481571e-15,2.220446049250313e-16
amp0.0_T12.0,0.0,12.0,102,5.1000000000000005,0.0,0.83333333833837,1.0656334504853693,1.0656334504853693,8.024223495378324e-11,0.007370613923791314,0.007370614004033549,0.059498042872788176,0.17760556974736041,3.430708999622204e-19,10.0000000000009,1.0656334504853753,1.0656334504869158,9.00612917575927e-13,5.995204332975845e-15,-1.5465410163737431e-12,-2.5849394142282115e-25,0.0,0.0,0.0,0.0,-7.586821700702639e-15,6.661338147750939e-16,0.0,0,0,9.094947017729282e-13,2.4980018054066022e-15,2.220446049250313e-16
amp0.0_T12.0,0.0,12.0,103,5.15,0.0,0.8333333383246574,1.0656334504814995,1.0656334504814995,6.526724624910164e-11,0.00737061391630382,0.007370613981571066,0.059498042944987506,0.17760556976132802,2.2696998434761113e-19,10.000000000000856,1.0656334504814904,1.0656334504810927,8.562039965909207e-13,-9.103828801926284e-15,4.0678548925267303e-13,1.550963648536927e-25,0.0,0.0,0.0,0.0,-2.1909402070941086e-15,4.440892098500626e-16,0.0,0,0,9.094947017729282e-13,2.3314683517128287e-15,2.220446049250313e-16
amp0.0_T12.0,0.0,12.0,104,5.2,0.0,0.8333333383080246,1.0656334504743192,1.0656334504743192,5.032590780993297e-11,0.007370613908833151,0.007370613959159058,0.05949804301613801,0.1776055697778558,1.349463319902982e-19,10.000000000000908,1.0656334504743301,1.0656334504750564,9.07718344933528e-13,1.0880185641326534e-14,-7.371882232974359e-13,-1.0339757656912846e-25,0.0,0.0,0.0,0.0,-2.1931755653451007e-14,4.440892098500626e-16,0.0,0,0,9.094947017729282e-13,2.4980018054066022e-15,2.220446049250313e-16
amp0.0_T12.0,0.0,12.0,105,5.25,0.0,0.8333333382922433,1.0656334504686877,1.0656334504686877,3.542699712027497e-11,0.007370613901383695,0.007370613936810692,0.05949804308740607,0.1776055697937342,6.687234195540809e-20,10.0000000000009,1.065633450468698,1.065633450468817,9.00612917575927e-13,1.021405182655144e-14,-1.2923002693871017e-13,0.0,0.0,0.0,0.0,0.0,7.237919740477059e-14,6.661338147750939e-16,0.0,0,0,9.094947017729282e-13,2.6645352591003757e-15,2.220446049250313e-16
amp0.0_T12.0,0.0,12.0,106,5.300000000000001,0.0,0.8333333382743663,1.0656334504608436,1.0656334504608436,2.0567980770822746e-11,0.007370613893954187,0.007370613914522168,0.05949804315786307,0.17760556981147724,2.2540376408863896e-20,10.000000000000927,1.0656334504608396,1.0656334504623675,9.272582701669307e-13,-3.9968028886505635e-15,-1.5238921461408663e-12,0.0,0.0,0.0,0.0,0.0,-2.7320902091818644e-14,6.661338147750939e-16,0.0,0,0,9.094947017729282e-13,2.55351295663786e-15,2.220446049250313e-16
amp0.0_T12.0,0.0,12.0,107,5.3500000000000005,0.0,0.8333333382583515,1.065633450455776,1.065633450455776,5.755166012757154e-12,0.0073706138865477795,0.007370613892302946,0.059498043228733824,0.17760556982769848,1.7647921384490624e-21,10.000000000000878,1.0656334504557972,1.0656334504557172,8.775202786637237e-13,2.1094237467877974e-14,5.884181854034116e-14,-5.169878828456423e-26,0.0,0.0,0.0,0.0,-3.492693291222649e-14,4.440892098500626e-16,0.0,0,0,9.094947017729282e-13,2.4980018054066022e-15,2.220446049250313e-16
amp0.0_T12.0,0.0,12.0,108,5.4,0.0,0.8333333382404949,1.0656334504488192,1.0656334504488192,-9.017010917430632e-12,0.007370613879161691,0.00737061387014468,0.05949804329887082,0.17760556984556763,4.332145554878406e-21,10.000000000000906,1.065633450448848,1.0656334504488587,9.059419880941277e-13,2.886579864025407e-14,-3.952394400880113e-14,5.169878828456423e-26,0.0,0.0,0.0,0.0,1.2843533343666824e-14,6.661338147750939e-16,0.0,0,0,9.094947017729282e-13,2.275957200481571e-15,2.220446049250313e-16
amp0.0_T12.0,0.0,12.0,109,5.45,0.0,0.8333333382220331,1.0656334504415277,1.0656334504415277,-2.3743004120833112e-11,0.007370613871798695,0.007370613848055691,0.059498043368638315,0.17760556986402587,3.003649028793089e-20,10.00000000000093,1.0656334504415685,1.0656334504417946,9.308109838457312e-13,4.085620730620576e-14,-2.668976451563779e-13,5.169878828456423e-26,0.0,0.0,0.0,0.0,-2.633583250505865e-14,4.440892098500626e-16,0.0,0,0,9.094947017729282e-13,2.55351295663786e-15,2.220446049250313e-16
amp0.0_T12.0,0.0,12.0,110,5.5,0.0,0.8333333382030466,1.0656334504340308,1.0656334504340308,-3.8420974957874724e-11,0.007370613864459709,0.007370613826038735,0.059498043438056133,0.17760556988300913,7.865287668306495e-20,10.000000000000941,1.0656334504340599,1.065633450434526,9.414691248821327e-13,2.90878432451791e-14,-4.951595476356965e-13,-5.169878828456423e-26,0.0,0.0,0.0,0.0,5.90419549696539e-14,6.661338147750939e-16,0.0,0,0,9.094947017729282e-13,2.4424906541753444e-15,2.220446049250313e-16
amp0.0_T12.0,0.0,12.0,111,5.550000000000001,0.0,0.8333333381841337,1.0656334504270562,1.0656334504270562,-5.3049325010101076e-11,0.007370613857145535,0.00737061380409621,0.059498043507302936,0.17760556990200094,1.499469283622217e-19,10.000000000000943,1.0656334504270828,1.0656334504270548,9.43245481721533e-13,2.6645352591003757e-14,1.3321176826218256e-15,1.0339757656912846e-25,0.0,0.0,0.0,0.0,-5.269581438953414e-14,4.440892098500626e-16,0.0,0,0,1.3642420526593924e-12,2.4424906541753444e-15,2.220446049250313e-16
amp0.0_T12.0,0.0,12.0,112,5.6000000000000005,0.0,0.8333333381634125,1.0656334504182028,1.0656334504182028,-6.762825062354625e-11,0.007370613849856071,0.0073706137822278205,0.05949804357577872,0.17760556992260657,2.436880068549915e-19,10.000000000000963,1.0656334504182399,1.0656334504193765,9.627854069549358e-13,3.708144902248023e-14,-1.1737280253217223e-12,2.5849394142282115e-25,0.0,0.0,0.0,0.0,3.865466463290935e-14,4.440892098500626e-16,0.0,0,0,9.094947017729282e-13,2.4424906541753444e-15,2.220446049250313e-16
amp0.0_T12.0,0.0,12.0,113,5.65,0.0,0.8333333381435981,1.0656334504109644,1.0656334504109644,-8.215230209220332e-11,0.007370613842594046,0.007370613760441743,0.05949804364432695,0.17760556994251497,3.5959804721892724e-19,10.000000000000927,1.0656334504109877,1.0656334504114993,9.272582701669307e-13,2.3314683517128287e-14,-5.349058128624477e-13,1.0339757656912846e-25,0.0,0.0,0.0,0.0,-2.8795879451198705e-14,6.661338147750939e-16,0.0,0,0,1.3642420526593924e-12,2.4424906541753444e-15,2.220446049250313e-16
amp0.0_T12.0,0.0,12.0,114,5.7,0.0,0.83333333812382,1.065633450404184,1.065633450404184,-9.662417246949946e-11,0.007370613835358111,0.007370613738733938,0.059498043712677307,0.17760556996246113,4.974499870190745e-19,10.000000000000918,1.0656334504042169,1.0656334504034206,9.183764859699295e-13,3.2862601528904634e-14,7.633888542822706e-13,1.0339757656912846e-25,0.0,0.0,0.0,0.0,4.654349528371899e-14,4.440892098500626e-16,0.0,0,0,9.094947017729282e-13,2.7200464103316335e-15,2.220446049250313e-16
amp0.0_T12.0,0.0,12.0,115,5.75,0.0,0.8333333381012994,1.0656334503943499,1.0656334503943499,-1.1104394457776769e-10,0.007370613828148225,0.00737061371710428,0.05949804377994708,0.1776055699848209,6.570033898226209e-19,10.000000000000977,1.065633450394385,1.0656334503951346,9.769962616701378e-13,3.5083047578154947e-14,-7.847062908084505e-13,-5.169878828456423e-26,0.0,0.0,0.0,0.0,1.85226662800362e-14,4.440892098500626e-16,0.0,0,0,9.094947017729282e-13,2.4980018054066022e-15,2.220446049250313e-16
amp0.0_T12.0,0.0,12.0,116,5.800000000000001,0.0,0.8333333380803267,1.0656334503869254,1.0656334503869254,-1.2540336461606032e-10,0.007370613820968514,0.0073706136955651496,0.05949804384746375,0.17760557000593258,8.379077875481725e-19,10.000000000000956,1.0656334503869587,1.065633450386652,9.556799795973347e-13,3.3306690738754696e-14,2.73336070754926e-13,2.5849394142282115e-25,0.0,0.0,0.0,0.0,-4.867320301860325e-14,6.661338147750939e-16,0.0,0,0,1.3642420526593924e-12,2.6645352591003757e-15,2.220446049250313e-16
amp0.0_T12.0,0.0,12.0,117,5.8500000000000005,0.0,0.8333333380567042,1.065633450376551,1.065633450376551,-1.3970704636023203e-10,0.007370613813816674,0.007370613674109627,0.05949804391390942,0.1776055700293765,1.0399548173286818e-18,10.000000000000982,1.0656334503765874,1.0656334503779634,9.823253321883385e-13,3.6415315207705135e-14,-1.4124267718829415e-12,2.0679515313825692e-25,0.0,0.0,0.0,0.0,2.4983791633089847e-14,6.661338147750939e-16,0.0,0,0,9.094947017729282e-13,2.4424906541753444e-15,2.220446049250313e-16
amp0.0_T12.0,0.0,12.0,118,5.9,0.0,0.8333333380344035,1.065633450368301,1.065633450368301,-1.5394701230019026e-10,0.00737061380669669,0.007370613652749678,0.05949804398051334,0.17760557005176592,1.2627587268787076e-18,10.000000000000927,1.0656334503683307,1.0656334503690794,9.272582701669307e-13,2.9753977059954195e-14,-7.784896476258867e-13,2.5849394142282115e-25,0.0,0.0,0.0,0.0,-5.550808687183038e-15,6.661338147750939e-16,0.0,0,0,9.094947017729282e-13,2.7200464103316335e-15,2.220446049250313e-16
amp0.0_T12.0,0.0,12.0,119,5.95,0.0,0.8333333380124741,1.0656334503609257,1.0656334503609257,-1.6812719607263225e-10,0.007370613799606599,0.0073706136314794024,0.05949804404698708,0.17760557007390532,1.506099932932865e-18,10.0000000000009,1.065633450360976,1.0656334503599982,9.00612917575927e-13,5.0182080713057076e-14,9.274788086719228e-13,5.169878828456423e-26,0.0,0.0,0.0,0.0,1.1035601851875038e-14,6.661338147750939e-16,0.0,0,0,9.094947017729282e-13,2.4424906541753444e-15,2.220446049250313e-16
amp0.0_T12.0,0.0,12.0,120,6.0,0.0,0.8333333379888457,1.065633450351834,1.065633450351834,-1.8224868189527947e-10,0.007370613792545856,0.007370613610297174,0.05949804411268113,0.1776055700975694,1.7697284837335412e-18,10.00000000000096,1.0656334503518834,1.0656334503507152,9.592326932761353e-13,4.929390229335695e-14,1.118880994488749e-12,-1.0339757656912846e-25,0.0,0.0,0.0,0.0,-9.370456057817075e-15,6.661338147750939e-16,0.0,0,0,9.094947017729282e-13,2.4424906541753444e-15,2.220446049250313e-16
amp0.0_T12.0,0.0,12.0,121,6.050000000000001,0.0,0.833333337961894,1.065633450338919,1.065633450338919,-1.9630634316320636e-10,0.007370613785517025,0.007370613589210682,0.059498044177047,0.17760557012413747,2.053272142321064e-18,10.000000000001025,1.065633450338983,1.065633450341227,1.0249578963339445e-12,6.394884621840902e-14,-2.3079336768629177e-12,-5.169878828456423e-26,0.0,0.0,0.0,0.0,1.8035324419312262e-14,6.661338147750939e-16,0.0,0,0,1.3642420526593924e-12,2.55351295663786e-15,2.220446049250313e-16
amp0.0_T12.0,0.0,12.0,122,6.1000000000000005,0.0,0.8333333379398715,1.0656334503327236,1.0656334503327236,-2.1029017827239672e-10,0.007370613778525108,0.007370613568234929,0.059498044242671536,0.17760557014657274,2.3562199416293652e-18,10.00000000000092,1.0656334503327878,1.0656334503315552,9.201528428093297e-13,6.417089082333405e-14,1.1683963548955732e-12,5.169878828456423e-25,0.0,0.0,0.0,0.0,-4.7076618402432787e-14,6.661338147750939e-16,0.0,0,0,1.3642420526593924e-12,2.3869795029440866e-15,2.220446049250313e-16
amp0.0_T12.0,0.0,12.0,123,6.15,0.0,0.833333337914484,1.0656334503226699,1.0656334503226699,-2.2421493781432534e-10,0.007370613771562728,0.00737061354734779,0.059498044306980566,0.1776055701719509,2.6785942680032182e-18,10.000000000000984,1.0656334503227283,1.0656334503216798,9.841016890277388e-13,5.839773109528323e-14,9.900942147664467e-13,3.101927297073854e-25,0.0,0.0,0.0,0.0,2.125600970769389e-14,6.661338147750939e-16,0.0,0,0,9.094947017729282e-13,2.4980018054066022e-15,2.220446049250313e-16
amp0.0_T12.0,0.0,12.0,124,6.2,0.0,0.8333333378874471,1.065633450310922,1.065633450310922,-2.3807049732631263e-10,0.007370613764634948,0.007370613526564451,0.059498044370468156,0.1776055701988043,3.0198752813297535e-18,10.000000000001041,1.0656334503109897,1.0656334503116052,1.0409451078885468e-12,6.772360450213455e-14,-6.832342692296026e-13,-1.550963648536927e-25,0.0,0.0,0.0,0.0,8.156375778110955e-15,6.661338147750939e-16,0.0,0,0,9.094947017729282e-13,2.4980018054066022e-15,2.220446049250313e-16
amp0.0_T12.0,0.0,12.0,125,6.25,0.0,0.8333333378620411,1.065633450301671,1.065633450301671,-2.5185187383330056e-10,0.0073706137577442595,0.007370613505892386,0.059498044434157626,0.17760557022433598,3.379622725878174e-18,10.000000000001013,1.0656334503017495,1.0656334503013412,1.0125233984581428e-12,7.860379014346108e-14,3.297328586909456e-13,-3.101927297073854e-25,0.0,0.0,0.0,0.0,1.3659702014171456e-14,6.661338147750939e-16,0.0,0,0,1.3642420526593924e-12,2.55351295663786e-15,2.220446049250313e-16
amp0.0_T12.0,0.0,12.0,126,6.300000000000001,0.0,0.8333333378347959,1.06563345029052,1.06563345029052,-2.6556392299665616e-10,0.007370613750888235,0.007370613485324312,0.059498044496968994,0.1776055702515109,3.757647179420329e-18,10.000000000001034,1.065633450290584,1.0656334502908795,1.0338396805309458e-12,6.394884621840902e-14,-3.5949397302080513e-13,5.169878828456423e-25,0.0,0.0,0.0,0.0,-4.928797016828227e-15,6.661338147750939e-16,0.0,0,0,9.094947017729282e-13,2.4980018054066022e-15,2.220446049250313e-16
amp0.0_T12.0,0.0,12.0,127,6.3500000000000005,0.0,0.833333337807674,1.0656334502799405,1.0656334502799405,-2.7920109256631976e-10,0.00737061374406965,0.0073706134648685575,0.05949804455949713,0.17760557027864965,4.1534795427091654e-18,10.000000000001018,1.0656334502799942,1.0656334502802258,1.0178524689763435e-12,5.3734794391857577e-14,-2.853314708082079e-13,7.237830359838992e-25,0.0,0.0,0.0,0.0,-4.229917723950655e-14,6.661338147750939e-16,0.0,0,0,9.094947017729282e-13,2.4424906541753444e-15,2.220446049250313e-16
amp0.0_T12.0,0.0,12.0,128,6.4,0.0,0.8333333377796341,1.0656334502685838,1.0656334502685838,-2.9276371513982866e-10,0.00737061373728834,0.007370613444524624,0.05949804462140859,0.17760557030663715,4.566803741961508e-18,10.000000000001002,1.0656334502686502,1.0656334502693785,1.0018652574217413e-12,6.639133687258436e-14,-7.94702207830429e-13,6.203854594147708e-25,0.0,0.0,0.0,0.0,6.045531832484477e-14,6.661338147750939e-16,0.0,0,0,9.094947017729282e-13,2.609024107869118e-15,2.220446049250313e-16
amp0.0_T12.0,0.0,12.0,129,6.45,0.0,0.8333333377522905,1.0656334502585627,1.0656334502585627,-3.0624899931342763e-10,0.007370613730545697,0.007370613424296697,0.059498044683211626,0.1776055703341053,4.997205456042184e-18,10.000000000000965,1.0656334502586078,1.0656334502583422,9.64561763794336e-13,4.5075054799781356e-14,2.2048529548510005e-13,2.5849394142282115e-25,0.0,0.0,0.0,0.0,-5.5108510791386656e-14,6.661338147750939e-16,0.0,0,0,9.094947017729282e-13,2.7755575615628914e-15,2.220446049250313e-16
amp0.0_T12.0,0.0,12.0,130,6.5,0.0,0.8333333377248813,1.0656334502488414,1.0656334502488414,-3.196589950804929e-10,0.0073706137238407,0.007370613404181704,0.05949804474466522,0.17760557036169322,5.444421101133359e-18,10.00000000000097,1.0656334502488942,1.0656334502471165,9.698908343125368e-13,5.284661597215745e-14,1.7248370466365421e-12,3.618915179919496e-25,0.0,0.0,0.0,0.0,3.030798855354916e-14,6.661338147750939e-16,0.0,0,0,1.3642420526593924e-12,2.4424906541753444e-15,2.220446049250313e-16
amp0.0_T12.0,0.0,12.0,131,6.550000000000001,0.0,0.8333333376938392,1.0656334502348948,1.0656334502348948,-3.329934682873459e-10,0.007370613717173462,0.007370613384179994,0.05949804480463235,0.17760557039244818,5.908119603725365e-18,10.000000000001053,1.0656334502349625,1.0656334502356926,1.0533796057643485e-12,6.772360450213455e-14,-7.978121736152412e-13,8.788794008375919e-25,0.0,0.0,0.0,0.0,9.16132787950446e-15,6.661338147750939e-16,0.0,0,0,1.3642420526593924e-12,2.609024107869118e-15,2.220446049250313e-16
amp0.0_T12.0,0.0,12.0,132,6.6000000000000005,0.0,0.8333333376647206,1.0656334502238203,1.0656334502238203,-3.4624148255736293e-10,0.007370613710549455,0.0073706133643079725,0.05949804486483366,0.17760557042163216,6.387575496828592e-18,10.000000000001009,1.0656334502238918,1.0656334502240856,1.0089706847793423e-12,7.149836278586008e-14,-2.6534969046090926e-13,-4.652890945610781e-25,0.0,0.0,0.0,0.0,2.518712854047779e-15,6.661338147750939e-16,0.0,0,0,9.094947017729282e-13,2.55351295663786e-15,2.220446049250313e-16
amp0.0_T12.0,0.0,12.0,133,6.65,0.0,0.8333333376366361,1.065633450214481,1.065633450214481,-3.5940876504524614e-10,0.007370613703965814,0.007370613344557049,0.05949804492501348,0.17760557045000347,6.882641951655853e-18,10.00000000000099,1.0656334502145461,1.0656334502122944,9.894307595459395e-13,6.505906924303417e-14,2.1866883866597567e-12,-4.652890945610781e-25,0.0,0.0,0.0,0.0,6.2029432104508435e-15,8.881784197001252e-16,0.0,0,0,9.094947017729282e-13,2.55351295663786e-15,2.220446049250313e-16
amp0.0_T12.0,0.0,12.0,134,6.7,0.0,0.8333333376026757,1.0656334501980658,1.0656334501980658,-3.724983775702798e-10,0.007370613697421008,0.00737061332492263,0.059498044982981224,0.17760557048345693,7.3931006692446e-18,10.00000000000109,1.0656334501981186,1.0656334502003026,1.0906830993917538e-12,5.284661597215745e-14,-2.2368847431154347e-12,4.1359030627651384e-25,0.0,0.0,0.0,0.0,-1.774696115748169e-14,6.661338147750939e-16,0.0,0,0,1.3642420526593924e-12,2.3314683517128287e-15,2.220446049250313e-16
amp0.0_T12.0,0.0,12.0,135,6.75,0.0,0.8333333375740443,1.0656334501888551,1.0656334501888551,-3.85492653731409e-10,0.007370613690923869,0.007370613305431216,0.05949804504222472,0.17760557051243242,7.917900888962957e-18,10.000000000000968,1.065633450188887,1.0656334501881384,9.681144774731365e-13,3.197442310920451e-14,7.167520667971121e-13,3.101927297073854e-25,0.0,0.0,0.0,0.0,-6.544894019159127e-15,6.661338147750939e-16,0.0,0,0,1.3642420526593924e-12,2.4980018054066022e-15,2.220446049250313e-16
amp0.0_T12.0,0.0,12.0,136,6.800000000000001,0.0,0.8333333375428509,1.0656334501767544,1.0656334501767544,-3.984075327389395e-10,0.00737061368446643,0.007370613286058898,0.05949804510030039,0.17760557054365633,8.457323265908904e-18,10.000000000000991,1.0656334501767923,1.0656334501757847,9.912071163853398e-13,3.7969627442180354e-14,9.696603323843459e-13,5.686866711302065e-25,0.0,0.0,0.0,0.0,1.5904068324090932e-14,6.661338147750939e-16,0.0,0,0,1.3642420526593924e-12,2.4980018054066022e-15,2.220446049250313e-16
amp0.0_T12.0,0.0,12.0,137,6.8500000000000005,0.0,0.8333333375106815,1.0656334501638114,1.0656334501638114,-4.112352890423396e-10,0.007370613678052552,0.007370613266817263,0.05949804515767919,0.17760557057577997,9.01070143149952e-18,10.000000000001027,1.0656334501638558,1.0656334501632454,1.0267342531733448e-12,4.440892098500626e-14,5.659826872524733e-13,1.1890721305449773e-24,0.0,0.0,0.0,0.0,1.7438820599549494e-14,8.881784197001252e-16,0.0,0,0,1.3642420526593924e-12,2.4980018054066022e-15,2.220446049250313e-16
amp0.0_T12.0,0.0,12.0,138,6.9,0.0,0.833333337478829,1.0656334501516551,1.0656334501516551,-4.2397295108907436e-10,0.0073706136716837215,0.00737061324771077,0.059498045214756476,0.177605570607697,9.577543848597238e-18,10.000000000001041,1.0656334501517215,1.0656334501505247,1.0409451078885468e-12,6.639133687258436e-14,1.1304195061294857e-12,2.5849394142282115e-25,0.0,0.0,0.0,0.0,-3.409429351275503e-14,6.661338147750939e-16,0.0,0,0,1.3642420526593924e-12,2.55351295663786e-15,2.220446049250313e-16
amp0.0_T12.0,0.0,12.0,139,6.95,0.0,0.8333333374444928,1.0656334501367544,1.0656334501367544,-4.3662142440496926e-10,0.007370613665359485,0.00737061322873806,0.05949804527064778,0.17760557064180338,1.0157525776136504e-17,10.00000000000108,1.0656334501368208,1.0656334501376163,1.0800249583553523e-12,6.639133687258436e-14,-8.619873138447477e-13,8.788794008375919e-25,0.0,0.0,0.0,0.0,3.0735919385245625e-14,6.661338147750939e-16,0.0,0,0,9.094947017729282e-13,2.55351295663786e-15,2.220446049250313e-16
amp0.0_T12.0,0.0,12.0,140,7.0,0.0,0.8333333374122992,1.0656334501249847,1.0656334501249847,-4.491732133558736e-10,0.0073706136590835905,0.007370613209910377,0.05949804532678955,0.17760557067414828,1.0749927786911893e-17,10.000000000001021,1.065633450125044,1.0656334501245337,1.021405182655144e-12,5.928590951498336e-14,4.5096184267495165e-13,2.5849394142282115e-25,0.0,0.0,0.0,0.0,-3.559015000029478e-14,6.661338147750939e-16,0.0,0,0,1.3642420526593924e-12,2.55351295663786e-15,2.220446049250313e-16
amp0.0_T12.0,0.0,12.0,141,7.050000000000001,0.0,0.8333333373783299,1.0656334501113585,1.0656334501113585,-4.616346974578506e-10,0.007370613652852848,0.0073706131912181505,0.05949804538196388,0.17760557070807603,1.1354675744797081e-17,10.000000000001023,1.0656334501113989,1.0656334501112679,1.0231815394945443e-12,4.04121180963557e-14,9.058284413366797e-14,2.0679515313825692e-25,0.0,0.0,0.0,0.0,1.2869181904820343e-14,8.881784197001252e-16,0.0,0,0,9.094947017729282e-13,2.55351295663786e-15,2.220446049250313e-16
amp0.0_T12.0,0.0,12.0,142,7.1000000000000005,0.0,0.8333333373457305,1.0656334500998645,1.0656334500998645,-4.740005044863591e-10,0.007370613646669945,0.00737061317266944,0.059498045437145305,0.17760557074089955,1.1971138533868786e-17,10.000000000001007,1.06563345009989,1.0656334500978284,1.007194327939942e-12,2.55351295663786e-14,2.036137056024003e-12,1.6543612251060553e-24,0.0,0.0,0.0,0.0,3.013275890116109e-14,8.881784197001252e-16,0.0,0,0,9.094947017729282e-13,2.55351295663786e-15,2.220446049250313e-16
amp0.0_T12.0,0.0,12.0,143,7.15,0.0,0.833333337310091,1.0656334500848743,1.0656334500848743,-4.862746959823655e-10,0.007370613640532849,0.007370613154258153,0.059498045490945686,0.17760557077637973,1.25991483853868e-17,10.000000000001087,1.0656334500848974,1.065633450084204,1.0871303857129533e-12,2.3092638912203256e-14,6.703400631202842e-13,1.6543612251060553e-24,0.0,0.0,0.0,0.0,-3.1670572505777756e-14,4.440892098500626e-16,0.0,0,0,9.094947017729282e-13,2.55351295663786e-15,2.220446049250313e-16
amp0.0_T12.0,0.0,12.0,144,7.2,0.0,0.8333333372752679,1.0656334500713038,1.0656334500713038,-4.984481061000457e-10,0.007370613634446143,0.007370613135998037,0.05949804554455013,0.17760557081122663,1.323785894558444e-17,10.000000000001094,1.0656334500713336,1.0656334500704059,1.0942358130705543e-12,2.9753977059954195e-14,8.97935144457881e-13,6.203854594147708e-25,0.0,0.0,0.0,0.0,-1.9335807004502212e-14,6.661338147750939e-16,0.0,0,0,9.094947017729282e-13,2.4424906541753444e-15,2.220446049250313e-16
amp0.0_T12.0,0.0,12.0,145,7.25,0.0,0.8333333372393041,1.0656334500566886,1.0656334500566886,-5.105231338227474e-10,0.0073706136284086305,0.007370613117885496,0.05949804559734974,0.1776055708471149,1.388700851344824e-17,10.000000000001112,1.0656334500567022,1.065633450056431,1.1119993814645568e-12,1.354472090042691e-14,2.575578547045229e-13,2.223047896236262e-24,0.0,0.0,0.0,0.0,2.2003320370027378e-14,4.440892098500626e-16,0.0,0,0,1.3642420526593924e-12,2.55351295663786e-15,2.220446049250313e-16
amp0.0_T12.0,0.0,12.0,146,7.300000000000001,0.0,0.8333333372039287,1.065633450043192,1.065633450043192,-5.224963076967996e-10,0.0073706136224220425,0.007370613099925735,0.05949804564987396,0.17760557088256276,1.4546024019235153e-17,10.000000000001098,1.0656334500432032,1.0656334500422848,1.0977885267493548e-12,1.1102230246251565e-14,9.072597096996586e-13,2.8434333556510326e-25,0.0,0.0,0.0,0.0,-2.5471658300890768e-14,8.881784197001252e-16,0.0,0,0,1.3642420526593924e-12,2.3869795029440866e-15,2.220446049250313e-16
amp0.0_T12.0,0.0,12.0,147,7.3500000000000005,0.0,0.8333333371666156,1.0656334500275964,1.0656334500275964,-5.343693417168203e-10,0.007370613616485526,0.007370613082116184,0.059498045701325344,0.1776055709197256,1.5214613198348136e-17,10.000000000001112,1.0656334500276172,1.0656334500279614,1.1119993814645568e-12,2.0872192862952943e-14,-3.6505654510994984e-13,8.530300066953098e-25,0.0,0.0,0.0,0.0,-1.1217608526389795e-14,8.881784197001252e-16,0.0,0,0,9.094947017729282e-13,2.4980018054066022e-15,2.220446049250313e-16
amp0.0_T12.0,0.0,12.0,148,7.4,0.0,0.8333333371308743,1.0656334500143925,1.0656334500143925,-5.461363731292148e-10,0.00737061361060201,0.007370613064465637,0.05949804575279695,0.177605570955612,1.5892054747879707e-17,10.000000000001062,1.0656334500144142,1.0656334500134712,1.0622613899613498e-12,2.1760371282653068e-14,9.21247173779207e-13,1.1632227364026952e-24,0.0,0.0,0.0,0.0,1.4637232951977872e-14,6.661338147750939e-16,0.0,0,0,1.3642420526593924e-12,2.4424906541753444e-15,2.220446049250313e-16
amp0.0_T12.0,0.0,12.0,149,7.45,0.0,0.8333333370932676,1.065633449999199,1.065633449999199,-5.578020641608872e-10,0.007370613604769164,0.0073706130469671,0.05949804580321498,0.17760557099315474,1.6578227034326608e-17,10.000000000001076,1.065633449999212,1.065633449998807,1.0764722446765518e-12,1.2878587085651816e-14,3.92114194070571e-13,1.783608195817466e-24,0.0,0.0,0.0,0.0,1.1289516182760928e-14,8.881784197001252e-16,0.0,0,0,9.094947017729282e-13,2.3869795029440866e-15,2.220446049250313e-16
amp0.0_T12.0,0.0,12.0,150,7.5,0.0,0.8333333370561012,1.0656334499849383,1.0656334499849383,-5.69360767951469e-10,0.007370613598989812,0.007370613029629045,0.05949804585328504,0.17760557103038363,1.7272409504801724e-17,10.000000000001062,1.0656334499849471,1.065633449983975,1.0622613899613498e-12,8.881784197001252e-15,9.63212223755281e-13,1.3183191012563879e-24,0.0,0.0,0.0,0.0,7.87012517516975e-15,6.661338147750939e-16,0.0,0,0,9.094947017729282e-13,2.4980018054066022e-15,2.220446049250313e-16
amp0.0_T12.0,0.0,12.0,151,7.550000000000001,0.0,0.8333333370179458,1.065633449969783,1.065633449969783,-5.808137519506946e-10,0.007370613593263321,0.007370613012449569,0.0594980459025566,0.17760557106851757,1.7974285266522688e-17,10.000000000001075,1.0656334499697955,1.065633449968974,1.0746958878371515e-12,1.2434497875801753e-14,8.091125660615475e-13,1.4475660719677984e-24,0.0,0.0,0.0,0.0,-2.3286155503796247e-14,8.881784197001252e-16,0.0,0,0,9.094947017729282e-13,2.3869795029440866e-15,2.220446049250313e-16
amp0.0_T12.0,0.0,12.0,152,7.6000000000000005,0.0,0.8333333369785477,1.0656334499534141,1.0656334499534141,-5.921579960055902e-10,0.007370613587591199,0.007370612995433202,0.059498045950934136,0.17760557110777328,1.868327665732823e-17,10.000000000001076,1.0656334499534323,1.0656334499538038,1.0764722446765518e-12,1.8207657603852567e-14,-3.8970696492008725e-13,1.7319094075329017e-24,0.0,0.0,0.0,0.0,2.7354699928647762e-14,8.881784197001252e-16,0.0,0,0,9.094947017729282e-13,2.4424906541753444e-15,2.220446049250313e-16
amp0.0_T12.0,0.0,12.0,153,7.65,0.0,0.8333333369422496,1.0656334499413547,1.0656334499413547,-6.033897180613564e-10,0.007370613581975338,0.00737061297858562,0.059498045999783256,0.17760557114444384,1.9398746132529964e-17,10.00000000000102,1.0656334499413882,1.0656334499384772,1.0196288258157438e-12,3.352873534367973e-14,2.877456636477348e-12,1.550963648536927e-25,0.0,0.0,0.0,0.0,-1.5497744391883062e-14,8.881784197001252e-16,0.0,0,0,9.094947017729282e-13,2.55351295663786e-15,2.220446049250313e-16
amp0.0_T12.0,0.0,12.0,154,7.7,0.0,0.8333333369013463,1.065633449923808,1.065633449923808,-6.145181617511815e-10,0.007370613576411117,0.0073706129618929545,0.059498046046693925,0.17760557118510742,2.0120894978419465e-17,10.000000000001123,1.0656334499238442,1.0656334499229758,1.1226575225009583e-12,3.6193270602780103e-14,8.32203058364039e-13,1.0339757656912846e-24,0.0,0.0,0.0,0.0,-6.870037569496471e-15,8.881784197001252e-16,0.0,0,0,9.094947017729282e-13,2.3869795029440866e-15,2.220446049250313e-16
amp0.0_T12.0,0.0,12.0,155,7.75,0.0,0.8333333368615422,1.0656334499080533,1.0656334499080533,-6.255294594874973e-10,0.007370613570905468,0.007370612945376008,0.05949804609341858,0.17760557122489815,2.0848431363592178e-17,10.000000000001123,1.0656334499080673,1.0656334499073148,1.1226575225009583e-12,1.3988810110276972e-14,7.384995075492906e-13,4.652890945610781e-25,0.0,0.0,0.0,0.0,6.22281394700659e-14,6.661338147750939e-16,0.0,0,0,1.3642420526593924e-12,2.4424906541753444e-15,2.220446049250313e-16
amp0.0_T12.0,0.0,12.0,156,7.800000000000001,0.0,0.8333333368225031,1.0656334498936235,1.0656334498936235,-6.364268507258439e-10,0.0073706135654567715,0.007370612929029921,0.05949804613986162,0.17760557126409457,2.1581162609187348e-17,10.000000000001119,1.0656334498936277,1.0656334498914957,1.1191048088221578e-12,4.218847493575595e-15,2.127831867833966e-12,7.496324301261813e-25,0.0,0.0,0.0,0.0,-7.887430540784603e-14,8.881784197001252e-16,0.0,0,0,1.3642420526593924e-12,2.4424906541753444e-15,2.220446049250313e-16
amp0.0_T12.0,0.0,12.0,157,7.8500000000000005,0.0,0.8333333367802922,1.065633449875508,1.065633449875508,-6.472125733439643e-10,0.00737061356006391,0.0073706129128513365,0.05949804618477861,0.17760557130605667,2.2318846233310945e-17,10.000000000001176,1.065633449875508,1.0656334498755091,1.1759482276829658e-12,0.0,-1.1325418708584675e-15,5.169878828456423e-26,0.0,0.0,0.0,0.0,1.8812451748856713e-14,8.881784197001252e-16,0.0,0,0,9.094947017729282e-13,2.3869795029440866e-15,2.220446049250313e-16
amp0.0_T12.0,0.0,12.0,158,7.9,0.0,0.8333333367391251,1.0656334498590698,1.0656334498590698,-6.578770561190713e-10,0.007370613554731668,0.007370612896854613,0.059498046229465876,0.177605571347186,2.3060426191834305e-17,10.00000000000113,1.0656334498590774,1.0656334498593678,1.1297629498585593e-12,7.549516567451064e-15,-2.9800692023558386e-13,2.1971985020939798e-24,0.0,0.0,0.0,0.0,5.6831748967324047e-14,6.661338147750939e-16,0.0,0,0,9.094947017729282e-13,2.4980018054066022e-15,2.220446049250313e-16
amp0.0_T12.0,0.0,12.0,159,7.95,0.0,0.8333333366996565,1.0656334498451623,1.0656334498451623,-6.684233699263063e-10,0.0073706135494585115,0.007370612881035142,0.05949804627415016,0.1776055713869271,2.3805707874466677e-17,10.00000000000107,1.0656334498451683,1.0656334498430744,1.0693668173189508e-12,5.995204332975845e-15,2.0878616144021948e-12,8.530300066953098e-25,0.0,0.0,0.0,0.0,-1.8467887484794915e-14,8.881784197001252e-16,0.0,0,0,1.3642420526593924e-12,2.4424906541753444e-15,2.220446049250313e-16
amp0.0_T12.0,0.0,12.0,160,8.0,0.0,0.8333333366566746,1.0656334498271551,1.0656334498271551,-6.78856550938735e-10,0.007370613544241921,0.0073706128653853705,0.059498046317194714,0.17760557142972885,2.4554657189884532e-17,10.000000000001123,1.0656334498271376,1.0656334498266165,1.1226575225009583e-12,-1.7541523789077473e-14,5.386556568909361e-13,1.2924697071141057e-25,0.0,0.0,0.0,0.0,1.173761169691864e-14,8.881784197001252e-16,0.0,0,0,9.094947017729282e-13,2.4424906541753444e-15,2.220446049250313e-16
amp0.0_T12.0,0.0,12.0,161,8.05,0.0,0.8333333366152662,1.065633449811484,1.065633449811484,-6.891660030207425e-10,0.007370613539087195,0.007370612849921192,0.05949804636016415,0.1776055714712432,2.5306118612489342e-17,10.000000000001098,1.065633449811466,1.0656334498100088,1.0977885267493548e-12,-1.7985612998927536e-14,1.4750170043983705e-12,8.530300066953098e-25,0.0,0.0,0.0,0.0,-3.89883818494843e-14,8.881784197001252e-16,0.0,0,0,9.094947017729282e-13,2.6645352591003757e-15,2.220446049250313e-16
amp0.0_T12.0,0.0,12.0,162,8.1,0.0,0.8333333365719994,1.0656334497937883,1.0656334497937883,-6.99356384532075e-10,0.007370613533992004,0.00737061283463562,0.05949804640198811,0.17760557151440046,2.6060031519394417e-17,10.000000000001116,1.065633449793777,1.065633449793245,1.1155520951433573e-12,-1.1324274851176597e-14,5.433170882200322e-13,1.990403348955723e-24,0.0,0.0,0.0,0.0,2.862547660513132e-14,8.881784197001252e-16,0.0,0,0,9.094947017729282e-13,2.609024107869118e-15,2.220446049250313e-16
amp0.0_T12.0,0.0,12.0,163,8.15,0.0,0.8333333365299269,1.0656334497779985,1.0656334497779985,-7.094220607304843e-10,0.007370613528959167,0.007370612819537106,0.05949804644361768,0.1776055715566027,2.6815582027823245e-17,10.000000000001089,1.065633449777958,1.0656334497763331,1.0889067425523535e-12,-4.04121180963557e-14,1.665307721355707e-12,-4.911384887033602e-25,0.0,0.0,0.0,0.0,-9.480351711799262e-15,8.881784197001252e-16,0.0,0,0,9.094947017729282e-13,2.4980018054066022e-15,2.220446049250313e-16
amp0.0_T12.0,0.0,12.0,164,8.200000000000001,0.0,0.8333333364876693,1.0656334497622661,1.0656334497622661,-7.19366552397104e-10,0.0073706135239869205,0.007370612804620368,0.05949804648461894,0.17760557159901177,2.7572638744710675e-17,10.000000000001114,1.0656334497622495,1.0656334497592717,1.113775738303957e-12,-1.6653345369377348e-14,2.9944659693802274e-12,1.1890721305449773e-24,0.0,0.0,0.0,0.0,-8.012995354469062e-15,8.881784197001252e-16,0.0,0,0,9.094947017729282e-13,2.6645352591003757e-15,2.220446049250313e-16
amp0.0_T12.0,0.0,12.0,165,8.25,0.0,0.8333333364413102,1.065633449741663,1.065633449741663,-7.291892433840663e-10,0.007370613519075576,0.007370612789886332,0.05949804652374674,0.17760557164497967,2.833076852783443e-17,10.000000000001204,1.0656334497416606,1.0656334497420517,1.2043699371133698e-12,-2.4424906541753444e-15,-3.886063893873326e-13,-3.360421238496675e-25,0.0,0.0,0.0,0.0,1.3386734403089446e-14,8.881784197001252e-16,0.0,0,0,9.094947017729282e-13,2.609024107869118e-15,2.220446049250313e-16
amp0.0_T12.0,0.0,12.0,166,8.3,0.0,0.8333333363972011,1.0656334497242974,1.0656334497242974,-7.388777686333388e-10,0.007370613514231313,0.007370612775353544,0.059498046562968046,0.1776055716890896,2.9088615297646586e-17,10.000000000001126,1.065633449724281,1.0656334497246907,1.1262102361797588e-12,-1.6431300764452317e-14,-3.932700839375281e-13,1.1890721305449773e-24,0.0,0.0,0.0,0.0,5.92463739942539e-14,8.881784197001252e-16,0.0,0,0,9.094947017729282e-13,2.6645352591003757e-15,2.220446049250313e-16
amp0.0_T12.0,0.0,12.0,167,8.35,0.0,0.8333333363541828,1.0656334497086588,1.0656334497086588,-7.484388106629309e-10,0.007370613509450791,0.00737061276101198,0.05949804660194219,0.1776055717323248,2.9846296468705346e-17,10.000000000001048,1.065633449708631,1.0656334497071884,1.0480505352461478e-12,-2.7755575615628914e-14,1.4703495275170886e-12,-3.877409121342317e-25,0.0,0.0,0.0,0.0,-2.0599506006422422e-14,8.881784197001252e-16,0.0,0,0,1.3642420526593924e-12,2.4424906541753444e-15,2.220446049250313e-16
amp0.0_T12.0,0.0,12.0,168,8.4,0.0,0.8333333363095596,1.0656334496912916,1.0656334496912916,-7.578755784466648e-10,0.007370613504732408,0.007370612746856829,0.05949804663982232,0.1776055717769823,3.060368154136265e-17,10.000000000001057,1.0656334496912745,1.0656334496895385,1.056932319443149e-12,-1.709743457922741e-14,1.7530115522015809e-12,-5.945360652724886e-25,0.0,0.0,0.0,0.0,-6.631764805264389e-14,8.881784197001252e-16,0.0,0,0,9.094947017729282e-13,2.4980018054066022e-15,2.220446049250313e-16
amp0.0_T12.0,0.0,12.0,169,8.450000000000001,0.0,0.8333333362648181,1.0656334496741007,1.0656334496741007,-7.671831950322042e-10,0.0073706135000786,0.007370612732895404,0.05949804667705981,0.17760557182179523,3.135999689036349e-17,10.000000000001076,1.0656334496741025,1.065633449671747,1.0764722446765518e-12,1.7763568394002505e-15,2.3536414522084415e-12,1.9387045606711586e-24,0.0,0.0,0.0,0.0,2.610532988951499e-14,8.881784197001252e-16,0.0,0,0,9.094947017729282e-13,2.55351295663786e-15,2.220446049250313e-16
amp0.0_T12.0,0.0,12.0,170,8.5,0.0,0.8333333362177997,1.0656334496543767,1.0656334496543767,-7.763612407946268e-10,0.007370613495489576,0.007370612719128335,0.05949804671296889,0.17760557186861223,3.2114823503213636e-17,10.00000000000113,1.0656334496543638,1.0656334496538098,1.1297629498585593e-12,-1.2878587085651816e-14,5.668477615501017e-13,4.911384887033602e-25,0.0,0.0,0.0,0.0,2.8345267897559956e-15,8.881784197001252e-16,0.0,0,0,1.3642420526593924e-12,2.4424906541753444e-15,2.220446049250313e-16
amp0.0_T12.0,0.0,12.0,171,8.55,0.0,0.8333333361728226,1.0656334496375726,1.0656334496375726,-7.854028204123843e-10,0.007370613490968786,0.007370612705565966,0.059498046748886924,0.17760557191374068,3.2867204094950357e-17,10.00000000000109,1.0656334496375588,1.0656334496357383,1.0906830993917538e-12,-1.3766765505351941e-14,1.8342776140815887e-12,1.1890721305449773e-24,0.0,0.0,0.0,0.0,1.284187342117075e-14,8.881784197001252e-16,0.0,0,0,9.094947017729282e-13,2.6645352591003757e-15,2.220446049250313e-16
amp0.0_T12.0,0.0,12.0,172,8.6,0.0,0.8333333361277189,1.065633449620941,1.065633449620941,-7.943139894205637e-10,0.007370613486513202,0.007370612692199212,0.0594980467841542,0.1776055719590328,3.3617256777039924e-17,10.000000000001114,1.0656334496209223,1.06563344961753,1.113775738303957e-12,-1.865174681370263e-14,3.411015603601554e-12,1.137373342260413e-24,0.0,0.0,0.0,0.0,-3.526156879472015e-14,8.881784197001252e-16,0.0,0,0,1.3642420526593924e-12,2.6645352591003757e-15,2.220446049250313e-16
amp0.0_T12.0,0.0,12.0,173,8.65,0.0,0.8333333360785583,1.0656334495994535,1.0656334495994535,-8.030943029175857e-10,0.007370613482123045,0.007370612679028742,0.05949804681751178,0.17760557200783864,3.436457195914771e-17,10.000000000001211,1.0656334495994448,1.065633449599176,1.2114753644709708e-12,-8.659739592076221e-15,2.7752139158433e-13,1.783608195817466e-24,0.0,0.0,0.0,0.0,2.3938318505630365e-14,8.881784197001252e-16,0.0,0,0,9.094947017729282e-13,2.3869795029440866e-15,2.220446049250313e-16
amp0.0_T12.0,0.0,12.0,174,8.700000000000001,0.0,0.833333336030953,1.065633449580293,1.065633449580293,-8.11731524877832e-10,0.007370613477804435,0.00737061266607291,0.05949804685069336,0.17760557205537505,3.5107723898557647e-17,10.000000000001155,1.0656334495802748,1.0656334495806916,1.1546319456101628e-12,-1.8207657603852567e-14,-3.9860517356432974e-13,1.8870057723865944e-24,0.0,0.0,0.0,0.0,2.571571829030666e-14,8.881784197001252e-16,0.0,0,0,9.094947017729282e-13,2.3869795029440866e-15,2.220446049250313e-16
amp0.0_T12.0,0.0,12.0,175,8.75,0.0,0.8333333359864739,1.065633449565437,1.065633449565437,-8.202302496898396e-10,0.007370613473555073,0.0073706126533248225,0.05949804688422018,0.17760557210029745,3.5846719064355677e-17,10.000000000001062,1.0656334495654123,1.0656334495620834,1.0622613899613498e-12,-2.4646951146678475e-14,3.3535038214636833e-12,5.686866711302065e-25,0.0,0.0,0.0,0.0,1.1322024646777272e-14,8.881784197001252e-16,0.0,0,0,9.094947017729282e-13,2.3869795029440866e-15,2.220446049250313e-16
amp0.0_T12.0,0.0,12.0,176,8.8,0.0,0.8333333359372858,1.065633449544907,1.065633449544907,-8.285997862699459e-10,0.007370613469370304,0.007370612640770518,0.05949804691563916,0.17760557214929237,3.658200312279852e-17,10.000000000001155,1.065633449544871,1.0656334495433324,1.1546319456101628e-12,-3.597122599785507e-14,1.5744817115202742e-12,1.4217166778255163e-24,0.0,0.0,0.0,0.0,-2.2845749955551986e-14,8.881784197001252e-16,0.0,0,0,9.094947017729282e-13,2.609024107869118e-15,2.220446049250313e-16
amp0.0_T12.0,0.0,12.0,177,8.85,0.0,0.8333333358882999,1.0656334495249378,1.0656334495249378,-8.368259433242249e-10,0.007370613465257225,0.007370612628431281,0.059498046946443645,0.17760557219816506,3.731196489167472e-17,10.000000000001155,1.0656334495249074,1.0656334495244533,1.1546319456101628e-12,-3.042011087472929e-14,4.844640159815266e-13,-2.5849394142282115e-26,0.0,0.0,0.0,0.0,2.5556484954476606e-14,8.881784197001252e-16,0.0,0,0,9.094947017729282e-13,2.609024107869118e-15,2.220446049250313e-16
amp0.0_T12.0,0.0,12.0,178,8.9,0.0,0.8333333358406457,1.0656334495069946,1.0656334495069946,-8.44909256010819e-10,0.007370613461215569,0.007370612616306313,0.05949804697700001,0.1776055722459565,3.8036275492305e-17,10.000000000001101,1.0656334495069593,1.0656334495054498,1.1013412404281553e-12,-3.530509218307998e-14,1.5447262801879505e-12,6.72084247699335e-25,0.0,0.0,0.0,0.0,-3.7111346881219304e-15,8.881784197001252e-16,0.0,0,0,9.094947017729282e-13,2.4980018054066022e-15,2.220446049250313e-16
amp0.0_T12.0,0.0,12.0,179,8.950000000000001,0.0,0.8333333357919528,1.0656334494880206,1.0656334494880206,-8.528536477120315e-10,0.007370613457243373,0.007370612604389725,0.0594980470065669,0.17760557229468296,3.8754922360353336e-17,10.000000000001098,1.0656334494880044,1.065633449486318,1.0977885267493548e-12,-1.6209256159527285e-14,1.7025992756427797e-12,3.618915179919496e-25,0.0,0.0,0.0,0.0,-2.5679633100962767e-15,8.881784197001252e-16,0.0,0,0,9.094947017729282e-13,2.55351295663786e-15,2.220446049250313e-16
amp0.0_T12.0,0.0,12.0,180,9.0,0.0,0.833333335742225,1.0656334494680637,1.0656334494680637,-8.606559327933842e-10,0.007370613453342231,0.007370612592686298,0.05949804703513498,0.17760557234434834,3.9467260503222985e-17,10.000000000001101,1.0656334494680453,1.0656334494670596,1.1013412404281553e-12,-1.84297022087776e-14,1.0040462362104884e-12,1.990403348955723e-24,0.0,0.0,0.0,0.0,-5.529557758569091e-14,8.881784197001252e-16,0.0,0,0,1.3642420526593924e-12,2.55351295663786e-15,2.220446049250313e-16
amp0.0_T12.0,0.0,12.0,181,9.05,0.0,0.8333333356930894,1.0656334494491686,1.0656334494491686,-8.683129356849235e-10,0.007370613449513729,0.0073706125812007936,0.05949804706320404,0.17760557239355976,4.017264162555417e-17,10.000000000001066,1.065633449449153,1.0656334494476805,1.0658141036401503e-12,-1.554312234475219e-14,1.4881027695659342e-12,1.6802106192483375e-24,0.0,0.0,0.0,0.0,2.2811116563263657e-14,8.881784197001252e-16,0.0,0,0,9.094947017729282e-13,2.609024107869118e-15,2.220446049250313e-16
amp0.0_T12.0,0.0,12.0,182,9.1,0.0,0.8333333356431248,1.065633449429509,1.065633449429509,-8.758263603244383e-10,0.007370613445757016,0.007370612569930656,0.05949804709032713,0.177605572443527,4.087086912576566e-17,10.000000000001057,1.065633449429515,1.0656334494281787,1.056932319443149e-12,5.995204332975845e-15,1.3302283572367367e-12,4.3943970041879595e-25,0.0,0.0,0.0,0.0,1.754718457768e-14,8.881784197001252e-16,0.0,0,0,9.094947017729282e-13,2.4980018054066022e-15,2.220446049250313e-16
amp0.0_T12.0,0.0,12.0,183,9.15,0.0,0.8333333355940333,1.0656334494113087,1.0656334494113087,-8.831936479122054e-10,0.0073706134420733725,0.007370612558879725,0.059498047117041486,0.17760557249280726,4.1561357309200924e-17,10.00000000000104,1.065633449411298,1.0656334494085602,1.0391687510491465e-12,-1.0658141036401503e-14,2.7484265584047284e-12,2.455692443516801e-24,0.0,0.0,0.0,0.0,-6.1076198265076115e-15,8.881784197001252e-16,0.0,0,0,9.094947017729282e-13,2.55351295663786e-15,2.220446049250313e-16
amp0.0_T12.0,0.0,12.0,184,9.200000000000001,0.0,0.8333333355432643,1.065633449391259,1.065633449391259,-8.904173446178583e-10,0.007370613438461525,0.00737061254804418,0.059498047142538577,0.17760557254356674,4.224400358179712e-17,10.000000000001089,1.0656334493912512,1.0656334493888204,1.0889067425523535e-12,-7.771561172376096e-15,2.438451607283112e-12,1.7319094075329017e-24,0.0,0.0,0.0,0.0,1.1077440300067487e-14,8.881784197001252e-16,0.0,0,0,9.094947017729282e-13,2.4424906541753444e-15,2.220446049250313e-16
amp0.0_T12.0,0.0,12.0,185,9.25,0.0,0.833333335492506,1.0656334493715534,1.0656334493715534,-8.974923460049856e-10,0.007370613434924024,0.007370612537431678,0.05949804716733691,0.1776055725943722,4.2917988154322177e-17,10.000000000001123,1.0656334493715232,1.0656334493689652,1.1226575225009583e-12,-3.019806626980426e-14,2.5881089970180105e-12,2.042102137240287e-24,0.0,0.0,0.0,0.0,-2.160186415456852e-14,8.881784197001252e-16,0.0,0,0,1.3642420526593924e-12,2.55351295663786e-15,2.220446049250313e-16
amp0.0_T12.0,0.0,12.0,186,9.3,0.0,0.8333333354396748,1.0656334493494832,1.0656334493494832,-9.04418610033418e-10,0.007370613431460892,0.007370612527042282,0.059498047190764666,0.17760557264699256,4.35829706547466e-17,10.00000000000116,1.065633449349459,1.065633449348991,1.1599610161283636e-12,-2.4202861936828413e-14,4.922293061481397e-13,7.496324301261813e-25,0.0,0.0,0.0,0.0,3.4601356781846084e-14,8.881784197001252e-16,0.0,0,0,9.094947017729282e-13,2.6645352591003757e-15,2.220446049250313e-16
amp0.0_T12.0,0.0,12.0,187,9.35,0.0,0.8333333353898686,1.0656334493315724,1.0656334493315724,-9.111898436422482e-10,0.0073706134280752756,0.0073706125168854315,0.05949804721442073,0.1776055726970825,4.423801068572719e-17,10.000000000001094,1.0656334493315511,1.0656334493289124,1.0942358130705543e-12,-2.1316282072803006e-14,2.6600501289911895e-12,2.016252743098005e-24,0.0,0.0,0.0,0.0,-4.255486052071677e-15,8.881784197001252e-16,0.0,0,0,1.3642420526593924e-12,2.3869795029440866e-15,2.220446049250313e-16
amp0.0_T12.0,0.0,12.0,188,9.4,0.0,0.8333333353370648,1.0656334493101494,1.0656334493101494,-9.178150443902921e-10,0.0073706134247626745,0.00737061250694763,0.05949804723642842,0.17760557274978156,4.488365265912992e-17,10.000000000001133,1.065633449310125,1.0656334493087158,1.1333156635373598e-12,-2.4424906541753444e-14,1.433475085743343e-12,9.564275832644382e-25,0.0,0.0,0.0,0.0,7.94305343122617e-15,8.881784197001252e-16,0.0,0,0,9.094947017729282e-13,2.3869795029440866e-15,2.220446049250313e-16
amp0.0_T12.0,0.0,12.0,189,9.450000000000001,0.0,0.8333333352842752,1.0656334492890434,1.0656334492890434,-9.242851461215529e-10,0.007370613421527623,0.007370612497242478,0.05949804725770251,0.17760557280251826,4.55186943012966e-17,10.00000000000111,1.0656334492890163,1.0656334492884108,1.1102230246251565e-12,-2.708944180085382e-14,6.325595607371129e-13,1.83530698410203e-24,0.0,0.0,0.0,0.0,-1.3229394222585276e-14,8.881784197001252e-16,0.0,0,0,1.3642420526593924e-12,2.55351295663786e-15,2.220446049250313e-16
amp0.0_T12.0,0.0,12.0,190,9.5,0.0,0.833333335233044,1.0656334492702002,1.0656334492702002,-9.306001142521532e-10,0.0073706134183701396,0.007370612487770025,0.059498047278732896,0.17760557285397144,4.614281137170212e-17,10.000000000001044,1.065633449270191,1.0656334492680033,1.0444978215673473e-12,-9.103828801926284e-15,2.1968631783168882e-12,-2.5849394142282115e-26,0.0,0.0,0.0,0.0,5.453689128184523e-15,8.881784197001252e-16,0.0,0,0,1.3642420526593924e-12,2.4980018054066022e-15,2.220446049250313e-16
amp0.0_T12.0,0.0,12.0,191,9.55,0.0,0.8333333351807906,1.065633449250366,1.065633449250366,-9.36764546142405e-10,0.007370613415287924,0.0073706124785233775,0.05949804729872335,0.17760557290634876,4.675614961075129e-17,10.000000000001057,1.0656334492503605,1.0656334492474877,1.056932319443149e-12,-5.551115123125783e-15,2.87831745749357e-12,2.908056841006738e-24,0.0,0.0,0.0,0.0,-8.196147667037354e-15,8.881784197001252e-16,0.0,0,0,9.094947017729282e-13,2.3314683517128287e-15,2.220446049250313e-16
amp0.0_T12.0,0.0,12.0,192,9.600000000000001,0.0,0.8333333351278596,1.06563344922998,1.06563344922998,-9.427752999771713e-10,0.0073706134122825465,0.007370612469507247,0.0594980473177681,0.17760557295935614,4.7358096711679715e-17,10.000000000001101,1.0656334492299617,1.0656334492268678,1.1013412404281553e-12,-1.8207657603852567e-14,3.1121298245325273e-12,3.0502285087892896e-24,0.0,0.0,0.0,0.0,-2.6078388521579067e-14,8.881784197001252e-16,0.0,0,0,9.094947017729282e-13,2.609024107869118e-15,2.220446049250313e-16
amp0.0_T12.0,0.0,12.0,193,9.65,0.0,0.8333333350735799,1.0656334492081432,1.0656334492081432,-9.48630266210089e-10,0.0073706134093550636,0.007370612460724797,0.059498047335637,0.1776055730135589,4.794814411743902e-17,10.000000000001155,1.0656334492081396,1.0656334492061426,1.1546319456101628e-12,-3.552713678800501e-15,2.0005739422304146e-12,1.4087919807543753e-24,0.0,0.0,0.0,0.0,3.6306981881290216e-14,8.881784197001252e-16,0.0,0,0,1.3642420526593924e-12,2.4424906541753444e-15,2.220446049250313e-16
amp0.0_T12.0,0.0,12.0,194,9.700000000000001,0.0,0.8333333350190871,1.0656334491863195,1.0656334491863195,-9.543253208505662e-10,0.007370613406507537,0.007370612452182216,0.059498047352673916,0.1776055730679909,4.8525580834196745e-17,10.000000000001155,1.0656334491863388,1.0656334491853174,1.1546319456101628e-12,1.9317880628477724e-14,1.002038776445832e-12,2.68833699079734e-24,0.0,0.0,0.0,0.0,-1.9491317383688373e-14,8.881784197001252e-16,0.0,0,0,9.094947017729282e-13,2.609024107869118e-15,2.220446049250313e-16
amp0.0_T12.0,0.0,12.0,195,9.75,0.0,0.8333333349661625,1.065633449166813,1.065633449166813,-9.598597447874113e-10,0.007370613403740324,0.007370612443880579,0.05949804736944796,0.17760557312113806,4.909004216372683e-17,10.000000000001101,1.0656334491668291,1.0656334491643982,1.1013412404281553e-12,1.6209256159527285e-14,2.414685988517552e-12,5.428372769879244e-25,0.0,0.0,0.0,0.0,2.3331092799097006e-14,8.881784197001252e-16,0.0,0,0,9.094947017729282e-13,2.4980018054066022e-15,2.220446049250313e-16
amp0.0_T12.0,0.0,12.0,196,9.8,0.0,0.8333333349116795,1.0656334491456214,1.0656334491456214,-9.652381619422725e-10,0.007370613401051116,0.007370612435812954,0.059498047384982294,0.177605573175665,4.9641719512765124e-17,10.000000000001119,1.065633449145625,1.065633449143379,1.1191048088221578e-12,3.552713678800501e-15,2.2423788234183783e-12,-1.796532892888607e-24,0.0,0.0,0.0,0.0,-5.063293081237464e-14,1.1102230246251565e-15,0.0,0,0,9.094947017729282e-13,2.3869795029440866e-15,2.220446049250313e-16
amp0.0_T12.0,0.0,12.0,197,9.850000000000001,0.0,0.8333333348569957,1.0656334491244654,1.0656334491244654,-9.704558193846469e-10,0.007370613398442287,0.007370612427986468,0.05949804739968513,0.17760557323041198,5.0179853113618227e-17,10.000000000001123,1.0656334491244548,1.0656334491222652,1.1226575225009583e-12,-1.0658141036401503e-14,2.2001898103490215e-12,5.0406318577450124e-24,0.0,0.0,0.0,0.0,3.091283702819074e-14,1.1102230246251565e-15,0.0,0,0,9.094947017729282e-13,2.4980018054066022e-15,2.220446049250313e-16
amp0.0_T12.0,0.0,12.0,198,9.9,0.0,0.8333333348025372,1.0656334491038795,1.0656334491038795,-9.755120342166421e-10,0.00737061339591418,0.007370612420402146,0.059498047413688054,0.17760557328501375,5.0704103823919555e-17,10.000000000001126,1.065633449103862,1.0656334491010595,1.1262102361797588e-12,-1.7541523789077473e-14,2.819915778444074e-12,3.334571844354393e-24,0.0,0.0,0.0,0.0,1.4623520966872722e-14,8.881784197001252e-16,0.0,0,0,9.094947017729282e-13,2.55351295663786e-15,2.220446049250313e-16
amp0.0_T12.0,0.0,12.0,199,9.950000000000001,0.0,0.8333333347458507,1.06563344908076,1.06563344908076,-9.804074018427755e-10,0.007370613393466496,0.007370612413059094,0.059498047426213896,0.1776055733415675,5.121427288937701e-17,10.000000000001158,1.0656334490807187,1.0656334490797579,1.1581846592889633e-12,-4.1300296516055823e-14,1.0020360877537768e-12,1.0469004627624257e-24,0.0,0.0,0.0,0.0,-4.374406108159517e-14,1.1102230246251565e-15,0.0,0,0,9.094947017729282e-13,2.275957200481571e-15,2.220446049250313e-16
amp0.0_T12.0,0.0,12.0,200,10.0,0.0,0.8333333346909879,1.0656334490602353,1.0656334490602353,-9.851351575196798e-10,0.007370613391102618,0.0073706124059674605,0.059498047438517554,0.17760557339661037,5.170939842387472e-17,10.000000000001094,1.0656334490601886,1.0656334490583714,1.0942358130705543e-12,-4.6629367034256575e-14,1.8637907043422887e-12,3.192400176571841e-24,0.0,0.0,0.0,0.0,5.3038560574312146e-14,8.881784197001252e-16,0.0,0,0,9.094947017729282e-13,2.4424906541753444e-15,2.220446049250313e-16
amp0.0_T12.0,0.0,12.0,201,10.05,0.0,0.8333333346361967,1.0656334490400838,1.0656334490400838,-9.897006887314678e-10,0.007370613388819852,0.007370612399119163,0.059498047450068176,0.17760557345163913,5.2189795289724215e-17,10.000000000001076,1.0656334490400374,1.0656334490368988,1.0764722446765518e-12,-4.6407322429331543e-14,3.184955623249359e-12,4.575342763183934e-24,0.0,0.0,0.0,0.0,-2.876919441514876e-14,1.1102230246251565e-15,0.0,0,0,9.094947017729282e-13,2.55351295663786e-15,2.220446049250313e-16
amp0.0_T12.0,0.0,12.0,202,10.100000000000001,0.0,0.8333333345795878,1.0656334490178911,1.0656334490178911,-9.941041291940623e-10,0.007370613386618131,0.0073706123925140025,0.059498047460262646,0.17760557350826472,5.2655240876509196e-17,10.000000000001119,1.065633449017858,1.065633449015336,1.1191048088221578e-12,-3.3084646133829665e-14,2.555014613631459e-12,1.111523948118131e-24,0.0,0.0,0.0,0.0,5.135157572238301e-14,1.1102230246251565e-15,0.0,0,0,9.094947017729282e-13,2.4980018054066022e-15,2.220446049250313e-16
amp0.0_T12.0,0.0,12.0,203,10.15,0.0,0.8333333345228128,1.0656334489958108,1.0656334489958108,-9.983399445576142e-10,0.007370613384500225,0.00737061238616028,0.05949804746960646,0.17760557356508605,5.310491822191541e-17,10.000000000001133,1.0656334489957542,1.0656334489936898,1.1333156635373598e-12,-5.6621374255882984e-14,2.120916961325677e-12,3.644764574061778e-24,0.0,0.0,0.0,0.0,-3.868068188757832e-14,1.1102230246251565e-15,0.0,0,0,1.3642420526593924e-12,2.4980018054066022e-15,2.220446049250313e-16
amp0.0_T12.0,0.0,12.0,204,10.200000000000001,0.0,0.8333333344659202,1.065633448973834,1.065633448973834,-1.0024075527414803e-09,0.00737061338246642,0.0073706123800588675,0.05949804747810339,0.17760557362204982,5.3538538158942357e-17,10.000000000001119,1.0656334489737884,1.0656334489719619,1.1191048088221578e-12,-4.551914400963142e-14,1.87200452558478e-12,-2.5849394142282115e-25,0.0,0.0,0.0,0.0,1.7396217808438994e-14,8.881784197001252e-16,0.0,0,0,1.3642420526593924e-12,2.4424906541753444e-15,2.220446049250313e-16
amp0.0_T12.0,0.0,12.0,205,10.25,0.0,0.8333333344095861,1.0656334489528698,1.0656334489528698,-1.0063065169242162e-09,0.007370613380516939,0.007370612374210422,0.05949804748597298,0.17760557367858726,5.3955835112700074e-17,10.000000000001094,1.065633448952822,1.0656334489501553,1.0942358130705543e-12,-4.773959005888173e-14,2.714441339373395e-12,9.435028861932972e-25,0.0,0.0,0.0,0.0,-1.0936427908302721e-14,1.1102230246251565e-15,0.0,0,0,1.3642420526593924e-12,2.4980018054066022e-15,2.220446049250313e-16
amp0.0_T12.0,0.0,12.0,206,10.3,0.0,0.8333333343516882,1.0656334489302024,1.0656334489302024,-1.010038428443432e-09,0.007370613378650983,0.007370612368612554,0.059498047492544434,0.17760557373650737,5.4356770155474284e-17,10.000000000001108,1.0656334489301516,1.065633448928267,1.1084466677857563e-12,-5.084821452783217e-14,1.9352864197564176e-12,3.7093880594174835e-24,0.0,0.0,0.0,0.0,1.555920661931487e-14,1.1102230246251565e-15,0.0,0,0,9.094947017729282e-13,2.6645352591003757e-15,2.220446049250313e-16
amp0.0_T12.0,0.0,12.0,207,10.350000000000001,0.0,0.8333333342949012,1.0656334489092332,1.0656334489092332,-1.0135985121923385e-09,0.0073706133768709405,0.007370612363272428,0.05949804749864657,0.17760557379352665,5.4740628212248356e-17,10.000000000001084,1.0656334489091852,1.0656334489063055,1.0835776720341528e-12,-4.796163466380676e-14,2.9276033753083256e-12,3.5995281343127845e-24,0.0,0.0,0.0,0.0,-2.389289660367584e-14,1.1102230246251565e-15,0.0,0,0,1.3642420526593924e-12,2.55351295663786e-15,2.220446049250313e-16
amp0.0_T12.0,0.0,12.0,208,10.4,0.0,0.8333333342362039,1.0656334488861092,1.0656334488861092,-1.016990014924526e-09,0.007370613375175189,0.007370612358185175,0.059498047503331125,0.17760557385222236,5.510756558428735e-17,10.000000000001105,1.0656334488860737,1.0656334488842647,1.1048939541069558e-12,-3.552713678800501e-14,1.8444694255466507e-12,-1.6026624368214911e-24,0.0,0.0,0.0,0.0,1.116547482225639e-14,8.881784197001252e-16,0.0,0,0,9.094947017729282e-13,2.4424906541753444e-15,2.220446049250313e-16
amp0.0_T12.0,0.0,12.0,209,10.450000000000001,0.0,0.8333333341792589,1.0656334488655503,1.0656334488655503,-1.0202071216002778e-09,0.007370613373566637,0.007370612353359515,0.0594980475077444,0.17760557390947834,5.5456767297669764e-17,10.000000000001073,1.065633448865485,1.0656334488621562,1.0729195309977513e-12,-6.52811138479592e-14,3.394118374116731e-12,2.959755629291302e-24,0.0,0.0,0.0,0.0,6.7233773094847615e-15,1.1102230246251565e-15,0.0,0,0,1.3642420526593924e-12,2.55351295663786e-15,2.220446049250313e-16
amp0.0_T12.0,0.0,12.0,210,10.5,0.0,0.8333333341198914,1.06563344884218,1.06563344884218,-1.0232550018165646e-09,0.007370613372042696,0.007370612348787694,0.0594980475105729,0.1776055739688473,5.578861768885275e-17,10.000000000001116,1.065633448842101,1.0656334488399706,1.1155520951433573e-12,-7.882583474838611e-14,2.2092880303863726e-12,3.631839876990637e-24,0.0,0.0,0.0,0.0,1.9152751123265173e-14,1.1102230246251565e-15,0.0,0,0,9.094947017729282e-13,2.4424906541753444e-15,2.220446049250313e-16
amp0.0_T12.0,0.0,12.0,211,10.55,0.0,0.83333333406087,1.06563344881953,1.06563344881953,-1.0261263034402377e-09,0.007370613370607045,0.007370612344480741,0.059498047512663896,0.17760557402796756,5.610214792776183e-17,10.000000000001098,1.0656334488194505,1.0656334488177168,1.0977885267493548e-12,-7.949196856316121e-14,1.8131601416698778e-12,2.2682843359852556e-24,0.0,0.0,0.0,0.0,1.760673948334212e-14,1.1102230246251565e-15,0.0,0,0,1.3642420526593924e-12,2.4424906541753444e-15,2.220446049250313e-16
amp0.0_T12.0,0.0,12.0,212,10.600000000000001,0.0,0.8333333340023737,1.0656334487978398,1.0656334487978398,-1.028821976351551e-09,0.007370613369259209,0.007370612340437233,0.05949804751408065,0.17760557408668803,5.639730006803841e-17,10.000000000001059,1.0656334487977623,1.0656334487953973,1.0587086762825493e-12,-7.749356711883593e-14,2.4424342568752762e-12,4.807987310464473e-24,0.0,0.0,0.0,0.0,-1.488562384501075e-14,1.1102230246251565e-15,0.0,0,0,9.094947017729282e-13,2.4980018054066022e-15,2.220446049250313e-16
amp0.0_T12.0,0.0,12.0,213,10.65,0.0,0.8333333339434167,1.0656334487758692,1.0656334487758692,-1.0313435084756873e-09,0.007370613367998443,0.007370612336654934,0.05949804751451798,0.17760557414585293,5.66740862842871e-17,10.000000000001048,1.0656334487757828,1.0656334487730108,1.0480505352461478e-12,-8.637535131583718e-14,2.858323525113644e-12,-3.877409121342317e-25,0.0,0.0,0.0,0.0,-3.930022013155396e-14,8.881784197001252e-16,0.0,0,0,1.3642420526593924e-12,2.55351295663786e-15,2.220446049250313e-16
amp0.0_T12.0,0.0,12.0,214,10.700000000000001,0.0,0.8333333338839909,1.0656334487536125,1.0656334487536125,-1.0336894301815206e-09,0.007370613366825481,0.007370612333136051,0.05949804751396659,0.17760557420546957,5.69322043151212e-17,10.000000000001055,1.065633448753503,1.0656334487505599,1.0551559626037488e-12,-1.0946799022804043e-13,3.0526122963050153e-12,2.0614891828469987e-24,0.0,0.0,0.0,0.0,-1.0388760091493618e-14,1.1102230246251565e-15,0.0,0,0,9.094947017729282e-13,2.4980018054066022e-15,2.220446049250313e-16
amp0.0_T12.0,0.0,12.0,215,10.75,0.0,0.8333333338232762,1.0656334487299954,1.0656334487299954,-1.0358582474553584e-09,0.007370613365741073,0.007370612329882825,0.05949804751215364,0.17760557426623297,5.717135754222376e-17,10.000000000001071,1.0656334487298813,1.0656334487280437,1.071143174158351e-12,-1.141309269314661e-13,1.951714905933483e-12,-1.4411037234322279e-24,0.0,0.0,0.0,0.0,5.3988635511262196e-14,1.1102230246251565e-15,0.0,0,0,9.094947017729282e-13,2.4980018054066022e-15,2.220446049250313e-16
amp0.0_T12.0,0.0,12.0,216,10.8,0.0,0.8333333337633141,1.0656334487076389,1.0656334487076389,-1.0378460051712572e-09,0.007370613364747194,0.007370612326901189,0.05949804750971319,0.1776055743264045,5.739098574721365e-17,10.000000000001034,1.065633448707521,1.0656334487054688,1.0338396805309458e-12,-1.1790568521519162e-13,2.1699845329465838e-12,-2.261821987449685e-24,0.0,0.0,0.0,0.0,-2.5379592526880993e-14,1.1102230246251565e-15,0.0,0,0,9.094947017729282e-13,2.3869795029440866e-15,2.220446049250313e-16
amp0.0_T12.0,0.0,12.0,217,10.850000000000001,0.0,0.8333333337048487,1.0656334486874959,1.0656334486874959,-1.0396548703269361e-09,0.007370613363842761,0.007370612324187891,0.05949804750689426,0.17760557438535002,5.759121395236893e-17,10.000000000001002,1.0656334486873713,1.0656334486828394,1.0018652574217413e-12,-1.2456702336294256e-13,4.656439818668879e-12,4.268381207744334e-24,0.0,0.0,0.0,0.0,1.3800070862711414e-14,1.1102230246251565e-15,0.0,0,0,1.3642420526593924e-12,2.609024107869118e-15,2.220446049250313e-16
amp0.0_T12.0,0.0,12.0,218,10.9,0.0,0.8333333336420834,1.0656334486621584,1.0656334486621584,-1.0412892438841601e-09,0.007370613363025575,0.007370612321736331,0.059498047501866214,0.1776055744480119,5.777242705204051e-17,10.000000000001094,1.0656334486620516,1.0656334486601424,1.0942358130705543e-12,-1.0680345496894006e-13,2.015885195687307e-12,9.919705002100762e-25,0.0,0.0,0.0,0.0,3.552316088442664e-14,1.3322676295501878e-15,0.0,0,0,9.094947017729282e-13,2.220446049250313e-15,2.220446049250313e-16
amp0.0_T12.0,0.0,12.0,219,10.950000000000001,0.0,0.8333333335815198,1.065633448639936,1.065633448639936,-1.0427361385827404e-09,0.007370613362302127,0.007370612319565989,0.05949804749664209,0.1776055745088468,5.793309075581955e-17,10.000000000001055,1.0656334486398489,1.0656334486373957,1.0551559626037488e-12,-8.704148513061227e-14,2.5401323472516025e-12,4.362085261510107e-25,0.0,0.0,0.0,0.0,-4.6789937958089644e-14,1.3322676295501878e-15,0.0,0,0,1.3642420526593924e-12,2.7200464103316335e-15,2.220446049250313e-16
amp0.0_T12.0,0.0,12.0,220,11.0,0.0,0.8333333335189401,1.065633448615478,1.065633448615478,-1.0440020660661549e-09,0.007370613361669164,0.007370612317667098,0.0594980474899114,0.17760557457145748,5.807384277700007e-17,10.000000000001037,1.065633448615392,1.0656334486145904,1.0373923942097463e-12,-8.593126210598712e-14,8.874542120425732e-13,-2.5768614785587483e-24,0.0,0.0,0.0,0.0,-3.099820282476034e-15,1.1102230246251565e-15,0.0,0,0,1.3642420526593924e-12,2.4424906541753444e-15,2.220446049250313e-16
amp0.0_T12.0,0.0,12.0,221,11.05,0.0,0.8333333334602561,1.0656334485962986,1.0656334485962986,-1.0450808873557578e-09,0.007370613361129753,0.007370612316048865,0.05949804748352777,0.17760557463079657,5.819392619418787e-17,10.000000000000938,1.0656334485962193,1.0656334485917425,9.379164112033322e-13,-7.926992395823618e-14,4.556075054530523e-12,3.0405349859859338e-24,0.0,0.0,0.0,0.0,5.514780920254725e-14,1.1102230246251565e-15,0.0,0,0,1.3642420526593924e-12,2.55351295663786e-15,2.220446049250313e-16
amp0.0_T12.0,0.0,12.0,222,11.100000000000001,0.0,0.8333333333974607,1.065633448572198,1.065633448572198,-1.0459841958831653e-09,0.007370613360678099,0.007370612314693903,0.05949804747499421,0.1776055746936967,5.82945687142373e-17,10.000000000001023,1.0656334485721313,1.0656334485688346,1.0231815394945443e-12,-6.683542608243442e-14,3.36347338083566e-12,2.055026834311428e-24,0.0,0.0,0.0,0.0,-1.4634568384869554e-14,1.3322676295501878e-15,0.0,0,0,9.094947017729282e-13,2.4980018054066022e-15,2.220446049250313e-16
amp0.0_T12.0,0.0,12.0,223,11.15,0.0,0.8333333333347946,1.0656334485486132,1.0656334485486132,-1.0466995700913491e-09,0.007370613360320411,0.0073706123136208414,0.059498047465606094,0.17760557475654487,5.837433414679505e-17,10.000000000001044,1.0656334485485375,1.0656334485458774,1.0444978215673473e-12,-7.571721027943568e-14,2.735753202947164e-12,6.638800942850365e-25,0.0,0.0,0.0,0.0,8.513362464542157e-15,1.1102230246251565e-15,0.0,0,0,9.094947017729282e-13,2.4424906541753444e-15,2.220446049250313e-16
amp0.0_T12.0,0.0,12.0,224,11.200000000000001,0.0,0.833333333272374,1.0656334485256742,1.0656334485256742,-1.0472273037030298e-09,0.007370613360056545,0.007370612312829241,0.05949804745539976,0.17760557481923928,5.843321228995496e-17,10.000000000001034,1.0656334485255916,1.0656334485228738,1.0338396805309458e-12,-8.260059303211165e-14,2.8003681241022047e-12,1.1543370071662857e-24,0.0,0.0,0.0,0.0,-2.2496321944911254e-14,1.3322676295501878e-15,0.0,0,0,1.3642420526593924e-12,2.4424906541753444e-15,2.220446049250313e-16
amp0.0_T12.0,0.0,12.0,225,11.25,0.0,0.8333333332094708,1.065633448502459,1.065633448502459,-1.0475680393088413e-09,0.007370613359886177,0.007370612312318138,0.05949804744414677,0.17760557488240186,5.847124322048537e-17,10.000000000001023,1.065633448502372,1.065633448499823,1.0231815394945443e-12,-8.704148513061227e-14,2.635833033821826e-12,-7.431700815906108e-26,0.0,0.0,0.0,0.0,-3.4492482610812886e-15,1.3322676295501878e-15,0.0,0,0,9.094947017729282e-13,2.4980018054066022e-15,2.220446049250313e-16
amp0.0_T12.0,0.0,12.0,226,11.3,0.0,0.8333333331468635,1.0656334484799634,1.0656334484799634,-1.0477202355679342e-09,0.007370613359810078,0.007370612312089843,0.05949804743208838,0.17760557494536894,5.84882344801585e-17,10.000000000001004,1.0656334484798777,1.065633448476728,1.0036416142611415e-12,-8.570921750106208e-14,3.235353450128151e-12,1.4007140450849121e-24,0.0,0.0,0.0,0.0,3.0916625918912543e-14,1.1102230246251565e-15,0.0,0,0,9.094947017729282e-13,2.3314683517128287e-15,2.220446049250313e-16
amp0.0_T12.0,0.0,12.0,227,11.350000000000001,0.0,0.8333333330822787,1.0656334484553216,1.0656334484553216,-1.0476846861670103e-09,0.007370613359827854,0.0073706123121431676,0.05949804741850681,0.17760557501008573,5.848426550626546e-17,10.000000000001014,1.0656334484552188,1.065633448453585,1.014299755297543e-12,-1.028066520802895e-13,1.7365523708531635e-12,9.628899318000088e-25,0.0,0.0,0.0,0.0,-3.075778480630784e-14,1.3322676295501878e-15,0.0,0,0,1.3642420526593924e-12,2.4424906541753444e-15,2.220446049250313e-16
amp0.0_T12.0,0.0,12.0,228,11.4,0.0,0.8333333330195801,1.065633448433395,1.065633448433395,-1.0474553646454852e-09,0.007370613359942514,0.007370612312487149,0.05949804740459731,0.17760557507324498,5.845866575520619e-17,10.000000000000945,1.0656334484333265,1.0656334484304044,9.450218385609332e-13,-6.838973831690964e-14,2.9904382804645665e-12,2.4783106633912978e-24,0.0,0.0,0.0,0.0,3.8500450464508104e-14,1.3322676295501878e-15,0.0,0,0,9.094947017729282e-13,2.4980018054066022e-15,2.220446049250313e-16
amp0.0_T12.0,0.0,12.0,229,11.450000000000001,0.0,0.8333333329566176,1.0656334484115197,1.0656334484115197,-1.0470378325909882e-09,0.00737061336015128,0.007370612313113448,0.059498047389711026,0.17760557513669412,5.841206996985888e-17,10.000000000000941,1.065633448411469,1.065633448407183,9.414691248821327e-13,-5.084821452783217e-14,4.336694766720817e-12,-7.173206874483287e-25,0.0,0.0,0.0,0.0,-4.454279656387975e-14,1.1102230246251565e-15,0.0,0,0,9.094947017729282e-13,2.3869795029440866e-15,2.220446049250313e-16
amp0.0_T12.0,0.0,12.0,230,11.5,0.0,0.8333333328903567,1.0656334483858596,1.0656334483858596,-1.046431204198214e-09,0.007370613360454594,0.00737061231402339,0.05949804737287891,0.17760557520302728,5.834440449525166e-17,10.000000000001,1.0656334483857899,1.0656334483839136,1.000088900582341e-12,-6.972200594645983e-14,1.945940573158479e-12,3.1213143426805654e-24,0.0,0.0,0.0,0.0,4.289876965735457e-15,1.1102230246251565e-15,0.0,0,0,9.094947017729282e-13,2.4424906541753444e-15,2.220446049250313e-16
amp0.0_T12.0,0.0,12.0,231,11.55,0.0,0.8333333328271414,1.0656334483644656,1.0656334483644656,-1.0456254898342417e-09,0.007370613360857452,0.007370612315231962,0.059498047356071435,0.1776055752668259,5.825459290019874e-17,10.00000000000094,1.0656334483643835,1.0656334483606136,9.396927680427325e-13,-8.215650382226158e-14,3.851971551646543e-12,3.412120026781239e-24,0.0,0.0,0.0,0.0,2.4291262205204232e-14,1.3322676295501878e-15,0.0,0,0,9.094947017729282e-13,2.7755575615628914e-15,2.220446049250313e-16
amp0.0_T12.0,0.0,12.0,232,11.600000000000001,0.0,0.8333333327604012,1.0656334483389645,1.0656334483389645,-1.0446297266474893e-09,0.0073706133613553335,0.007370612316725607,0.05949804733723686,0.1776055753336963,5.814369246870168e-17,10.000000000000973,1.0656334483388874,1.065633448337267,9.734435479913373e-13,-7.704947790898586e-14,1.6974728609593956e-12,-2.455692443516801e-25,0.0,0.0,0.0,0.0,-3.689836156412252e-14,1.1102230246251565e-15,0.0,0,0,1.3642420526593924e-12,2.4424906541753444e-15,2.220446049250313e-16
amp0.0_T12.0,0.0,12.0,233,11.65,0.0,0.8333333326979417,1.0656334483193375,1.0656334483193375,-1.0434332450723029e-09,0.007370613361953575,0.007370612318520329,0.059498047318817235,0.17760557539698402,5.801057732700606e-17,10.000000000000895,1.0656334483192609,1.065633448313895,8.952838470577262e-13,-7.66053886991358e-14,5.4424773007401155e-12,2.100263274060422e-24,0.0,0.0,0.0,0.0,2.207645536595316e-14,1.3322676295501878e-15,0.0,0,0,9.094947017729282e-13,2.4424906541753444e-15,2.220446049250313e-16
amp0.0_T12.0,0.0,12.0,234,11.700000000000001,0.0,0.8333333326305122,1.0656334482938186,1.0656334482938186,-1.0420487868102362e-09,0.007370613362645803,0.007370612320597016,0.05949804729792682,0.17760557546458605,5.785673913336398e-17,10.000000000001005,1.0656334482937295,1.0656334482904741,1.0054179711005418e-12,-8.903988657493755e-14,3.3443779826416883e-12,-8.724170523020214e-25,0.0,0.0,0.0,0.0,-1.1946345198584169e-14,1.3322676295501878e-15,0.0,0,0,1.3642420526593924e-12,2.3869795029440866e-15,2.220446049250313e-16
amp0.0_T12.0,0.0,12.0,235,11.75,0.0,0.8333333325618102,1.0656334482671175,1.0656334482671175,-1.0404613477997698e-09,0.007370613363439523,0.007370612322978175,0.05949804727567032,0.17760557553334705,5.768059749811117e-17,10.000000000001007,1.065633448267019,1.0656334482670151,1.007194327939942e-12,-9.85878045867139e-14,1.0230488227294132e-13,3.263486010463117e-24,0.0,0.0,0.0,0.0,-6.6531327388105646e-15,1.3322676295501878e-15,0.0,0,0,9.094947017729282e-13,2.55351295663786e-15,2.220446049250313e-16
amp0.0_T12.0,0.0,12.0,236,11.8,0.0,0.8333333324986102,1.065633448247865,1.065633448247865,-1.0386670089376369e-09,0.007370613364336693,0.007370612325669683,0.05949804725418986,0.1776055755974864,5.748182164991654e-17,10.000000000000846,1.065633448247776,1.0656334482435352,8.455458555545192e-13,-8.903988657493755e-14,4.329812314216461e-12,-1.2924697071141057e-25,0.0,0.0,0.0,0.0,2.821789286945195e-14,1.1102230246251565e-15,0.0,0,0,9.094947017729282e-13,2.55351295663786e-15,2.220446049250313e-16
amp0.0_T12.0,0.0,12.0,237,11.850000000000001,0.0,0.8333333324317294,1.0656334482244314,1.0656334482244314,-1.036682172903708e-09,0.0073706133653291105,0.007370612328646937,0.059498047230645904,0.1776055756648512,5.72623423003422e-17,10.000000000000895,1.065633448224316,1.0656334482200123,8.952838470577262e-13,-1.1546319456101628e-13,4.419074464875673e-12,-1.2084591761516889e-24,0.0,0.0,0.0,0.0,-1.0764532560684076e-14,1.3322676295501878e-15,0.0,0,0,9.094947017729282e-13,2.55351295663786e-15,2.220446049250313e-16
amp0.0_T12.0,0.0,12.0,238,11.9,0.0,0.8333333323632929,1.0656334481994696,1.0656334481994696,-1.03449570194915e-09,0.007370613366422345,0.007370612331926644,0.0594980472056541,0.17760557573361907,5.702105250165083e-17,10.000000000000945,1.065633448199365,1.065633448196452,9.450218385609332e-13,-1.0458300891968975e-13,3.017529159878674e-12,1.0210510686201435e-24,0.0,0.0,0.0,0.0,-8.602770398721177e-15,1.3322676295501878e-15,0.0,0,0,1.3642420526593924e-12,2.6645352591003757e-15,2.220446049250313e-16
amp0.0_T12.0,0.0,12.0,239,11.950000000000001,0.0,0.8333329891270401,1.0656330109443841,1.0656330109443841,-1.0321028283229957e-09,0.0073706133676187825,0.007370612335515954,0.059497937672221876,0.17760586862165256,5.675754552854571e-17,10.000000000000924,1.0656330109442733,1.0656334472853395,9.237055564881302e-13,-1.1080025785759062e-13,-4.3634095542435543e-07,0.0,0.0,0.0,0.0,0.0,3.70446274414719e-14,1.3322676295501878e-15,0.0,0,0,1.3642420526593924e-12,2.609024107869118e-15,2.220446049250313e-16
amp0.0_T12.0,0.0,12.0,240,12.0,0.0,0.8333333333333334,1.0656334480169984,1.0656334480169984,0.0,0.007370613883670197,0.007370613883670197,0.05949804216542284,0.17760557466949967,0.0,9.999999978225857,1.0656334495973774,1.0656334481248324,-2.1774143377228938e-08,1.5803789388257883e-09,-1.0783396398039713e-10,,0.0,0.0,0.0,0.0,,1.3322676295501878e-15,0.0,0,0,0.0,2.609024107869118e-15,2.220446049250313e-16
amp1.0_T12.0,1.0,12.0,0,0.0,0.0,0.8333350997502319,1.0656118054978687,1.0656118054978687,0.00019414761222614365,0.0074676876897832685,0.007661835302009412,0.058524881136605963,0.17759807694725277,2.008321024754149e-06,10.000000002223675,1.0656118065435898,1.0656093629863423,2.2236754659843427e-09,1.0457210652958793e-09,4.341905016140584e-07,-2.9262341349675907e-19,0.0,0.0,0.0,0.0,-1.5233555519453268e-14,0.0,0.0,0,0,9.094947017729282e-13,8.881784197001252e-16,2.220446049250313e-16
amp1.0_T12.0,1.0,12.0,1,0.05,6.155829702431136e-06,0.8333416350043701,1.0656144987080043,1.0656144987080043,0.00019423938678156112,0.007473889406763408,0.007668128793544969,0.058464245228019504,0.17759155984507266,2.0102252410650803e-06,10.000000002339675,1.0656144997528292,1.0656120358674983,2.339675120310858e-09,1.0448248932704018e-09,4.526152649139223e-07,-1.8422966602781032e-19,0.0,0.0,0.0,0.0,-1.4811416321398353e-14,0.0,0.0,0,0,1.3642420526593924e-12,7.771561172376096e-16,2.220446049250313e-16
amp1.0_T12.0,1.0,12.0,2,0.1,2.4471741852423215e-05,0.8333469414041728,1.0656164792543075,1.0656164792543075,0.00019431160146184175,0.0074922414262535405,0.0076865530277153826,0.05828182079193364,0.1775862338338588,2.011723988449802e-06,10.000000004805443,1.0656164802684012,1.0656142043014287,4.805443154509703e-09,1.0140936979041726e-09,2.6322889029488293e-07,-3.346838932838554e-19,0.0,0.0,0.0,0.0,5.0446775120942255e-14,0.0,0.0,0,0,1.3642420526593924e-12,7.771561172376096e-16,2.220446049250313e-16
amp1.0_T12.0,1.0,12.0,3,0.15000000000000002,5.4496737905816076e-05,0.8333519668226582,1.065618269939454,1.065618269939454,0.0001943679330500545,0.00752229458810104,0.0077166625211510945,0.05798231628941995,0.1775811759093006,2.012893951158208e-06,10.000000003035927,1.0656182710227957,1.0656162202655237,3.035927065297983e-09,1.0833416386191175e-09,3.677997920172187e-08,-1.0143219543370247e-19,0.0,0.0,0.0,0.0,-5.0354917785944316e-14,0.0,0.0,0,0,9.094947017729282e-13,4.996003610813204e-16,2.220446049250313e-16
amp1.0_T12.0,1.0,12.0,4,0.2,9.549150281252627e-05,0.83335760311905,1.065620317682626,1.065620317682626,0.00019440921654860496,0.007563309994757026,0.007757719211305631,0.057573319119272826,0.17757551015068826,2.0137529838467017e-06,9.999999998842355,1.0656203186763642,1.065618439760721,-1.1576446468097856e-09,9.937382028368802e-10,-1.3583107875541735e-07,-1.81900325422861e-19,0.0,0.0,0.0,0.0,2.9433090486348165e-14,0.0,0.0,0,0,1.3642420526593924e-12,5.551115123125783e-16,2.220446049250313e-16
amp1.0_T12.0,1.0,12.0,5,0.25,0.00014644660940672625,0.8333645720298898,1.0656228643788068,1.0656228643788068,0.00019443361179972922,0.007614277298976788,0.007808710910776517,0.057065078357978555,0.17756850779728015,2.014263217037866e-06,9.999999998351456,1.0656228653418518,1.0656212136715961,-1.6485444120917236e-09,9.630449770980931e-10,-3.6355600633926727e-07,-5.569241628197025e-20,0.0,0.0,0.0,0.0,-1.4462095698785944e-14,0.0,0.0,0,0,1.3642420526593924e-12,3.3306690738754696e-16,2.220446049250313e-16
amp1.0_T12.0,1.0,12.0,6,0.30000000000000004,0.00020610737385376345,0.8333734913862039,1.0656260485159683,1.0656260485159683,0.00019443711251595984,0.00767393981378194,0.0078683769262979,0.05647027694675612,0.17755953361036253,2.0143417689875936e-06,10.000000001969562,1.065626049700223,1.0656248791975642,1.9695622910376187e-09,1.1842546943086063e-09,-8.450233648836464e-07,2.5792153243893445e-19,0.0,0.0,0.0,0.0,-1.2706721559555077e-14,0.0,0.0,0,0,9.094947017729282e-13,1.1102230246251565e-16,2.220446049250313e-16
amp1.0_T12.0,1.0,12.0,7,0.35000000000000003,0.0002730047501302265,0.8333854113313024,1.065630605254611,1.065630605254611,0.00019441385691360634,0.0077408255622572275,0.007935239419170834,0.05580389442052852,0.17754759109871263,2.0138685596085223e-06,9.999999999829491,1.0656306060854521,1.0656297528508707,-1.7050894030035124e-10,8.308411736379639e-10,-1.1614648193494445e-06,-2.8417955380381776e-19,0.0,0.0,0.0,0.0,4.9877539757750685e-14,0.0,0.0,0,0,9.094947017729282e-13,2.220446049250313e-16,2.220446049250313e-16
amp1.0_T12.0,1.0,12.0,8,0.4,0.0003454915028125263,0.8334006904524426,1.0656364463442365,1.0656364463442365,0.00019435482984815606,0.007813282801406802,0.008007637631254958,0.05508249450911806,0.17753228353276881,2.012656893734774e-06,10.000000002494126,1.065636447458699,1.065636119727555,2.494125794783031e-09,1.1144625222669902e-09,-1.6860402122561764e-06,-1.1096131609031334e-19,0.0,0.0,0.0,0.0,-3.6074109584243895e-14,2.220446049250313e-16,0.0,0,0,9.094947017729282e-13,1.1102230246251565e-16,2.220446049250313e-16
amp1.0_T12.0,1.0,12.0,9,0.45,0.0004217827674798846,0.8334200778878047,1.0656440563819174,1.0656440563819174,0.0001942499359057525,0.007889521619102958,0.008083771555008711,0.054324156679544475,0.1775128934120613,2.010499362351212e-06,10.000000001458904,1.0656440574429005,1.0656442291656048,1.4589041086310317e-09,1.0609830791707964e-09,-2.183283049708948e-06,3.015437292225309e-19,0.0,0.0,0.0,0.0,6.037466618362625e-15,2.220446049250313e-16,0.0,0,0,9.094947017729282e-13,1.1102230246251565e-16,2.220446049250313e-16
amp1.0_T12.0,1.0,12.0,10,0.5,0.0005000000000000001,0.8334440533726477,1.0656536600948303,1.0656536600948303,0.0001940868272102914,0.007967657297275343,0.008161744124485634,0.053547832921371524,0.17748894699149986,2.007142497310896e-06,9.99999999939351,1.0656536610168434,1.0656542869021817,-6.064908575353911e-10,9.220131325093917e-10,-2.633949848666903e-06,-3.2356658585114273e-19,0.0,0.0,0.0,0.0,1.7495850078495627e-14,0.0,0.0,0,0,1.3642420526593924e-12,2.220446049250313e-16,2.220446049250313e-16
amp1.0_T12.0,1.0,12.0,11,0.55,0.0005782172325201156,0.8334729161363305,1.0656653463540353,1.0656653463540353,0.0001938517105059535,0.00804575697144329,0.008239608681949243,0.05277291086323667,0.17746014019840778,2.0023044971403783e-06,9.999999999365125,1.0656653473083944,1.0656664501999717,-6.348752634721677e-10,9.543590362426357e-10,-3.1061504335746895e-06,1.5415999640028266e-19,0.0,0.0,0.0,0.0,1.4333206930366993e-14,2.220446049250313e-16,0.0,0,0,9.094947017729282e-13,1.1102230246251565e-16,2.220446049250313e-16
amp1.0_T12.0,1.0,12.0,12,0.6000000000000001,0.0006545084971874737,0.8335068975358272,1.0656792192411417,1.0656792192411417,0.00019352988795221524,0.00812188732483378,0.008315417212785994,0.0520187737213752,0.1774262437553039,1.9956877511909957e-06,10.000000000458593,1.0656792202810053,1.0656808242624298,4.5859316344376566e-10,1.039863528617957e-09,-3.6007090392890254e-06,9.486769009248164e-20,0.0,0.0,0.0,0.0,-4.447824216140955e-15,2.220446049250313e-16,0.0,0,0,9.094947017729282e-13,1.1102230246251565e-16,2.220446049250313e-16
amp1.0_T12.0,1.0,12.0,13,0.65,0.0007269952498697733,0.8335461250149505,1.0656953564761666,1.0656953564761666,0.0001931059602887099,0.008194162113684324,0.008387268073973034,0.051304314088727,0.17738713465473394,1.9869842977098046e-06,10.000000001112573,1.0656953575434325,1.0656974595778272,1.112573144723683e-09,1.0672658312671501e-09,-4.090085958309709e-06,-3.1170812458958252e-19,0.0,0.0,0.0,0.0,-1.3066696162578051e-14,2.220446049250313e-16,0.0,0,0,1.3642420526593924e-12,3.1086244689504383e-15,2.220446049250313e-16
amp1.0_T12.0,1.0,12.0,14,0.7000000000000001,0.0007938926261462365,0.8335906282603236,1.0657138194099938,1.0657138194099938,0.00019256413822400282,0.008260788578928435,0.008453352717152437,0.0506474720508685,0.17734279125840774,1.975883900317244e-06,10.000000000542817,1.0657138203593137,1.0657163507332879,5.428173466270891e-10,9.49319955978467e-10,-4.5072071944032515e-06,-3.9641141931501256e-19,0.0,0.0,0.0,0.0,1.7818959266555252e-14,2.220446049250313e-16,0.0,0,0,1.3642420526593924e-12,1.1657341758564144e-15,2.220446049250313e-16
amp1.0_T12.0,1.0,12.0,15,0.75,0.0008535533905932737,0.8336402285690766,1.0657345113747587,1.0657345113747587,0.00019188853551214413,0.008320111542019542,0.008512000077531686,0.05006475882826561,0.17729338763663607,1.962081715629114e-06,10.00000000073892,1.0657345123024444,1.0657374363081056,7.389200362695192e-10,9.276857060314114e-10,-4.8870150624886175e-06,-2.676624113323589e-19,0.0,0.0,0.0,0.0,-1.764016246985113e-14,2.220446049250313e-16,0.0,0,0,9.094947017729282e-13,3.3306690738754696e-16,2.220446049250313e-16
amp1.0_T12.0,1.0,12.0,16,0.8,0.0009045084971874736,0.833694643454625,1.0657573085074825,1.0657573085074825,0.0001910637940726705,0.008370654277894006,0.008561718071966677,0.0495708811198559,0.1772392038887508,1.9452934253323224e-06,10.000000001423128,1.0657573094736663,1.0657606006968008,1.4231282818855107e-09,9.661837996333134e-10,-5.237482743603677e-06,-4.54009659728305e-19,0.0,0.0,0.0,0.0,1.3682434905123303e-14,2.220446049250313e-16,0.0,0,0,1.3642420526593924e-12,1.6653345369377348e-16,2.220446049250313e-16
amp1.0_T12.0,1.0,12.0,17,0.8500000000000001,0.000945503262094184,0.8337535284426129,1.0657821071937765,1.0657821071937765,0.00019007539560583203,0.008411154843567296,0.008601230239173129,0.04917839042789916,0.1771805895062054,1.9252637568720258e-06,10.000000001436554,1.0657821081356946,1.065785677104383,1.4365539868776978e-09,9.419180990732912e-10,-5.495174363332195e-06,-6.810144895924575e-19,0.0,0.0,0.0,0.0,2.214907639621396e-14,2.220446049250313e-16,0.0,0,0,9.094947017729282e-13,1.1102230246251565e-16,2.220446049250313e-16
amp1.0_T12.0,1.0,12.0,18,0.9,0.0009755282581475768,0.8338163171361485,1.0658086120062393,1.0658086120062393,0.00018890984797579645,0.008440597065805671,0.008629506913781467,0.04889732108719819,0.17711809859930489,1.9017719017941673e-06,10.000000002363416,1.0658086130426168,1.0658124512580605,2.3634161294694422e-09,1.036377428320634e-09,-5.741023722919157e-06,1.5585406229479126e-19,0.0,0.0,0.0,0.0,2.118068565047475e-15,4.440892098500626e-16,0.0,0,0,9.094947017729282e-13,2.220446049250313e-16,2.220446049250313e-16
amp1.0_T12.0,1.0,12.0,19,0.9500000000000001,0.0009938441702975688,0.8338824880520509,1.0658366661224967,1.0658366661224967,0.0001875553514913391,0.008458235729713435,0.008645791081204774,0.04873502235336523,0.17705226047181977,1.8746473463619423e-06,10.000000001413511,1.0658366670487918,1.065840667365134,1.4135110859569977e-09,9.26295040670766e-10,-5.875889983581291e-06,-2.236166980751353e-19,0.0,0.0,0.0,0.0,-3.3641287387644984e-14,0.0,0.0,0,0,1.3642420526593924e-12,1.6653345369377348e-16,2.220446049250313e-16
amp1.0_T12.0,1.0,12.0,20,1.0,0.001,0.833951357033639,1.0658659736740745,1.0658659736740745,0.00018600166501093218,0.008463614716175663,0.008649616381186595,0.04869590911246466,0.17698375474462877,1.8437679704292275e-06,10.000000000474197,1.0658659745247068,1.0658700338428808,4.741966819210575e-10,8.506322313195369e-10,-5.9039367767039165e-06,-3.7269449679189215e-19,0.0,0.0,0.0,0.0,-3.58293412029264e-15,2.220446049250313e-16,0.0,0,0,9.094947017729282e-13,1.1102230246251565e-16,2.220446049250313e-16
amp1.0_T12.0,1.0,12.0,21,1.05,0.0009938441702975688,0.834022113533433,1.0658961327329997,1.0658961327329997,0.0001842405947425208,0.008456578351339025,0.008640818946081546,0.048781358300973104,0.17691337823319045,1.8090707202077476e-06,10.000000001069132,1.0658961336918211,1.0659002305122118,1.06913233821615e-09,9.58821466667814e-10,-5.906849932383215e-06,-8.131516293641283e-20,0.0,0.0,0.0,0.0,3.9929985248712656e-14,2.220446049250313e-16,0.0,0,0,1.3642420526593924e-12,1.6653345369377348e-16,2.220446049250313e-16
amp1.0_T12.0,1.0,12.0,22,1.1,0.0009755282581475766,0.8340940461583876,1.0659269075925073,1.0659269075925073,0.00018226637443959307,0.00843727532903757,0.008619541703477163,0.04898973979906411,0.1768418497700198,1.7705595554394877e-06,10.000000000583299,1.0659269085040886,1.0659309169608209,5.832987426401814e-10,9.115812549254088e-10,-5.779927869012835e-06,6.098637220230962e-20,0.0,0.0,0.0,0.0,6.555103275506305e-16,2.220446049250313e-16,0.0,0,0,9.094947017729282e-13,2.220446049250313e-16,2.220446049250313e-16
amp1.0_T12.0,1.0,12.0,23,1.1500000000000001,0.0009455032620941839,0.8341662448868209,1.0659578321960308,1.0659578321960308,0.0001800753691516503,0.008406154830340205,0.008586230199491856,0.04931635801019678,0.17677006180725482,1.7282981169918612e-06,10.000000001645102,1.0659578331944595,1.0659617400170778,1.645101832536966e-09,9.984286730713166e-10,-5.636119163969706e-06,4.0657581468206416e-20,0.0,0.0,0.0,0.0,-4.983505470269878e-14,2.220446049250313e-16,0.0,0,0,9.094947017729282e-13,2.220446049250313e-16,2.220446049250313e-16
amp1.0_T12.0,1.0,12.0,24,1.2000000000000002,0.0009045084971874736,0.8342379434103775,1.065988630299623,1.065988630299623,0.00017766667217576355,0.008363955716945553,0.008541622389121315,0.04975366722654491,0.1766987852392716,1.6824203487437528e-06,10.000000001387633,1.0659886312353157,1.0659923431630602,1.3876331195206149e-09,9.35692634485008e-10,-5.395283785887918e-06,-2.507217523872729e-19,0.0,0.0,0.0,0.0,4.256262632921712e-14,2.220446049250313e-16,0.0,0,0,1.3642420526593924e-12,4.440892098500626e-16,2.220446049250313e-16
amp1.0_T12.0,1.0,12.0,25,1.25,0.0008535533905932737,0.8343083087517316,1.0660189294741131,1.0660189294741131,0.00017504167528071906,0.00831168811190383,0.008486729787184549,0.05029138640299351,0.17662884620818992,1.6331190444992754e-06,10.000000001157629,1.0660189303506598,1.0660223745904287,1.157628659598231e-09,8.765466130711275e-10,-5.07823536005838e-06,-2.981555974335137e-19,0.0,0.0,0.0,0.0,-1.6673743616813126e-14,2.220446049250313e-16,0.0,0,0,9.094947017729282e-13,3.3306690738754696e-16,2.220446049250313e-16
amp1.0_T12.0,1.0,12.0,26,1.3,0.0007938926261462367,0.8343765211289003,1.066048346438397,1.066048346438397,0.00017220426986316482,0.008250608644748015,0.00842281291461118,0.0509167701509928,0.17656105513547385,1.580646436815266e-06,10.000000001583839,1.0660483473171278,1.0660514958714078,1.5838388378597301e-09,8.78730865849775e-10,-4.730079447644749e-06,-4.0657581468206416e-19,0.0,0.0,0.0,0.0,-8.398473973561527e-15,2.220446049250313e-16,0.0,0,0,9.094947017729282e-13,1.5543122344752192e-15,2.220446049250313e-16
amp1.0_T12.0,1.0,12.0,27,1.35,0.0007269952498697734,0.8344418920984147,1.0660766212378905,1.0660766212378905,0.0001691608086113957,0.008182189537845667,0.008351350346457063,0.051614953563687865,0.1764961029809231,1.5253093370530005e-06,10.000000001441787,1.0660766220828568,1.0660793904079884,1.4417871341265709e-09,8.449663191356649e-10,-4.294479434946792e-06,-1.0842021724855044e-19,0.0,0.0,0.0,0.0,4.042756628324772e-14,4.440892098500626e-16,0.0,0,0,9.094947017729282e-13,1.8318679906315083e-15,2.220446049250313e-16
amp1.0_T12.0,1.0,12.0,28,1.4000000000000001,0.0006545084971874737,0.834503661872348,1.0661033436089213,1.0661033436089213,0.00016591971272045746,0.008108082237217899,0.008274001949938357,0.05236924925422086,0.17643473197626122,1.4674566611149838e-06,10.000000002779966,1.066103344572078,1.0661057705239845,2.7799664792382828e-09,9.631566655343704e-10,-3.8943717242511765e-06,-6.369687763352339e-19,0.0,0.0,0.0,0.0,-1.2937035747144152e-14,2.220446049250313e-16,0.0,0,0,9.094947017729282e-13,1.1102230246251565e-16,2.220446049250313e-16
amp1.0_T12.0,1.0,12.0,29,1.4500000000000002,0.000578217232520115,0.8345613530399021,1.06612839028394,1.06612839028394,0.00016249168695977367,0.008030076959670198,0.008192568646629973,0.05316166318974069,0.1763774308956982,1.4074786239974255e-06,10.000000002042023,1.066128391150943,1.0661303853044866,2.0420234392304337e-09,8.670029139068447e-10,-3.4024991705387517e-06,-6.776263578034403e-20,0.0,0.0,0.0,0.0,-1.5327227199024226e-14,4.440892098500626e-16,0.0,0,0,9.094947017729282e-13,1.6653345369377348e-16,2.220446049250313e-16
amp1.0_T12.0,1.0,12.0,30,1.5,0.0005000000000000001,0.8346143777273056,1.0661514116804094,1.0661514116804094,0.0001588888736835474,0.00795005832051197,0.008108947194195517,0.05397321134829028,0.1763247688721178,1.3457855583142573e-06,10.000000002574144,1.0661514126408833,1.066153025637236,2.5741435649706546e-09,9.604739226176662e-10,-2.959742384943605e-06,-2.168404344971009e-19,0.0,0.0,0.0,0.0,2.77754470085715e-14,2.220446049250313e-16,0.0,0,0,1.3642420526593924e-12,1.1102230246251565e-16,2.220446049250313e-16
amp1.0_T12.0,1.0,12.0,31,1.55,0.0004217827674798847,0.8346624622516452,1.0661723641116598,1.0661723641116598,0.0001551251849384724,0.007869959243619318,0.00802508442855779,0.05478451515592117,0.1762770306884113,1.2828091529907532e-06,10.000000001302228,1.0661723649474952,1.0661735303614859,1.3022276590390902e-09,8.358354008919378e-10,-2.449058979036382e-06,1.8973538018496328e-19,0.0,0.0,0.0,0.0,-3.7919112091272e-14,2.220446049250313e-16,0.0,0,0,9.094947017729282e-13,1.1102230246251565e-16,2.220446049250313e-16
amp1.0_T12.0,1.0,12.0,32,1.6,0.00034549150281252644,0.8347052604331977,1.0661910085378148,1.0661910085378148,0.00015121536077600616,0.007791713066870726,0.007942928427646732,0.05557615584925629,0.17623454610399517,1.2189807292113893e-06,10.000000001585105,1.066191009401042,1.0661917891920085,1.5851053802862225e-09,8.632272674446995e-10,-1.999634922944133e-06,-5.692061405548898e-19,0.0,0.0,0.0,0.0,2.6968740876419503e-14,0.0,0.0,0,0,9.094947017729282e-13,2.220446049250313e-16,2.220446049250313e-16
amp1.0_T12.0,1.0,12.0,33,1.6500000000000001,0.00027300475013022663,0.8347427247310604,1.0662073793491802,1.0662073793491802,0.00014717518715680114,0.007717206227378824,0.007864381414535625,0.05632926567115644,0.17619737165173127,1.154731150980252e-06,10.000000000954369,1.066207380160277,1.0662077463700352,9.543690282498574e-10,8.110967453234252e-10,-1.5217520060212857e-06,-1.4907779871675686e-19,0.0,0.0,0.0,0.0,-3.230255477912488e-14,2.220446049250313e-16,0.0,0,0,9.094947017729282e-13,1.1102230246251565e-16,2.220446049250313e-16
amp1.0_T12.0,1.0,12.0,34,1.7000000000000002,0.00020610737385376316,0.8347747686316269,1.0662213513586316,1.0662213513586316,0.00014302060055719853,0.0076482315578025595,0.007791252158359758,0.05702588670554973,0.17616557899599,1.0904721393022112e-06,10.000000001997478,1.0662213522821324,1.0662214011915871,1.9974777387687936e-09,9.235008313623894e-10,-1.1403050948420526e-06,-1.8973538018496328e-19,0.0,0.0,0.0,0.0,4.253599730742134e-14,2.220446049250313e-16,0.0,0,0,1.3642420526593924e-12,3.3306690738754696e-16,2.220446049250313e-16
amp1.0_T12.0,1.0,12.0,35,1.75,0.00014644660940672634,0.8348016216461873,1.0662330931079769,1.0662330931079769,0.00013876780496259648,0.007586444395558221,0.007725212200520817,0.057649523321323184,0.17613895133253277,1.0265960748122555e-06,10.000000001634833,1.0662330939904479,1.0662328089795217,1.6348327136483931e-09,8.824709851751322e-10,-7.424676196042784e-07,-5.149960319306146e-19,0.0,0.0,0.0,0.0,-7.846898400287261e-15,4.440892098500626e-16,0.0,0,0,9.094947017729282e-13,3.3306690738754696e-16,2.220446049250313e-16
amp1.0_T12.0,1.0,12.0,36,1.8,9.549150281252634e-05,0.8348234387512931,1.0662425718822357,1.0662425718822357,0.0001344323239265159,0.007533321548445981,0.007667753872372497,0.05818542807580279,0.1761173180210465,9.63459438433698e-07,10.000000002915966,1.0662425728619547,1.0662420787893612,2.9159661352196053e-09,9.797189726157285e-10,-4.7036656390200043e-07,-2.439454888092385e-19,0.0,0.0,0.0,0.0,-3.6866355169920366e-15,4.440892098500626e-16,0.0,0,0,1.3642420526593924e-12,6.106226635438361e-16,2.220446049250313e-16
amp1.0_T12.0,1.0,12.0,37,1.85,5.449673790581613e-05,0.8348407018917944,1.06625007175069,1.06625007175069,0.0001300292238346001,0.007490125233493313,0.007620154457327913,0.05862109140894518,0.17610021207173274,9.013864350645536e-07,10.000000002263794,1.0662500726426294,1.0662493718229307,2.2637944852021974e-09,8.919394112183454e-10,-2.0145867575783595e-07,2.0328790734103208e-19,0.0,0.0,0.0,0.0,-8.669407943773537e-15,4.440892098500626e-16,0.0,0,0,1.3642420526593924e-12,7.771561172376096e-16,2.220446049250313e-16
amp1.0_T12.0,1.0,12.0,38,1.9000000000000001,2.447174185242325e-05,0.8348538305052396,1.0662557050508112,1.0662557050508112,0.00012557213277113437,0.0074578716919081875,0.007583443824679322,0.05894643202987833,0.17608720473585782,8.406552186507615e-07,10.000000002591465,1.0662557059564708,1.0662548965428988,2.5914648205116464e-09,9.056595473566631e-10,-3.21473062531457e-08,-4.0657581468206416e-20,0.0,0.0,0.0,0.0,4.02755608210279e-14,4.440892098500626e-16,0.0,0,0,9.094947017729282e-13,1.0547118733938987e-15,2.220446049250313e-16
amp1.0_T12.0,1.0,12.0,39,1.9500000000000002,6.155829702431086e-06,0.8348634493315786,1.066259764906459,1.066259764906459,0.00012107342732180111,0.007437306427033528,0.007558379854355329,0.05915413151165738,0.17607767819008568,7.815030887870304e-07,10.000000002325077,1.0662597657506943,1.0662589042822375,2.3250770198046666e-09,8.442353482962517e-10,7.91211326566983e-08,-1.6263032587282567e-19,0.0,0.0,0.0,0.0,-2.2693258642408117e-14,2.220446049250313e-16,0.0,0,0,9.094947017729282e-13,1.3877787807814457e-15,2.220446049250313e-16
amp1.0_T12.0,1.0,12.0,40,2.0,1.4997597826618577e-35,0.8348702171309876,1.0662625191301138,1.0662625191301138,0.00011654361604072622,0.0074288856916905595,0.007545429307731286,0.05923976621281321,0.17607097414435005,7.241209718250897e-07,10.000000002188283,1.066262519941039,1.0662616826685847,2.188283332316132e-09,8.109251048438182e-10,1.1234055732719837e-07,-1.2197274440461925e-19,0.0,0.0,0.0,0.0,-9.870423053586343e-15,4.440892098500626e-16,0.0,0,0,9.094947017729282e-13,1.6653345369377348e-15,2.220446049250313e-16
amp1.0_T12.0,1.0,12.0,41,2.0500000000000003,0.0,0.8348756665176942,1.0662646780539475,1.0662646780539475,0.00011199123645578378,0.007426609501898089,0.007538600738353872,0.05926367004720372,0.17606557562282896,6.686565544841707e-07,10.000000002054609,1.0662646788583952,1.0662638916430662,2.0546089274375845e-09,8.044476196289452e-10,1.1775432681965216e-07,-2.0328790734103208e-19,0.0,0.0,0.0,0.0,3.213294066660194e-14,2.220446049250313e-16,0.0,0,0,9.094947017729282e-13,1.5543122344752192e-15,2.220446049250313e-16
amp1.0_T12.0,1.0,12.0,42,2.1,0.0,0.8348809395437279,1.066266755569951,1.066266755569951,0.00010742023252092923,0.007424323999930662,0.007531744232451591,0.05928762860486585,0.17606034968719309,6.151882747581524e-07,10.000000002434925,1.0662667564355195,1.0662660388175422,2.4349251503963387e-09,8.65568505759029e-10,1.0156413399997324e-07,-1.7618285302889447e-19,0.0,0.0,0.0,0.0,-2.7917742826237828e-14,4.440892098500626e-16,0.0,0,0,1.3642420526593924e-12,1.609823385706477e-15,2.220446049250313e-16
amp1.0_T12.0,1.0,12.0,43,2.15,0.0,0.8348860714172048,1.066268796710396,1.066268796710396,0.00010283112400600614,0.0074220294456732,0.007524860569679206,0.05931165055731191,0.1760552662009918,5.637491114764596e-07,10.000000002231793,1.0662687975452556,1.0662681239877645,2.231793416740402e-09,8.348595148532922e-10,1.0897352012410453e-07,2.710505431213761e-20,0.0,0.0,0.0,0.0,-3.750600480553366e-15,2.220446049250313e-16,0.0,0,0,1.3642420526593924e-12,1.4988010832439613e-15,2.220446049250313e-16
amp1.0_T12.0,1.0,12.0,44,2.2,0.0,0.834891032136179,1.0662707632415407,1.0662707632415407,9.822432531639475e-05,0.007419726046328394,0.0075179503716447885,0.05933572424562024,0.1760503508121992,5.1436998030233e-07,10.00000000259835,1.0662707640915807,1.0662701467910014,2.5983499796211618e-09,8.500400383582019e-10,1.0208055897905789e-07,-2.439454888092385e-19,0.0,0.0,0.0,0.0,2.969174046712174e-14,4.440892098500626e-16,0.0,0,0,9.094947017729282e-13,1.609823385706477e-15,2.220446049250313e-16
amp1.0_T12.0,1.0,12.0,45,2.25,0.0,0.8348958342474713,1.066272671269699,1.066272671269699,9.360034107051608e-05,0.007417414054205455,0.007511014395275971,0.0593598511701947,0.1760455927726889,4.670820151007848e-07,10.000000002802409,1.0662726721374993,1.0662721069802124,2.8024089715472655e-09,8.678002760831305e-10,9.72074715922855e-08,-2.710505431213761e-19,0.0,0.0,0.0,0.0,-1.5481588206930804e-14,4.440892098500626e-16,0.0,0,0,9.094947017729282e-13,1.5543122344752192e-15,2.220446049250313e-16
amp1.0_T12.0,1.0,12.0,46,2.3000000000000003,0.0,0.8349004713755298,1.0662745127881228,1.0662745127881228,8.895963849863763e-05,0.007415093702919516,0.007504053341418153,0.05938402697218241,0.17604099753052238,4.2191508332271803e-07,10.000000002925248,1.0662745136754583,1.0662740042679957,2.9252475997054717e-09,8.873355383798298e-10,8.660504379549912e-08,-9.486769009248164e-20,0.0,0.0,0.0,0.0,-1.330629674294479e-14,4.440892098500626e-16,0.0,0,0,9.094947017729282e-13,1.6653345369377348e-15,2.220446049250313e-16
amp1.0_T12.0,1.0,12.0,47,2.35,0.0,0.8349049579295535,1.0662763063063923,1.0662763063063923,8.430270419129763e-05,0.007412765235765845,0.007497067939957143,0.059408253841044256,0.1760365527499711,3.7889840297939467e-07,10.000000002662153,1.0662763071547294,1.0662758384277864,2.66215316457874e-09,8.483371782830318e-10,8.898020287933453e-08,-5.421010862427522e-20,0.0,0.0,0.0,0.0,1.3401065700759357e-14,4.440892098500626e-16,0.0,0,0,1.3642420526593924e-12,1.7208456881689926e-15,2.220446049250313e-16
amp1.0_T12.0,1.0,12.0,48,2.4000000000000004,0.0,0.8349092760257676,1.0662780291177607,1.0662780291177607,7.962998175473275e-05,0.007410428874547563,0.0074900588563022955,0.05943252385445817,0.17603227372493863,3.380599301082186e-07,10.00000000264037,1.0662780299394594,1.0662776091572015,2.6403697006571747e-09,8.216987090747807e-10,8.190062910878446e-08,-1.3552527156068805e-20,0.0,0.0,0.0,0.0,1.7567052885651685e-14,4.440892098500626e-16,0.0,0,0,9.094947017729282e-13,2.1094237467877974e-15,2.220446049250313e-16
amp1.0_T12.0,1.0,12.0,49,2.45,0.0,0.8349134384932874,1.0662796977304256,1.0662796977304256,7.494196866830746e-05,0.00740808486800435,0.007483026836672658,0.059456838644110416,0.17602814947547055,2.99427262297628e-07,10.000000002371081,1.0662796984831857,1.0662793162390756,2.3710811092314543e-09,7.527600764944964e-10,8.206408776786018e-08,-1.3552527156068805e-20,0.0,0.0,0.0,0.0,1.944782829395986e-14,4.440892098500626e-16,0.0,0,0,1.3642420526593924e-12,1.887379141862766e-15,2.220446049250313e-16
amp1.0_T12.0,1.0,12.0,50,2.5,0.0,0.8349174514358109,1.0662813199705437,1.0662813199705437,7.023912417277963e-05,0.0074057334457565864,0.007475972569929366,0.05948119786994692,0.17602417476033758,2.6302678738092187e-07,10.000000002197222,1.066281320684355,1.0662809594466567,2.197221959931994e-09,7.138114543892016e-10,9.749709958546883e-08,-2.0328790734103208e-19,0.0,0.0,0.0,0.0,-2.0007142148482004e-14,4.440892098500626e-16,0.0,0,0,1.3642420526593924e-12,2.0539125955565396e-15,2.220446049250313e-16
amp1.0_T12.0,1.0,12.0,51,2.5500000000000003,0.0,0.8349212785519685,1.066282849713572,1.066282849713572,6.552188942743353e-05,0.0074033748283839134,0.007468896717811347,0.05950558774329465,0.1760203806487755,2.288839044474547e-07,10.000000002865534,1.0662828504886526,1.0662825384499675,2.865533588192193e-09,7.750806663153753e-10,8.237969999921075e-08,-1.7618285302889447e-19,0.0,0.0,0.0,0.0,-5.01485957007071e-14,4.440892098500626e-16,0.0,0,0,9.094947017729282e-13,2.0539125955565396e-15,2.220446049250313e-16
amp1.0_T12.0,1.0,12.0,52,2.6,0.0,0.8349249653722229,1.066284345202892,1.066284345202892,6.07908147162418e-05,0.007401009291028317,0.007461800105744559,0.05953002008903703,0.17601672818349964,1.970239243150236e-07,10.000000002839503,1.0662843459738118,1.0662840531355982,2.8395028550676216e-09,7.709197724636851e-10,9.504336959049441e-08,0.0,0.0,0.0,0.0,0.0,1.4123984710197497e-14,4.440892098500626e-16,0.0,0,0,1.3642420526593924e-12,1.887379141862766e-15,2.220446049250313e-16
amp1.0_T12.0,1.0,12.0,53,2.6500000000000004,0.0,0.8349284668292752,1.0662857490979936,1.0662857490979936,5.604631400693122e-05,0.007398637040673662,0.007454683354680593,0.05955447844770734,0.17601325593143055,1.6747027002424817e-07,10.0000000034876,1.0662857499333978,1.0662855031652723,3.4875995424954453e-09,8.354041902691733e-10,7.846245127466557e-08,-1.0842021724855044e-19,0.0,0.0,0.0,0.0,2.247228447537018e-14,2.220446049250313e-16,0.0,0,0,9.094947017729282e-13,2.0539125955565396e-15,2.220446049250313e-16
amp1.0_T12.0,1.0,12.0,54,2.7,0.0,0.834931825363176,1.0662871157381233,1.0662871157381233,5.128893667610907e-05,0.007396258352008251,0.00744754728868436,0.05957897366558762,0.17600992758730938,1.4024634653939297e-07,10.000000003338272,1.0662871165146546,1.0662868884310281,3.3382718811481027e-09,7.765312837193505e-10,8.706074860700771e-08,-6.776263578034403e-20,0.0,0.0,0.0,0.0,2.7684455764762127e-14,4.440892098500626e-16,0.0,0,0,9.094947017729282e-13,2.1094237467877974e-15,2.220446049250313e-16
amp1.0_T12.0,1.0,12.0,55,2.75,0.0,0.834935005558517,1.0662883999742545,1.0662883999742545,4.651910505491922e-05,0.007393873436197657,0.007440392541252575,0.05960349231194639,0.17600677344091653,1.1537385156989815e-07,10.000000003628982,1.0662884007937747,1.0662882086326557,3.6289815597001507e-09,8.195202294558612e-10,7.596774721763294e-08,-6.776263578034403e-20,0.0,0.0,0.0,0.0,-2.8262919340155796e-14,4.440892098500626e-16,0.0,0,0,1.3642420526593924e-12,1.942890293094024e-15,2.220446049250313e-16
amp1.0_T12.0,1.0,12.0,56,2.8000000000000003,0.0,0.834938026009436,1.0662896257852328,1.0662896257852328,4.17373479318959e-05,0.007391482557636144,0.00743321990556804,0.059628037719757915,0.17600377760361272,9.287415761614474e-08,10.000000003366882,1.0662896265742414,1.0662894636140918,3.366881884403483e-09,7.890086362039028e-10,6.929698334436504e-08,-9.486769009248164e-20,0.0,0.0,0.0,0.0,2.2005071901334784e-14,4.440892098500626e-16,0.0,0,0,1.3642420526593924e-12,2.4424906541753444e-15,2.220446049250313e-16
amp1.0_T12.0,1.0,12.0,57,2.85,0.0,0.8349409039530742,1.0662908151807318,1.0662908151807318,3.694413857755393e-05,0.007389085952958974,0.007426030091536528,0.059652613035989344,0.17600092530948727,7.276738393686094e-08,10.000000002756291,1.0662908159273723,1.0662906532239917,2.7562911952827562e-09,7.466405271827625e-10,8.918935608220374e-08,-1.3552527156068805e-20,0.0,0.0,0.0,0.0,-5.567742041067206e-14,4.440892098500626e-16,0.0,0,0,9.094947017729282e-13,2.3869795029440866e-15,2.220446049250313e-16
amp1.0_T12.0,1.0,12.0,58,2.9000000000000004,0.0,0.8349435900859491,1.066291905493556,1.066291905493556,3.2139898787620255e-05,0.0073866838330640065,0.007418823731851627,0.0596772004172165,0.17599825876863637,5.5072542440425514e-08,10.000000003109065,1.0662919062553087,1.0662917771458305,3.1090650054466096e-09,7.617526609493552e-10,7.327518311827182e-08,-1.3552527156068805e-20,0.0,0.0,0.0,0.0,5.426541775814856e-14,4.440892098500626e-16,0.0,0,0,9.094947017729282e-13,2.4424906541753444e-15,2.220446049250313e-16
amp1.0_T12.0,1.0,12.0,59,2.95,0.0,0.8349461305596653,1.0662929557225713,1.0662929557225713,2.7325198479166892e-05,0.00738427648290978,0.007411601681388947,0.05970181178444062,0.17599573849072198,3.980825996443872e-08,10.00000000262795,1.0662929564223262,1.0662928353134937,2.627949413636088e-09,6.997549206744225e-10,8.060081763303327e-08,-1.3552527156068805e-20,0.0,0.0,0.0,0.0,1.0197150554638401e-14,4.440892098500626e-16,0.0,0,0,9.094947017729282e-13,2.3869795029440866e-15,2.220446049250313e-16
amp1.0_T12.0,1.0,12.0,60,3.0,0.0,0.834948521124704,1.0662939604607498,1.0662939604607498,2.2500469399410784e-05,0.007381864118369902,0.0074043645877693125,0.059726443621936964,0.17599336809815108,2.6991692050862584e-08,10.000000002457167,1.0662939611503675,1.0662938275406872,2.4571669143824693e-09,6.896176962811751e-10,1.0592837046133587e-07,-2.710505431213761e-20,0.0,0.0,0.0,0.0,7.438400032573167e-15,4.440892098500626e-16,0.0,0,0,9.094947017729282e-13,2.4980018054066022e-15,2.220446049250313e-16
amp1.0_T12.0,1.0,12.0,61,3.0500000000000003,0.0,0.8349507035862769,1.066294845749496,1.066294845749496,1.7666156259998694e-05,0.007379446961800196,0.007397113118060195,0.05975107513534239,0.1759911974213718,1.6639161970103502e-08,10.0000000034849,1.0662948465218383,1.0662947535066234,3.484899480099557e-09,7.723421902028349e-10,7.560371070340567e-08,2.710505431213761e-20,0.0,0.0,0.0,0.0,-2.551863105863198e-14,4.440892098500626e-16,0.0,0,0,9.094947017729282e-13,2.4424906541753444e-15,2.220446049250313e-16
amp1.0_T12.0,1.0,12.0,62,3.1,0.0,0.834952771308545,1.0662957307591645,1.0662957307591645,1.2822878579298176e-05,0.007377025322959846,0.007389848201539144,0.0597757330851767,0.1759891465609815,8.766348557137603e-09,10.000000002925853,1.0662957314643773,1.0662956132864139,2.925853337387707e-09,7.052127770634797e-10,1.0870640208097697e-07,1.3552527156068805e-20,0.0,0.0,0.0,0.0,-3.091524144294795e-14,4.440892098500626e-16,0.0,0,0,9.094947017729282e-13,2.4424906541753444e-15,2.220446049250313e-16
amp1.0_T12.0,1.0,12.0,63,3.1500000000000004,0.0,0.8349546332521381,1.0662964994253255,1.0662964994253255,7.970976092953087e-06,0.007374599371716673,0.007382570347809626,0.05980038667518997,0.17598729342217886,3.3874352374991e-09,10.000000003927827,1.0662965002527185,1.0662964064905402,3.927826952576652e-09,8.273930429680831e-10,8.954734996328315e-08,0.0,0.0,0.0,0.0,0.0,6.746562494793873e-14,4.440892098500626e-16,0.0,0,0,1.3642420526593924e-12,2.55351295663786e-15,2.220446049250313e-16
amp1.0_T12.0,1.0,12.0,64,3.2,0.0,0.8349563440389234,1.0662972217066573,1.0662972217066573,3.1110618245852394e-06,0.0073721694145824895,0.007375280476407075,0.05982505033843287,0.1759855912955865,5.160188486226428e-10,10.00000000387887,1.0662972225100424,1.0662971331067412,3.878870558082781e-09,8.033851361943789e-10,8.80838972218416e-08,1.3552527156068805e-20,0.0,0.0,0.0,0.0,-4.473771334062549e-14,4.440892098500626e-16,0.0,0,0,9.094947017729282e-13,2.886579864025407e-15,2.220446049250313e-16
amp1.0_T12.0,1.0,12.0,65,3.25,0.0,0.8349579016626307,1.0662978950441664,1.0662978950441664,-1.7564147612725016e-06,0.0073697356762895605,0.007367979261528288,0.059849721186107985,0.17598404188633313,1.6447606716925278e-10,10.000000003645505,1.0662978957896958,1.066297792987322,3.645505231020252e-09,7.455294159797177e-10,1.0189236824169283e-07,1.3552527156068805e-20,0.0,0.0,0.0,0.0,3.021103032082022e-14,4.440892098500626e-16,0.0,0,0,9.094947017729282e-13,2.942091015256665e-15,2.220446049250313e-16
amp1.0_T12.0,1.0,12.0,66,3.3000000000000003,0.0,0.8349592710394973,1.0662984747866002,1.0662984747866002,-6.630997956545218e-06,0.007367298384691924,0.0073606673867353785,0.05987438573583288,0.17598267522398836,2.3442643356709997e-09,10.000000003977897,1.0662984755548088,1.0662983859045472,3.977897122808827e-09,7.682086078375505e-10,8.653778871523836e-08,1.3552527156068805e-20,0.0,0.0,0.0,0.0,1.3589147778510398e-14,4.440892098500626e-16,0.0,0,0,9.094947017729282e-13,2.942091015256665e-15,2.220446049250313e-16
amp1.0_T12.0,1.0,12.0,67,3.35,0.0,0.834960500852216,1.0662990231625584,1.0662990231625584,-1.151212657401527e-05,0.007364857820383189,0.007353345693809174,0.059899056761873876,0.17598144965873977,7.0657802679592504e-09,10.00000000341334,1.0662990238500973,1.0662989118522703,3.4133407211811573e-09,6.875389146898669e-10,1.0424450782989524e-07,0.0,0.0,0.0,0.0,0.0,-5.4892321665488044e-15,4.440892098500626e-16,0.0,0,0,9.094947017729282e-13,2.7755575615628914e-15,2.220446049250313e-16
amp1.0_T12.0,1.0,12.0,68,3.4000000000000004,0.0,0.8349615494430237,1.066299487070155,1.066299487070155,-1.6399385193950043e-05,0.007362414191073222,0.007346014805879272,0.059923718873427484,0.1759804008372365,1.4338520391775609e-08,10.000000003587498,1.0662994877585172,1.0662993706002935,3.5874982984296366e-09,6.88362256084929e-10,1.0213134114124392e-07,-1.3552527156068805e-20,0.0,0.0,0.0,0.0,2.111304964612002e-14,4.440892098500626e-16,0.0,0,0,9.094947017729282e-13,2.831068712794149e-15,2.220446049250313e-16
amp1.0_T12.0,1.0,12.0,69,3.45,0.0,0.8349624379986685,1.0662998936485326,1.0662998936485326,-2.1292233215618003e-05,0.007359967767062388,0.00733867553384677,0.05994837615515107,0.17597951063918973,2.4170843087089448e-08,10.0000000035045,1.066299894326487,1.06629976208455,3.5044998014654993e-09,6.77954359318278e-10,1.0739313951008205e-07,-2.710505431213761e-20,0.0,0.0,0.0,0.0,-5.5137603348771576e-14,4.440892098500626e-16,0.0,0,0,1.3642420526593924e-12,3.0531133177191805e-15,2.220446049250313e-16
amp1.0_T12.0,1.0,12.0,70,3.5,0.0,0.8349631582632091,1.0663002324532325,1.0663002324532325,-2.6190193328231318e-05,0.007357518787006081,0.00733132859367785,0.05997302359183093,0.17597878613712276,3.657016474187503e-08,10.000000003522135,1.0663002331266052,1.066300086173189,3.522135472167065e-09,6.733726909402549e-10,1.0970987866967574e-07,1.3552527156068805e-20,0.0,0.0,0.0,0.0,1.320136211921375e-14,4.440892098500626e-16,0.0,0,0,9.094947017729282e-13,3.0531133177191805e-15,2.220446049250313e-16
amp1.0_T12.0,1.0,12.0,71,3.5500000000000003,0.0,0.8349637181341704,1.0663005136024084,1.0663005136024084,-3.1092763214522634e-05,0.007355067502062935,0.007323974738848413,0.05999766120224699,0.17597822057373583,5.1542830191332017e-08,10.000000003484162,1.0663005142794475,1.0663003427821223,3.484162292011206e-09,6.77039091456777e-10,1.1927745594701918e-07,1.3552527156068805e-20,0.0,0.0,0.0,0.0,2.209436759694199e-14,4.440892098500626e-16,0.0,0,0,1.3642420526593924e-12,3.164135620181696e-15,2.220446049250313e-16
amp1.0_T12.0,1.0,12.0,72,3.6,0.0,0.8349640997545901,1.0663007144222612,1.0663007144222612,-3.599946399864087e-05,0.007352614151670876,0.007316614687672235,0.06002228089608015,0.17597782924277283,6.9094228770804e-08,10.000000003743368,1.0663007151275514,1.0663005317676815,3.74336828201649e-09,7.052902706305986e-10,1.1356035091266821e-07,1.3552527156068805e-19,0.0,0.0,0.0,0.0,1.0958065238628883e-17,4.440892098500626e-16,0.0,0,0,1.3642420526593924e-12,3.552713678800501e-15,2.220446049250313e-16
amp1.0_T12.0,1.0,12.0,73,3.6500000000000004,0.0,0.8349643376793663,1.0663008790160284,1.0663008790160284,-4.090976299441029e-05,0.007350159002172991,0.007309249239178581,0.060046891060451704,0.1759775825729623,8.922852183726308e-08,10.000000003528863,1.066300879696103,1.0663006531275458,3.5288625355178738e-09,6.800746632507071e-10,1.3665996074838246e-07,2.710505431213761e-20,0.0,0.0,0.0,0.0,-1.420092706554371e-14,4.440892098500626e-16,0.0,0,0,9.094947017729282e-13,3.497202527569243e-15,2.220446049250313e-16
amp1.0_T12.0,1.0,12.0,74,3.7,0.0,0.8349643746490114,1.0663009344387568,1.0663009344387568,-4.5823230914006244e-05,0.007347702268213193,0.007301879037299187,0.06007147125456502,0.17597752957818855,1.119492552241553e-07,10.00000000426769,1.0663009351748085,1.0663007066303396,4.267690201231744e-09,7.360516640630976e-10,1.158591620171933e-07,1.0842021724855044e-19,0.0,0.0,0.0,0.0,1.3146345635223688e-14,4.440892098500626e-16,0.0,0,0,9.094947017729282e-13,3.3861802251067274e-15,2.220446049250313e-16
amp1.0_T12.0,1.0,12.0,75,3.75,0.0,0.8349642833721198,1.0663009734760494,1.0663009734760494,-5.073926647649736e-05,0.007345244250431948,0.00729450498395545,0.06009604172229399,0.1759776080404641,1.3725816197197814e-07,10.000000003763585,1.0663009741227352,1.0663006923842326,3.763584999205705e-09,6.466858160081301e-10,1.4383365473978672e-07,1.4907779871675686e-19,0.0,0.0,0.0,0.0,-1.3945011942398584e-14,4.440892098500626e-16,0.0,0,0,9.094947017729282e-13,3.3861802251067274e-15,2.220446049250313e-16
amp1.0_T12.0,1.0,12.0,76,3.8000000000000003,0.0,0.8349639876081272,1.0663008988378928,1.0663008988378928,-5.5657486226094915e-05,0.007342785140557149,0.007287127654331055,0.060120576167001075,0.17597788319708735,1.6515698825693218e-07,10.000000004436405,1.0663008995590808,1.0663006101232484,4.436405021124301e-09,7.21187998209416e-10,1.2355765615722421e-07,-2.710505431213761e-20,0.0,0.0,0.0,0.0,-1.5194348905423708e-14,4.440892098500626e-16,0.0,0,0,1.3642420526593924e-12,3.7192471324942744e-15,2.220446049250313e-16
amp1.0_T12.0,1.0,12.0,77,3.85,0.0,0.8349635573196068,1.0663007998745386,1.0663007998745386,-6.057727779358939e-05,0.007340325244773402,0.007279747966979813,0.06014509390766401,0.17597829519332983,1.9564522183421145e-07,10.00000000387617,1.0663008005333194,1.0663004599614299,3.8761704956868925e-09,6.587808076830015e-10,1.442678869369168e-07,4.0657581468206416e-20,0.0,0.0,0.0,0.0,8.541238412205924e-15,4.440892098500626e-16,0.0,0,0,9.094947017729282e-13,3.608224830031759e-15,2.220446049250313e-16
amp1.0_T12.0,1.0,12.0,78,3.9000000000000004,0.0,0.834962942567296,1.066300612848827,1.066300612848827,-6.54982383913065e-05,0.007337864764474543,0.007272366526083237,0.06016957696008972,0.17597888676075257,2.2872250683017158e-07,10.000000004114693,1.0663006135134452,1.0663002417141074,4.1146925866542006e-09,6.646181383018757e-10,1.4241221279318451e-07,1.8973538018496328e-19,0.0,0.0,0.0,0.0,-1.3552234929702003e-15,4.440892098500626e-16,0.0,0,0,9.094947017729282e-13,3.552713678800501e-15,2.220446049250313e-16
amp1.0_T12.0,1.0,12.0,79,3.95,0.0,0.834962170773198,1.0663003727520475,1.0663003727520475,-7.041981521238995e-05,0.007335403976064002,0.007264984160851612,0.06019403132875793,0.17597963443619605,2.643865316419264e-07,10.000000004020535,1.066300373401745,1.066299955399558,4.020535016024951e-09,6.496976290293333e-10,1.5296595781491946e-07,2.439454888092385e-19,0.0,0.0,0.0,0.0,-1.3472293230689563e-14,4.440892098500626e-16,0.0,0,0,9.094947017729282e-13,3.6637359812630166e-15,2.220446049250313e-16
amp1.0_T12.0,1.0,12.0,80,4.0,0.0,0.834961228898492,1.0663000629742687,1.0663000629742687,-7.534153743959005e-05,0.007332943114950401,0.0072576015775108116,0.06021845049382621,0.1759805493842617,3.026344722406165e-07,10.000000004204217,1.0663000636045645,1.066299600940276,4.204217418646294e-09,6.302958155401939e-10,1.593995203802862e-07,-1.0842021724855044e-19,0.0,0.0,0.0,0.0,4.613262837398755e-14,4.440892098500626e-16,0.0,0,0,9.094947017729282e-13,3.608224830031759e-15,2.220446049250313e-16
amp1.0_T12.0,1.0,12.0,81,4.05,0.0,0.8349601058830181,1.0662996693749478,1.0662996693749478,-8.026289490378574e-05,0.007330482436218304,0.007250219541314518,0.060242828364466997,0.17598164106843722,3.4346217698927576e-07,10.00000000445235,1.066299670040104,1.0662991782691154,4.452349600114758e-09,6.65156152379609e-10,1.476436554559953e-07,1.2197274440461925e-19,0.0,0.0,0.0,0.0,-1.6920587228851395e-14,4.440892098500626e-16,0.0,0,0,9.094947017729282e-13,3.774758283725532e-15,2.220446049250313e-16
amp1.0_T12.0,1.0,12.0,82,4.1000000000000005,0.0,0.8349588445305277,1.0662992465539418,1.0662992465539418,-8.518334400029169e-05,0.007328022211670051,0.0072428388676697595,0.06026717590726721,0.17598287286334896,3.8686414134092197e-07,10.000000003851582,1.0662992471532744,1.0662986874651006,3.851582164315914e-09,5.99332583561818e-10,1.7222469988232112e-07,-2.710505431213761e-20,0.0,0.0,0.0,0.0,-6.800735206913527e-15,4.440892098500626e-16,0.0,0,0,9.094947017729282e-13,3.7192471324942744e-15,2.220446049250313e-16
amp1.0_T12.0,1.0,12.0,83,4.15,0.0,0.8349573952027822,1.0662987311629328,1.0662987311629328,-9.010246926387485e-05,0.00732556264903826,0.007235460179774385,0.060291475171592515,0.17598428724818718,4.328349115396346e-07,10.000000004203923,1.066298731752058,1.066298128377186,4.203922543410954e-09,5.891251930734143e-10,1.699508353330348e-07,1.3552527156068805e-20,0.0,0.0,0.0,0.0,5.518853713395587e-14,4.440892098500626e-16,0.0,0,0,1.3642420526593924e-12,3.774758283725532e-15,2.220446049250313e-16
amp1.0_T12.0,1.0,12.0,84,4.2,0.0,0.8349557826587336,1.0662981547295256,1.0662981547295256,-9.501970610685336e-05,0.00732310403061677,0.007228084324509916,0.06031573124329548,0.17598586303308852,4.813666825865701e-07,10.000000004164274,1.06629815530679,1.0662975010495968,4.16427425875554e-09,5.772644584567388e-10,1.7231324626599842e-07,1.3552527156068805e-20,0.0,0.0,0.0,0.0,-5.979900035805736e-14,4.440892098500626e-16,0.0,0,0,9.094947017729282e-13,3.497202527569243e-15,2.220446049250313e-16
amp1.0_T12.0,1.0,12.0,85,4.25,0.0,0.8349540157795678,1.0662975285116651,1.0662975285116651,-9.993456393610748e-05,0.007320646601702143,0.007220712037766036,0.06033994449997501,0.17598759261377261,5.324512494116122e-07,10.000000003956636,1.0662975290699301,1.066296805494641,3.956635907798045e-09,5.582649897917236e-10,1.9056577483953688e-07,-5.421010862427522e-20,0.0,0.0,0.0,0.0,2.2733449720480623e-14,4.440892098500626e-16,0.0,0,0,9.094947017729282e-13,3.7192471324942744e-15,2.220446049250313e-16
amp1.0_T12.0,1.0,12.0,86,4.3,0.0,0.8349520691435157,1.0662968200195282,1.0662968200195282,-0.00010484657855677897,0.007318190594391808,0.007213344015835029,0.060364104485550324,0.17598949774341954,5.860796525991074e-07,10.000000004366655,1.066296820637822,1.0662960416425866,4.366654593468411e-09,6.182938605547861e-10,1.9229728896901888e-07,-5.421010862427522e-20,0.0,0.0,0.0,0.0,-1.0554750077277275e-14,4.440892098500626e-16,0.0,0,0,1.3642420526593924e-12,3.7192471324942744e-15,2.220446049250313e-16
amp1.0_T12.0,1.0,12.0,87,4.3500000000000005,0.0,0.8349499558109358,1.066296045946097,1.066296045946097,-0.00010975520927660441,0.007315736279031895,0.00720598106975529,0.060388212676291436,0.1759915672609384,6.422410893686856e-07,10.00000000456603,1.0662960465659932,1.0662952095282068,4.566029332409016e-09,6.198961344239251e-10,1.9417680091330734e-07,1.8973538018496328e-19,0.0,0.0,0.0,0.0,2.6027370905214176e-14,4.440892098500626e-16,0.0,0,0,9.094947017729282e-13,3.608224830031759e-15,2.220446049250313e-16
amp1.0_T12.0,1.0,12.0,88,4.4,0.0,0.8349476834164282,1.066295215899231,1.066295215899231,-0.00011465995431404994,0.007313283906513172,0.007198623952199122,0.06041226898783074,0.17599379462204603,7.009241018427949e-07,10.00000000455325,1.0662952164938424,1.0662943091800872,4.553250221306371e-09,5.946114711719019e-10,2.057950419244812e-07,-1.2197274440461925e-19,0.0,0.0,0.0,0.0,-8.63018449496415e-15,4.440892098500626e-16,0.0,0,0,9.094947017729282e-13,3.6637359812630166e-15,2.220446049250313e-16
amp1.0_T12.0,1.0,12.0,89,4.45,0.0,0.8349452355060853,1.066294308775293,1.066294308775293,-0.00011956033454049153,0.007310833716399951,0.00719127338185946,0.060436265749878315,0.17599619389965251,7.621164550305999e-07,10.000000004806651,1.0662943094004713,1.0662933405714154,4.806651077160495e-09,6.251783535304867e-10,2.0608742248546077e-07,6.776263578034403e-20,0.0,0.0,0.0,0.0,-2.5103429272173316e-14,4.440892098500626e-16,0.0,0,0,9.094947017729282e-13,3.552713678800501e-15,2.220446049250313e-16
amp1.0_T12.0,1.0,12.0,90,4.5,0.0,0.8349426227505051,1.0662933381549091,1.0662933381549091,-0.0001244558212260177,0.0073083859730571875,0.00718393015183117,0.06046020372649577,0.17599875597017706,8.258042810162374e-07,10.000000004756618,1.066293338771265,1.0662923037511813,4.756618210421948e-09,6.163558552430004e-10,2.0859944676805698e-07,6.2341624917916505e-19,0.0,0.0,0.0,0.0,2.6815195720059808e-14,4.440892098500626e-16,0.0,0,0,1.3642420526593924e-12,3.4416913763379853e-15,2.220446049250313e-16
amp1.0_T12.0,1.0,12.0,91,4.55,0.0,0.834939852395743,1.0662923131139717,1.0662923131139717,-0.00012934591738814595,0.007305940924976124,0.007176595007587978,0.06048408272855299,0.1760014746188254,8.919730514617008e-07,10.000000004506035,1.0662923137225637,1.0662911987670722,4.506034656515112e-09,6.085920656317967e-10,2.2237384796065742e-07,1.2197274440461925e-19,0.0,0.0,0.0,0.0,-7.113948191413025e-15,4.440892098500626e-16,0.0,0,0,9.094947017729282e-13,3.4416913763379853e-15,2.220446049250313e-16
amp1.0_T12.0,1.0,12.0,92,4.6000000000000005,0.0,0.8349369099523781,1.066291215104878,1.066291215104878,-0.00013423014753406883,0.007303498809903162,0.007169268662369093,0.06050789573832337,0.17600436224835017,9.60607494417138e-07,10.000000004610627,1.0662912157041868,1.0662900256175307,4.610626547218999e-09,5.99308824789091e-10,2.2887985286905095e-07,2.574980159653073e-19,0.0,0.0,0.0,0.0,7.211892093411697e-15,4.440892098500626e-16,0.0,0,0,9.094947017729282e-13,3.552713678800501e-15,2.220446049250313e-16
amp1.0_T12.0,1.0,12.0,93,4.65,0.0,0.8349337965650211,1.0662900454793673,1.0662900454793673,-0.00013910799246497012,0.007301059887437711,0.0071619518949727415,0.06053164051235946,0.176007417877067,1.031690723145271e-06,10.00000000470162,1.0662900460522355,1.0662887843467859,4.701620426317277e-09,5.728681973238281e-10,2.2944185833070568e-07,-8.131516293641283e-20,0.0,0.0,0.0,0.0,2.2249853941058554e-14,4.440892098500626e-16,0.0,0,0,1.3642420526593924e-12,3.3306690738754696e-15,2.220446049250313e-16
amp1.0_T12.0,1.0,12.0,94,4.7,0.0,0.8349305241845594,1.0662888193239872,1.0662888193239872,-0.00014397893615626577,0.0072986244155920635,0.007154645479435798,0.060555318271626093,0.17601063126883013,1.1052048454986078e-06,10.000000004475751,1.0662888198422948,1.0662874750340614,4.475751325117017e-09,5.183076190462543e-10,2.3908508032120045e-07,5.963111948670274e-19,0.0,0.0,0.0,0.0,-5.716605879261486e-14,4.440892098500626e-16,0.0,0,0,1.3642420526593924e-12,2.7200464103316335e-15,2.220446049250313e-16
amp1.0_T12.0,1.0,12.0,95,4.75,0.0,0.8349270854532737,1.0662875270651133,1.0662875270651133,-0.0001488424981780219,0.007296192634581186,0.007147350136403164,0.06057892423833619,0.17601400870600678,1.1811314527778233e-06,10.000000004379162,1.0662875275699726,1.066286097716045,4.379161921974628e-09,5.048592655043649e-10,2.4821761543818927e-07,1.7618285302889447e-19,0.0,0.0,0.0,0.0,3.454286862142775e-14,4.440892098500626e-16,0.0,0,0,9.094947017729282e-13,2.609024107869118e-15,2.220446049250313e-16
amp1.0_T12.0,1.0,12.0,96,4.800000000000001,0.0,0.8349234809302424,1.066286169307511,1.066286169307511,-0.00015369817578693174,0.007293764795776731,0.0071400666199897996,0.060602456064132795,0.1760175497107109,1.2594507992310855e-06,10.000000004382073,1.0662861697964705,1.06628465245592,4.382073370834405e-09,4.889595395241031e-10,2.5740079176803873e-07,5.149960319306146e-19,0.0,0.0,0.0,0.0,-4.6948223905162747e-14,4.440892098500626e-16,0.0,0,0,9.094947017729282e-13,2.7200464103316335e-15,2.220446049250313e-16
amp1.0_T12.0,1.0,12.0,97,4.8500000000000005,0.0,0.8349197146432538,1.0662847509978004,1.0662847509978004,-0.0001585454676655522,0.007291341149837421,0.007132795682171868,0.06062591250635624,0.1760212508241181,1.3401421459380091e-06,10.000000004481254,1.0662847514872134,1.0662831393324326,4.481254478605479e-09,4.8941295460736e-10,2.715232218908537e-07,-2.0328790734103208e-19,0.0,0.0,0.0,0.0,3.3971062513241264e-14,4.440892098500626e-16,0.0,0,0,9.094947017729282e-13,2.55351295663786e-15,2.220446049250313e-16
amp1.0_T12.0,1.0,12.0,98,4.9,0.0,0.8349157681401372,1.0662832484633589,1.0662832484633589,-0.00016338388432914617,0.007288921941505624,0.007125538057176478,0.06064928520180565,0.1760251278337049,1.4231839078799348e-06,10.000000004918217,1.0662832489933183,1.0662815583728924,4.9182169448158675e-09,5.299594096896953e-10,2.6690655858635264e-07,4.0657581468206416e-20,0.0,0.0,0.0,0.0,3.3064756953195187e-16,4.440892098500626e-16,0.0,0,0,9.094947017729282e-13,2.7200464103316335e-15,2.220446049250313e-16
amp1.0_T12.0,1.0,12.0,99,4.95,0.0,0.8349116797943806,1.0662817104407123,1.0662817104407123,-0.00016821288069172234,0.007286507443324336,0.007118294562632613,0.060672583666468716,0.17602914789002072,1.508552611111636e-06,10.000000004753872,1.0662817109658367,1.0662799097573001,4.753871962748235e-09,5.251243884174528e-10,2.9213080104480926e-07,5.55653613398821e-19,0.0,0.0,0.0,0.0,-8.631286484828528e-15,4.440892098500626e-16,0.0,0,0,9.094947017729282e-13,2.55351295663786e-15,2.220446049250313e-16
amp1.0_T12.0,1.0,12.0,100,5.0,0.0,0.8349073957745381,1.066280068099989,1.066280068099989,-0.00017303202651520997,0.007284097870412592,0.007111065843897381,0.060695788519422936,0.17603335705068576,1.5962256443546484e-06,10.000000005470145,1.0662800687149545,1.0662781934360912,5.4701452256722405e-09,6.149654119269599e-10,2.7843825353927614e-07,4.743384504624082e-19,0.0,0.0,0.0,0.0,2.7817409867811425e-14,4.440892098500626e-16,0.0,0,0,9.094947017729282e-13,2.4424906541753444e-15,2.220446049250313e-16
amp1.0_T12.0,1.0,12.0,101,5.050000000000001,0.0,0.8349029681270972,1.0662783877171549,1.0662783877171549,-0.00017784072985208173,0.007281693518744156,0.007103852788892074,0.06071891342578267,0.17603771078566072,1.6861766658003434e-06,10.000000005123367,1.0662783882737672,1.0662764096366482,5.123366619841363e-09,5.566123117972666e-10,2.9190384092564424e-07,1.6263032587282567e-19,0.0,0.0,0.0,0.0,1.820750789077914e-15,4.440892098500626e-16,0.0,0,0,1.3642420526593924e-12,2.55351295663786e-15,2.220446049250313e-16
amp1.0_T12.0,1.0,12.0,102,5.1000000000000005,0.0,0.8348983745447804,1.0662766405078932,1.0662766405078932,-0.00018263855459829922,0.0072792946063710475,0.007096656051772748,0.06074194903255589,0.17604222815173262,1.7783810513332437e-06,10.00000000505796,1.0662766410452802,1.066274558404445,5.057959384657806e-09,5.373870237690426e-10,3.037223967645392e-07,-4.0657581468206416e-20,0.0,0.0,0.0,0.0,-2.972429803133403e-14,4.440892098500626e-16,0.0,0,0,1.3642420526593924e-12,1.887379141862766e-15,2.220446049250313e-16
amp1.0_T12.0,1.0,12.0,103,5.15,0.0,0.8348936094993774,1.0662748192365386,1.0662748192365386,-0.00018742499750993958,0.007276901384915227,0.0070894763874052875,0.0607648910334512,0.1760469138738418,1.8728120068514693e-06,10.000000005188124,1.0662748197788778,1.0662726398328215,5.188123708421699e-09,5.423392845926855e-10,3.065917101993625e-07,1.6263032587282567e-19,0.0,0.0,0.0,0.0,5.176066404136116e-15,4.440892098500626e-16,0.0,0,0,1.3642420526593924e-12,1.887379141862766e-15,2.220446049250313e-16
amp1.0_T12.0,1.0,12.0,104,5.2,0.0,0.8348886825911395,1.0662729359247969,1.0662729359247969,-0.00019219953850682666,0.0072745141144167835,0.007082314575909957,0.060787739869358204,0.1760517597265183,1.9694414383947376e-06,10.000000005063193,1.0662729364652548,1.0662706540605904,5.0631925319066795e-09,5.404579006551558e-10,3.124227680822869e-07,8.131516293641283e-20,0.0,0.0,0.0,0.0,1.171044325987914e-14,4.440892098500626e-16,0.0,0,0,9.094947017729282e-13,1.7763568394002505e-15,2.220446049250313e-16
amp1.0_T12.0,1.0,12.0,105,5.25,0.0,0.834883600274843,1.0662709985666485,1.0662709985666485,-0.00019696168604949835,0.007272133040645447,0.007075171354595949,0.06081049511634186,0.17605676017384075,2.0682408322618177e-06,10.000000004825711,1.0662709990812862,1.0662686012259215,4.82571138604726e-09,5.146376658160534e-10,3.290998947831876e-07,1.8973538018496328e-19,0.0,0.0,0.0,0.0,-1.0550588551467855e-14,6.661338147750939e-16,0.0,0,0,9.094947017729282e-13,1.5543122344752192e-15,2.220446049250313e-16
amp1.0_T12.0,1.0,12.0,106,5.300000000000001,0.0,0.834878343883914,1.066268983108482,1.066268983108482,-0.00020171096771705194,0.007269758399811671,0.007068047432094619,0.060833148414742466,0.1760619311750147,2.169181072725196e-06,10.000000005011216,1.0662689836281876,1.066266481408596,5.011216330785828e-09,5.197056118788623e-10,3.325188131898914e-07,4.0657581468206416e-19,0.0,0.0,0.0,0.0,4.968028971301592e-15,4.440892098500626e-16,0.0,0,0,9.094947017729282e-13,1.5543122344752192e-15,2.220446049250313e-16
amp1.0_T12.0,1.0,12.0,107,5.3500000000000005,0.0,0.8348729259329762,1.066266905254667,1.066266905254667,-0.0002064468548526524,0.00726739045624387,0.007060943601391218,0.060855701089880795,0.1760672620082277,2.2722309758798625e-06,10.000000004954604,1.0662669057784144,1.0662642947742031,4.954603838314142e-09,5.237474898223127e-10,3.3824948791400027e-07,1.3552527156068805e-19,0.0,0.0,0.0,0.0,-2.849348149664018e-14,4.440892098500626e-16,0.0,0,0,9.094947017729282e-13,1.5543122344752192e-15,2.220446049250313e-16
amp1.0_T12.0,1.0,12.0,108,5.4,0.0,0.8348673536071599,1.0662647738948876,1.0662647738948876,-0.00021116885607900732,0.007265029455630693,0.0070538605995516855,0.060878152947617295,0.17607274650955043,2.3773591756116553e-06,10.00000000476646,1.0662647744107747,1.0662620414823336,4.766459227312225e-09,5.158871108079666e-10,3.5505337838459983e-07,4.472333961502706e-19,0.0,0.0,0.0,0.0,3.3359233145384946e-14,6.661338147750939e-16,0.0,0,0,9.094947017729282e-13,1.5543122344752192e-15,2.220446049250313e-16
amp1.0_T12.0,1.0,12.0,109,5.45,0.0,0.8348616140199704,1.0662625723345374,1.0662625723345374,-0.00021587650132852643,0.007262675633005934,0.007046799131677407,0.06090049748618524,0.17607839569242958,2.4845338104293734e-06,10.000000004994341,1.0662625728536985,1.066259721647393,4.994340940811526e-09,5.191611585075862e-10,3.661533339107404e-07,1.0842021724855044e-19,0.0,0.0,0.0,0.0,2.5231999662083217e-14,4.440892098500626e-16,0.0,0,0,9.094947017729282e-13,1.3322676295501878e-15,2.220446049250313e-16
amp1.0_T12.0,1.0,12.0,110,5.5,0.0,0.8348556925771461,1.0662602817013724,1.0662602817013724,-0.00022056928163910174,0.007260329242850646,0.007039759961211544,0.06092272746358887,0.17608422203285795,2.5937212123026797e-06,10.000000005349676,1.0662602822559217,1.0662573353845204,5.349676257537794e-09,5.545492953729081e-10,3.5259563974558993e-07,2.710505431213761e-20,0.0,0.0,0.0,0.0,-4.9096967768395036e-15,4.440892098500626e-16,0.0,0,0,9.094947017729282e-13,1.3322676295501878e-15,2.220446049250313e-16
amp1.0_T12.0,1.0,12.0,111,5.550000000000001,0.0,0.8348496575527724,1.0662579887451489,1.0662579887451489,-0.00022524664401135945,0.007257990561664517,0.007032743917653158,0.06094486189837413,0.17609016709238792,2.704885965527559e-06,10.000000004598764,1.0662579892084247,1.0662548830296559,4.598764036245484e-09,4.6327586211702965e-10,4.008295274738672e-07,1.4907779871675686e-19,0.0,0.0,0.0,0.0,-8.181910624717296e-15,6.661338147750939e-16,0.0,0,0,1.3642420526593924e-12,3.3306690738754696e-16,2.220446049250313e-16
amp1.0_T12.0,1.0,12.0,112,5.6000000000000005,0.0,0.8348433979427848,1.0662555515812793,1.0662555515812793,-0.00022990823999168223,0.007255659763674356,0.007025751523682674,0.060966863526877454,0.17609632582773416,2.8179960716002078e-06,10.000000005815973,1.0662555521505706,1.066252364465258,5.815973480594039e-09,5.692912807830908e-10,3.6911994971906177e-07,4.336808689942018e-19,0.0,0.0,0.0,0.0,-2.272791473074723e-14,4.440892098500626e-16,0.0,0,0,1.3642420526593924e-12,4.440892098500626e-16,2.220446049250313e-16
amp1.0_T12.0,1.0,12.0,113,5.65,0.0,0.8348370372501259,1.0662531274835554,1.0662531274835554,-0.00023455338794003245,0.007253337189700181,0.0070187838017601485,0.06098876838905601,0.17610259256515642,2.9330113467465003e-06,10.000000005015384,1.066253127945006,1.0662497801793869,5.015383663931061e-09,4.614506554645459e-10,4.1429282176408947e-07,3.1170812458958252e-19,0.0,0.0,0.0,0.0,3.359719900510304e-14,6.661338147750939e-16,0.0,0,0,1.3642420526593924e-12,2.220446049250313e-16,2.220446049250313e-16
amp1.0_T12.0,1.0,12.0,114,5.7,0.0,0.834830461729058,1.0662505709748085,1.0662505709748085,-0.0002391817763843801,0.007251022995478007,0.0070118412190936265,0.06101053851808558,0.17610906459005435,3.0498989830699095e-06,10.000000006021171,1.0662505715199566,1.0662471300616418,6.021171117254198e-09,5.451481488449872e-10,3.910141835491878e-07,4.336808689942018e-19,0.0,0.0,0.0,0.0,-2.955031592872078e-14,6.661338147750939e-16,0.0,0,0,9.094947017729282e-13,3.3306690738754696e-16,2.220446049250313e-16
amp1.0_T12.0,1.0,12.0,115,5.75,0.0,0.8348237636548543,1.066247999505221,1.066247999505221,-0.00024379275245974601,0.007248717507440324,0.007004924754980578,0.06103220011605792,0.1761156629513239,3.1686174892621426e-06,10.000000005420784,1.0662479999830028,1.0662444145325924,5.420783821818986e-09,4.77781814112177e-10,4.163551392720462e-07,1.4907779871675686e-19,0.0,0.0,0.0,0.0,2.576737393029623e-14,6.661338147750939e-16,0.0,0,0,9.094947017729282e-13,5.551115123125783e-16,2.220446049250313e-16
amp1.0_T12.0,1.0,12.0,116,5.800000000000001,0.0,0.8348168848910014,1.066245338543358,1.066245338543358,-0.00024838593980053877,0.007246420913769928,0.006998034973969389,0.0610537326701483,0.1761224373600733,3.2891309674550314e-06,10.000000005630532,1.0662453390117355,1.0662416336372935,5.630532484701689e-09,4.683775589597872e-10,4.1577509692841945e-07,1.6263032587282567e-19,0.0,0.0,0.0,0.0,3.683656925633017e-15,6.661338147750939e-16,0.0,0,0,9.094947017729282e-13,1.1102230246251565e-15,2.220446049250313e-16
amp1.0_T12.0,1.0,12.0,117,5.8500000000000005,0.0,0.8348098595055226,1.0662426311773496,1.0662426311773496,-0.000252960787443443,0.007244133489948475,0.006991172702505032,0.061075144270309537,0.17612935864687224,3.4113985154087873e-06,10.00000000535531,1.0662426316214484,1.0662387876608221,5.355310861432372e-09,4.440987577680744e-10,4.321180120820328e-07,3.5236570605778894e-19,0.0,0.0,0.0,0.0,-9.12098206614113e-15,4.440892098500626e-16,0.0,0,0,1.3642420526593924e-12,1.1102230246251565e-15,2.220446049250313e-16
amp1.0_T12.0,1.0,12.0,118,5.9,0.0,0.8348026716980194,1.0662398569032758,1.0662398569032758,-0.0002575168463537323,0.00724185546049333,0.006984338614139598,0.06109642757713195,0.1761364403086386,3.535380868754731e-06,10.000000005435062,1.0662398573525662,1.066235876768455,5.4350621780940855e-09,4.4929038267582655e-10,4.447539520809702e-07,1.7618285302889447e-19,0.0,0.0,0.0,0.0,-1.9579579186707584e-14,4.440892098500626e-16,0.0,0,0,1.3642420526593924e-12,1.2212453270876722e-15,2.220446049250313e-16
amp1.0_T12.0,1.0,12.0,119,5.95,0.0,0.8347953078684793,1.0662369980676292,1.0662369980676292,-0.0002620536198709671,0.007239587073734713,0.006977533453863746,0.06111757572204732,0.17614369396832835,3.6610366710888397e-06,10.000000005682194,1.0662369985408744,1.0662329011358544,5.6821942706619666e-09,4.732452207889537e-10,4.358951036330839e-07,5.421010862427522e-19,0.0,0.0,0.0,0.0,1.4361881854367748e-14,4.440892098500626e-16,0.0,0,0,9.094947017729282e-13,1.7763568394002505e-15,2.220446049250313e-16
amp1.0_T12.0,1.0,12.0,120,6.0,0.0,0.8347878185887908,1.0662341187840085,1.0662341187840085,-0.00026657057028634044,0.007237328598527027,0.006970758028240686,0.06113860213342637,0.1761510763365272,3.7883228371558625e-06,10.000000005021073,1.0662341191786011,1.0662298611106835,5.02107333488766e-09,3.945925808324091e-10,4.6935048785850365e-07,7.995991022080595e-19,0.0,0.0,0.0,0.0,3.078051026477531e-16,4.440892098500626e-16,0.0,0,0,1.3642420526593924e-12,1.5543122344752192e-15,2.220446049250313e-16
amp1.0_T12.0,1.0,12.0,121,6.050000000000001,0.0,0.8347801412159177,1.0662311387077745,1.0662311387077745,-0.0002710673113378559,0.0072350802280012685,0.006964012916663413,0.06115948480088003,0.1761586409692434,3.9171992463802614e-06,10.000000005555686,1.0662311391681387,1.0662267567571575,5.5556856892735595e-09,4.603641912126477e-10,4.647513706470245e-07,4.743384504624082e-19,0.0,0.0,0.0,0.0,2.043519522469553e-14,4.440892098500626e-16,0.0,0,0,1.3642420526593924e-12,2.3314683517128287e-15,2.220446049250313e-16
amp1.0_T12.0,1.0,12.0,122,6.1000000000000005,0.0,0.83477231443805,1.0662281069181812,1.0662281069181812,-0.0002755432686412778,0.007232842249349558,0.00695729898070828,0.06118023318615301,0.17616635476709863,4.047620091766865e-06,10.000000005388994,1.066228107367396,1.0662235884032258,5.3889941398210794e-09,4.4921488751015204e-10,4.7089486354266237e-07,9.486769009248164e-20,0.0,0.0,0.0,0.0,-3.005327424604237e-15,4.440892098500626e-16,0.0,0,0,1.3642420526593924e-12,1.887379141862766e-15,2.220446049250313e-16
amp1.0_T12.0,1.0,12.0,123,6.15,0.0,0.8347643495176638,1.0662250373273103,1.0662250373273103,-0.0002799979835897483,0.0072306148918753225,0.006950616908285574,0.061200848539843616,0.17617420806138337,4.1795419480211314e-06,10.000000005050591,1.0662250377173732,1.0662203563156663,5.050591056487974e-09,3.9006287089193847e-10,5.014696960598365e-07,7.860465750519907e-19,0.0,0.0,0.0,0.0,-2.041485499901664e-14,4.440892098500626e-16,0.0,0,0,9.094947017729282e-13,2.7755575615628914e-15,2.220446049250313e-16
amp1.0_T12.0,1.0,12.0,124,6.2,0.0,0.8347561950388954,1.0662218638980374,1.0662218638980374,-0.0002844310311345343,0.00722839836810293,0.006943967336968396,0.06122131224519141,0.1761822448018705,4.312921362159182e-06,10.000000005754469,1.066221864387208,1.0662170606051413,5.7544689013866446e-09,4.891704818987819e-10,4.903715339347538e-07,1.2197274440461925e-19,0.0,0.0,0.0,0.0,1.565265376334842e-14,4.440892098500626e-16,0.0,0,0,9.094947017729282e-13,2.55351295663786e-15,2.220446049250313e-16
amp1.0_T12.0,1.0,12.0,125,6.25,0.0,0.834747914498387,1.0662186673421625,1.0662186673421625,-0.00028884183176678774,0.007226192967786803,0.006937351136020015,0.061241641666599914,0.17619041066899505,4.447710047874158e-06,10.000000005423647,1.066218667785287,1.06621370168265,5.4236473090440995e-09,4.4312442604166336e-10,5.179494645939213e-07,1.2468324983583301e-18,0.0,0.0,0.0,0.0,2.1915461215350318e-14,6.661338147750939e-16,0.0,0,0,9.094947017729282e-13,3.3306690738754696e-15,2.220446049250313e-16
amp1.0_T12.0,1.0,12.0,126,6.300000000000001,0.0,0.8347394518547695,1.0662153756662294,1.0662153756662294,-0.00029322999617783206,0.007223998885581281,0.006930768889403449,0.06126181688060048,0.1761987535593586,4.583864115336111e-06,10.000000005979334,1.0662153761758708,1.0662102796605968,5.9793343609726435e-09,5.096414401606353e-10,5.12141517251608e-07,1.1384122811097797e-18,0.0,0.0,0.0,0.0,-1.4131586619140868e-14,6.661338147750939e-16,0.0,0,0,9.094947017729282e-13,3.219646771412954e-15,2.220446049250313e-16
amp1.0_T12.0,1.0,12.0,127,6.3500000000000005,0.0,0.8347308502213626,1.0662120435586937,1.0662120435586937,-0.0002975949667402293,0.007221816400300082,0.0069242214335598525,0.0612818488423999,0.17620723658839724,4.721334291596743e-06,10.000000005756545,1.0662120440130824,1.066206794909958,5.7565454625319035e-09,4.543887488495102e-10,5.273144440372774e-07,2.574980159653073e-19,0.0,0.0,0.0,0.0,-2.526264330241163e-15,6.661338147750939e-16,0.0,0,0,9.094947017729282e-13,3.3306690738754696e-15,2.220446049250313e-16
amp1.0_T12.0,1.0,12.0,128,6.4,0.0,0.8347220942280944,1.0662086508703723,1.0662086508703723,-0.00030193631488768715,0.007219645726226353,0.006917709411338666,0.061301730428530724,0.17621587285746695,4.860074277061254e-06,10.000000005794497,1.0662086513087676,1.0662032476598489,5.79449732640569e-09,4.3839532004597004e-10,5.4313624638569e-07,-1.3552527156068805e-20,0.0,0.0,0.0,0.0,-8.17751293553427e-15,6.661338147750939e-16,0.0,0,0,9.094947017729282e-13,3.4416913763379853e-15,2.220446049250313e-16
amp1.0_T12.0,1.0,12.0,129,6.45,0.0,0.8347131683102026,1.0662051773424324,1.0662051773424324,-0.0003062535657294141,0.00721748710080549,0.006911233535076076,0.06132145423918156,0.17622467565855768,5.000035631556804e-06,10.00000000612393,1.0662051778239998,1.0661996381433618,6.123929807699824e-09,4.815674525815439e-10,5.391634389798786e-07,1.2061749168901237e-18,0.0,0.0,0.0,0.0,1.651211151926864e-14,6.661338147750939e-16,0.0,0,0,9.094947017729282e-13,3.885780586188048e-15,2.220446049250313e-16
amp1.0_T12.0,1.0,12.0,130,6.5,0.0,0.8347041108570848,1.0662016715476488,1.0662016715476488,-0.0003105461974428864,0.007215340784948754,0.006904794587505867,0.06134102988704013,0.17623361213613967,5.141167991296084e-06,10.00000000575617,1.0662016719804919,1.0661959667386074,5.75617065123879e-09,4.3284309469981963e-10,5.636410500886221e-07,7.589415207398531e-19,0.0,0.0,0.0,0.0,-2.746885983342278e-14,6.661338147750939e-16,0.0,0,0,9.094947017729282e-13,3.885780586188048e-15,2.220446049250313e-16
amp1.0_T12.0,1.0,12.0,131,6.550000000000001,0.0,0.8346948770979307,1.066198075903712,1.066198075903712,-0.00031481380311286223,0.007213206982113766,0.006898393179000904,0.061360440968137184,0.17624272055162774,5.28342358526494e-06,10.000000006104447,1.0661980763525842,1.066192233617146,6.104446725885282e-09,4.488722726847527e-10,5.588629805953378e-07,1.0842021724855044e-19,0.0,0.0,0.0,0.0,2.579816717781895e-14,4.440892098500626e-16,0.0,0,0,9.094947017729282e-13,4.440892098500626e-15,2.220446049250313e-16
amp1.0_T12.0,1.0,12.0,132,6.6000000000000005,0.0,0.8346855087334154,1.0661944431796353,1.0661944431796353,-0.00031905584130821054,0.007211085963016091,0.006892030121707881,0.06137969805195927,0.1762519652154456,5.426750055244471e-06,10.000000005708426,1.0661944435668174,1.0661884391769103,5.70842573210939e-09,3.871820641876411e-10,5.772526697463272e-07,6.911788849595091e-19,0.0,0.0,0.0,0.0,7.573901798969569e-16,6.661338147750939e-16,0.0,0,0,9.094947017729282e-13,3.9968028886505635e-15,2.220446049250313e-16
amp1.0_T12.0,1.0,12.0,133,6.65,0.0,0.8346759823522883,1.0661907429939923,1.0661907429939923,-0.0003232718954291107,0.007208977935955642,0.006885706040526531,0.06139879150795759,0.17626136611239915,5.571098166495235e-06,10.00000000571831,1.0661907433697315,1.0661845836566308,5.718309381563813e-09,3.7573921751743455e-10,5.882391949824331e-07,-6.776263578034403e-20,0.0,0.0,0.0,0.0,2.1516335796593184e-14,6.661338147750939e-16,0.0,0,0,1.3642420526593924e-12,4.218847493575595e-15,2.220446049250313e-16
amp1.0_T12.0,1.0,12.0,134,6.7,0.0,0.8346663002332493,1.066186977836442,1.066186977836442,-0.0003274614784336902,0.007206883144453352,0.0068794216660196614,0.061417719577608304,0.17627092127298,5.716415849634861e-06,10.000000005763745,1.0661869782027167,1.0661806673653473,5.763745036801993e-09,3.6627478827711e-10,5.940552449267597e-07,9.486769009248164e-19,0.0,0.0,0.0,0.0,-4.200421202368496e-14,4.440892098500626e-16,0.0,0,0,9.094947017729282e-13,4.3298697960381105e-15,2.220446049250313e-16
amp1.0_T12.0,1.0,12.0,135,6.75,0.0,0.834656479216001,1.0661831686933496,1.0661831686933496,-0.00033162410987265474,0.007204801828733869,0.006873177718861215,0.06143648517980392,0.1762806162616758,5.862650722996209e-06,10.000000005583995,1.0661831690331982,1.0661766906560999,5.583995488223081e-09,3.3984859371116727e-10,6.153865267390707e-07,2.0328790734103208e-19,0.0,0.0,0.0,0.0,1.9766220037898872e-14,6.661338147750939e-16,0.0,0,0,9.094947017729282e-13,3.9968028886505635e-15,2.220446049250313e-16
amp1.0_T12.0,1.0,12.0,136,6.800000000000001,0.0,0.8346464853801487,1.0661792718409708,1.0661792718409708,-0.0003357593595755938,0.0072027342038824,0.006866974844306806,0.06145507526526085,0.17629048006250964,6.009751228722496e-06,10.000000005949893,1.0661792722177243,1.0661726537574947,5.949893022716424e-09,3.767535172727321e-10,6.083322474061925e-07,7.860465750519907e-19,0.0,0.0,0.0,0.0,-1.8345082770313947e-14,6.661338147750939e-16,0.0,0,0,9.094947017729282e-13,3.885780586188048e-15,2.220446049250313e-16
amp1.0_T12.0,1.0,12.0,137,6.8500000000000005,0.0,0.8346363778938584,1.0661753622694878,1.0661753622694878,-0.00033986669539582765,0.007200680535972283,0.006860813840576455,0.061473506024918814,0.17630046204295588,6.15766225434276e-06,10.000000005444665,1.0661753625904842,1.0661685571425799,5.444665163167883e-09,3.2099634061921734e-10,6.474646536399789e-07,-4.0657581468206416e-19,0.0,0.0,0.0,0.0,1.2788831662912488e-15,6.661338147750939e-16,0.0,0,0,9.094947017729282e-13,3.9968028886505635e-15,2.220446049250313e-16
amp1.0_T12.0,1.0,12.0,138,6.9,0.0,0.8346260729548542,1.0661713326102733,1.0661713326102733,-0.00034394576242510055,0.0071986410024576465,0.006854695240032546,0.06149174884045695,0.1763106338432528,6.306333464372772e-06,10.00000000636691,1.0661713330072322,1.0661644009243816,6.3669105543340265e-09,3.9695891018709517e-10,6.253524273473355e-07,7.589415207398531e-19,0.0,0.0,0.0,0.0,-2.117423337699904e-15,6.661338147750939e-16,0.0,0,0,9.094947017729282e-13,3.552713678800501e-15,2.220446049250313e-16
amp1.0_T12.0,1.0,12.0,139,6.95,0.0,0.8346156706442652,1.0661673100612314,1.0661673100612314,-0.0003479959541708757,0.007196615906584759,0.006848619952413883,0.06150983261001444,0.17632090984929857,6.455706185885104e-06,10.000000005662947,1.0661673103717864,1.0661601856913316,5.662947444307065e-09,3.1055491511722266e-10,6.686637139173697e-07,-6.776263578034403e-20,0.0,0.0,0.0,0.0,3.194523202450152e-14,6.661338147750939e-16,0.0,0,0,9.094947017729282e-13,3.6637359812630166e-15,2.220446049250313e-16
amp1.0_T12.0,1.0,12.0,140,7.0,0.0,0.834605075192786,1.066163171890161,1.066163171890161,-0.0003520169640807567,0.007194605401629818,0.006842588437549061,0.06152772512017686,0.176331371916252,6.605730741865751e-06,10.000000006588689,1.0661631722957299,1.0661559115384516,6.588688705733148e-09,4.055689117876682e-10,6.546209675270137e-07,-4.336808689942018e-19,0.0,0.0,0.0,0.0,-1.1197695941604809e-14,6.661338147750939e-16,0.0,0,0,9.094947017729282e-13,3.552713678800501e-15,2.220446049250313e-16
amp1.0_T12.0,1.0,12.0,141,7.050000000000001,0.0,0.8345943547684381,1.0661590047204605,1.0661590047204605,-0.0003560081981411551,0.007192609784599619,0.006836601586458464,0.06154544514778876,0.1763419617476803,6.756347547279132e-06,10.000000006286529,1.0661590050589127,1.0661515789831342,6.286528630994326e-09,3.3845215519079375e-10,6.693897790928409e-07,5.014435047745458e-19,0.0,0.0,0.0,0.0,7.141653897963884e-15,6.661338147750939e-16,0.0,0,0,1.3642420526593924e-12,3.552713678800501e-15,2.220446049250313e-16
amp1.0_T12.0,1.0,12.0,142,7.1000000000000005,0.0,0.8345834870101025,1.0661547793603827,1.0661547793603827,-0.00035996926654553995,0.007190629250397426,0.0068306599838518865,0.06156298351368694,0.1763526984058857,6.907503422309932e-06,10.000000006185587,1.0661547797013526,1.0661471883198406,6.1855871535954066e-09,3.409699189660387e-10,6.835371198442716e-07,6.776263578034403e-20,0.0,0.0,0.0,0.0,-2.4137538332419687e-14,6.661338147750939e-16,0.0,0,0,1.3642420526593924e-12,3.219646771412954e-15,2.220446049250313e-16
amp1.0_T12.0,1.0,12.0,143,7.15,0.0,0.8345724689977807,1.0661504916692208,1.0661504916692208,-0.00036389971220912023,0.007188664027565636,0.006824764315356517,0.06158033694768056,0.17636358437128438,7.059142357015203e-06,10.00000000625497,1.0661504920096134,1.0661427398968972,6.254969875385541e-09,3.403926029932336e-10,6.926299665790499e-07,5.421010862427522e-20,0.0,0.0,0.0,0.0,2.5952790289483145e-14,6.661338147750939e-16,0.0,0,0,9.094947017729282e-13,3.3306690738754696e-15,2.220446049250313e-16
amp1.0_T12.0,1.0,12.0,144,7.2,0.0,0.8345613001142473,1.0661461403736554,1.0661461403736554,-0.0003677990690585668,0.007186714349140913,0.006818915280082346,0.06159750286189458,0.17637462014409308,7.211207537571952e-06,10.000000006240024,1.0661461406989265,1.0661382340738723,6.240023608938827e-09,3.2527114335323404e-10,6.950922455172585e-07,-1.3552527156068805e-19,0.0,0.0,0.0,0.0,4.937184372406445e-15,4.440892098500626e-16,0.0,0,0,1.3642420526593924e-12,3.1086244689504383e-15,2.220446049250313e-16
amp1.0_T12.0,1.0,12.0,145,7.25,0.0,0.8345500091574332,1.0661417616431093,1.0661417616431093,-0.000371666868935838,0.007184780449202278,0.00681311358026644,0.06161448804933403,0.1763857810588733,7.363641857231457e-06,10.000000005806976,1.0661417619226512,1.066133671292191,5.8069762332024766e-09,2.7954194514734354e-10,7.26709061079106e-07,6.098637220230962e-19,0.0,0.0,0.0,0.0,2.2757559454533033e-14,6.661338147750939e-16,0.0,0,0,1.3642420526593924e-12,3.1086244689504383e-15,2.220446049250313e-16
amp1.0_T12.0,1.0,12.0,146,7.300000000000001,0.0,0.8345385323853074,1.0661372737025612,1.0661372737025612,-0.00037550272984260524,0.0071828625187488945,0.006807359788906289,0.061631270170062286,0.1763971215951612,7.516390391746299e-06,10.000000006407184,1.0661372740396322,1.0661290517611182,6.407184116596909e-09,3.3707103774816005e-10,7.05551051263285e-07,-3.9302328752599536e-19,0.0,0.0,0.0,0.0,-2.465737325181973e-14,6.661338147750939e-16,0.0,0,0,9.094947017729282e-13,2.55351295663786e-15,2.220446049250313e-16
amp1.0_T12.0,1.0,12.0,147,7.3500000000000005,0.0,0.8345269656922071,1.0661327983855506,1.0661327983855506,-0.00037930607836344864,0.007180960844488472,0.0068016547661250235,0.06164787694436054,0.176408559732322,7.669391593525748e-06,10.000000005408811,1.0661327986103457,1.0661243761039025,5.408811176721429e-09,2.2479507144623767e-10,7.528900545759118e-07,8.131516293641283e-20,0.0,0.0,0.0,0.0,2.0936073758494257e-14,6.661338147750939e-16,0.0,0,0,9.094947017729282e-13,3.1086244689504383e-15,2.220446049250313e-16
amp1.0_T12.0,1.0,12.0,148,7.4,0.0,0.8345152077250007,1.0661282058026498,1.0661282058026498,-0.0003830766284792515,0.007179075569430571,0.00679599894095132,0.06166427447472636,0.1764201820824887,7.822593280553071e-06,10.00000000622122,1.066128206109933,1.0661196444459917,6.221220871793776e-09,3.0728330990825725e-10,7.387633775013927e-07,-3.7947076036992655e-19,0.0,0.0,0.0,0.0,-2.629920304798763e-14,6.661338147750939e-16,0.0,0,0,1.3642420526593924e-12,2.6645352591003757e-15,2.220446049250313e-16
amp1.0_T12.0,1.0,12.0,149,7.45,0.0,0.8345033411182655,1.0661236009657467,1.0661236009657467,-0.000386813789968493,0.00717720698868595,0.006790393198717457,0.06168048617078331,0.17643191798250313,7.97593229140888e-06,10.000000005782478,1.0661236012232946,1.0661148573861623,5.782478496030308e-09,2.5754798294030934e-10,7.676472929493495e-07,6.640738306473715e-19,0.0,0.0,0.0,0.0,4.292421622407051e-15,6.661338147750939e-16,0.0,0,0,9.094947017729282e-13,2.3314683517128287e-15,2.220446049250313e-16
amp1.0_T12.0,1.0,12.0,150,7.5,0.0,0.8344913139461765,1.0661189170357952,1.0661189170357952,-0.00039051722021827363,0.00717535527356106,0.006784838053342786,0.06169649364940072,0.1764438117817833,8.129353936390858e-06,10.00000000623163,1.0661189173401275,1.0661100151871592,6.231630322872661e-09,3.043323371088036e-10,7.724946996095513e-07,2.168404344971009e-19,0.0,0.0,0.0,0.0,-2.555838337363781e-14,6.661338147750939e-16,0.0,0,0,9.094947017729282e-13,2.55351295663786e-15,2.220446049250313e-16
amp1.0_T12.0,1.0,12.0,151,7.550000000000001,0.0,0.8344791485820491,1.0661141821220563,1.0661141821220563,-0.0003941864206669121,0.007173520673336741,0.006779334252669828,0.06171230151490177,0.17645584433610262,8.282797492553757e-06,10.000000006370806,1.0661141824349116,1.066105118304762,6.370806104882831e-09,3.12855297224246e-10,7.810198017098864e-07,-3.2526065174565133e-19,0.0,0.0,0.0,0.0,2.0037830893314857e-14,6.661338147750939e-16,0.0,0,0,9.094947017729282e-13,1.9984014443252818e-15,2.220446049250313e-16
amp1.0_T12.0,1.0,12.0,152,7.6000000000000005,0.0,0.834466853799057,1.066109406870007,1.066109406870007,-0.0003978209596233927,0.0071717034038585,0.006773882444235107,0.061727910344874015,0.17646800810907026,8.43620454316053e-06,10.00000000637997,1.0661094071663688,1.0661001671669237,6.379970329817297e-09,2.9636182397041466e-10,8.034985401474856e-07,5.827586677109586e-19,0.0,0.0,0.0,0.0,3.636820662331064e-16,6.661338147750939e-16,0.0,0,0,9.094947017729282e-13,1.9984014443252818e-15,2.220446049250313e-16
amp1.0_T12.0,1.0,12.0,153,7.65,0.0,0.8344543938243645,1.0661045451543405,1.0661045451543405,-0.0004014204315003754,0.007169903667920009,0.0067684832364196335,0.061743306617824664,0.17648033365712515,8.589517050373598e-06,10.000000006952444,1.0661045454892732,1.0660951620917887,6.9524439538781735e-09,3.34932748202732e-10,7.935455014529287e-07,1.0570971181733668e-18,0.0,0.0,0.0,0.0,-1.3527724125549068e-14,8.881784197001252e-16,0.0,0,0,9.094947017729282e-13,1.887379141862766e-15,2.220446049250313e-16
amp1.0_T12.0,1.0,12.0,154,7.7,0.0,0.8344418242247106,1.066099667363594,1.066099667363594,-0.0004049843231892189,0.007168121722075587,0.006763137398886368,0.061758505465279306,0.17649277345032768,8.742673031834293e-06,10.00000000646991,1.0660996676349375,1.0660901036364374,6.469910829309811e-09,2.713433921996966e-10,8.210541248241373e-07,-2.168404344971009e-19,0.0,0.0,0.0,0.0,1.1151537304660659e-14,8.881784197001252e-16,0.0,0,0,1.3642420526593924e-12,1.7763568394002505e-15,2.220446049250313e-16
amp1.0_T12.0,1.0,12.0,155,7.75,0.0,0.8344290914185178,1.0660947045806795,1.0660947045806795,-0.00040851228802494513,0.007166357739657724,0.006757845451632779,0.061773487959825193,0.17650537325507545,8.895616254473468e-06,10.00000000679579,1.0660947048865332,1.0660849920849087,6.795790596925144e-09,3.058537867417499e-10,8.168795162793697e-07,9.0801931945661e-19,0.0,0.0,0.0,0.0,-1.1697361312464831e-14,8.881784197001252e-16,0.0,0,0,9.094947017729282e-13,2.55351295663786e-15,2.220446049250313e-16
amp1.0_T12.0,1.0,12.0,156,7.800000000000001,0.0,0.8344162359457895,1.0660897081062317,1.0660897081062317,-0.000412003818424511,0.007164611974457941,0.00675260815603343,0.06178826446820268,0.17651809840339674,9.048284287678988e-06,10.000000006350785,1.066089708352335,1.066079827965412,6.350784786945951e-09,2.461033599132634e-10,8.318565320279071e-07,-4.472333961502706e-19,0.0,0.0,0.0,0.0,5.6735507075086054e-14,8.881784197001252e-16,0.0,0,0,9.094947017729282e-13,2.1094237467877974e-15,2.220446049250313e-16
amp1.0_T12.0,1.0,12.0,157,7.8500000000000005,0.0,0.8344032433049409,1.0660846588832218,1.0660846588832218,-0.00041545852817109167,0.0071628846195846505,0.006747426091413559,0.06180282835562376,0.17653096125425538,9.200619164648936e-06,10.000000006085028,1.066084659069432,1.066074611672117,6.085027592916958e-09,1.8621015840381006e-10,8.465919402199004e-07,1.2197274440461925e-19,0.0,0.0,0.0,0.0,-5.990152903764129e-14,8.881784197001252e-16,0.0,0,0,1.3642420526593924e-12,1.5543122344752192e-15,2.220446049250313e-16
amp1.0_T12.0,1.0,12.0,158,7.9,0.0,0.834390112777214,1.0660795554278475,1.0660795554278475,-0.0004188759873499997,0.007161175889995197,0.0067422999026451975,0.06181717717248658,0.17654396238395037,9.35256097329494e-06,10.000000005984571,1.066079555627267,1.0660693436380746,5.9845710609351954e-09,1.9941959195080017e-10,8.592287996010014e-07,9.622294280808852e-19,0.0,0.0,0.0,0.0,1.6834167845374828e-15,8.881784197001252e-16,0.0,0,0,1.3642420526593924e-12,1.887379141862766e-15,2.220446049250313e-16
amp1.0_T12.0,1.0,12.0,159,7.95,0.0,0.8343768505223236,1.0660744051980375,1.0660744051980375,-0.00042225576367531647,0.007159486001832538,0.006737230238157222,0.061831310676414314,0.17655709651685078,9.504049588789344e-06,10.000000005945425,1.066074405375062,1.0660640243191977,5.945425485265332e-09,1.7702439514266644e-10,8.76829251076926e-07,1.1655173354219173e-18,0.0,0.0,0.0,0.0,3.555809923035894e-14,8.881784197001252e-16,0.0,0,0,9.094947017729282e-13,1.5543122344752192e-15,2.220446049250313e-16
amp1.0_T12.0,1.0,12.0,160,8.0,0.0,0.8343634409672764,1.0660691877965747,1.0660691877965747,-0.0004255974431241247,0.007157815162108135,0.00673221771898401,0.06184522175478961,0.17657037693213914,9.655025295842113e-06,10.000000006212144,1.0660691879994049,1.0660586541200834,6.21214368834444e-09,2.0283019708244865e-10,8.786511954445566e-07,-3.7947076036992655e-19,0.0,0.0,0.0,0.0,-1.3410664595754998e-14,8.881784197001252e-16,0.0,0,0,9.094947017729282e-13,1.5543122344752192e-15,2.220446049250313e-16
amp1.0_T12.0,1.0,12.0,161,8.05,0.0,0.834349920126045,1.0660639486883734,1.0660639486883734,-0.00042890056474751597,0.007156163601296438,0.0067272630365489226,0.06185891955264568,0.17658377282427293,9.805426699960257e-06,10.000000005997261,1.0660639488663366,1.0660532335825474,5.997261354195871e-09,1.7796319973228947e-10,9.096791259933286e-07,1.1519648082658485e-19,0.0,0.0,0.0,0.0,-2.8708131292177444e-14,8.881784197001252e-16,0.0,0,0,9.094947017729282e-13,1.9984014443252818e-15,2.220446049250313e-16
amp1.0_T12.0,1.0,12.0,162,8.1,0.0,0.8343362319898433,1.0660586159388368,1.0660586159388368,-0.0004321647754080247,0.007154531495966184,0.00672236672055816,0.06187238434574563,0.1765973320399934,9.955196126788613e-06,10.000000006754393,1.0660586161916554,1.0660477630175509,6.754392600782921e-09,2.528186549000111e-10,8.977251590979392e-07,-4.675621868843738e-19,0.0,0.0,0.0,0.0,4.658385383641823e-15,8.881784197001252e-16,0.0,0,0,9.094947017729282e-13,1.5543122344752192e-15,2.220446049250313e-16
amp1.0_T12.0,1.0,12.0,163,8.15,0.0,0.8343224512561797,1.0660532843924087,1.0660532843924087,-0.00043538955376525853,0.007152919106787568,0.006717529553022309,0.06188563734272064,0.1766109907188067,1.0104269626335034e-05,10.000000006340656,1.0660532846045867,1.0660422430744676,6.340656000247691e-09,2.1217805290518754e-10,9.370483147167527e-07,-1.2197274440461925e-19,0.0,0.0,0.0,0.0,3.736539691277297e-14,8.881784197001252e-16,0.0,0,0,9.094947017729282e-13,1.7763568394002505e-15,2.220446049250313e-16
amp1.0_T12.0,1.0,12.0,164,8.200000000000001,0.0,0.8343084933510074,1.0660478456400178,1.0660478456400178,-0.00043857460231068,0.007151326582514857,0.006712751980204177,0.061898649965253,0.1766248211124178,1.0252591589409124e-05,10.000000007308548,1.0660478459625053,1.0660366740009903,7.308548433115902e-09,3.2248759218589385e-10,9.190474380094541e-07,4.336808689942018e-19,0.0,0.0,0.0,0.0,-1.936437299640309e-14,8.881784197001252e-16,0.0,0,0,9.094947017729282e-13,1.2212453270876722e-15,2.220446049250313e-16
amp1.0_T12.0,1.0,12.0,165,8.25,0.0,0.8342944382935717,1.0660424014258172,1.0660424014258172,-0.0004417193696648575,0.007149754198837769,0.006708034829172911,0.06191144498582468,0.176638754834593,1.0400096541761692e-05,10.000000006801457,1.0660424016875198,1.0660310564683018,6.801457175242831e-09,2.617026595430616e-10,9.448609736628336e-07,-5.55653613398821e-19,0.0,0.0,0.0,0.0,6.556986229748051e-14,8.881784197001252e-16,0.0,0,0,1.3642420526593924e-12,1.4432899320127035e-15,2.220446049250313e-16
amp1.0_T12.0,1.0,12.0,166,8.3,0.0,0.8342802325975829,1.066036882962516,1.066036882962516,-0.0004448235442304051,0.007148202111554995,0.0067033785673245895,0.06192400368578556,0.17665283755842084,1.0546728525115184e-05,10.000000006997414,1.0660368832282954,1.0660253908132296,6.99741420362443e-09,2.657793984894852e-10,9.454207613032121e-07,2.371692252312041e-19,0.0,0.0,0.0,0.0,-7.048561123060727e-14,8.881784197001252e-16,0.0,0,0,9.094947017729282e-13,1.6653345369377348e-15,2.220446049250313e-16
amp1.0_T12.0,1.0,12.0,167,8.35,0.0,0.8342659069681876,1.0660313289982077,1.0660313289982077,-0.00044788665379526883,0.007146670556772562,0.0066987839029772935,0.0619363334637532,0.1766670430299492,1.0692425066431403e-05,10.000000006636911,1.0660313292386665,1.066019677589914,6.636911464852346e-09,2.4045876401146415e-10,9.589832273021645e-07,1.2332799712022613e-18,0.0,0.0,0.0,0.0,1.1877095139366852e-14,6.661338147750939e-16,0.0,0,0,1.3642420526593924e-12,1.4432899320127035e-15,2.220446049250313e-16
amp1.0_T12.0,1.0,12.0,168,8.4,0.0,0.8342514547442156,1.0660257305997631,1.0660257305997631,-0.00045090831802672906,0.007145159724656832,0.006694251406630103,0.06194843023557432,0.17668137692457997,1.0837127565566066e-05,10.000000006365763,1.0660257308036187,1.0660139172628704,6.365763027815774e-09,2.0385559906799244e-10,9.76209327141516e-07,8.538092108323347e-19,0.0,0.0,0.0,0.0,-4.366636955179578e-16,8.881784197001252e-16,0.0,0,0,9.094947017729282e-13,9.992007221626409e-16,2.220446049250313e-16
amp1.0_T12.0,1.0,12.0,169,8.450000000000001,0.0,0.8342368634833927,1.066020071449134,1.066020071449134,-0.000453888136418389,0.007143669815461003,0.0066897816790426135,0.06196028796780011,0.1766958498566435,1.0980776422744436e-05,10.000000006364608,1.066020071660025,1.0660081102847663,6.364608395870164e-09,2.1089108237504206e-10,9.803879448909544e-07,5.353248226647178e-19,0.0,0.0,0.0,0.0,2.475622644368728e-14,8.881784197001252e-16,0.0,0,0,9.094947017729282e-13,1.1102230246251565e-15,2.220446049250313e-16
amp1.0_T12.0,1.0,12.0,170,8.5,0.0,0.834222159651115,1.0660143849481494,1.0660143849481494,-0.00045682567093677603,0.007142201048201809,0.006685375377265033,0.061971912882571936,0.17671043920677929,1.1123310769831444e-05,10.000000005982175,1.0660143850937978,1.0660022572122054,5.9821747555588445e-09,1.4564838224373489e-10,1.0044251741138956e-06,5.692061405548898e-19,0.0,0.0,0.0,0.0,-2.9842756700738287e-14,6.661338147750939e-16,0.0,0,0,9.094947017729282e-13,1.1102230246251565e-15,2.220446049250313e-16
amp1.0_T12.0,1.0,12.0,171,8.55,0.0,0.8342073139508459,1.0660086332158467,1.0660086332158467,-0.0004597205627255893,0.007140753602307402,0.006681033039581813,0.06198329376143656,0.17672516997953847,1.126467290423766e-05,10.000000006204942,1.0660086334031915,1.0659963584633205,6.204942337717512e-09,1.8734480633497697e-10,1.0100796219491558e-06,6.369687763352339e-19,0.0,0.0,0.0,0.0,-3.9217024064481555e-15,6.661338147750939e-16,0.0,0,0,9.094947017729282e-13,1.3322676295501878e-15,2.220446049250313e-16
amp1.0_T12.0,1.0,12.0,172,8.6,0.0,0.8341923539961782,1.0660028511829505,1.0660028511829505,-0.0004625723648594897,0.007139327701240452,0.0066767553363809625,0.061994437156836946,0.17674001858633098,1.1404801676435605e-05,10.000000006117755,1.0660028513622677,1.065990414605071,6.117755191326069e-09,1.793172277331223e-10,1.0317762030909622e-06,1.2468324983583301e-18,0.0,0.0,0.0,0.0,1.0100300383932871e-15,8.881784197001252e-16,0.0,0,0,1.3642420526593924e-12,1.1102230246251565e-15,2.220446049250313e-16
amp1.0_T12.0,1.0,12.0,173,8.65,0.0,0.8341772569239694,1.0659970092830953,1.0659970092830953,-0.00046538071303045385,0.00713792352715497,0.006672542814124516,0.06200533389238942,0.1767550045507644,1.1543639403282163e-05,10.00000000651746,1.0659970094858033,1.0659844260798104,6.5174603491868766e-09,2.0270807254973988e-10,1.0395638816172057e-06,1.1519648082658485e-18,0.0,0.0,0.0,0.0,2.5038148654686664e-14,8.881784197001252e-16,0.0,0,0,1.3642420526593924e-12,7.771561172376096e-16,2.220446049250313e-16
amp1.0_T12.0,1.0,12.0,174,8.700000000000001,0.0,0.8341620387193187,1.065991127577146,1.065991127577146,-0.00046814517415887704,0.007136541296590759,0.0066683961224318815,0.06201598686956103,0.17677011421502456,1.1681125663936392e-05,10.00000000670943,1.0659911277700496,1.065978393432081,6.709429456464022e-09,1.929034709746702e-10,1.0530194011489087e-06,2.846030702774449e-19,0.0,0.0,0.0,0.0,1.4536233528043797e-14,8.881784197001252e-16,0.0,0,0,9.094947017729282e-13,7.771561172376096e-16,2.220446049250313e-16
amp1.0_T12.0,1.0,12.0,175,8.75,0.0,0.8341466928388549,1.065985197327288,1.065985197327288,-0.0004708653629039125,0.00713518120221824,0.006664315839314328,0.06202639202267729,0.17678535315932867,1.1817202227944853e-05,10.00000000697341,1.0659851975391414,1.065972317153128,6.973410293653615e-09,2.1185342369278715e-10,1.0629719321788053e-06,1.1519648082658485e-19,0.0,0.0,0.0,0.0,-5.2031061733838436e-14,8.881784197001252e-16,0.0,0,0,1.3642420526593924e-12,1.1102230246251565e-15,2.220446049250313e-16
amp1.0_T12.0,1.0,12.0,176,8.8,0.0,0.8341312189730989,1.0659792178556797,1.0659792178556797,-0.000473540874101929,0.007133843446619232,0.006660302572517303,0.06203654719229998,0.176800721655603,1.1951810128031085e-05,10.000000007133785,1.0659792180718752,1.0659661977532835,7.1337851181851875e-09,2.1619550594209613e-10,1.0682922682017725e-06,6.098637220230962e-20,0.0,0.0,0.0,0.0,1.5415350389274196e-14,8.881784197001252e-16,0.0,0,0,1.3642420526593924e-12,8.881784197001252e-16,2.220446049250313e-16
amp1.0_T12.0,1.0,12.0,177,8.85,0.0,0.8341156313953434,1.0659732070568508,1.0659732070568508,-0.0004761713014582767,0.007132528232941059,0.006656356931482782,0.062046454868801046,0.1768162075113829,1.2084890723718638e-05,10.000000006956983,1.0659732072325656,1.0659600357840218,6.956982545602841e-09,1.757147760628186e-10,1.086382105352519e-06,-4.54009659728305e-19,0.0,0.0,0.0,0.0,1.3425685242766895e-14,8.881784197001252e-16,0.0,0,0,9.094947017729282e-13,7.771561172376096e-16,2.220446049250313e-16
amp1.0_T12.0,1.0,12.0,178,8.9,0.0,0.8340999100051679,1.0659671389620506,1.0659671389620506,-0.0004787562812950359,0.0071312357430226795,0.006652479461727643,0.06205610677128012,0.1768318278980901,1.2216387247730662e-05,10.000000007076641,1.0659671391335819,1.0659538317121715,7.076641495018521e-09,1.7153123366142609e-10,1.090862631404679e-06,2.303929616531697e-19,0.0,0.0,0.0,0.0,-1.0535829902334455e-14,8.881784197001252e-16,0.0,0,0,9.094947017729282e-13,1.1102230246251565e-15,2.220446049250313e-16
amp1.0_T12.0,1.0,12.0,179,8.950000000000001,0.0,0.8340840687466835,1.0659610311097687,1.0659610311097687,-0.0004812953894511871,0.007129966188944604,0.0066486707994934165,0.06206550520357085,0.17684757091574405,1.2346240578721783e-05,10.000000006813117,1.0659610312597538,1.0659475860940681,6.813117181536654e-09,1.4998513542252567e-10,1.098775121831004e-06,6.979551485375435e-19,0.0,0.0,0.0,0.0,3.4666875303696965e-14,8.881784197001252e-16,0.0,0,0,9.094947017729282e-13,8.881784197001252e-16,2.220446049250313e-16
amp1.0_T12.0,1.0,12.0,180,9.0,0.0,0.834068113489226,1.065954890734763,1.065954890734763,-0.00048378824338596305,0.007128719761977215,0.006644931518591252,0.062074650097191514,0.17686343156116413,1.2474393840993522e-05,10.000000006335004,1.065954890832095,1.0659412994695883,6.335003632784719e-09,9.733214234586285e-11,1.1168713336459663e-06,1.1519648082658485e-19,0.0,0.0,0.0,0.0,-3.880638164461972e-14,8.881784197001252e-16,0.0,0,0,9.094947017729282e-13,4.440892098500626e-16,2.220446049250313e-16
amp1.0_T12.0,1.0,12.0,181,9.05,0.0,0.8340520378611543,1.0659487094252036,1.0659487094252036,-0.00048623447797533406,0.00712749664468253,0.006641262166707196,0.06208353755590848,0.1768794152824896,1.260079115552508e-05,10.00000000614737,1.06594870950641,1.065934972350024,6.1473706125525496e-09,8.120637495778738e-11,1.1362840240733548e-06,3.9302328752599536e-19,0.0,0.0,0.0,0.0,3.3773745552903665e-14,8.881784197001252e-16,0.0,0,0,9.094947017729282e-13,9.992007221626409e-16,2.220446049250313e-16
amp1.0_T12.0,1.0,12.0,182,9.1,0.0,0.834035837018543,1.0659424808161577,1.0659424808161577,-0.0004886337087977846,0.007126297029271304,0.0066376633204735195,0.062092164087455895,0.17689552623906057,1.2725375970845444e-05,10.000000006315357,1.0659424809083766,1.0659286052527095,6.3153571261409525e-09,9.221889918364923e-11,1.1501874773836007e-06,-1.7618285302889447e-19,0.0,0.0,0.0,0.0,-3.501105062467128e-14,8.881784197001252e-16,0.0,0,0,9.094947017729282e-13,6.661338147750939e-16,2.220446049250313e-16
amp1.0_T12.0,1.0,12.0,183,9.15,0.0,0.8340195109479337,1.0659362047271304,1.0659362047271304,-0.0004909855367078124,0.00712512111531629,0.006634135578608478,0.06210052767206975,0.1769117644675649,1.2848091347653044e-05,10.00000000656313,1.0659362048395975,1.0659221987097274,6.563130483527857e-09,1.1246714670676283e-10,1.157926055325755e-06,1.1722935989999517e-18,0.0,0.0,0.0,0.0,3.854591816630608e-14,8.881784197001252e-16,0.0,0,0,1.3642420526593924e-12,9.992007221626409e-16,2.220446049250313e-16
amp1.0_T12.0,1.0,12.0,184,9.200000000000001,0.0,0.8340030780704888,1.0659299044808788,1.0659299044808788,-0.0004932895623199672,0.007123969102510213,0.006630679540190245,0.06210863217656312,0.17692811425550772,1.2968880936032516e-05,10.000000006581388,1.0659299046022097,1.0659157533035128,6.581387879123213e-09,1.2133094529076516e-10,1.1822964298850175e-06,3.3881317890172014e-20,0.0,0.0,0.0,0.0,-4.675811943037102e-14,8.881784197001252e-16,0.0,0,0,9.094947017729282e-13,5.551115123125783e-16,2.220446049250313e-16
amp1.0_T12.0,1.0,12.0,185,9.25,0.0,0.8339865014063418,1.0659235327907954,1.0659235327907954,-0.0004955454413125935,0.0071228411630139,0.006627295721701306,0.06211646405169351,0.1769446072211377,1.3087690774224637e-05,10.00000000719755,1.0659235329728765,1.0659092694770647,7.197549223292299e-09,1.8208101693062417e-10,1.1756229565533006e-06,2.392021043046144e-18,0.0,0.0,0.0,0.0,2.6263173866301458e-14,8.881784197001252e-16,0.0,0,0,1.3642420526593924e-12,3.3306690738754696e-16,2.220446049250313e-16
amp1.0_T12.0,1.0,12.0,186,9.3,0.0,0.8339698376649556,1.0659171619377492,1.0659171619377492,-0.0004977527182522749,0.00712173752454406,0.0066239848062917845,0.062124039130386624,0.17696119496936052,1.3204462873844653e-05,10.000000006862418,1.065917162071723,1.0659027479148957,6.862418189257369e-09,1.339737210059866e-10,1.2095599796703537e-06,-2.710505431213761e-20,0.0,0.0,0.0,0.0,8.554271708165325e-15,8.881784197001252e-16,0.0,0,0,9.094947017729282e-13,6.661338147750939e-16,2.220446049250313e-16
amp1.0_T12.0,1.0,12.0,187,9.35,0.0,0.8339530138431902,1.0659106986724927,1.0659106986724927,-0.0004999111076062677,0.007120658329867063,0.0066207472222607954,0.06213133264817322,0.17697793988028,1.3319146586864396e-05,10.00000000759623,1.0659106988545197,1.0658961889728924,7.596229423256773e-09,1.820270600916274e-10,1.1905530133980977e-06,1.5043305143236374e-18,0.0,0.0,0.0,0.0,-5.060698293258593e-15,8.881784197001252e-16,0.0,0,0,1.3642420526593924e-12,3.3306690738754696e-16,2.220446049250313e-16
amp1.0_T12.0,1.0,12.0,188,9.4,0.0,0.8339361140826306,1.0659042503334601,1.0659042503334601,-0.0005020201046896412,0.007119603831325376,0.006617583726635735,0.06213836896283302,0.17699477014368867,1.343168252623535e-05,10.000000006758565,1.0659042504427914,1.065889593409012,6.7585652629986726e-09,1.0933121075140662e-10,1.2252419218955862e-06,6.369687763352339e-19,0.0,0.0,0.0,0.0,-1.0896349994575462e-14,8.881784197001252e-16,0.0,0,0,9.094947017729282e-13,6.661338147750939e-16,2.220446049250313e-16
amp1.0_T12.0,1.0,12.0,189,9.450000000000001,0.0,0.833919064619063,1.065897722766934,1.065897722766934,-0.0005040794569898776,0.007118574155175258,0.0066144946981853804,0.06214512324065602,0.1770117487948809,1.3542022662229166e-05,10.000000007021924,1.0658977228834048,1.0658829615820897,7.021924375294475e-09,1.1647083297816607e-10,1.2191621819961176e-06,9.351243737687476e-19,0.0,0.0,0.0,0.0,2.978805573652108e-14,8.881784197001252e-16,0.0,0,0,9.094947017729282e-13,5.551115123125783e-16,2.220446049250313e-16
amp1.0_T12.0,1.0,12.0,190,9.5,0.0,0.8339019229412364,1.0658911894138263,1.0658911894138263,-0.0005060886905755613,0.007117569538382416,0.0066114808478068545,0.062151611490922576,0.1770288268058212,1.3650109693709482e-05,10.000000006352817,1.065891189425491,1.0658762941851774,6.352816939170225e-09,1.166466923052667e-11,1.2451189552383961e-06,1.5517643593698782e-18,0.0,0.0,0.0,0.0,-3.5348683463161e-14,8.881784197001252e-16,0.0,0,0,9.094947017729282e-13,4.440892098500626e-16,2.220446049250313e-16
amp1.0_T12.0,1.0,12.0,191,9.55,0.0,0.833884660348168,1.0658846135910762,1.0658846135910762,-0.0005080475037445582,0.007116590131797918,0.0066085426280533596,0.06215782302823075,0.17704602872169461,1.37558946486814e-05,10.000000006343328,1.0658846135797577,1.0658695916949232,6.343327640934149e-09,-1.1318501691448546e-11,1.2660015043076997e-06,1.2536087619363645e-18,0.0,0.0,0.0,0.0,3.859440910847049e-14,8.881784197001252e-16,0.0,0,0,9.094947017729282e-13,1.1102230246251565e-16,2.220446049250313e-16
amp1.0_T12.0,1.0,12.0,192,9.600000000000001,0.0,0.8338672586147302,1.0658779722164142,1.0658779722164142,-0.0005099555085409343,0.0071156361293997295,0.006605680620858795,0.06216375011249203,0.1770633701818969,1.3859324588394536e-05,10.00000000674102,1.0658779722425415,1.065862854613437,6.741020186495916e-09,2.612732252771366e-11,1.2582783888381004e-06,1.2468324983583301e-18,0.0,0.0,0.0,0.0,-9.499407587854145e-15,8.881784197001252e-16,0.0,0,0,9.094947017729282e-13,3.3306690738754696e-16,2.220446049250313e-16
amp1.0_T12.0,1.0,12.0,193,9.65,0.0,0.833849786300368,1.0658713529389905,1.0658713529389905,-0.0005118122621393952,0.007114707752600499,0.006602895490461104,0.0621694124547742,0.17708079272159924,1.3960345529937592e-05,10.000000006118256,1.065871352881163,1.0658560836671258,6.1182561239547795e-09,-5.7827520549835754e-11,1.3089263347442628e-06,6.911788849595091e-19,0.0,0.0,0.0,0.0,-1.396196594211259e-15,8.881784197001252e-16,0.0,0,0,9.094947017729282e-13,3.3306690738754696e-16,2.220446049250313e-16
amp1.0_T12.0,1.0,12.0,194,9.700000000000001,0.0,0.8338321356018571,1.065864618308594,1.065864618308594,-0.0005136175271715687,0.007113805120084412,0.006600187592912843,0.062174774441162844,0.17709838844959258,1.4058912288236035e-05,10.000000007380754,1.065864618379728,1.0658492791327072,7.380753785923844e-09,7.11339875891781e-11,1.2802635985721857e-06,1.497554250745603e-18,0.0,0.0,0.0,0.0,-2.3728489605048114e-14,8.881784197001252e-16,0.0,0,0,1.3642420526593924e-12,4.440892098500626e-16,2.220446049250313e-16
amp1.0_T12.0,1.0,12.0,195,9.75,0.0,0.8338144315141407,1.0658579282121083,1.0658579282121083,-0.0005153707427407256,0.007112928512299834,0.006597557769559108,0.06217987325005449,0.1771160507586207,1.4154966468731783e-05,10.000000006576382,1.0658579281816785,1.065842441880253,6.576382105549783e-09,-3.042988083734599e-11,1.3313653865982103e-06,-1.2536087619363645e-19,0.0,0.0,0.0,0.0,3.2701556425192594e-14,8.881784197001252e-16,0.0,0,0,1.3642420526593924e-12,3.3306690738754696e-16,2.220446049250313e-16
amp1.0_T12.0,1.0,12.0,196,9.8,0.0,0.8337965494761185,1.0658511238383388,1.0658511238383388,-0.000517071722654518,0.007112078022342937,0.0065950062996884195,0.06218466817331811,0.1771338860601215,1.4248466567364013e-05,10.000000007674071,1.0658511239129305,1.0658355721459367,7.674071156316131e-09,7.459166617707069e-11,1.303225834718638e-06,-8.233160247311799e-19,0.0,0.0,0.0,0.0,-2.317724818627154e-14,8.881784197001252e-16,0.0,0,0,9.094947017729282e-13,6.661338147750939e-16,2.220446049250313e-16
amp1.0_T12.0,1.0,12.0,197,9.850000000000001,0.0,0.8337786084595888,1.0658443574633572,1.0658443574633572,-0.0005187199069442006,0.007111253930198096,0.006592534023253896,0.06218919447806441,0.17715179290777305,1.4339355281621542e-05,10.00000000672479,1.0658443574487644,1.065828670784585,6.724789614054316e-09,-1.4592771435673058e-11,1.3473234905428e-06,1.4331797467542762e-18,0.0,0.0,0.0,0.0,-1.0439003448551448e-15,8.881784197001252e-16,0.0,0,0,9.094947017729282e-13,6.661338147750939e-16,2.220446049250313e-16
amp1.0_T12.0,1.0,12.0,198,9.9,0.0,0.8337605046691264,1.06583749691892,1.06583749691892,-0.000520315092276439,0.0071104563375319774,0.006590141245255538,0.0621934180236398,0.17716986000074098,1.442759178181596e-05,10.00000000732298,1.0658374969634286,1.065821738085698,7.32297955607919e-09,4.45086190126176e-11,1.3312414400967782e-06,-1.0164395367051604e-19,0.0,0.0,0.0,0.0,2.543477987905149e-14,8.881784197001252e-16,0.0,0,0,1.3642420526593924e-12,5.551115123125783e-16,2.220446049250313e-16
amp1.0_T12.0,1.0,12.0,199,9.950000000000001,0.0,0.8337423181740163,1.0658306449495663,1.0658306449495663,-0.0005218567638299564,0.007109685501755218,0.006587828737925262,0.06219736188762155,0.17718801912658078,1.4513121827209175e-05,10.000000006468493,1.065830644893042,1.0658147748041702,6.468493296551969e-09,-5.6524340763530745e-11,1.3570235688482915e-06,1.6771252355635147e-18,0.0,0.0,0.0,0.0,-3.8292370712006765e-14,8.881784197001252e-16,0.0,0,0,9.094947017729282e-13,2.220446049250313e-16,2.220446049250313e-16
amp1.0_T12.0,1.0,12.0,200,10.0,0.0,0.8337240195500064,1.065823764335787,1.065823764335787,-0.0005233446467339202,0.007108941560303237,0.0065855969135693165,0.062201015337060295,0.17720629549858508,1.459590325087865e-05,10.000000006241333,1.0658237642558952,1.0658077814184033,6.241332783929465e-09,-7.989187089663119e-11,1.3870141329268781e-06,1.734723475976807e-18,0.0,0.0,0.0,0.0,2.285739499286116e-14,8.881784197001252e-16,0.0,0,0,1.3642420526593924e-12,5.551115123125783e-16,2.220446049250313e-16
amp1.0_T12.0,1.0,12.0,201,10.05,0.0,0.8337055758472874,1.0658168136776465,1.0658168136776465,-0.0005247783777073062,0.0071082246948165435,0.006583446317109237,0.062204366111061046,0.17722471739318238,1.467588962074494e-05,10.000000006851483,1.0658168136471946,1.0658007583935156,6.851482936554021e-09,-3.045186325323357e-11,1.379394510099842e-06,4.980553729855286e-19,0.0,0.0,0.0,0.0,1.9206020610430374e-14,8.881784197001252e-16,0.0,0,0,9.094947017729282e-13,2.220446049250313e-16,2.220446049250313e-16
amp1.0_T12.0,1.0,12.0,202,10.100000000000001,0.0,0.8336870511796406,1.0658098754594343,1.0658098754594343,-0.0005261574944380221,0.007107535136451185,0.006581377642013163,0.062207432463975504,0.1772432302381515,1.4753031367074536e-05,10.000000006421873,1.0658098753678613,1.0657937064415444,6.42187281130191e-09,-9.157297142792231e-11,1.4159865228475527e-06,4.2690460541616737e-19,0.0,0.0,0.0,0.0,-5.931434610508858e-15,8.881784197001252e-16,0.0,0,0,1.3642420526593924e-12,3.3306690738754696e-16,2.220446049250313e-16
amp1.0_T12.0,1.0,12.0,203,10.15,0.0,0.8336683759164684,1.0658028614188233,1.0658028614188233,-0.0005274817267241627,0.007106873020308115,0.006579391293583953,0.062210190875842133,0.1772618936046211,1.4827288046992475e-05,10.000000007151279,1.0658028614161073,1.065786625932816,7.151278680339601e-09,-2.716049607442983e-12,1.4081979603840902e-06,8.605854744103691e-19,0.0,0.0,0.0,0.0,-2.507301126024623e-14,8.881784197001252e-16,0.0,0,0,9.094947017729282e-13,4.440892098500626e-16,2.220446049250313e-16
amp1.0_T12.0,1.0,12.0,204,10.200000000000001,0.0,0.833649612536681,1.0657958522122712,1.0657958522122712,-0.0005287505953369297,0.0071062385860017315,0.006577487990664802,0.062212659025976946,0.17728065436172558,1.4898610584023085e-05,10.00000000682742,1.0657958521552409,1.0657795175708547,6.827420406807505e-09,-5.703038041815489e-11,1.4360308325701577e-06,1.412850956020173e-18,0.0,0.0,0.0,0.0,2.393280326928827e-14,8.881784197001252e-16,0.0,0,0,1.3642420526593924e-12,3.3306690738754696e-16,2.220446049250313e-16
amp1.0_T12.0,1.0,12.0,205,10.25,0.0,0.8336307089298717,1.0657887820882421,1.0657887820882421,-0.0005299638082446411,0.007105631979547876,0.006575668171303235,0.062214818901780114,0.17729955714735868,1.4966959157586289e-05,10.000000007219036,1.0657887820482177,1.0657723817662144,7.219036035621684e-09,-4.0024428216156593e-11,1.4333628701790237e-06,1.3857459017080354e-18,0.0,0.0,0.0,0.0,-2.5310426125032138e-14,8.881784197001252e-16,0.0,0,0,9.094947017729282e-13,2.220446049250313e-16,2.220446049250313e-16
amp1.0_T12.0,1.0,12.0,206,10.3,0.0,0.8336117122930683,1.0657817122551518,1.0657817122551518,-0.0005311209169383783,0.007105053425201007,0.006573932508262629,0.062216683460538214,0.17731856188379555,1.5032287700965762e-05,10.000000006803308,1.0657817121498092,1.0657652191783775,6.803308139069486e-09,-1.0534262351313828e-10,1.4607890733496782e-06,-9.24959978401696e-19,0.0,0.0,0.0,0.0,1.0969495101219133e-14,8.881784197001252e-16,0.0,0,0,1.3642420526593924e-12,2.220446049250313e-16,2.220446049250313e-16
amp1.0_T12.0,1.0,12.0,207,10.350000000000001,0.0,0.8335925747937755,1.0657745826030969,1.0657745826030969,-0.0005322216142760523,0.00710450307653217,0.006572281462256118,0.062218236003959815,0.17733770958397563,1.5094557244384408e-05,10.00000000707516,1.065774582537354,1.0657580302222112,7.075160013414461e-09,-6.574296662620327e-11,1.45782364133046e-06,1.6229151269392394e-18,0.0,0.0,0.0,0.0,3.346276587664872e-14,8.881784197001252e-16,0.0,0,0,9.094947017729282e-13,2.220446049250313e-16,2.220446049250313e-16
amp1.0_T12.0,1.0,12.0,208,10.4,0.0,0.8335733464146411,1.0657674581455623,1.0657674581455623,-0.0005332654494645165,0.007103981158937939,0.006570715709473422,0.062219490398553956,0.17735695783604974,1.5153723290213342e-05,10.00000000651816,1.065767457991466,1.0657508155572428,6.5181602337816e-09,-1.5409629128271263e-10,1.4888650292465191e-06,-2.524158182817815e-19,0.0,0.0,0.0,0.0,-4.49974242301655e-14,8.881784197001252e-16,0.0,0,0,1.3642420526593924e-12,1.1102230246251565e-16,2.220446049250313e-16
amp1.0_T12.0,1.0,12.0,209,10.450000000000001,0.0,0.8335539815697263,1.0657602817456342,1.0657602817456342,-0.0005342521214331719,0.00710348782295361,0.006569235701520439,0.0622204307076559,0.17737634574872133,1.5209748966252473e-05,10.000000006820596,1.0657602816348741,1.0657435755959983,6.820595643830529e-09,-1.1076006778409919e-10,1.4964006696397585e-06,4.0149361699853836e-19,0.0,0.0,0.0,0.0,3.5675240498832424e-14,8.881784197001252e-16,0.0,0,0,9.094947017729282e-13,1.1102230246251565e-16,2.220446049250313e-16
amp1.0_T12.0,1.0,12.0,210,10.5,0.0,0.8335344985832638,1.0657530781964606,1.0657530781964606,-0.0005351811922030672,0.007103023287568663,0.0065678420953655964,0.06222106077152187,0.17739585795673518,1.5262591668732292e-05,10.000000006810406,1.065753078114892,1.0657363109071167,6.8104064609997295e-09,-8.15685297084201e-11,1.504697675123004e-06,8.707498697774207e-19,0.0,0.0,0.0,0.0,-2.2815077226816336e-14,8.881784197001252e-16,0.0,0,0,1.3642420526593924e-12,2.220446049250313e-16,2.220446049250313e-16
amp1.0_T12.0,1.0,12.0,211,10.55,0.0,0.8335149120506018,1.0657458675612137,1.0657458675612137,-0.0005360522785489599,0.007102587744395717,0.006566535465846757,0.0622213835163294,0.17741548227989365,1.531221274268685e-05,10.000000006520773,1.0657458674315357,1.0657290220460762,6.520773254692358e-09,-1.2967804607910693e-10,1.5333023947889377e-06,1.8634724839594607e-19,0.0,0.0,0.0,0.0,3.9077303438733117e-14,8.881784197001252e-16,0.0,0,0,9.094947017729282e-13,1.1102230246251565e-16,2.220446049250313e-16
amp1.0_T12.0,1.0,12.0,212,10.600000000000001,0.0,0.8334951819240363,1.0657386001713611,1.0657386001713611,-0.0005368650408400397,0.007102181363250177,0.0065653163224101375,0.062221384632492674,0.17743525316210926,1.5358575955507745e-05,10.00000000695793,1.0657386000820235,1.0657217094219913,6.9579293437982415e-09,-8.933764839014202e-11,1.5321734143278448e-06,1.6889836968250749e-18,0.0,0.0,0.0,0.0,2.3120773958579255e-14,8.881784197001252e-16,0.0,0,0,9.094947017729282e-13,2.220446049250313e-16,2.220446049250313e-16
amp1.0_T12.0,1.0,12.0,213,10.65,0.0,0.8334753536555238,1.0657313357606557,1.0657313357606557,-0.0005376190191325683,0.0071018043741039125,0.006564185354971344,0.06222107655519382,0.1774551321450484,1.5401640720967236e-05,10.000000006636974,1.0657313356151992,1.0657143736545078,6.636973637341725e-09,-1.4545653570507966e-10,1.5604654269102846e-06,2.947674656444965e-19,0.0,0.0,0.0,0.0,-3.551845639436155e-14,8.881784197001252e-16,0.0,0,0,9.094947017729282e-13,3.3306690738754696e-16,2.220446049250313e-16
amp1.0_T12.0,1.0,12.0,214,10.700000000000001,0.0,0.8334553736848812,1.0657240076825931,1.0657240076825931,-0.0005383138896087059,0.0071014569388658435,0.006563143049257138,0.062220440771548285,0.17747516524115478,1.544137339351347e-05,10.000000007017722,1.0657240075553502,1.065707015104204,7.017721515012454e-09,-1.2724288289689412e-10,1.551204995538857e-06,9.834052517622427e-19,0.0,0.0,0.0,0.0,-1.941046725884325e-14,8.881784197001252e-16,0.0,0,0,9.094947017729282e-13,3.3306690738754696e-16,2.220446049250313e-16
amp1.0_T12.0,1.0,12.0,215,10.75,0.0,0.8334353209376174,1.0657167185694054,1.0657167185694054,-0.0005389491676081537,0.007101139299866119,0.006562190132257966,0.06221950030676035,0.177495285465372,1.5477734556543962e-05,10.000000006224248,1.0657167183627598,1.0656996344603529,6.224247783848114e-09,-2.0664558952887546e-10,1.606374496001353e-06,4.37069000783219e-19,0.0,0.0,0.0,0.0,2.3339255942928135e-15,8.881784197001252e-16,0.0,0,0,1.3642420526593924e-12,2.220446049250313e-16,2.220446049250313e-16
amp1.0_T12.0,1.0,12.0,216,10.8,0.0,0.833415077193294,1.0657093195428533,1.0657093195428533,-0.0005395246050048099,0.007100851581167792,0.006561326976162982,0.06221821641018507,0.1775155940346873,1.5510695746122246e-05,10.000000007462845,1.065709319450523,1.0656922319012372,7.462844564543047e-09,-9.233036557532159e-11,1.5769458699980618e-06,1.0079692072326174e-18,0.0,0.0,0.0,0.0,8.273318079341126e-15,8.881784197001252e-16,0.0,0,0,9.094947017729282e-13,3.3306690738754696e-16,2.220446049250313e-16
amp1.0_T12.0,1.0,12.0,217,10.850000000000001,0.0,0.8333947752402429,1.0657019824046257,1.0657019824046257,-0.0005400395988871941,0.0071005940842266,0.0065605544853394055,0.06221662877261164,0.17753597809162128,1.5540213820093833e-05,10.00000000651421,1.0657019822091158,1.0656848082320087,6.514209616170774e-09,-1.9550983054728022e-10,1.6339587968356064e-06,4.514685608865421e-19,0.0,0.0,0.0,0.0,-9.775217609106143e-15,8.881784197001252e-16,0.0,0,0,9.094947017729282e-13,2.220446049250313e-16,2.220446049250313e-16
amp1.0_T12.0,1.0,12.0,218,10.9,0.0,0.8333742706578422,1.065694525039966,1.065694525039966,-0.0005404939444073662,0.007100366911466514,0.006559872967059148,0.06221469051772044,0.17755656122628533,1.5566264443480266e-05,10.00000000767805,1.0656945249726957,1.0656773635436476,7.678050195636388e-09,-6.727041146348256e-11,1.5952318749938125e-06,4.870439446712227e-19,0.0,0.0,0.0,0.0,2.10515495484352e-14,8.881784197001252e-16,0.0,0,0,9.094947017729282e-13,1.1102230246251565e-16,2.220446049250313e-16
amp1.0_T12.0,1.0,12.0,219,10.950000000000001,0.0,0.8333537050684858,1.0656871309479514,1.0656871309479514,-0.0005408870033530963,0.007100170381993648,0.006559283378640552,0.062212444032955505,0.1775772231239043,1.5588804767177137e-05,10.000000006180002,1.0656871307264264,1.0656698986397406,6.180002287692332e-09,-2.2152502054950673e-10,1.6435034436467506e-06,1.6004687538370005e-18,0.0,0.0,0.0,0.0,-3.975023723400877e-14,8.881784197001252e-16,0.0,0,0,1.3642420526593924e-12,3.3306690738754696e-16,2.220446049250313e-16
amp1.0_T12.0,1.0,12.0,220,11.0,0.0,0.8333329755304169,1.0656796712026246,1.0656796712026246,-0.0005412185620602302,0.007100004602640082,0.006558786040579852,0.06220985567843308,0.1775980520241099,1.5607812955221873e-05,10.000000006344639,1.0656796710022536,1.0656624136925477,6.344638592281626e-09,-2.0037105308290393e-10,1.6496971217515305e-06,1.7413640819343828e-18,0.0,0.0,0.0,0.0,1.9865772031947906e-14,8.881784197001252e-16,0.0,0,0,1.8189894035458565e-12,2.220446049250313e-16,2.220446049250313e-16
amp1.0_T12.0,1.0,12.0,221,11.05,0.0,0.8333121411765776,1.0656722242775116,1.0656722242775116,-0.0005414880979325106,0.007099869834703941,0.006558381736771431,0.062206942103725474,0.17761899801885905,1.5623253553302848e-05,10.000000006072847,1.0656722240563332,1.065654909267647,6.072847114069191e-09,-2.2117840892121876e-10,1.6917563112685036e-06,1.1614939289224593e-18,0.0,0.0,0.0,0.0,4.6399177360510746e-15,8.881784197001252e-16,0.0,0,0,9.094947017729282e-13,2.220446049250313e-16,2.220446049250313e-16
amp1.0_T12.0,1.0,12.0,222,11.100000000000001,0.0,0.8332911362789525,1.0656647093808598,1.0656647093808598,-0.0005416952655112095,0.007099766250914592,0.006558070985403382,0.06220368097670753,0.1776401177083387,1.563510016473324e-05,10.000000007146362,1.0656647092419476,1.0656473855982975,7.146361724608141e-09,-1.389122150641242e-10,1.688682397517516e-06,1.675431169669006e-18,0.0,0.0,0.0,0.0,7.365702794600356e-15,8.881784197001252e-16,0.0,0,0,1.3642420526593924e-12,3.3306690738754696e-16,2.220446049250313e-16
amp1.0_T12.0,1.0,12.0,223,11.15,0.0,0.833270006367294,1.065657188033162,1.065657188033162,-0.0005418395219808223,0.007099694122679785,0.006557854600698963,0.062200084551863974,0.17766137285712394,1.5643318292610072e-05,10.000000007310401,1.0656571879090073,1.0656398431812248,7.310401173299397e-09,-1.2415468653159678e-10,1.701533644552104e-06,1.4259799667026146e-18,0.0,0.0,0.0,0.0,5.928356492778536e-15,8.881784197001252e-16,0.0,0,0,1.3642420526593924e-12,1.1102230246251565e-16,2.220446049250313e-16
amp1.0_T12.0,1.0,12.0,224,11.200000000000001,0.0,0.8332487313050672,1.0656496380978502,1.0656496380978502,-0.0005419204608436945,0.0070996536532483496,0.006557733192404655,0.062196144811627135,0.17768278125580045,1.5647881312075528e-05,10.000000007349996,1.065649637956708,1.065632282329712,7.349996167249628e-09,-1.411422090313863e-10,1.7078868261408485e-06,5.742883382384156e-19,0.0,0.0,0.0,0.0,-1.4474622469042887e-14,8.881784197001252e-16,0.0,0,0,9.094947017729282e-13,2.220446049250313e-16,2.220446049250313e-16
amp1.0_T12.0,1.0,12.0,225,11.25,0.0,0.8332273008704201,1.0656420503504196,1.0656420503504196,-0.0005419376149893176,0.007099645076175538,0.006557707461186221,0.06219185663436967,0.17770435228236878,1.564876055040944e-05,10.000000006932458,1.0656420501692645,1.0656247033601112,6.932458163078081e-09,-1.811550909280868e-10,1.6982297580105767e-06,1.9312351197398048e-19,0.0,0.0,0.0,0.0,2.1878985541421824e-14,8.881784197001252e-16,0.0,0,0,9.094947017729282e-13,1.1102230246251565e-16,2.220446049250313e-16
amp1.0_T12.0,1.0,12.0,226,11.3,0.0,0.8332057853320999,1.0656345185116411,1.0656345185116411,-0.0005418904864080724,0.00709966864046616,0.006557778154058088,0.0621872404763613,0.17772602670980062,1.5645928354484324e-05,10.000000005250293,1.0656345181666724,1.0656171067732845,5.250292645087029e-09,-3.4496872025613357e-10,1.7658100021919857e-06,-3.5405977195229754e-19,0.0,0.0,0.0,0.0,-2.606061017213033e-14,8.881784197001252e-16,0.0,0,0,1.3642420526593924e-12,3.3306690738754696e-16,2.220446049250313e-16
amp1.0_T12.0,1.0,12.0,227,11.350000000000001,0.0,0.833184089943902,1.0656269257794881,1.0656269257794881,-0.000541778787647576,0.007099724489846409,0.006557945702198833,0.06218226515783104,0.177747886036726,1.5639367461274944e-05,10.000000006145097,1.0656269255575062,1.0656094926266857,6.145096875798117e-09,-2.2198198834644245e-10,1.7937853411735602e-06,-1.1384122811097797e-18,0.0,0.0,0.0,0.0,-7.509228292347861e-15,8.881784197001252e-16,0.0,0,0,9.094947017729282e-13,1.1102230246251565e-16,2.220446049250313e-16
amp1.0_T12.0,1.0,12.0,228,11.4,0.0,0.8331622189159358,1.0656192824432067,1.0656192824432067,-0.0005416019468731058,0.007099812910233644,0.006558210963360538,0.062176929779661966,0.17776992751581205,1.5629047405213424e-05,10.000000007643347,1.0656192823649078,1.0656018611984175,7.643347288421865e-09,-7.829892290089902e-11,1.7921973839929453e-06,1.9668105035244854e-18,0.0,0.0,0.0,0.0,1.9212875648072503e-14,8.881784197001252e-16,0.0,0,0,9.094947017729282e-13,2.220446049250313e-16,2.220446049250313e-16
amp1.0_T12.0,1.0,12.0,229,11.450000000000001,0.0,0.8331401589225167,1.065611576589017,1.065611576589017,-0.0005413594045943495,0.007099934181373022,0.006558574776778673,0.062171227926626854,0.17779216338046896,1.5614939500899667e-05,10.000000008262127,1.0656115765710257,1.0655942126957836,8.262126982572227e-09,-1.7991386158655587e-11,1.7489537325799762e-06,-7.775762455794477e-19,0.0,0.0,0.0,0.0,1.522325729288055e-14,1.1102230246251565e-15,0.0,0,0,1.3642420526593924e-12,2.220446049250313e-16,2.220446049250313e-16
amp1.0_T12.0,1.0,12.0,230,11.5,0.0,0.8331179965046734,1.0656039240843995,1.0656039240843995,-0.0005410505610641967,0.007100088603138098,0.006559038042073901,0.06216518491372598,0.17781452076764145,1.5597016044955122e-05,10.000000005910483,1.065603923756442,1.0655865475544186,5.91048276987749e-09,-3.2795743898361707e-10,1.779513935950764e-06,2.642742795433417e-19,0.0,0.0,0.0,0.0,-3.970781612994438e-14,1.1102230246251565e-15,0.0,0,0,1.3642420526593924e-12,1.1102230246251565e-16,2.220446049250313e-16
amp1.0_T12.0,1.0,12.0,231,11.55,0.0,0.8330957477634392,1.065596350600144,1.065596350600144,-0.000540675075858749,0.007100276345740822,0.006559601269882073,0.06215880482017461,0.17783698681850021,1.5575264424882522e-05,10.000000004247891,1.0655963500671373,1.0655788660053491,4.247890927899789e-09,-5.330067498476865e-10,1.9093303700095388e-06,-8.148456952586369e-19,0.0,0.0,0.0,0.0,2.3956478687196976e-14,8.881784197001252e-16,0.0,0,0,1.3642420526593924e-12,2.220446049250313e-16,2.220446049250313e-16
amp1.0_T12.0,1.0,12.0,232,11.600000000000001,0.0,0.8330731920174582,1.0655885803640461,1.0655885803640461,-0.0005402326566869959,0.007100497555326699,0.006560264898639703,0.06215201644991716,0.17785975067095205,1.5549671866352785e-05,10.000000008221738,1.065588580234279,1.0655711676392259,8.221737957114783e-09,-1.2976708596568187e-10,1.8630529539010151e-06,-2.473336205982557e-19,0.0,0.0,0.0,0.0,1.7719022931306401e-15,8.881784197001252e-16,0.0,0,0,1.3642420526593924e-12,2.220446049250313e-16,2.220446049250313e-16
amp1.0_T12.0,1.0,12.0,233,11.65,0.0,0.8330504034742724,1.0655807152211838,1.0655807152211838,-0.0005397223490677139,0.00710075270913634,0.006561030360068626,0.06214483962104822,0.17788275027724954,1.552019452334148e-05,10.000000009057992,1.0655807152045929,1.0655634527560451,9.0579916900424e-09,-1.6590950835393414e-11,1.7422706153262136e-06,1.1858461261560205e-18,0.0,0.0,0.0,0.0,9.600071524404688e-15,8.881784197001252e-16,0.0,0,0,9.094947017729282e-13,1.1102230246251565e-16,2.220446049250313e-16
amp1.0_T12.0,1.0,12.0,234,11.700000000000001,0.0,0.8330277206079394,1.0655731937135615,1.0655731937135615,-0.0005391434206650648,0.007101042173337665,0.0065618987526726,0.062137379571642906,0.1779056982055655,1.5486807865606325e-05,10.000000003016801,1.065573193091101,1.0655557223138175,3.0168010312081606e-09,-6.224605275662043e-10,1.9845918784559858e-06,-3.8963515573697816e-19,0.0,0.0,0.0,0.0,-7.713242953957637e-16,8.881784197001252e-16,0.0,0,0,1.3642420526593924e-12,1.1102230246251565e-16,2.220446049250313e-16
amp1.0_T12.0,1.0,12.0,235,11.75,0.0,0.8330045775374507,1.0655652998439202,1.0655652998439202,-0.0005384961541992154,0.007101365806570589,0.006562869652371374,0.06212945779955187,0.17792907787838386,1.5449530484613235e-05,10.000000008179159,1.0655652996905733,1.0655479749432095,8.179158683674359e-09,-1.5334689074109065e-10,1.8753702261002295e-06,1.060485249962384e-18,0.0,0.0,0.0,0.0,-2.6431229438201448e-14,8.881784197001252e-16,0.0,0,0,1.3642420526593924e-12,2.220446049250313e-16,2.220446049250313e-16
amp1.0_T12.0,1.0,12.0,236,11.8,0.0,0.8329813424277474,1.0655575120758112,1.0655575120758112,-0.000537779134888667,0.0071017243162258634,0.006563945181337196,0.06212118586417334,0.17795257693043906,1.5408302492287524e-05,10.00000000703324,1.0655575117246778,1.0655402115991812,7.0332397683614545e-09,-3.511333446226672e-10,1.8921741376680726e-06,4.404571325722362e-19,0.0,0.0,0.0,0.0,-1.577343568530832e-14,8.881784197001252e-16,0.0,0,0,1.3642420526593924e-12,2.220446049250313e-16,2.220446049250313e-16
amp1.0_T12.0,1.0,12.0,237,11.850000000000001,0.0,0.8329579499093671,1.0655497539103536,1.0655497539103536,-0.0005369920517393533,0.0071021178578005205,0.006565125806061167,0.06211254220353461,0.1779762522457018,1.5363121052987175e-05,10.00000000583077,1.0655497535894582,1.0655324321378143,5.830770533066243e-09,-3.2089531032397645e-10,1.958651486226678e-06,9.994988777600744e-19,0.0,0.0,0.0,0.0,3.3481999453782024e-14,1.1102230246251565e-15,0.0,0,0,1.3642420526593924e-12,2.220446049250313e-16,2.220446049250313e-16
amp1.0_T12.0,1.0,12.0,238,11.9,0.0,0.8329342856989641,1.0655418879370528,1.0655418879370528,-0.0005361343974933241,0.007102546684923535,0.0065664122874302105,0.062103488847440866,0.17800020265295383,1.531397292427572e-05,10.000000007047113,1.0655418876026537,1.0655246362711468,7.0471131152771704e-09,-3.3439917501709715e-10,1.937692981772709e-06,8.063753657860939e-19,0.0,0.0,0.0,0.0,3.0124059307136755e-14,8.881784197001252e-16,0.0,0,0,9.094947017729282e-13,1.1102230246251565e-16,2.220446049250313e-16
amp1.0_T12.0,1.0,12.0,239,11.950000000000001,0.0,0.6548423585167142,0.8391352483636257,0.8391352483636257,-0.000535205321788963,0.007103011222775716,0.0065678059009867526,0.011395083545184662,0.2896219249169262,1.2018293754061836e-05,10.000000006306855,0.8391353066543014,1.0646993134467149,6.306855482307583e-09,5.8290675619687704e-08,-0.22557608337684318,0.0,0.0,0.0,0.0,0.0,-2.220446049250313e-15,8.881784197001252e-16,0.0,0,0,1.3642420526593924e-12,7.771561172376096e-16,2.220446049250313e-16
amp1.0_T12.0,1.0,12.0,240,12.0,0.0,0.8333333333333334,1.0656334480169984,1.0656334480169984,0.0,0.007370613883670197,0.007370613883670197,0.05949804216542284,0.17760557466949967,0.0,9.988736047343805,1.066109775558285,1.065500547627018,-0.011263952656195286,0.0004763275412864587,0.00013290038998037268,,0.0,0.0,0.0,0.0,,1.3322676295501878e-15,0.0,0,0,0.0,2.609024107869118e-15,2.220446049250313e-16
