r_a,r_b,L,terminal_stage,terminal_stage_label,ge_finite,K,w,Y,T,init_success,init_exception_class,init_exception_message,init_warnings,init_vb_min,hjb_reached,hjb_exception_class,hjb_exception_message,hjb_converged,hjb_iterations,hjb_statistic,hjb_value_finite,hjb_consumption_finite,hjb_labor_finite,hjb_mu_a_finite,hjb_mu_b_finite,hjb_operator_nnz,hjb_operator_data_finite,hjb_row_sum_min,hjb_row_sum_max,hjb_post_operator_nnz,hjb_post_operator_data_finite,hjb_post_row_sum_min,hjb_post_row_sum_max,mu_a_min,mu_a_max,mu_b_min,mu_b_max,hjb_warnings,kfe_reached,kfe_exception_class,kfe_exception_message,kfe_contaminated_row_index,kfe_contaminated_nnz,kfe_contaminated_data_finite,kfe_raw_finite,kfe_raw_min,kfe_raw_max,kfe_normalization_factor,kfe_normalization_valid,kfe_mass_error,kfe_warnings,agg_reached,agg_exception_class,agg_exception_message,agg_finite
0.0,-0.05,0.2,3,HJB_EXCEPTION,1,12.911342135157192,2.8691871411460426,0.8966209816081382,0.13607561423438128,1,,,,-0.8658544038567492,0,ValueError,designated transfer FOCs require positive liquid derivatives,,,,,,,,,,,,,,,,,,,,,,,,,,,,,,,,,,,,,,
0.0,-0.05,0.55,3,HJB_EXCEPTION,1,35.50619087168228,2.8691871411460426,2.4657076994223805,0.2867079391445485,1,,,,-0.7662443837411621,0,ValueError,designated transfer FOCs require positive liquid derivatives,,,,,,,,,,,,,,,,,,,,,,,,,,,,,,,,,,,,,,
0.0,-0.05,0.8999999999999999,3,HJB_EXCEPTION,1,58.10103960820735,2.8691871411460426,4.034794417236622,0.43734026405471566,1,,,,-0.6810647094303423,0,ValueError,designated transfer FOCs require positive liquid derivatives,,,,,,,,,,,,,,,,,,,,,,,,,,,,,,,,,,,,,,
0.0,-0.05,1.2499999999999998,3,HJB_EXCEPTION,1,80.69588834473242,2.8691871411460426,5.603881135050862,0.5879725889648829,1,,,,-0.6079127255501159,0,ValueError,designated transfer FOCs require positive liquid derivatives,,,,,,,,,,,,,,,,,,,,,,,,,,,,,,,,,,,,,,
0.0,-0.05,1.5999999999999999,3,HJB_EXCEPTION,1,103.29073708125752,2.8691871411460426,7.172967852865106,0.7386049138750501,1,,,,-0.544822156754024,0,ValueError,designated transfer FOCs require positive liquid derivatives,,,,,,,,,,,,,,,,,,,,,,,,,,,,,,,,,,,,,,
0.0,-0.05,1.95,3,HJB_EXCEPTION,1,125.8855858177826,2.8691871411460426,8.742054570679349,0.8892372387852174,1,,,,-0.4901799038481813,0,ValueError,designated transfer FOCs require positive liquid derivatives,,,,,,,,,,,,,,,,,,,,,,,,,,,,,,,,,,,,,,
0.0,-0.05,2.3,3,HJB_EXCEPTION,1,148.48043455430766,2.8691871411460426,10.31114128849359,1.0398695636953845,1,,,,-0.44265889873465725,0,ValueError,designated transfer FOCs require positive liquid derivatives,,,,,,,,,,,,,,,,,,,,,,,,,,,,,,,,,,,,,,
0.0,-0.05,2.65,3,HJB_EXCEPTION,1,171.07528329083277,2.8691871411460426,11.880228006307831,1.1905018886055518,1,,,,-0.4011640253969593,0,ValueError,designated transfer FOCs require positive liquid derivatives,,,,,,,,,,,,,,,,,,,,,,,,,,,,,,,,,,,,,,
0.0,-0.05,3.0,3,HJB_EXCEPTION,1,193.67013202735785,2.8691871411460426,13.449314724122072,1.3411342135157192,1,,,,-0.3647886060617752,0,ValueError,designated transfer FOCs require positive liquid derivatives,,,,,,,,,,,,,,,,,,,,,,,,,,,,,,,,,,,,,,
0.0,-0.03125,0.2,3,HJB_EXCEPTION,1,12.911342135157192,2.8691871411460426,0.8966209816081382,0.11732561423438127,1,,,,-0.5103529384862213,0,ValueError,designated transfer FOCs require positive liquid derivatives,,,,,,,,,,,,,,,,,,,,,,,,,,,,,,,,,,,,,,
0.0,-0.03125,0.55,3,HJB_EXCEPTION,1,35.50619087168228,2.8691871411460426,2.4657076994223805,0.2679579391445485,1,,,,-0.4525879923021659,0,ValueError,designated transfer FOCs require positive liquid derivatives,,,,,,,,,,,,,,,,,,,,,,,,,,,,,,,,,,,,,,
0.0,-0.03125,0.8999999999999999,3,HJB_EXCEPTION,1,58.10103960820735,2.8691871411460426,4.034794417236622,0.41859026405471567,1,,,,-0.4030908873641274,0,ValueError,designated transfer FOCs require positive liquid derivatives,,,,,,,,,,,,,,,,,,,,,,,,,,,,,,,,,,,,,,
0.0,-0.03125,1.2499999999999998,3,HJB_EXCEPTION,1,80.69588834473242,2.8691871411460426,5.603881135050862,0.5692225889648829,1,,,,-0.3604967327923459,0,ValueError,designated transfer FOCs require positive liquid derivatives,,,,,,,,,,,,,,,,,,,,,,,,,,,,,,,,,,,,,,
0.0,-0.03125,1.5999999999999999,3,HJB_EXCEPTION,1,103.29073708125752,2.8691871411460426,7.172967852865106,0.7198549138750501,1,,,,-0.32368728834024396,0,ValueError,designated transfer FOCs require positive liquid derivatives,,,,,,,,,,,,,,,,,,,,,,,,,,,,,,,,,,,,,,
0.0,-0.03125,1.95,3,HJB_EXCEPTION,1,125.8855858177826,2.8691871411460426,8.742054570679349,0.8704872387852174,1,,,,-0.29174398363482873,0,ValueError,designated transfer FOCs require positive liquid derivatives,,,,,,,,,,,,,,,,,,,,,,,,,,,,,,,,,,,,,,
0.0,-0.03125,2.3,3,HJB_EXCEPTION,1,148.48043455430766,2.8691871411460426,10.31114128849359,1.0211195636953845,1,,,,-0.263910045644959,0,ValueError,designated transfer FOCs require positive liquid derivatives,,,,,,,,,,,,,,,,,,,,,,,,,,,,,,,,,,,,,,
0.0,-0.03125,2.65,3,HJB_EXCEPTION,1,171.07528329083277,2.8691871411460426,11.880228006307831,1.1717518886055518,1,,,,-0.23956001336533458,0,ValueError,designated transfer FOCs require positive liquid derivatives,,,,,,,,,,,,,,,,,,,,,,,,,,,,,,,,,,,,,,
0.0,-0.03125,3.0,3,HJB_EXCEPTION,1,193.67013202735785,2.8691871411460426,13.449314724122072,1.322384213515719,1,,,,-0.21817521187387862,0,ValueError,designated transfer FOCs require positive liquid derivatives,,,,,,,,,,,,,,,,,,,,,,,,,,,,,,,,,,,,,,
0.0,-0.012499999999999997,0.2,3,HJB_EXCEPTION,1,12.911342135157192,2.8691871411460426,0.8966209816081382,0.09857561423438127,1,,,,-0.19271422398857802,0,ValueError,designated transfer FOCs require positive liquid derivatives,,,,,,,,,,,,,,,,,,,,,,,,,,,,,,,,,,,,,,
0.0,-0.012499999999999997,0.55,3,HJB_EXCEPTION,1,35.50619087168228,2.8691871411460426,2.4657076994223805,0.24920793914454853,1,,,,-0.17125436296471616,0,ValueError,designated transfer FOCs require positive liquid derivatives,,,,,,,,,,,,,,,,,,,,,,,,,,,,,,,,,,,,,,
0.0,-0.012499999999999997,0.8999999999999999,3,HJB_EXCEPTION,1,58.10103960820735,2.8691871411460426,4.034794417236622,0.3998402640547157,1,,,,-0.15282864166498808,0,ValueError,designated transfer FOCs require positive liquid derivatives,,,,,,,,,,,,,,,,,,,,,,,,,,,,,,,,,,,,,,
0.0,-0.012499999999999997,1.2499999999999998,3,HJB_EXCEPTION,1,80.69588834473242,2.8691871411460426,5.603881135050862,0.5504725889648828,1,,,,-0.13694057400634815,0,ValueError,designated transfer FOCs require positive liquid derivatives,,,,,,,,,,,,,,,,,,,,,,,,,,,,,,,,,,,,,,
0.0,-0.012499999999999997,1.5999999999999999,3,HJB_EXCEPTION,1,103.29073708125752,2.8691871411460426,7.172967852865106,0.70110491387505,1,,,,-0.12318290458771637,0,ValueError,designated transfer FOCs require positive liquid derivatives,,,,,,,,,,,,,,,,,,,,,,,,,,,,,,,,,,,,,,
0.0,-0.012499999999999997,1.95,3,HJB_EXCEPTION,1,125.8855858177826,2.8691871411460426,8.742054570679349,0.8517372387852173,1,,,,-0.11122064075904906,0,ValueError,designated transfer FOCs require positive liquid derivatives,,,,,,,,,,,,,,,,,,,,,,,,,,,,,,,,,,,,,,
0.0,-0.012499999999999997,2.3,3,HJB_EXCEPTION,1,148.48043455430766,2.8691871411460426,10.31114128849359,1.0023695636953844,1,,,,-0.10077738556514503,0,ValueError,designated transfer FOCs require positive liquid derivatives,,,,,,,,,,,,,,,,,,,,,,,,,,,,,,,,,,,,,,
0.0,-0.012499999999999997,2.65,3,HJB_EXCEPTION,1,171.07528329083277,2.8691871411460426,11.880228006307831,1.1530018886055518,1,,,,-0.09162434047853601,0,ValueError,designated transfer FOCs require positive liquid derivatives,,,,,,,,,,,,,,,,,,,,,,,,,,,,,,,,,,,,,,
0.0,-0.012499999999999997,3.0,3,HJB_EXCEPTION,1,193.67013202735785,2.8691871411460426,13.449314724122072,1.303634213515719,1,,,,-0.08357145763868497,0,ValueError,designated transfer FOCs require positive liquid derivatives,,,,,,,,,,,,,,,,,,,,,,,,,,,,,,,,,,,,,,
0.0,0.02500000000000001,0.2,6,KFE_CONTAMINATED_ROW_SINGULAR_NONFINITE,1,12.911342135157192,2.8691871411460426,0.8966209816081382,0.061075614234381265,1,,,,0.12549547859560412,1,,,1,10,5.0820656127825714e-08,1,1,1,1,1,3500,1,-1.1102230246251565e-15,1.7763568394002505e-15,3138,1,-1.8832804700818053,1.1657341758564144e-15,-1.659177832851149,0.0,-0.6234772348302982,1.551004504894447,,0,ValueError,faithful contaminated-row solve is non-finite,295,3135,1,,,,,,,MatrixRankWarning,,,,
0.0,0.02500000000000001,0.55,6,KFE_CONTAMINATED_ROW_SINGULAR_NONFINITE,1,35.50619087168228,2.8691871411460426,2.4657076994223805,0.2117079391445485,1,,,,0.11622197617717515,1,,,1,11,1.0135316586001863e-08,1,1,1,1,1,3500,1,-6.661338147750939e-16,1.3322676295501878e-15,3138,1,-1.9223583518199543,1.1657341758564144e-15,-1.6374455639712653,0.0,-0.6121229409480897,1.5395240750861703,,0,ValueError,faithful contaminated-row solve is non-finite,295,3135,1,,,,,,,MatrixRankWarning,,,,
0.0,0.02500000000000001,1.95,6,KFE_CONTAMINATED_ROW_SINGULAR_NONFINITE,1,125.8855858177826,2.8691871411460426,8.742054570679349,0.8142372387852174,1,,,,0.08702433601248422,1,,,1,10,3.894321665143252e-08,1,1,1,1,1,3500,1,-8.881784197001252e-16,1.3322676295501878e-15,3136,1,-2.0456895767611702,1.1657341758564144e-15,-1.5623310930226548,0.0,-0.5692524079761683,1.5026048185030527,,0,ValueError,faithful contaminated-row solve is non-finite,295,3133,1,,,,,,,MatrixRankWarning,,,,
0.0,0.1,0.8999999999999999,6,KFE_CONTAMINATED_ROW_SINGULAR_NONFINITE,1,58.10103960820735,2.8691871411460426,4.034794417236622,0.2873402640547157,1,,,,0.0933673445442905,1,,,1,11,8.662983219664966e-09,1,1,1,1,1,3361,1,-1.4988010832439613e-15,1.3322676295501878e-15,3121,1,-2.6612127088134776,1.1657341758564144e-15,-2.029691480872592,0.0,-0.0712724440439283,2.2730120863881016,,0,ValueError,faithful contaminated-row solve is non-finite,295,3118,1,,,,,,,MatrixRankWarning,,,,
0.0,0.1,1.2499999999999998,6,KFE_CONTAMINATED_ROW_SINGULAR_NONFINITE,1,80.69588834473242,2.8691871411460426,5.603881135050862,0.4379725889648829,1,,,,0.08707472316667904,1,,,1,11,8.947310448093049e-09,1,1,1,1,1,3344,1,-1.4988010832439613e-15,1.3322676295501878e-15,3120,1,-2.730206636146041,1.1657341758564144e-15,-2.019352041278006,0.0,-0.05782906969007984,2.2770119674772786,,0,ValueError,faithful contaminated-row solve is non-finite,295,3117,1,,,,,,,MatrixRankWarning,,,,
0.015,-0.05,0.2,3,HJB_EXCEPTION,1,6.194894528375336,2.202629165644564,0.6883216142639261,0.11607887496933691,1,,,,-1.4221640248641498,0,ValueError,designated transfer FOCs require positive liquid derivatives,,,,,,,,,,,,,,,,,,,,,,,,,,,,,,,,,,,,,,
0.015,-0.05,0.55,3,HJB_EXCEPTION,1,17.035959953032176,2.202629165644564,1.8928844392257973,0.23171690616567653,1,,,,-1.262301472979201,0,ValueError,designated transfer FOCs require positive liquid derivatives,,,,,,,,,,,,,,,,,,,,,,,,,,,,,,,,,,,,,,
0.015,-0.05,0.8999999999999999,3,HJB_EXCEPTION,1,27.87702537768901,2.202629165644564,3.097447264187668,0.34735493736201606,1,,,,-1.1250171603337527,0,ValueError,designated transfer FOCs require positive liquid derivatives,,,,,,,,,,,,,,,,,,,,,,,,,,,,,,,,,,,,,,
0.015,-0.05,1.2499999999999998,3,HJB_EXCEPTION,1,38.71809080234584,2.202629165644564,4.302010089149538,0.4629929685583556,1,,,,-1.0066540198332408,0,ValueError,designated transfer FOCs require positive liquid derivatives,,,,,,,,,,,,,,,,,,,,,,,,,,,,,,,,,,,,,,
0.015,-0.05,1.5999999999999999,3,HJB_EXCEPTION,1,49.55915622700268,2.202629165644564,5.506572914111409,0.5786309997546952,1,,,,-0.9041994864622811,0,ValueError,designated transfer FOCs require positive liquid derivatives,,,,,,,,,,,,,,,,,,,,,,,,,,,,,,,,,,,,,,
0.015,-0.05,1.95,3,HJB_EXCEPTION,1,60.40022165165953,2.202629165644564,6.7111357390732795,0.6942690309510349,1,,,,-0.815166673299875,0,ValueError,designated transfer FOCs require positive liquid derivatives,,,,,,,,,,,,,,,,,,,,,,,,,,,,,,,,,,,,,,
0.015,-0.05,2.3,3,HJB_EXCEPTION,1,71.24128707631635,2.202629165644564,7.915698564035151,0.8099070621473744,1,,,,-0.7374976011233453,0,ValueError,designated transfer FOCs require positive liquid derivatives,,,,,,,,,,,,,,,,,,,,,,,,,,,,,,,,,,,,,,
0.015,-0.05,2.65,3,HJB_EXCEPTION,1,82.0823525009732,2.202629165644564,9.120261388997022,0.925545093343714,1,,,,-0.6694845707650063,0,ValueError,designated transfer FOCs require positive liquid derivatives,,,,,,,,,,,,,,,,,,,,,,,,,,,,,,,,,,,,,,
0.015,-0.05,3.0,3,HJB_EXCEPTION,1,92.92341792563005,2.202629165644564,10.324824213958891,1.0411831245400536,1,,,,-0.6097063622668141,0,ValueError,designated transfer FOCs require positive liquid derivatives,,,,,,,,,,,,,,,,,,,,,,,,,,,,,,,,,,,,,,
0.015,-0.03125,0.2,3,HJB_EXCEPTION,1,6.194894528375336,2.202629165644564,0.6883216142639261,0.09732887496933691,1,,,,-0.8252217299201122,0,ValueError,designated transfer FOCs require positive liquid derivatives,,,,,,,,,,,,,,,,,,,,,,,,,,,,,,,,,,,,,,
0.015,-0.03125,0.55,3,HJB_EXCEPTION,1,17.035959953032176,2.202629165644564,1.8928844392257973,0.2129669061656765,1,,,,-0.7343342643067682,0,ValueError,designated transfer FOCs require positive liquid derivatives,,,,,,,,,,,,,,,,,,,,,,,,,,,,,,,,,,,,,,
0.015,-0.03125,0.8999999999999999,3,HJB_EXCEPTION,1,27.87702537768901,2.202629165644564,3.097447264187668,0.32860493736201607,1,,,,-0.6560917084941156,0,ValueError,designated transfer FOCs require positive liquid derivatives,,,,,,,,,,,,,,,,,,,,,,,,,,,,,,,,,,,,,,
0.015,-0.03125,1.2499999999999998,3,HJB_EXCEPTION,1,38.71809080234584,2.202629165644564,4.302010089149538,0.4442429685583556,1,,,,-0.5884672666821749,0,ValueError,designated transfer FOCs require positive liquid derivatives,,,,,,,,,,,,,,,,,,,,,,,,,,,,,,,,,,,,,,
0.015,-0.03125,1.5999999999999999,3,HJB_EXCEPTION,1,49.55915622700268,2.202629165644564,5.506572914111409,0.5598809997546952,1,,,,-0.5297892280794676,0,ValueError,designated transfer FOCs require positive liquid derivatives,,,,,,,,,,,,,,,,,,,,,,,,,,,,,,,,,,,,,,
0.015,-0.03125,1.95,3,HJB_EXCEPTION,1,60.40022165165953,2.202629165644564,6.7111357390732795,0.6755190309510348,1,,,,-0.478675540670286,0,ValueError,designated transfer FOCs require positive liquid derivatives,,,,,,,,,,,,,,,,,,,,,,,,,,,,,,,,,,,,,,
0.015,-0.03125,2.3,3,HJB_EXCEPTION,1,71.24128707631635,2.202629165644564,7.915698564035151,0.7911570621473744,1,,,,-0.4339806109210369,0,ValueError,designated transfer FOCs require positive liquid derivatives,,,,,,,,,,,,,,,,,,,,,,,,,,,,,,,,,,,,,,
0.015,-0.03125,2.65,3,HJB_EXCEPTION,1,82.0823525009732,2.202629165644564,9.120261388997022,0.906795093343714,1,,,,-0.3947521180204332,0,ValueError,designated transfer FOCs require positive liquid derivatives,,,,,,,,,,,,,,,,,,,,,,,,,,,,,,,,,,,,,,
0.015,-0.03125,3.0,3,HJB_EXCEPTION,1,92.92341792563005,2.202629165644564,10.324824213958891,1.0224331245400538,1,,,,-0.36019598574770073,0,ValueError,designated transfer FOCs require positive liquid derivatives,,,,,,,,,,,,,,,,,,,,,,,,,,,,,,,,,,,,,,
0.015,-0.012499999999999997,0.2,3,HJB_EXCEPTION,1,6.194894528375336,2.202629165644564,0.6883216142639261,0.07857887496933691,1,,,,-0.30694784416628296,0,ValueError,designated transfer FOCs require positive liquid derivatives,,,,,,,,,,,,,,,,,,,,,,,,,,,,,,,,,,,,,,
0.015,-0.012499999999999997,0.55,3,HJB_EXCEPTION,1,17.035959953032176,2.202629165644564,1.8928844392257973,0.1942169061656765,1,,,,-0.2738268678000405,0,ValueError,designated transfer FOCs require positive liquid derivatives,,,,,,,,,,,,,,,,,,,,,,,,,,,,,,,,,,,,,,
0.015,-0.012499999999999997,0.8999999999999999,3,HJB_EXCEPTION,1,27.87702537768901,2.202629165644564,3.097447264187668,0.3098549373620161,1,,,,-0.24524385052494727,0,ValueError,designated transfer FOCs require positive liquid derivatives,,,,,,,,,,,,,,,,,,,,,,,,,,,,,,,,,,,,,,
0.015,-0.012499999999999997,1.2499999999999998,3,HJB_EXCEPTION,1,38.71809080234584,2.202629165644564,4.302010089149538,0.4254929685583556,1,,,,-0.2204793456353075,0,ValueError,designated transfer FOCs require positive liquid derivatives,,,,,,,,,,,,,,,,,,,,,,,,,,,,,,,,,,,,,,
0.015,-0.012499999999999997,1.5999999999999999,3,HJB_EXCEPTION,1,49.55915622700268,2.202629165644564,5.506572914111409,0.5411309997546951,1,,,,-0.19893911701497757,0,ValueError,designated transfer FOCs require positive liquid derivatives,,,,,,,,,,,,,,,,,,,,,,,,,,,,,,,,,,,,,,
0.015,-0.012499999999999997,1.95,3,HJB_EXCEPTION,1,60.40022165165953,2.202629165644564,6.7111357390732795,0.6567690309510348,1,,,,-0.18013110711235822,0,ValueError,designated transfer FOCs require positive liquid derivatives,,,,,,,,,,,,,,,,,,,,,,,,,,,,,,,,,,,,,,
0.015,-0.012499999999999997,2.3,3,HJB_EXCEPTION,1,71.24128707631635,2.202629165644564,7.915698564035151,0.7724070621473743,1,,,,-0.1636467305456516,0,ValueError,designated transfer FOCs require positive liquid derivatives,,,,,,,,,,,,,,,,,,,,,,,,,,,,,,,,,,,,,,
0.015,-0.012499999999999997,2.65,3,HJB_EXCEPTION,1,82.0823525009732,2.202629165644564,9.120261388997022,0.888045093343714,1,,,,-0.1491456980727191,0,ValueError,designated transfer FOCs require positive liquid derivatives,,,,,,,,,,,,,,,,,,,,,,,,,,,,,,,,,,,,,,
0.015,-0.012499999999999997,3.0,3,HJB_EXCEPTION,1,92.92341792563005,2.202629165644564,10.324824213958891,1.0036831245400537,1,,,,-0.1363437086507539,0,ValueError,designated transfer FOCs require positive liquid derivatives,,,,,,,,,,,,,,,,,,,,,,,,,,,,,,,,,,,,,,
0.015,0.0062500000000000056,0.8999999999999999,6,KFE_CONTAMINATED_ROW_SINGULAR_NONFINITE,1,27.87702537768901,2.202629165644564,3.097447264187668,0.29110493736201604,1,,,,0.05098536586272166,1,,,1,11,3.3183777503609235e-08,1,1,1,1,1,4041,1,-7.771561172376096e-16,1.1102230246251565e-15,3146,1,-0.2928509361304316,6.661338147750939e-16,-1.1111707239443596,0.1098186379334206,-0.8859129318673509,0.9662595042283229,,0,ValueError,faithful contaminated-row solve is non-finite,295,3143,1,,,,,,,MatrixRankWarning,,,,
0.015,0.06250000000000001,1.5999999999999999,6,KFE_CONTAMINATED_ROW_SINGULAR_NONFINITE,1,49.55915622700268,2.202629165644564,5.506572914111409,0.4661309997546952,1,,,,0.13460245077831953,1,,,1,10,8.155805986120868e-08,1,1,1,1,1,4145,1,-6.661338147750939e-16,1.3322676295501878e-15,3125,1,-1.2483423797059634,1.1657341758564144e-15,-1.4201109265201723,0.05262351689586041,-0.17615694708431562,1.7205596986033347,,0,ValueError,faithful contaminated-row solve is non-finite,295,3122,1,,,,,,,MatrixRankWarning,,,,
0.015,0.1,1.95,6,KFE_CONTAMINATED_ROW_SINGULAR_NONFINITE,1,60.40022165165953,2.202629165644564,6.7111357390732795,0.5442690309510348,1,,,,0.1161167901102921,1,,,1,10,9.285063384822934e-09,1,1,1,1,1,3918,1,-1.4988010832439613e-15,1.3322676295501878e-15,3118,1,-2.184388250111957,1.1657341758564144e-15,-1.6740343301709293,0.12927828333631447,-2.220446049250313e-16,2.0039796950483577,,0,ValueError,faithful contaminated-row solve is non-finite,295,3115,1,,,,,,,MatrixRankWarning,,,,
0.015,0.1,3.0,6,KFE_CONTAMINATED_ROW_SINGULAR_NONFINITE,1,92.92341792563005,2.202629165644564,10.324824213958891,0.8911831245400537,1,,,,0.09680671323142692,1,,,1,10,8.517531568941195e-09,1,1,1,1,1,3840,1,-1.7208456881689926e-15,1.1657341758564144e-15,3120,1,-2.17113816949582,1.1657341758564144e-15,-1.6469089511490183,0.12362577215481162,0.0,2.0215572532446076,,0,ValueError,faithful contaminated-row solve is non-finite,295,3117,1,,,,,,,MatrixRankWarning,,,,
0.03,-0.05,0.2,3,HJB_EXCEPTION,1,3.766482472623313,1.8413914310602864,0.5754348222063395,0.1052417429318086,1,,,,-2.002542527841062,0,ValueError,designated transfer FOCs require positive liquid derivatives,,,,,,,,,,,,,,,,,,,,,,,,,,,,,,,,,,,,,,
0.03,-0.05,0.55,3,HJB_EXCEPTION,1,10.357826799714111,1.8413914310602864,1.5824457610674338,0.20191479306247362,1,,,,-1.7806172349322882,0,ValueError,designated transfer FOCs require positive liquid derivatives,,,,,,,,,,,,,,,,,,,,,,,,,,,,,,,,,,,,,,
0.03,-0.05,0.8999999999999999,3,HJB_EXCEPTION,1,16.949171126804906,1.8413914310602864,2.589456699928528,0.29858784319313864,1,,,,-1.589531493100327,0,ValueError,designated transfer FOCs require positive liquid derivatives,,,,,,,,,,,,,,,,,,,,,,,,,,,,,,,,,,,,,,
0.03,-0.05,1.2499999999999998,3,HJB_EXCEPTION,1,23.5405154538957,1.8413914310602864,3.596467638789621,0.3952608933238036,1,,,,-1.4243798037164501,0,ValueError,designated transfer FOCs require positive liquid derivatives,,,,,,,,,,,,,,,,,,,,,,,,,,,,,,,,,,,,,,
0.03,-0.05,1.5999999999999999,3,HJB_EXCEPTION,1,30.1318597809865,1.8413914310602864,4.603478577650716,0.49193394345446867,1,,,,-1.281103811580418,0,ValueError,designated transfer FOCs require positive liquid derivatives,,,,,,,,,,,,,,,,,,,,,,,,,,,,,,,,,,,,,,
0.03,-0.05,1.95,3,HJB_EXCEPTION,1,36.7232041080773,1.8413914310602864,5.61048951651181,0.5886069935851338,1,,,,-1.1563397094034156,0,ValueError,designated transfer FOCs require positive liquid derivatives,,,,,,,,,,,,,,,,,,,,,,,,,,,,,,,,,,,,,,
0.03,-0.05,2.3,3,HJB_EXCEPTION,1,43.31454843516809,1.8413914310602864,6.6175004553729035,0.6852800437157988,1,,,,-1.0472931850631326,0,ValueError,designated transfer FOCs require positive liquid derivatives,,,,,,,,,,,,,,,,,,,,,,,,,,,,,,,,,,,,,,
0.03,-0.05,2.65,3,HJB_EXCEPTION,1,49.905892762258894,1.8413914310602864,7.6245113942339975,0.7819530938464638,1,,,,-0.9516372044021577,0,ValueError,designated transfer FOCs require positive liquid derivatives,,,,,,,,,,,,,,,,,,,,,,,,,,,,,,,,,,,,,,
0.03,-0.05,3.0,3,HJB_EXCEPTION,1,56.497237089349696,1.8413914310602864,8.631522333095091,0.8786261439771289,1,,,,-0.8674285951009415,0,ValueError,designated transfer FOCs require positive liquid derivatives,,,,,,,,,,,,,,,,,,,,,,,,,,,,,,,,,,,,,,
0.03,-0.03125,0.2,3,HJB_EXCEPTION,1,3.766482472623313,1.8413914310602864,0.5754348222063395,0.08649174293180859,1,,,,-1.146927218032974,0,ValueError,designated transfer FOCs require positive liquid derivatives,,,,,,,,,,,,,,,,,,,,,,,,,,,,,,,,,,,,,,
0.03,-0.03125,0.55,3,HJB_EXCEPTION,1,10.357826799714111,1.8413914310602864,1.5824457610674338,0.18316479306247363,1,,,,-1.022810493152292,0,ValueError,designated transfer FOCs require positive liquid derivatives,,,,,,,,,,,,,,,,,,,,,,,,,,,,,,,,,,,,,,
0.03,-0.03125,0.8999999999999999,3,HJB_EXCEPTION,1,16.949171126804906,1.8413914310602864,2.589456699928528,0.27983784319313865,1,,,,-0.9156437112287827,0,ValueError,designated transfer FOCs require positive liquid derivatives,,,,,,,,,,,,,,,,,,,,,,,,,,,,,,,,,,,,,,
0.03,-0.03125,1.2499999999999998,3,HJB_EXCEPTION,1,23.5405154538957,1.8413914310602864,3.596467638789621,0.3765108933238036,1,,,,-0.8227628172665848,0,ValueError,designated transfer FOCs require positive liquid derivatives,,,,,,,,,,,,,,,,,,,,,,,,,,,,,,,,,,,,,,
0.03,-0.03125,1.5999999999999999,3,HJB_EXCEPTION,1,30.1318597809865,1.8413914310602864,4.603478577650716,0.4731839434544687,1,,,,-0.7419608367257696,0,ValueError,designated transfer FOCs require positive liquid derivatives,,,,,,,,,,,,,,,,,,,,,,,,,,,,,,,,,,,,,,
0.03,-0.03125,1.95,3,HJB_EXCEPTION,1,36.7232041080773,1.8413914310602864,5.61048951651181,0.5698569935851338,1,,,,-0.671405546333175,0,ValueError,designated transfer FOCs require positive liquid derivatives,,,,,,,,,,,,,,,,,,,,,,,,,,,,,,,,,,,,,,
0.03,-0.03125,2.3,3,HJB_EXCEPTION,1,43.31454843516809,1.8413914310602864,6.6175004553729035,0.6665300437157987,1,,,,-0.6095721403511932,0,ValueError,designated transfer FOCs require positive liquid derivatives,,,,,,,,,,,,,,,,,,,,,,,,,,,,,,,,,,,,,,
0.03,-0.03125,2.65,3,HJB_EXCEPTION,1,49.905892762258894,1.8413914310602864,7.6245113942339975,0.7632030938464638,1,,,,-0.5551882632541815,0,ValueError,designated transfer FOCs require positive liquid derivatives,,,,,,,,,,,,,,,,,,,,,,,,,,,,,,,,,,,,,,
0.03,-0.03125,3.0,3,HJB_EXCEPTION,1,56.497237089349696,1.8413914310602864,8.631522333095091,0.8598761439771289,1,,,,-0.507189182429278,0,ValueError,designated transfer FOCs require positive liquid derivatives,,,,,,,,,,,,,,,,,,,,,,,,,,,,,,,,,,,,,,
0.03,-0.012499999999999997,0.2,3,HJB_EXCEPTION,1,3.766482472623313,1.8413914310602864,0.5754348222063395,0.0677417429318086,1,,,,-0.42132484172458357,0,ValueError,designated transfer FOCs require positive liquid derivatives,,,,,,,,,,,,,,,,,,,,,,,,,,,,,,,,,,,,,,
0.03,-0.012499999999999997,0.55,3,HJB_EXCEPTION,1,10.357826799714111,1.8413914310602864,1.5824457610674338,0.16441479306247364,1,,,,-0.3768071796401376,0,ValueError,designated transfer FOCs require positive liquid derivatives,,,,,,,,,,,,,,,,,,,,,,,,,,,,,,,,,,,,,,
0.03,-0.012499999999999997,0.8999999999999999,3,HJB_EXCEPTION,1,16.949171126804906,1.8413914310602864,2.589456699928528,0.26108784319313866,1,,,,-0.33826168171470933,0,ValueError,designated transfer FOCs require positive liquid derivatives,,,,,,,,,,,,,,,,,,,,,,,,,,,,,,,,,,,,,,
0.03,-0.012499999999999997,1.2499999999999998,3,HJB_EXCEPTION,1,23.5405154538957,1.8413914310602864,3.596467638789621,0.3577608933238036,1,,,,-0.30476149021920457,0,ValueError,designated transfer FOCs require positive liquid derivatives,,,,,,,,,,,,,,,,,,,,,,,,,,,,,,,,,,,,,,
0.03,-0.012499999999999997,1.5999999999999999,3,HJB_EXCEPTION,1,30.1318597809865,1.8413914310602864,4.603478577650716,0.4544339434544687,1,,,,-0.27553758109812976,0,ValueError,designated transfer FOCs require positive liquid derivatives,,,,,,,,,,,,,,,,,,,,,,,,,,,,,,,,,,,,,,
0.03,-0.012499999999999997,1.95,3,HJB_EXCEPTION,1,36.7232041080773,1.8413914310602864,5.61048951651181,0.5511069935851337,1,,,,-0.24995037990299498,0,ValueError,designated transfer FOCs require positive liquid derivatives,,,,,,,,,,,,,,,,,,,,,,,,,,,,,,,,,,,,,,
0.03,-0.012499999999999997,2.3,3,HJB_EXCEPTION,1,43.31454843516809,1.8413914310602864,6.6175004553729035,0.6477800437157987,1,,,,-0.2274665815607944,0,ValueError,designated transfer FOCs require positive liquid derivatives,,,,,,,,,,,,,,,,,,,,,,,,,,,,,,,,,,,,,,
0.03,-0.012499999999999997,2.65,3,HJB_EXCEPTION,1,49.905892762258894,1.8413914310602864,7.6245113942339975,0.7444530938464637,1,,,,-0.2076402428134771,0,ValueError,designated transfer FOCs require positive liquid derivatives,,,,,,,,,,,,,,,,,,,,,,,,,,,,,,,,,,,,,,
0.03,-0.012499999999999997,3.0,3,HJB_EXCEPTION,1,56.497237089349696,1.8413914310602864,8.631522333095091,0.8411261439771288,1,,,,-0.19009736661240645,0,ValueError,designated transfer FOCs require positive liquid derivatives,,,,,,,,,,,,,,,,,,,,,,,,,,,,,,,,,,,,,,
0.03,0.0062500000000000056,1.5999999999999999,6,KFE_CONTAMINATED_ROW_SINGULAR_NONFINITE,1,30.1318597809865,1.8413914310602864,4.603478577650716,0.4356839434544687,1,,,,0.055232277994702726,1,,,1,11,4.8336950442262605e-08,1,1,1,1,1,3448,1,-6.661338147750939e-16,4.440892098500626e-16,3120,1,-0.5130000000000001,4.440892098500626e-16,-0.6811218494413308,0.3734293186730241,-0.9675791914187759,0.7655463872487278,,0,ValueError,faithful contaminated-row solve is non-finite,295,3117,1,,,,,,,MatrixRankWarning,,,,
0.03,0.1,0.55,6,KFE_CONTAMINATED_ROW_SINGULAR_NONFINITE,1,10.357826799714111,1.8413914310602864,1.5824457610674338,0.051914793062473624,1,,,,0.19785932152446387,1,,,1,10,6.332834345812444e-08,1,1,1,1,1,3806,1,-8.881784197001252e-16,1.3322676295501878e-15,3126,1,-1.4729002018079702,1.1657341758564144e-15,-1.3546223766635608,0.3904363988881377,-0.34211015500551367,1.7953825438530204,,0,ValueError,faithful contaminated-row solve is non-finite,295,3123,1,,,,,,,MatrixRankWarning,,,,
0.03,0.1,1.2499999999999998,6,KFE_CONTAMINATED_ROW_SINGULAR_NONFINITE,1,23.5405154538957,1.8413914310602864,3.596467638789621,0.2452608933238036,1,,,,0.1738722273280574,1,,,1,11,7.924651157509288e-09,1,1,1,1,1,3765,1,-7.216449660063518e-16,1.3322676295501878e-15,3127,1,-1.5221841715397622,1.1657341758564144e-15,-1.3223145043094078,0.37963274549775994,-0.33367675972727184,1.8004119405625714,,0,ValueError,faithful contaminated-row solve is non-finite,295,3124,1,,,,,,,MatrixRankWarning,,,,
0.03,0.1,1.95,6,KFE_CONTAMINATED_ROW_SINGULAR_NONFINITE,1,36.7232041080773,1.8413914310602864,5.61048951651181,0.4386069935851338,1,,,,0.15364682849012842,1,,,1,11,7.675463820078221e-09,1,1,1,1,1,3726,1,-6.661338147750939e-16,1.27675647831893e-15,3133,1,-1.5205005626562762,1.1657341758564144e-15,-1.2968904651599347,0.368806527332879,-0.32600300964485474,1.8079974687775533,,0,ValueError,faithful contaminated-row solve is non-finite,295,3130,1,,,,,,,MatrixRankWarning,,,,
0.03,0.1,2.65,6,KFE_CONTAMINATED_ROW_SINGULAR_NONFINITE,1,49.905892762258894,1.8413914310602864,7.6245113942339975,0.6319530938464638,1,,,,0.13648904540510395,1,,,1,10,7.680275615484788e-08,1,1,1,1,1,3707,1,-6.661338147750939e-16,1.27675647831893e-15,3132,1,-1.520161380979582,1.1657341758564144e-15,-1.278159788725087,0.35862370647328284,-0.3185822219908714,1.8177645677870897,,0,ValueError,faithful contaminated-row solve is non-finite,295,3129,1,,,,,,,MatrixRankWarning,,,,
0.045,-0.05,0.2,3,HJB_EXCEPTION,1,2.5839670156683243,1.6078016986380683,0.5024380308243963,0.09823405095914206,1,,,,-2.6051390863653183,0,ValueError,designated transfer FOCs require positive liquid derivatives,,,,,,,,,,,,,,,,,,,,,,,,,,,,,,,,,,,,,,
0.045,-0.05,0.55,3,HJB_EXCEPTION,1,7.105909293087891,1.6078016986380683,1.3817045847670901,0.18264364013764067,1,,,,-2.31925456500348,0,ValueError,designated transfer FOCs require positive liquid derivatives,,,,,,,,,,,,,,,,,,,,,,,,,,,,,,,,,,,,,,
0.045,-0.05,0.8999999999999999,3,HJB_EXCEPTION,1,11.627851570507458,1.6078016986380683,2.2609711387097837,0.26705322931613923,1,,,,-2.072637084934011,0,ValueError,designated transfer FOCs require positive liquid derivatives,,,,,,,,,,,,,,,,,,,,,,,,,,,,,,,,,,,,,,
0.045,-0.05,1.2499999999999998,3,HJB_EXCEPTION,1,16.14979384792702,1.6078016986380683,3.140237692652476,0.35146281849463773,1,,,,-1.8591236671475864,0,ValueError,designated transfer FOCs require positive liquid derivatives,,,,,,,,,,,,,,,,,,,,,,,,,,,,,,,,,,,,,,
0.045,-0.05,1.5999999999999999,3,HJB_EXCEPTION,1,20.67173612534659,1.6078016986380683,4.0195042465951705,0.43587240767313634,1,,,,-1.6735994276869943,0,ValueError,designated transfer FOCs require positive liquid derivatives,,,,,,,,,,,,,,,,,,,,,,,,,,,,,,,,,,,,,,
0.045,-0.05,1.95,3,HJB_EXCEPTION,1,25.19367840276616,1.6078016986380683,4.898770800537864,0.520281996851635,1,,,,-1.5118121456545908,0,ValueError,designated transfer FOCs require positive liquid derivatives,,,,,,,,,,,,,,,,,,,,,,,,,,,,,,,,,,,,,,
0.045,-0.05,2.3,3,HJB_EXCEPTION,1,29.715620680185726,1.6078016986380683,5.778037354480558,0.6046915860301336,1,,,,-1.3702195691227985,0,ValueError,designated transfer FOCs require positive liquid derivatives,,,,,,,,,,,,,,,,,,,,,,,,,,,,,,,,,,,,,,
0.045,-0.05,2.65,3,HJB_EXCEPTION,1,34.23756295760529,1.6078016986380683,6.657303908423252,0.6891011752086322,1,,,,-1.2458640310102829,0,ValueError,designated transfer FOCs require positive liquid derivatives,,,,,,,,,,,,,,,,,,,,,,,,,,,,,,,,,,,,,,
0.045,-0.05,3.0,3,HJB_EXCEPTION,1,38.75950523502486,1.6078016986380683,7.536570462365945,0.7735107643871308,1,,,,-1.136269681340109,0,ValueError,designated transfer FOCs require positive liquid derivatives,,,,,,,,,,,,,,,,,,,,,,,,,,,,,,,,,,,,,,
0.045,-0.03125,0.2,3,HJB_EXCEPTION,1,2.5839670156683243,1.6078016986380683,0.5024380308243963,0.07948405095914204,1,,,,-1.4750427348356294,0,ValueError,designated transfer FOCs require positive liquid derivatives,,,,,,,,,,,,,,,,,,,,,,,,,,,,,,,,,,,,,,
0.045,-0.03125,0.55,3,HJB_EXCEPTION,1,7.105909293087891,1.6078016986380683,1.3817045847670901,0.16389364013764066,1,,,,-1.3174383086680896,0,ValueError,designated transfer FOCs require positive liquid derivatives,,,,,,,,,,,,,,,,,,,,,,,,,,,,,,,,,,,,,,
0.045,-0.03125,0.8999999999999999,3,HJB_EXCEPTION,1,11.627851570507458,1.6078016986380683,2.2609711387097837,0.2483032293161392,1,,,,-1.1810646229137325,0,ValueError,designated transfer FOCs require positive liquid derivatives,,,,,,,,,,,,,,,,,,,,,,,,,,,,,,,,,,,,,,
0.045,-0.03125,1.2499999999999998,3,HJB_EXCEPTION,1,16.14979384792702,1.6078016986380683,3.140237692652476,0.33271281849463774,1,,,,-1.0626332335945463,0,ValueError,designated transfer FOCs require positive liquid derivatives,,,,,,,,,,,,,,,,,,,,,,,,,,,,,,,,,,,,,,
0.045,-0.03125,1.5999999999999999,3,HJB_EXCEPTION,1,20.67173612534659,1.6078016986380683,4.0195042465951705,0.41712240767313635,1,,,,-0.9594110857068532,0,ValueError,designated transfer FOCs require positive liquid derivatives,,,,,,,,,,,,,,,,,,,,,,,,,,,,,,,,,,,,,,
0.045,-0.03125,1.95,3,HJB_EXCEPTION,1,25.19367840276616,1.6078016986380683,4.898770800537864,0.501531996851635,1,,,,-0.8691221959828062,0,ValueError,designated transfer FOCs require positive liquid derivatives,,,,,,,,,,,,,,,,,,,,,,,,,,,,,,,,,,,,,,
0.045,-0.03125,2.3,3,HJB_EXCEPTION,1,29.715620680185726,1.6078016986380683,5.778037354480558,0.5859415860301336,1,,,,-0.7898668909921307,0,ValueError,designated transfer FOCs require positive liquid derivatives,,,,,,,,,,,,,,,,,,,,,,,,,,,,,,,,,,,,,,
0.045,-0.03125,2.65,3,HJB_EXCEPTION,1,34.23756295760529,1.6078016986380683,6.657303908423252,0.6703511752086322,1,,,,-0.7200555979146169,0,ValueError,designated transfer FOCs require positive liquid derivatives,,,,,,,,,,,,,,,,,,,,,,,,,,,,,,,,,,,,,,
0.045,-0.03125,3.0,3,HJB_EXCEPTION,1,38.75950523502486,1.6078016986380683,7.536570462365945,0.7547607643871308,1,,,,-0.6583546281904568,0,ValueError,designated transfer FOCs require positive liquid derivatives,,,,,,,,,,,,,,,,,,,,,,,,,,,,,,,,,,,,,,
0.045,-0.012499999999999997,0.2,3,HJB_EXCEPTION,1,2.5839670156683243,1.6078016986380683,0.5024380308243963,0.06073405095914205,1,,,,-0.5359924146926157,0,ValueError,designated transfer FOCs require positive liquid derivatives,,,,,,,,,,,,,,,,,,,,,,,,,,,,,,,,,,,,,,
0.045,-0.012499999999999997,0.55,3,HJB_EXCEPTION,1,7.105909293087891,1.6078016986380683,1.3817045847670901,0.14514364013764064,1,,,,-0.4802406988967738,0,ValueError,designated transfer FOCs require positive liquid derivatives,,,,,,,,,,,,,,,,,,,,,,,,,,,,,,,,,,,,,,
0.045,-0.012499999999999997,0.8999999999999999,3,HJB_EXCEPTION,1,11.627851570507458,1.6078016986380683,2.2609711387097837,0.2295532293161392,1,,,,-0.4318507805821342,0,ValueError,designated transfer FOCs require positive liquid derivatives,,,,,,,,,,,,,,,,,,,,,,,,,,,,,,,,,,,,,,
0.045,-0.012499999999999997,1.2499999999999998,3,HJB_EXCEPTION,1,16.14979384792702,1.6078016986380683,3.140237692652476,0.31396281849463775,1,,,,-0.38969834054169994,0,ValueError,designated transfer FOCs require positive liquid derivatives,,,,,,,,,,,,,,,,,,,,,,,,,,,,,,,,,,,,,,
0.045,-0.012499999999999997,1.5999999999999999,3,HJB_EXCEPTION,1,20.67173612534659,1.6078016986380683,4.0195042465951705,0.39837240767313636,1,,,,-0.35284739099116835,0,ValueError,designated transfer FOCs require positive liquid derivatives,,,,,,,,,,,,,,,,,,,,,,,,,,,,,,,,,,,,,,
0.045,-0.012499999999999997,1.95,3,HJB_EXCEPTION,1,25.19367840276616,1.6078016986380683,4.898770800537864,0.482781996851635,1,,,,-0.3205169835836626,0,ValueError,designated transfer FOCs require positive liquid derivatives,,,,,,,,,,,,,,,,,,,,,,,,,,,,,,,,,,,,,,
0.045,-0.012499999999999997,2.3,3,HJB_EXCEPTION,1,29.715620680185726,1.6078016986380683,5.778037354480558,0.5671915860301335,1,,,,-0.2920539096899089,0,ValueError,designated transfer FOCs require positive liquid derivatives,,,,,,,,,,,,,,,,,,,,,,,,,,,,,,,,,,,,,,
0.045,-0.012499999999999997,2.65,3,HJB_EXCEPTION,1,34.23756295760529,1.6078016986380683,6.657303908423252,0.6516011752086321,1,,,,-0.26691034283873855,0,ValueError,designated transfer FOCs require positive liquid derivatives,,,,,,,,,,,,,,,,,,,,,,,,,,,,,,,,,,,,,,
0.045,-0.012499999999999997,3.0,3,HJB_EXCEPTION,1,38.75950523502486,1.6078016986380683,7.536570462365945,0.7360107643871308,1,,,,-0.24462553836386086,0,ValueError,designated transfer FOCs require positive liquid derivatives,,,,,,,,,,,,,,,,,,,,,,,,,,,,,,,,,,,,,,
0.045,0.0062500000000000056,0.2,3,HJB_EXCEPTION,1,2.5839670156683243,1.6078016986380683,0.5024380308243963,0.041984050959142045,1,,,,0.08191860444451798,0,ValueError,designated transfer FOCs require positive liquid derivatives,,,,,,,,,,,,,,,,,,,,,,,,,,,,,,,,,,,,,,
0.045,0.0062500000000000056,0.55,3,HJB_EXCEPTION,1,7.105909293087891,1.6078016986380683,1.3817045847670901,0.12639364013764065,1,,,,0.07658001437021714,0,ValueError,designated transfer FOCs require positive liquid derivatives,,,,,,,,,,,,,,,,,,,,,,,,,,,,,,,,,,,,,,
0.045,0.0062500000000000056,0.8999999999999999,3,HJB_EXCEPTION,1,11.627851570507458,1.6078016986380683,2.2609711387097837,0.2108032293161392,1,,,,0.0717077134046491,0,ValueError,designated transfer FOCs require positive liquid derivatives,,,,,,,,,,,,,,,,,,,,,,,,,,,,,,,,,,,,,,
0.045,0.0062500000000000056,1.2499999999999998,3,HJB_EXCEPTION,1,16.14979384792702,1.6078016986380683,3.140237692652476,0.29521281849463776,1,,,,0.06725234830151701,0,ValueError,designated transfer FOCs require positive liquid derivatives,,,,,,,,,,,,,,,,,,,,,,,,,,,,,,,,,,,,,,
0.045,0.0062500000000000056,1.5999999999999999,3,HJB_EXCEPTION,1,20.67173612534659,1.6078016986380683,4.0195042465951705,0.3796224076731364,1,,,,0.06317053292726982,0,ValueError,designated transfer FOCs require positive liquid derivatives,,,,,,,,,,,,,,,,,,,,,,,,,,,,,,,,,,,,,,
0.045,0.0062500000000000056,1.95,3,HJB_EXCEPTION,1,25.19367840276616,1.6078016986380683,4.898770800537864,0.464031996851635,1,,,,0.05942405923008412,0,ValueError,designated transfer FOCs require positive liquid derivatives,,,,,,,,,,,,,,,,,,,,,,,,,,,,,,,,,,,,,,
0.045,0.0062500000000000056,2.3,3,HJB_EXCEPTION,1,29.715620680185726,1.6078016986380683,5.778037354480558,0.5484415860301336,1,,,,0.055979217951908355,0,ValueError,designated transfer FOCs require positive liquid derivatives,,,,,,,,,,,,,,,,,,,,,,,,,,,,,,,,,,,,,,
0.045,0.0062500000000000056,2.65,3,HJB_EXCEPTION,1,34.23756295760529,1.6078016986380683,6.657303908423252,0.6328511752086322,1,,,,0.05280621371106266,0,ValueError,designated transfer FOCs require positive liquid derivatives,,,,,,,,,,,,,,,,,,,,,,,,,,,,,,,,,,,,,,
0.045,0.0062500000000000056,3.0,3,HJB_EXCEPTION,1,38.75950523502486,1.6078016986380683,7.536570462365945,0.7172607643871308,1,,,,0.0498786611144441,0,ValueError,designated transfer FOCs require positive liquid derivatives,,,,,,,,,,,,,,,,,,,,,,,,,,,,,,,,,,,,,,
0.045,0.08125000000000003,1.2499999999999998,6,KFE_CONTAMINATED_ROW_SINGULAR_NONFINITE,1,16.14979384792702,1.6078016986380683,3.140237692652476,0.2202128184946377,1,,,,0.22546459261960633,1,,,1,11,1.1654577747322037e-08,1,1,1,1,1,3754,1,-8.881784197001252e-16,1.3322676295501878e-15,3138,1,-1.0791991030194017,1.1657341758564144e-15,-0.9138728496613822,0.5754680974648806,-0.5445708304094516,1.5178419409486021,,0,ValueError,faithful contaminated-row solve is non-finite,295,3134,1,,,,,,,MatrixRankWarning,,,,
0.045,0.1,0.8999999999999999,6,KFE_CONTAMINATED_ROW_SINGULAR_NONFINITE,1,11.627851570507458,1.6078016986380683,2.2609711387097837,0.1170532293161392,1,,,,0.2270447729171016,1,,,1,11,5.639609668151024e-09,1,1,1,1,1,3731,1,-8.881784197001252e-16,1.3322676295501878e-15,3136,1,-1.2509772019613636,1.1657341758564144e-15,-1.0844389561918841,0.6285722310106023,-0.6011032011622071,1.6449305927287754,,0,ValueError,faithful contaminated-row solve is non-finite,295,3132,1,,,,,,,MatrixRankWarning,,,,
0.045,0.1,1.5999999999999999,6,KFE_CONTAMINATED_ROW_SINGULAR_NONFINITE,1,20.67173612534659,1.6078016986380683,4.0195042465951705,0.2858724076731364,1,,,,0.2008108396476867,1,,,1,11,5.559765980933662e-09,1,1,1,1,1,3696,1,-8.881784197001252e-16,1.3322676295501878e-15,3137,1,-1.2505875875652488,1.1657341758564144e-15,-1.0562081396768295,0.6208545725453487,-0.5935655345677415,1.6511659174298297,,0,ValueError,faithful contaminated-row solve is non-finite,295,3133,1,,,,,,,MatrixRankWarning,,,,
0.045,0.1,1.95,6,KFE_CONTAMINATED_ROW_SINGULAR_NONFINITE,1,25.19367840276616,1.6078016986380683,4.898770800537864,0.370281996851635,1,,,,0.18922139030930005,1,,,1,10,7.266234547387285e-08,1,1,1,1,1,3684,1,-7.216449660063518e-16,1.3322676295501878e-15,3137,1,-1.2504373835801166,1.1657341758564144e-15,-1.0446928834424656,0.6167930302959229,-0.5892373460123532,1.6550798654183927,,0,ValueError,faithful contaminated-row solve is non-finite,295,3133,1,,,,,,,MatrixRankWarning,,,,
0.045,0.1,2.65,6,KFE_CONTAMINATED_ROW_SINGULAR_NONFINITE,1,34.23756295760529,1.6078016986380683,6.657303908423252,0.5391011752086322,1,,,,0.16863430803363552,1,,,1,10,4.754781457450008e-09,1,1,1,1,1,3671,1,-6.106226635438361e-16,1.3877787807814457e-15,3145,1,-1.2502323059685247,1.1657341758564144e-15,-1.0266187532255242,0.6080497131957947,-0.5788757535456357,1.664332234833656,,0,ValueError,faithful contaminated-row solve is non-finite,295,3141,1,,,,,,,MatrixRankWarning,,,,
0.06,-0.05,0.2,3,HJB_EXCEPTION,1,1.907812024351232,1.4414579739542641,0.4504556168607075,0.09324373921862793,1,,,,-3.228696016005315,0,ValueError,designated transfer FOCs require positive liquid derivatives,,,,,,,,,,,,,,,,,,,,,,,,,,,,,,,,,,,,,,
0.06,-0.05,0.55,3,HJB_EXCEPTION,1,5.246483066965888,1.4414579739542641,1.2387529463669458,0.1689202828512268,1,,,,-2.8769405202741516,0,ValueError,designated transfer FOCs require positive liquid derivatives,,,,,,,,,,,,,,,,,,,,,,,,,,,,,,,,,,,,,,
0.06,-0.05,0.8999999999999999,3,HJB_EXCEPTION,1,8.585154109580543,1.4414579739542641,2.027050275873184,0.24459682648382564,1,,,,-2.573068795689394,0,ValueError,designated transfer FOCs require positive liquid derivatives,,,,,,,,,,,,,,,,,,,,,,,,,,,,,,,,,,,,,,
0.06,-0.05,1.2499999999999998,3,HJB_EXCEPTION,1,11.923825152195198,1.4414579739542641,2.8153476053794213,0.3202733701164245,1,,,,-2.309644360378309,0,ValueError,designated transfer FOCs require positive liquid derivatives,,,,,,,,,,,,,,,,,,,,,,,,,,,,,,,,,,,,,,
0.06,-0.05,1.5999999999999999,3,HJB_EXCEPTION,1,15.262496194809854,1.4414579739542641,3.60364493488566,0.39594991374902333,1,,,,-2.0804798735602086,0,ValueError,designated transfer FOCs require positive liquid derivatives,,,,,,,,,,,,,,,,,,,,,,,,,,,,,,,,,,,,,,
0.06,-0.05,1.95,3,HJB_EXCEPTION,1,18.601167237424512,1.4414579739542641,4.391942264391898,0.47162645738162223,1,,,,-1.8804193712183477,0,ValueError,designated transfer FOCs require positive liquid derivatives,,,,,,,,,,,,,,,,,,,,,,,,,,,,,,,,,,,,,,
0.06,-0.05,2.3,3,HJB_EXCEPTION,1,21.939838280039165,1.4414579739542641,5.180239593898136,0.5473030010142211,1,,,,-1.705158240373398,0,ValueError,designated transfer FOCs require positive liquid derivatives,,,,,,,,,,,,,,,,,,,,,,,,,,,,,,,,,,,,,,
0.06,-0.05,2.65,3,HJB_EXCEPTION,1,25.27850932265382,1.4414579739542641,5.968536923404375,0.62297954464682,1,,,,-1.5510948373919908,0,ValueError,designated transfer FOCs require positive liquid derivatives,,,,,,,,,,,,,,,,,,,,,,,,,,,,,,,,,,,,,,
0.06,-0.05,3.0,3,HJB_EXCEPTION,1,28.61718036526848,1.4414579739542641,6.756834252910612,0.6986560882794189,1,,,,-1.4152084395644104,0,ValueError,designated transfer FOCs require positive liquid derivatives,,,,,,,,,,,,,,,,,,,,,,,,,,,,,,,,,,,,,,
0.06,-0.03125,0.2,3,HJB_EXCEPTION,1,1.907812024351232,1.4414579739542641,0.4504556168607075,0.07449373921862792,1,,,,-1.809223568356127,0,ValueError,designated transfer FOCs require positive liquid derivatives,,,,,,,,,,,,,,,,,,,,,,,,,,,,,,,,,,,,,,
0.06,-0.03125,0.55,3,HJB_EXCEPTION,1,5.246483066965888,1.4414579739542641,1.2387529463669458,0.1501702828512268,1,,,,-1.6178050291604027,0,ValueError,designated transfer FOCs require positive liquid derivatives,,,,,,,,,,,,,,,,,,,,,,,,,,,,,,,,,,,,,,
0.06,-0.03125,0.8999999999999999,3,HJB_EXCEPTION,1,8.585154109580543,1.4414579739542641,2.027050275873184,0.22584682648382565,1,,,,-1.4518970443036847,0,ValueError,designated transfer FOCs require positive liquid derivatives,,,,,,,,,,,,,,,,,,,,,,,,,,,,,,,,,,,,,,
0.06,-0.03125,1.2499999999999998,3,HJB_EXCEPTION,1,11.923825152195198,1.4414579739542641,2.8153476053794213,0.3015233701164245,1,,,,-1.307593864742743,0,ValueError,designated transfer FOCs require positive liquid derivatives,,,,,,,,,,,,,,,,,,,,,,,,,,,,,,,,,,,,,,
0.06,-0.03125,1.5999999999999999,3,HJB_EXCEPTION,1,15.262496194809854,1.4414579739542641,3.60364493488566,0.37719991374902334,1,,,,-1.1816410993923694,0,ValueError,designated transfer FOCs require positive liquid derivatives,,,,,,,,,,,,,,,,,,,,,,,,,,,,,,,,,,,,,,
0.06,-0.03125,1.95,3,HJB_EXCEPTION,1,18.601167237424512,1.4414579739542641,4.391942264391898,0.45287645738162224,1,,,,-1.0713220201389086,0,ValueError,designated transfer FOCs require positive liquid derivatives,,,,,,,,,,,,,,,,,,,,,,,,,,,,,,,,,,,,,,
0.06,-0.03125,2.3,3,HJB_EXCEPTION,1,21.939838280039165,1.4414579739542641,5.180239593898136,0.5285530010142211,1,,,,-0.9743638389130597,0,ValueError,designated transfer FOCs require positive liquid derivatives,,,,,,,,,,,,,,,,,,,,,,,,,,,,,,,,,,,,,,
0.06,-0.03125,2.65,3,HJB_EXCEPTION,1,25.27850932265382,1.4414579739542641,5.968536923404375,0.60422954464682,1,,,,-0.8888606109743832,0,ValueError,designated transfer FOCs require positive liquid derivatives,,,,,,,,,,,,,,,,,,,,,,,,,,,,,,,,,,,,,,
0.06,-0.03125,3.0,3,HJB_EXCEPTION,1,28.61718036526848,1.4414579739542641,6.756834252910612,0.6799060882794189,1,,,,-0.8132098960976585,0,ValueError,designated transfer FOCs require positive liquid derivatives,,,,,,,,,,,,,,,,,,,,,,,,,,,,,,,,,,,,,,
0.06,-0.012499999999999997,0.2,3,HJB_EXCEPTION,1,1.907812024351232,1.4414579739542641,0.4504556168607075,0.05574373921862792,1,,,,-0.6510139981657608,0,ValueError,designated transfer FOCs require positive liquid derivatives,,,,,,,,,,,,,,,,,,,,,,,,,,,,,,,,,,,,,,
0.06,-0.012499999999999997,0.55,3,HJB_EXCEPTION,1,5.246483066965888,1.4414579739542641,1.2387529463669458,0.1314202828512268,1,,,,-0.5841380328003071,0,ValueError,designated transfer FOCs require positive liquid derivatives,,,,,,,,,,,,,,,,,,,,,,,,,,,,,,,,,,,,,,
0.06,-0.012499999999999997,0.8999999999999999,3,HJB_EXCEPTION,1,8.585154109580543,1.4414579739542641,2.027050275873184,0.20709682648382566,1,,,,-0.5259818724566157,0,ValueError,designated transfer FOCs require positive liquid derivatives,,,,,,,,,,,,,,,,,,,,,,,,,,,,,,,,,,,,,,
0.06,-0.012499999999999997,1.2499999999999998,3,HJB_EXCEPTION,1,11.923825152195198,1.4414579739542641,2.8153476053794213,0.2827733701164245,1,,,,-0.4752308297765515,0,ValueError,designated transfer FOCs require positive liquid derivatives,,,,,,,,,,,,,,,,,,,,,,,,,,,,,,,,,,,,,,
0.06,-0.012499999999999997,1.5999999999999999,3,HJB_EXCEPTION,1,15.262496194809854,1.4414579739542641,3.60364493488566,0.35844991374902335,1,,,,-0.430787539124709,0,ValueError,designated transfer FOCs require positive liquid derivatives,,,,,,,,,,,,,,,,,,,,,,,,,,,,,,,,,,,,,,
0.06,-0.012499999999999997,1.95,3,HJB_EXCEPTION,1,18.601167237424512,1.4414579739542641,4.391942264391898,0.43412645738162225,1,,,,-0.39173406877986133,0,ValueError,designated transfer FOCs require positive liquid derivatives,,,,,,,,,,,,,,,,,,,,,,,,,,,,,,,,,,,,,,
0.06,-0.012499999999999997,2.3,3,HJB_EXCEPTION,1,21.939838280039165,1.4414579739542641,5.180239593898136,0.509803001014221,1,,,,-0.35730075148119966,0,ValueError,designated transfer FOCs require positive liquid derivatives,,,,,,,,,,,,,,,,,,,,,,,,,,,,,,,,,,,,,,
0.06,-0.012499999999999997,2.65,3,HJB_EXCEPTION,1,25.27850932265382,1.4414579739542641,5.968536923404375,0.58547954464682,1,,,,-0.32684057589008525,0,ValueError,designated transfer FOCs require positive liquid derivatives,,,,,,,,,,,,,,,,,,,,,,,,,,,,,,,,,,,,,,
0.06,-0.012499999999999997,3.0,3,HJB_EXCEPTION,1,28.61718036526848,1.4414579739542641,6.756834252910612,0.6611560882794189,1,,,,-0.2998081595313877,0,ValueError,designated transfer FOCs require positive liquid derivatives,,,,,,,,,,,,,,,,,,,,,,,,,,,,,,,,,,,,,,
0.06,0.0062500000000000056,0.2,3,HJB_EXCEPTION,1,1.907812024351232,1.4414579739542641,0.4504556168607075,0.03699373921862792,1,,,,0.08884545480401228,0,ValueError,designated transfer FOCs require positive liquid derivatives,,,,,,,,,,,,,,,,,,,,,,,,,,,,,,,,,,,,,,
0.06,0.0062500000000000056,0.55,3,HJB_EXCEPTION,1,5.246483066965888,1.4414579739542641,1.2387529463669458,0.1126702828512268,1,,,,0.08316481732254184,0,ValueError,designated transfer FOCs require positive liquid derivatives,,,,,,,,,,,,,,,,,,,,,,,,,,,,,,,,,,,,,,
0.06,0.0062500000000000056,0.8999999999999999,3,HJB_EXCEPTION,1,8.585154109580543,1.4414579739542641,2.027050275873184,0.18834682648382564,1,,,,0.07798230883987753,0,ValueError,designated transfer FOCs require positive liquid derivatives,,,,,,,,,,,,,,,,,,,,,,,,,,,,,,,,,,,,,,
0.06,0.0062500000000000056,1.2499999999999998,3,HJB_EXCEPTION,1,11.923825152195198,1.4414579739542641,2.8153476053794213,0.2640233701164245,1,,,,0.07324421159439304,0,ValueError,designated transfer FOCs require positive liquid derivatives,,,,,,,,,,,,,,,,,,,,,,,,,,,,,,,,,,,,,,
0.06,0.0062500000000000056,1.5999999999999999,3,HJB_EXCEPTION,1,15.262496194809854,1.4414579739542641,3.60364493488566,0.3396999137490233,1,,,,0.06890346490905991,0,ValueError,designated transfer FOCs require positive liquid derivatives,,,,,,,,,,,,,,,,,,,,,,,,,,,,,,,,,,,,,,
0.06,0.0062500000000000056,1.95,3,HJB_EXCEPTION,1,18.601167237424512,1.4414579739542641,4.391942264391898,0.4153764573816222,1,,,,0.06491876432912948,0,ValueError,designated transfer FOCs require positive liquid derivatives,,,,,,,,,,,,,,,,,,,,,,,,,,,,,,,,,,,,,,
0.06,0.0062500000000000056,2.3,3,HJB_EXCEPTION,1,21.939838280039165,1.4414579739542641,5.180239593898136,0.4910530010142211,1,,,,0.061253788043600814,0,ValueError,designated transfer FOCs require positive liquid derivatives,,,,,,,,,,,,,,,,,,,,,,,,,,,,,,,,,,,,,,
0.06,0.0062500000000000056,2.65,3,HJB_EXCEPTION,1,25.27850932265382,1.4414579739542641,5.968536923404375,0.56672954464682,1,,,,0.05787653270667902,0,ValueError,designated transfer FOCs require positive liquid derivatives,,,,,,,,,,,,,,,,,,,,,,,,,,,,,,,,,,,,,,
0.06,0.0062500000000000056,3.0,3,HJB_EXCEPTION,1,28.61718036526848,1.4414579739542641,6.756834252910612,0.6424060882794189,1,,,,0.05475874309444403,0,ValueError,designated transfer FOCs require positive liquid derivatives,,,,,,,,,,,,,,,,,,,,,,,,,,,,,,,,,,,,,,
0.06,0.06250000000000001,3.0,6,KFE_CONTAMINATED_ROW_SINGULAR_NONFINITE,1,28.61718036526848,1.4414579739542641,6.756834252910612,0.5861560882794189,1,,,,0.2106281363006284,1,,,1,11,5.771003941390518e-08,1,1,1,1,1,3703,1,-8.881784197001252e-16,1.3322676295501878e-15,3139,1,-1.026,2.7755575615628914e-16,-0.4397246127150154,0.6874938090574139,-0.6479892107923473,1.2032483503910507,,0,ValueError,faithful contaminated-row solve is non-finite,295,3136,1,,,,,,,MatrixRankWarning,,,,
0.06,0.1,0.2,6,KFE_CONTAMINATED_ROW_SINGULAR_NONFINITE,1,1.907812024351232,1.4414579739542641,0.4504556168607075,-0.05675626078137208,1,,,,0.30212891661567176,1,,,1,11,1.3237144713684756e-08,1,1,1,1,1,3737,1,-8.881784197001252e-16,1.3322676295501878e-15,3129,1,-1.2077873589834192,1.1657341758564144e-15,-0.8966358407476505,0.8202763940748102,-0.7779736154530683,1.5045303833339025,,0,ValueError,faithful contaminated-row solve is non-finite,295,3126,1,,,,,,,MatrixRankWarning,,,,
0.06,0.1,1.2499999999999998,6,KFE_CONTAMINATED_ROW_SINGULAR_NONFINITE,1,11.923825152195198,1.4414579739542641,2.8153476053794213,0.1702733701164245,1,,,,0.2509551391389642,1,,,1,11,2.508691210323377e-08,1,1,1,1,1,3684,1,-8.881784197001252e-16,1.1102230246251565e-15,3134,1,-1.2070058745691656,7.216449660063518e-16,-0.8429558978865215,0.8098639743696254,-0.7673451786679844,1.5118857192439306,,0,ValueError,faithful contaminated-row solve is non-finite,295,3131,1,,,,,,,MatrixRankWarning,,,,
0.06,0.1,1.95,6,KFE_CONTAMINATED_ROW_SINGULAR_NONFINITE,1,18.601167237424512,1.4414579739542641,4.391942264391898,0.3216264573816222,1,,,,0.22317373343556743,1,,,1,11,2.451632141742266e-08,1,1,1,1,1,3667,1,-8.881784197001252e-16,1.1102230246251565e-15,3142,1,-1.2069623887513732,1.1657341758564144e-15,-0.8168033522832308,0.8013290883631177,-0.758107026091851,1.5192419777945858,,0,ValueError,faithful contaminated-row solve is non-finite,295,3139,1,,,,,,,MatrixRankWarning,,,,
0.06,0.1,2.3,6,KFE_CONTAMINATED_ROW_SINGULAR_NONFINITE,1,21.939838280039165,1.4414579739542641,5.180239593898136,0.3973030010142211,1,,,,0.21084009551538027,1,,,1,11,2.195726622744587e-08,1,1,1,1,1,3659,1,-8.881784197001252e-16,1.3322676295501878e-15,3136,1,-1.2069476137686979,7.216449660063518e-16,-0.8062771981694543,0.7963521213817815,-0.7528073455249089,1.523573987669548,,0,ValueError,faithful contaminated-row solve is non-finite,295,3133,1,,,,,,,MatrixRankWarning,,,,
0.075,-0.05,0.2,3,HJB_EXCEPTION,1,1.4799691176422471,1.3155281045708864,0.41110253267840197,0.0894658431371266,1,,,,-3.8723003039043773,0,ValueError,designated transfer FOCs require positive liquid derivatives,,,,,,,,,,,,,,,,,,,,,,,,,,,,,,,,,,,,,,
0.075,-0.05,0.55,3,HJB_EXCEPTION,1,4.06991507351618,1.3155281045708864,1.1305319648656056,0.15853106862709815,1,,,,-3.452767616264111,0,ValueError,designated transfer FOCs require positive liquid derivatives,,,,,,,,,,,,,,,,,,,,,,,,,,,,,,,,,,,,,,
0.075,-0.05,0.8999999999999999,3,HJB_EXCEPTION,1,6.659861029390111,1.3155281045708864,1.849961397052809,0.22759629411706966,1,,,,-3.089936493983003,0,ValueError,designated transfer FOCs require positive liquid derivatives,,,,,,,,,,,,,,,,,,,,,,,,,,,,,,,,,,,,,,
0.075,-0.05,1.2499999999999998,3,HJB_EXCEPTION,1,9.249806985264042,1.3155281045708864,2.5693908292400116,0.2966615196070412,1,,,,-2.775077113148634,0,ValueError,designated transfer FOCs require positive liquid derivatives,,,,,,,,,,,,,,,,,,,,,,,,,,,,,,,,,,,,,,
0.075,-0.05,1.5999999999999999,3,HJB_EXCEPTION,1,11.839752941137975,1.3155281045708864,3.2888202614272157,0.3657267450970127,1,,,,-2.50091092292041,0,ValueError,designated transfer FOCs require positive liquid derivatives,,,,,,,,,,,,,,,,,,,,,,,,,,,,,,,,,,,,,,
0.075,-0.05,1.95,3,HJB_EXCEPTION,1,14.429698897011908,1.3155281045708864,4.008249693614419,0.43479197058698427,1,,,,-2.2613608124840323,0,ValueError,designated transfer FOCs require positive liquid derivatives,,,,,,,,,,,,,,,,,,,,,,,,,,,,,,,,,,,,,,
0.075,-0.05,2.3,3,HJB_EXCEPTION,1,17.01964485288584,1.3155281045708864,4.727679125801623,0.5038571960769558,1,,,,-2.051343878572575,0,ValueError,designated transfer FOCs require positive liquid derivatives,,,,,,,,,,,,,,,,,,,,,,,,,,,,,,,,,,,,,,
0.075,-0.05,2.65,3,HJB_EXCEPTION,1,19.609590808759773,1.3155281045708864,5.447108557988827,0.5729224215669274,1,,,,-1.8666000743274305,0,ValueError,designated transfer FOCs require positive liquid derivatives,,,,,,,,,,,,,,,,,,,,,,,,,,,,,,,,,,,,,,
0.075,-0.05,3.0,3,HJB_EXCEPTION,1,22.199536764633706,1.3155281045708864,6.166537990176029,0.6419876470568989,1,,,,-1.7035508437072042,0,ValueError,designated transfer FOCs require positive liquid derivatives,,,,,,,,,,,,,,,,,,,,,,,,,,,,,,,,,,,,,,
0.075,-0.03125,0.2,3,HJB_EXCEPTION,1,1.4799691176422471,1.3155281045708864,0.41110253267840197,0.07071584313712659,1,,,,-2.1491927053798117,0,ValueError,designated transfer FOCs require positive liquid derivatives,,,,,,,,,,,,,,,,,,,,,,,,,,,,,,,,,,,,,,
0.075,-0.03125,0.55,3,HJB_EXCEPTION,1,4.06991507351618,1.3155281045708864,1.1305319648656056,0.13978106862709816,1,,,,-1.9235985231922317,0,ValueError,designated transfer FOCs require positive liquid derivatives,,,,,,,,,,,,,,,,,,,,,,,,,,,,,,,,,,,,,,
0.075,-0.03125,0.8999999999999999,3,HJB_EXCEPTION,1,6.659861029390111,1.3155281045708864,1.849961397052809,0.20884629411706965,1,,,,-1.7278069673487884,0,ValueError,designated transfer FOCs require positive liquid derivatives,,,,,,,,,,,,,,,,,,,,,,,,,,,,,,,,,,,,,,
0.075,-0.03125,1.2499999999999998,3,HJB_EXCEPTION,1,9.249806985264042,1.3155281045708864,2.5693908292400116,0.2779115196070412,1,,,,-1.5572987266577858,0,ValueError,designated transfer FOCs require positive liquid derivatives,,,,,,,,,,,,,,,,,,,,,,,,,,,,,,,,,,,,,,
0.075,-0.03125,1.5999999999999999,3,HJB_EXCEPTION,1,11.839752941137975,1.3155281045708864,3.2888202614272157,0.3469767450970127,1,,,,-1.408300255409751,0,ValueError,designated transfer FOCs require positive liquid derivatives,,,,,,,,,,,,,,,,,,,,,,,,,,,,,,,,,,,,,,
0.075,-0.03125,1.95,3,HJB_EXCEPTION,1,14.429698897011908,1.3155281045708864,4.008249693614419,0.4160419705869843,1,,,,-1.27765513585512,0,ValueError,designated transfer FOCs require positive liquid derivatives,,,,,,,,,,,,,,,,,,,,,,,,,,,,,,,,,,,,,,
0.075,-0.03125,2.3,3,HJB_EXCEPTION,1,17.01964485288584,1.3155281045708864,4.727679125801623,0.4851071960769558,1,,,,-1.1627177242447502,0,ValueError,designated transfer FOCs require positive liquid derivatives,,,,,,,,,,,,,,,,,,,,,,,,,,,,,,,,,,,,,,
0.075,-0.03125,2.65,3,HJB_EXCEPTION,1,19.609590808759773,1.3155281045708864,5.447108557988827,0.5541724215669274,1,,,,-1.0612654141517317,0,ValueError,designated transfer FOCs require positive liquid derivatives,,,,,,,,,,,,,,,,,,,,,,,,,,,,,,,,,,,,,,
0.075,-0.03125,3.0,3,HJB_EXCEPTION,1,22.199536764633706,1.3155281045708864,6.166537990176029,0.6232376470568989,1,,,,-0.971426358811989,0,ValueError,designated transfer FOCs require positive liquid derivatives,,,,,,,,,,,,,,,,,,,,,,,,,,,,,,,,,,,,,,
0.075,-0.012499999999999997,0.2,3,HJB_EXCEPTION,1,1.4799691176422471,1.3155281045708864,0.41110253267840197,0.05196584313712659,1,,,,-0.7664201481656281,0,ValueError,designated transfer FOCs require positive liquid derivatives,,,,,,,,,,,,,,,,,,,,,,,,,,,,,,,,,,,,,,
0.075,-0.012499999999999997,0.55,3,HJB_EXCEPTION,1,4.06991507351618,1.3155281045708864,1.1305319648656056,0.12103106862709814,1,,,,-0.6884978875003164,0,ValueError,designated transfer FOCs require positive liquid derivatives,,,,,,,,,,,,,,,,,,,,,,,,,,,,,,,,,,,,,,
0.075,-0.012499999999999997,0.8999999999999999,3,HJB_EXCEPTION,1,6.659861029390111,1.3155281045708864,1.849961397052809,0.19009629411706963,1,,,,-0.6206296186501012,0,ValueError,designated transfer FOCs require positive liquid derivatives,,,,,,,,,,,,,,,,,,,,,,,,,,,,,,,,,,,,,,
0.075,-0.012499999999999997,1.2499999999999998,3,HJB_EXCEPTION,1,9.249806985264042,1.3155281045708864,2.5693908292400116,0.25916151960704115,1,,,,-0.561315672790478,0,ValueError,designated transfer FOCs require positive liquid derivatives,,,,,,,,,,,,,,,,,,,,,,,,,,,,,,,,,,,,,,
0.075,-0.012499999999999997,1.5999999999999999,3,HJB_EXCEPTION,1,11.839752941137975,1.3155281045708864,3.2888202614272157,0.3282267450970127,1,,,,-0.509301550629653,0,ValueError,designated transfer FOCs require positive liquid derivatives,,,,,,,,,,,,,,,,,,,,,,,,,,,,,,,,,,,,,,
0.075,-0.012499999999999997,1.95,3,HJB_EXCEPTION,1,14.429698897011908,1.3155281045708864,4.008249693614419,0.3972919705869843,1,,,,-0.4635356738908547,0,ValueError,designated transfer FOCs require positive liquid derivatives,,,,,,,,,,,,,,,,,,,,,,,,,,,,,,,,,,,,,,
0.075,-0.012499999999999997,2.3,3,HJB_EXCEPTION,1,17.01964485288584,1.3155281045708864,4.727679125801623,0.4663571960769558,1,,,,-0.42313453466690526,0,ValueError,designated transfer FOCs require positive liquid derivatives,,,,,,,,,,,,,,,,,,,,,,,,,,,,,,,,,,,,,,
0.075,-0.012499999999999997,2.65,3,HJB_EXCEPTION,1,19.609590808759773,1.3155281045708864,5.447108557988827,0.5354224215669273,1,,,,-0.38735398645694774,0,ValueError,designated transfer FOCs require positive liquid derivatives,,,,,,,,,,,,,,,,,,,,,,,,,,,,,,,,,,,,,,
0.075,-0.012499999999999997,3.0,3,HJB_EXCEPTION,1,22.199536764633706,1.3155281045708864,6.166537990176029,0.6044876470568988,1,,,,-0.35556561019356836,0,ValueError,designated transfer FOCs require positive liquid derivatives,,,,,,,,,,,,,,,,,,,,,,,,,,,,,,,,,,,,,,
0.075,0.0062500000000000056,0.2,3,HJB_EXCEPTION,1,1.4799691176422471,1.3155281045708864,0.41110253267840197,0.03321584313712659,1,,,,0.09398135945803583,0,ValueError,designated transfer FOCs require positive liquid derivatives,,,,,,,,,,,,,,,,,,,,,,,,,,,,,,,,,,,,,,
0.075,0.0062500000000000056,0.55,3,HJB_EXCEPTION,1,4.06991507351618,1.3155281045708864,1.1305319648656056,0.10228106862709814,1,,,,0.08801192033231432,0,ValueError,designated transfer FOCs require positive liquid derivatives,,,,,,,,,,,,,,,,,,,,,,,,,,,,,,,,,,,,,,
0.075,0.0062500000000000056,0.8999999999999999,3,HJB_EXCEPTION,1,6.659861029390111,1.3155281045708864,1.849961397052809,0.17134629411706964,1,,,,0.08257399984239758,0,ValueError,designated transfer FOCs require positive liquid derivatives,,,,,,,,,,,,,,,,,,,,,,,,,,,,,,,,,,,,,,
0.075,0.0062500000000000056,1.2499999999999998,3,HJB_EXCEPTION,1,9.249806985264042,1.3155281045708864,2.5693908292400116,0.24041151960704116,1,,,,0.07760892332659859,0,ValueError,designated transfer FOCs require positive liquid derivatives,,,,,,,,,,,,,,,,,,,,,,,,,,,,,,,,,,,,,,
0.075,0.0062500000000000056,1.5999999999999999,3,HJB_EXCEPTION,1,11.839752941137975,1.3155281045708864,3.2888202614272157,0.30947674509701273,1,,,,0.07306544019861301,0,ValueError,designated transfer FOCs require positive liquid derivatives,,,,,,,,,,,,,,,,,,,,,,,,,,,,,,,,,,,,,,
0.075,0.0062500000000000056,1.95,3,HJB_EXCEPTION,1,14.429698897011908,1.3155281045708864,4.008249693614419,0.37854197058698424,1,,,,0.06889870709732852,0,ValueError,designated transfer FOCs require positive liquid derivatives,,,,,,,,,,,,,,,,,,,,,,,,,,,,,,,,,,,,,,
0.075,0.0062500000000000056,2.3,3,HJB_EXCEPTION,1,17.01964485288584,1.3155281045708864,4.727679125801623,0.44760719607695576,1,,,,0.06506941475324116,0,ValueError,designated transfer FOCs require positive liquid derivatives,,,,,,,,,,,,,,,,,,,,,,,,,,,,,,,,,,,,,,
0.075,0.0062500000000000056,2.65,3,HJB_EXCEPTION,1,19.609590808759773,1.3155281045708864,5.447108557988827,0.5166724215669274,1,,,,0.06154303866495983,0,ValueError,designated transfer FOCs require positive liquid derivatives,,,,,,,,,,,,,,,,,,,,,,,,,,,,,,,,,,,,,,
0.075,0.0062500000000000056,3.0,3,HJB_EXCEPTION,1,22.199536764633706,1.3155281045708864,6.166537990176029,0.5857376470568989,1,,,,0.0582891961653727,0,ValueError,designated transfer FOCs require positive liquid derivatives,,,,,,,,,,,,,,,,,,,,,,,,,,,,,,,,,,,,,,
0.075,0.02500000000000001,0.2,3,HJB_EXCEPTION,1,1.4799691176422471,1.3155281045708864,0.41110253267840197,0.014465843137126587,1,,,,0.35123251384848986,0,ValueError,designated transfer FOCs require positive liquid derivatives,,,,,,,,,,,,,,,,,,,,,,,,,,,,,,,,,,,,,,
0.075,0.02500000000000001,0.55,3,HJB_EXCEPTION,1,4.06991507351618,1.3155281045708864,1.1305319648656056,0.08353106862709814,1,,,,0.3295524814338476,0,ValueError,designated transfer FOCs require positive liquid derivatives,,,,,,,,,,,,,,,,,,,,,,,,,,,,,,,,,,,,,,
0.075,0.02500000000000001,0.8999999999999999,3,HJB_EXCEPTION,1,6.659861029390111,1.3155281045708864,1.849961397052809,0.15259629411706965,1,,,,0.3097559936705661,0,ValueError,designated transfer FOCs require positive liquid derivatives,,,,,,,,,,,,,,,,,,,,,,,,,,,,,,,,,,,,,,
0.075,0.02500000000000001,1.2499999999999998,3,HJB_EXCEPTION,1,9.249806985264042,1.3155281045708864,2.5693908292400116,0.22166151960704117,1,,,,0.29163903273787384,0,ValueError,designated transfer FOCs require positive liquid derivatives,,,,,,,,,,,,,,,,,,,,,,,,,,,,,,,,,,,,,,
0.075,0.02500000000000001,1.5999999999999999,3,HJB_EXCEPTION,1,11.839752941137975,1.3155281045708864,3.2888202614272157,0.2907267450970127,1,,,,0.27502307521268926,0,ValueError,designated transfer FOCs require positive liquid derivatives,,,,,,,,,,,,,,,,,,,,,,,,,,,,,,,,,,,,,,
0.075,0.02500000000000001,1.95,3,HJB_EXCEPTION,1,14.429698897011908,1.3155281045708864,4.008249693614419,0.35979197058698426,1,,,,0.25975161858729323,0,ValueError,designated transfer FOCs require positive liquid derivatives,,,,,,,,,,,,,,,,,,,,,,,,,,,,,,,,,,,,,,
0.075,0.02500000000000001,2.3,3,HJB_EXCEPTION,1,17.01964485288584,1.3155281045708864,4.727679125801623,0.42885719607695577,1,,,,0.2456872003621027,0,ValueError,designated transfer FOCs require positive liquid derivatives,,,,,,,,,,,,,,,,,,,,,,,,,,,,,,,,,,,,,,
0.075,0.02500000000000001,2.65,3,HJB_EXCEPTION,1,19.609590808759773,1.3155281045708864,5.447108557988827,0.49792242156692734,1,,,,0.23270884037580988,0,ValueError,designated transfer FOCs require positive liquid derivatives,,,,,,,,,,,,,,,,,,,,,,,,,,,,,,,,,,,,,,
0.075,0.02500000000000001,3.0,3,HJB_EXCEPTION,1,22.199536764633706,1.3155281045708864,6.166537990176029,0.5669876470568989,1,,,,0.220709846072026,0,ValueError,designated transfer FOCs require positive liquid derivatives,,,,,,,,,,,,,,,,,,,,,,,,,,,,,,,,,,,,,,
0.075,0.08125000000000003,0.8999999999999999,6,KFE_CONTAMINATED_ROW_SINGULAR_NONFINITE,1,6.659861029390111,1.3155281045708864,1.849961397052809,0.09634629411706962,1,,,,0.32508818899683933,1,,,1,11,9.025632863313149e-08,1,1,1,1,1,3716,1,-8.881784197001252e-16,1.3322676295501878e-15,3131,1,-1.2825000000000004,4.996003610813204e-16,-0.4830501759997772,0.9133701081228438,-0.8447902041182924,1.23790455202406,,0,ValueError,faithful contaminated-row solve is non-finite,295,3128,1,,,,,,,MatrixRankWarning,,,,
0.075,0.08125000000000003,1.95,6,KFE_CONTAMINATED_ROW_SINGULAR_NONFINITE,1,14.429698897011908,1.3155281045708864,4.008249693614419,0.30354197058698423,1,,,,0.2720389498418336,1,,,1,11,7.485201791723739e-08,1,1,1,1,1,3680,1,-8.881784197001252e-16,1.1102230246251565e-15,3128,1,-1.3707234145878329,7.216449660063518e-16,-0.42941042031069454,0.9127872489389599,-0.8461622231458922,1.2505165112704,,0,ValueError,faithful contaminated-row solve is non-finite,295,3125,1,,,,,,,MatrixRankWarning,,,,
0.075,0.1,0.2,6,KFE_CONTAMINATED_ROW_SINGULAR_NONFINITE,1,1.4799691176422471,1.3155281045708864,0.41110253267840197,-0.06053415686287341,1,,,,0.3440022086445594,1,,,1,12,4.771948169945972e-09,1,1,1,1,1,3707,1,-8.881784197001252e-16,1.1657341758564144e-15,3128,1,-1.4163746369112982,7.216449660063518e-16,-0.6882912070311764,0.9871385142548064,-0.9127909405997937,1.3786567127606926,,0,ValueError,faithful contaminated-row solve is non-finite,295,3125,1,,,,,,,MatrixRankWarning,,,,
0.075,0.1,0.8999999999999999,6,KFE_CONTAMINATED_ROW_SINGULAR_NONFINITE,1,6.659861029390111,1.3155281045708864,1.849961397052809,0.07759629411706964,1,,,,0.30439157589043375,1,,,1,12,5.0957282837771345e-09,1,1,1,1,1,3685,1,-8.881784197001252e-16,1.3322676295501878e-15,3134,1,-1.4159166555866398,7.216449660063518e-16,-0.6468706009708642,0.9795797309927434,-0.9063725985757224,1.3836092267416176,,0,ValueError,faithful contaminated-row solve is non-finite,295,3131,1,,,,,,,MatrixRankWarning,,,,
0.075,0.1,1.2499999999999998,6,KFE_CONTAMINATED_ROW_SINGULAR_NONFINITE,1,9.249806985264042,1.3155281045708864,2.5693908292400116,0.14666151960704116,1,,,,0.28687578706781935,1,,,1,11,9.585571802972481e-08,1,1,1,1,1,3675,1,-8.881784197001252e-16,1.1657341758564144e-15,3140,1,-1.4158403296684403,7.216449660063518e-16,-0.6292891487877224,0.9753367612883976,-0.9029035736654245,1.3867847861453824,,0,ValueError,faithful contaminated-row solve is non-finite,295,3137,1,,,,,,,MatrixRankWarning,,,,
0.075,0.1,1.5999999999999999,6,KFE_CONTAMINATED_ROW_SINGULAR_NONFINITE,1,11.839752941137975,1.3155281045708864,3.2888202614272157,0.2157267450970127,1,,,,0.27069820060461686,1,,,1,11,8.427321063209092e-08,1,1,1,1,1,3665,1,-6.661338147750939e-16,1.1657341758564144e-15,3140,1,-1.4157899141217773,7.216449660063518e-16,-0.6137927967054473,0.9704226900892297,-0.898845839901035,1.3903627537927377,,0,ValueError,faithful contaminated-row solve is non-finite,295,3137,1,,,,,,,MatrixRankWarning,,,,
0.075,0.1,2.3,6,KFE_CONTAMINATED_ROW_SINGULAR_NONFINITE,1,17.01964485288584,1.3155281045708864,4.727679125801623,0.35385719607695576,1,,,,0.24187974775406415,1,,,1,11,6.591028878233374e-08,1,1,1,1,1,3648,1,-7.771561172376096e-16,1.3322676295501878e-15,3137,1,-1.4157190564450528,7.216449660063518e-16,-0.5881437991849148,0.9595347787385051,-0.8898479097670907,1.3986972933522108,,0,ValueError,faithful contaminated-row solve is non-finite,295,3134,1,,,,,,,MatrixRankWarning,,,,
0.075,0.1,2.65,6,KFE_CONTAMINATED_ROW_SINGULAR_NONFINITE,1,19.609590808759773,1.3155281045708864,5.447108557988827,0.4229224215669274,1,,,,0.22903035947538727,1,,,1,11,5.9543005193063436e-08,1,1,1,1,1,3640,1,-8.881784197001252e-16,1.1657341758564144e-15,3137,1,-1.415700831706347,7.216449660063518e-16,-0.5776434401553894,0.9538333525900078,-0.8851576923592763,1.4034341728933681,,0,ValueError,faithful contaminated-row solve is non-finite,295,3134,1,,,,,,,MatrixRankWarning,,,,
0.09,-0.05,0.2,3,HJB_EXCEPTION,1,1.1896310132469694,1.2160672579857907,0.38002101812055966,0.08648201773957373,1,,,,-4.535259564680562,0,ValueError,designated transfer FOCs require positive liquid derivatives,,,,,,,,,,,,,,,,,,,,,,,,,,,,,,,,,,,,,,
0.09,-0.05,0.55,3,HJB_EXCEPTION,1,3.271485286429166,1.2160672579857907,1.0450577998315391,0.15032554878382776,1,,,,-4.046055249364461,0,ValueError,designated transfer FOCs require positive liquid derivatives,,,,,,,,,,,,,,,,,,,,,,,,,,,,,,,,,,,,,,
0.09,-0.05,0.8999999999999999,3,HJB_EXCEPTION,1,5.353339559611362,1.2160672579857907,1.7100945815425181,0.2141690798280817,1,,,,-3.6225780413606197,0,ValueError,designated transfer FOCs require positive liquid derivatives,,,,,,,,,,,,,,,,,,,,,,,,,,,,,,,,,,,,,,
0.09,-0.05,1.2499999999999998,3,HJB_EXCEPTION,1,7.435193832793558,1.2160672579857907,2.375131363253497,0.2780126108723357,1,,,,-3.2547826258855066,0,ValueError,designated transfer FOCs require positive liquid derivatives,,,,,,,,,,,,,,,,,,,,,,,,,,,,,,,,,,,,,,
0.09,-0.05,1.5999999999999999,3,HJB_EXCEPTION,1,9.517048105975753,1.2160672579857907,3.040168144964477,0.3418561419165897,1,,,,-2.9342787879095003,0,ValueError,designated transfer FOCs require positive liquid derivatives,,,,,,,,,,,,,,,,,,,,,,,,,,,,,,,,,,,,,,
0.09,-0.05,1.95,3,HJB_EXCEPTION,1,11.59890237915795,1.2160672579857907,3.7052049266754556,0.40569967296084375,1,,,,-2.6540496256471084,0,ValueError,designated transfer FOCs require positive liquid derivatives,,,,,,,,,,,,,,,,,,,,,,,,,,,,,,,,,,,,,,
0.09,-0.05,2.3,3,HJB_EXCEPTION,1,13.680756652340147,1.2160672579857907,4.370241708386436,0.46954320400509775,1,,,,-2.4082171223237845,0,ValueError,designated transfer FOCs require positive liquid derivatives,,,,,,,,,,,,,,,,,,,,,,,,,,,,,,,,,,,,,,
0.09,-0.05,2.65,3,HJB_EXCEPTION,1,15.762610925522344,1.2160672579857907,5.035278490097415,0.5333867350493517,1,,,,-2.1918477667547567,0,ValueError,designated transfer FOCs require positive liquid derivatives,,,,,,,,,,,,,,,,,,,,,,,,,,,,,,,,,,,,,,
0.09,-0.05,3.0,3,HJB_EXCEPTION,1,17.84446519870454,1.2160672579857907,5.700315271808394,0.5972302660936059,1,,,,-2.0007917680063594,0,ValueError,designated transfer FOCs require positive liquid derivatives,,,,,,,,,,,,,,,,,,,,,,,,,,,,,,,,,,,,,,
0.09,-0.03125,0.2,3,HJB_EXCEPTION,1,1.1896310132469694,1.2160672579857907,0.38002101812055966,0.06773201773957371,1,,,,-2.4947236603227294,0,ValueError,designated transfer FOCs require positive liquid derivatives,,,,,,,,,,,,,,,,,,,,,,,,,,,,,,,,,,,,,,
0.09,-0.03125,0.55,3,HJB_EXCEPTION,1,3.271485286429166,1.2160672579857907,1.0450577998315391,0.13157554878382774,1,,,,-2.23457272395261,0,ValueError,designated transfer FOCs require positive liquid derivatives,,,,,,,,,,,,,,,,,,,,,,,,,,,,,,,,,,,,,,
0.09,-0.03125,0.8999999999999999,3,HJB_EXCEPTION,1,5.353339559611362,1.2160672579857907,1.7100945815425181,0.1954190798280817,1,,,,-2.008537037064345,0,ValueError,designated transfer FOCs require positive liquid derivatives,,,,,,,,,,,,,,,,,,,,,,,,,,,,,,,,,,,,,,
0.09,-0.03125,1.2499999999999998,3,HJB_EXCEPTION,1,7.435193832793558,1.2160672579857907,2.375131363253497,0.2592626108723357,1,,,,-1.811485342668623,0,ValueError,designated transfer FOCs require positive liquid derivatives,,,,,,,,,,,,,,,,,,,,,,,,,,,,,,,,,,,,,,
0.09,-0.03125,1.5999999999999999,3,HJB_EXCEPTION,1,9.517048105975753,1.2160672579857907,3.040168144964477,0.3231061419165897,1,,,,-1.6391254916511793,0,ValueError,designated transfer FOCs require positive liquid derivatives,,,,,,,,,,,,,,,,,,,,,,,,,,,,,,,,,,,,,,
0.09,-0.03125,1.95,3,HJB_EXCEPTION,1,11.59890237915795,1.2160672579857907,3.7052049266754556,0.38694967296084376,1,,,,-1.487861186503905,0,ValueError,designated transfer FOCs require positive liquid derivatives,,,,,,,,,,,,,,,,,,,,,,,,,,,,,,,,,,,,,,
0.09,-0.03125,2.3,3,HJB_EXCEPTION,1,13.680756652340147,1.2160672579857907,4.370241708386436,0.45079320400509776,1,,,,-1.3546732389455534,0,ValueError,designated transfer FOCs require positive liquid derivatives,,,,,,,,,,,,,,,,,,,,,,,,,,,,,,,,,,,,,,
0.09,-0.03125,2.65,3,HJB_EXCEPTION,1,15.762610925522344,1.2160672579857907,5.035278490097415,0.5146367350493517,1,,,,-1.237021372622822,0,ValueError,designated transfer FOCs require positive liquid derivatives,,,,,,,,,,,,,,,,,,,,,,,,,,,,,,,,,,,,,,
0.09,-0.03125,3.0,3,HJB_EXCEPTION,1,17.84446519870454,1.2160672579857907,5.700315271808394,0.5784802660936058,1,,,,-1.132763137235178,0,ValueError,designated transfer FOCs require positive liquid derivatives,,,,,,,,,,,,,,,,,,,,,,,,,,,,,,,,,,,,,,
0.09,-0.012499999999999997,0.2,3,HJB_EXCEPTION,1,1.1896310132469694,1.2160672579857907,0.38002101812055966,0.04898201773957372,1,,,,-0.8822259766805058,0,ValueError,designated transfer FOCs require positive liquid derivatives,,,,,,,,,,,,,,,,,,,,,,,,,,,,,,,,,,,,,,
0.09,-0.012499999999999997,0.55,3,HJB_EXCEPTION,1,3.271485286429166,1.2160672579857907,1.0450577998315391,0.11282554878382774,1,,,,-0.793314346129845,0,ValueError,designated transfer FOCs require positive liquid derivatives,,,,,,,,,,,,,,,,,,,,,,,,,,,,,,,,,,,,,,
0.09,-0.012499999999999997,0.8999999999999999,3,HJB_EXCEPTION,1,5.353339559611362,1.2160672579857907,1.7100945815425181,0.17666907982808172,1,,,,-0.7157722380502328,0,ValueError,designated transfer FOCs require positive liquid derivatives,,,,,,,,,,,,,,,,,,,,,,,,,,,,,,,,,,,,,,
0.09,-0.012499999999999997,1.2499999999999998,3,HJB_EXCEPTION,1,7.435193832793558,1.2160672579857907,2.375131363253497,0.24051261087233572,1,,,,-0.6479192667240575,0,ValueError,designated transfer FOCs require positive liquid derivatives,,,,,,,,,,,,,,,,,,,,,,,,,,,,,,,,,,,,,,
0.09,-0.012499999999999997,1.5999999999999999,3,HJB_EXCEPTION,1,9.517048105975753,1.2160672579857907,3.040168144964477,0.3043561419165897,1,,,,-0.5883471591488062,0,ValueError,designated transfer FOCs require positive liquid derivatives,,,,,,,,,,,,,,,,,,,,,,,,,,,,,,,,,,,,,,
0.09,-0.012499999999999997,1.95,3,HJB_EXCEPTION,1,11.59890237915795,1.2160672579857907,3.7052049266754556,0.36819967296084377,1,,,,-0.5358733312491921,0,ValueError,designated transfer FOCs require positive liquid derivatives,,,,,,,,,,,,,,,,,,,,,,,,,,,,,,,,,,,,,,
0.09,-0.012499999999999997,2.3,3,HJB_EXCEPTION,1,13.680756652340147,1.2160672579857907,4.370241708386436,0.43204320400509777,1,,,,-0.4895025049751343,0,ValueError,designated transfer FOCs require positive liquid derivatives,,,,,,,,,,,,,,,,,,,,,,,,,,,,,,,,,,,,,,
0.09,-0.012499999999999997,2.65,3,HJB_EXCEPTION,1,15.762610925522344,1.2160672579857907,5.035278490097415,0.49588673504935177,1,,,,-0.44839501801242165,0,ValueError,designated transfer FOCs require positive liquid derivatives,,,,,,,,,,,,,,,,,,,,,,,,,,,,,,,,,,,,,,
0.09,-0.012499999999999997,3.0,3,HJB_EXCEPTION,1,17.84446519870454,1.2160672579857907,5.700315271808394,0.5597302660936058,1,,,,-0.41184067779596484,0,ValueError,designated transfer FOCs require positive liquid derivatives,,,,,,,,,,,,,,,,,,,,,,,,,,,,,,,,,,,,,,
0.09,0.0062500000000000056,0.2,3,HJB_EXCEPTION,1,1.1896310132469694,1.2160672579857907,0.38002101812055966,0.030232017739573715,1,,,,0.09801042261421344,0,ValueError,designated transfer FOCs require positive liquid derivatives,,,,,,,,,,,,,,,,,,,,,,,,,,,,,,,,,,,,,,
0.09,0.0062500000000000056,0.55,3,HJB_EXCEPTION,1,3.271485286429166,1.2160672579857907,1.0450577998315391,0.09407554878382773,1,,,,0.0917612040015808,0,ValueError,designated transfer FOCs require positive liquid derivatives,,,,,,,,,,,,,,,,,,,,,,,,,,,,,,,,,,,,,,
0.09,0.0062500000000000056,0.8999999999999999,3,HJB_EXCEPTION,1,5.353339559611362,1.2160672579857907,1.7100945815425181,0.1579190798280817,1,,,,0.08608040691838069,0,ValueError,designated transfer FOCs require positive liquid derivatives,,,,,,,,,,,,,,,,,,,,,,,,,,,,,,,,,,,,,,
0.09,0.0062500000000000056,1.2499999999999998,3,HJB_EXCEPTION,1,7.435193832793558,1.2160672579857907,2.375131363253497,0.2217626108723357,1,,,,0.08090390039803248,0,ValueError,designated transfer FOCs require positive liquid derivatives,,,,,,,,,,,,,,,,,,,,,,,,,,,,,,,,,,,,,,
0.09,0.0062500000000000056,1.5999999999999999,3,HJB_EXCEPTION,1,9.517048105975753,1.2160672579857907,3.040168144964477,0.28560614191658973,1,,,,0.07617577721272945,0,ValueError,designated transfer FOCs require positive liquid derivatives,,,,,,,,,,,,,,,,,,,,,,,,,,,,,,,,,,,,,,
0.09,0.0062500000000000056,1.95,3,HJB_EXCEPTION,1,11.59890237915795,1.2160672579857907,3.7052049266754556,0.3494496729608437,1,,,,0.07184722479808617,0,ValueError,designated transfer FOCs require positive liquid derivatives,,,,,,,,,,,,,,,,,,,,,,,,,,,,,,,,,,,,,,
0.09,0.0062500000000000056,2.3,3,HJB_EXCEPTION,1,13.680756652340147,1.2160672579857907,4.370241708386436,0.4132932040050977,1,,,,0.06787555436769159,0,ValueError,designated transfer FOCs require positive liquid derivatives,,,,,,,,,,,,,,,,,,,,,,,,,,,,,,,,,,,,,,
0.09,0.0062500000000000056,2.65,3,HJB_EXCEPTION,1,15.762610925522344,1.2160672579857907,5.035278490097415,0.4771367350493517,1,,,,0.06422336675697032,0,ValueError,designated transfer FOCs require positive liquid derivatives,,,,,,,,,,,,,,,,,,,,,,,,,,,,,,,,,,,,,,
0.09,0.0062500000000000056,3.0,3,HJB_EXCEPTION,1,17.84446519870454,1.2160672579857907,5.700315271808394,0.5409802660936058,1,,,,0.06085783611270402,0,ValueError,designated transfer FOCs require positive liquid derivatives,,,,,,,,,,,,,,,,,,,,,,,,,,,,,,,,,,,,,,
0.09,0.02500000000000001,0.2,3,HJB_EXCEPTION,1,1.1896310132469694,1.2160672579857907,0.38002101812055966,0.011482017739573712,1,,,,0.36418996085439354,0,ValueError,designated transfer FOCs require positive liquid derivatives,,,,,,,,,,,,,,,,,,,,,,,,,,,,,,,,,,,,,,
0.09,0.02500000000000001,0.55,3,HJB_EXCEPTION,1,3.271485286429166,1.2160672579857907,1.0450577998315391,0.07532554878382773,1,,,,0.34172284192732805,0,ValueError,designated transfer FOCs require positive liquid derivatives,,,,,,,,,,,,,,,,,,,,,,,,,,,,,,,,,,,,,,
0.09,0.02500000000000001,0.8999999999999999,3,HJB_EXCEPTION,1,5.353339559611362,1.2160672579857907,1.7100945815425181,0.1391690798280817,1,,,,0.32124428229554725,0,ValueError,designated transfer FOCs require positive liquid derivatives,,,,,,,,,,,,,,,,,,,,,,,,,,,,,,,,,,,,,,
0.09,0.02500000000000001,1.2499999999999998,3,HJB_EXCEPTION,1,7.435193832793558,1.2160672579857907,2.375131363253497,0.20301261087233569,1,,,,0.30253429941875404,0,ValueError,designated transfer FOCs require positive liquid derivatives,,,,,,,,,,,,,,,,,,,,,,,,,,,,,,,,,,,,,,
0.09,0.02500000000000001,1.5999999999999999,3,HJB_EXCEPTION,1,9.517048105975753,1.2160672579857907,3.040168144964477,0.2668561419165897,1,,,,0.2854007896135897,0,ValueError,designated transfer FOCs require positive liquid derivatives,,,,,,,,,,,,,,,,,,,,,,,,,,,,,,,,,,,,,,
0.09,0.02500000000000001,1.95,3,HJB_EXCEPTION,1,11.59890237915795,1.2160672579857907,3.7052049266754556,0.33069967296084374,1,,,,0.2696757147698706,0,ValueError,designated transfer FOCs require positive liquid derivatives,,,,,,,,,,,,,,,,,,,,,,,,,,,,,,,,,,,,,,
0.09,0.02500000000000001,2.3,3,HJB_EXCEPTION,1,13.680756652340147,1.2160672579857907,4.370241708386436,0.39454320400509774,1,,,,0.2552118263467738,0,ValueError,designated transfer FOCs require positive liquid derivatives,,,,,,,,,,,,,,,,,,,,,,,,,,,,,,,,,,,,,,
0.09,0.02500000000000001,2.65,3,HJB_EXCEPTION,1,15.762610925522344,1.2160672579857907,5.035278490097415,0.45838673504935173,1,,,,0.2418798523055392,0,ValueError,designated transfer FOCs require positive liquid derivatives,,,,,,,,,,,,,,,,,,,,,,,,,,,,,,,,,,,,,,
0.09,0.02500000000000001,3.0,3,HJB_EXCEPTION,1,17.84446519870454,1.2160672579857907,5.700315271808394,0.5222302660936058,1,,,,0.22956608201959583,0,ValueError,designated transfer FOCs require positive liquid derivatives,,,,,,,,,,,,,,,,,,,,,,,,,,,,,,,,,,,,,,
0.09,0.04375000000000001,0.2,3,HJB_EXCEPTION,1,1.1896310132469694,1.2160672579857907,0.38002101812055966,-0.007267982260426291,1,,,,0.4804799973025159,0,ValueError,designated transfer FOCs require positive liquid derivatives,,,,,,,,,,,,,,,,,,,,,,,,,,,,,,,,,,,,,,
0.09,0.04375000000000001,0.8999999999999999,3,HJB_EXCEPTION,1,5.353339559611362,1.2160672579857907,1.7100945815425181,0.1204190798280817,1,,,,0.4222409772811727,0,ValueError,designated transfer FOCs require positive liquid derivatives,,,,,,,,,,,,,,,,,,,,,,,,,,,,,,,,,,,,,,
0.09,0.04375000000000001,1.2499999999999998,3,HJB_EXCEPTION,1,7.435193832793558,1.2160672579857907,2.375131363253497,0.1842626108723357,1,,,,0.39662451085516054,0,ValueError,designated transfer FOCs require positive liquid derivatives,,,,,,,,,,,,,,,,,,,,,,,,,,,,,,,,,,,,,,
0.09,0.06250000000000001,3.0,6,KFE_CONTAMINATED_ROW_SINGULAR_NONFINITE,1,17.84446519870454,1.2160672579857907,5.700315271808394,0.4847302660936058,1,,,,0.27700977065033117,1,,,1,12,9.905917863761715e-09,1,1,1,1,1,3673,1,-7.216449660063518e-16,1.1657341758564144e-15,3112,1,-1.5390000000000004,2.7755575615628914e-16,0.0,1.0022692487814984,-0.9091739435822199,0.9197705012084577,,0,ValueError,faithful contaminated-row solve is non-finite,295,3109,1,,,,,,,MatrixRankWarning,,,,
0.09,0.08125000000000003,0.55,6,KFE_CONTAMINATED_ROW_SINGULAR_NONFINITE,1,3.271485286429166,1.2160672579857907,1.0450577998315391,0.01907554878382771,1,,,,0.3881628433919339,1,,,1,12,2.078959937534819e-08,1,1,1,1,1,3710,1,-8.881784197001252e-16,1.3322676295501878e-15,3110,1,-1.5390000000000006,4.996003610813204e-16,-0.2968408673562628,1.0776127012923675,-0.9663082492230004,1.1048861755618926,,0,ValueError,faithful contaminated-row solve is non-finite,295,3107,1,,,,,,,MatrixRankWarning,,,,
0.09,0.08125000000000003,1.5999999999999999,6,KFE_CONTAMINATED_ROW_SINGULAR_NONFINITE,1,9.517048105975753,1.2160672579857907,3.040168144964477,0.21060614191658966,1,,,,0.32461430212209846,1,,,1,12,1.144502093097799e-08,1,1,1,1,1,3679,1,-7.771561172376096e-16,1.3322676295501878e-15,3119,1,-1.552869248775471,7.216449660063518e-16,-0.22850052941127674,1.0799063442986334,-0.9723215089539097,1.1191791035724032,,0,ValueError,faithful contaminated-row solve is non-finite,295,3116,1,,,,,,,MatrixRankWarning,,,,
0.09,0.08125000000000003,2.3,6,KFE_CONTAMINATED_ROW_SINGULAR_NONFINITE,1,13.680756652340147,1.2160672579857907,4.370241708386436,0.3382932040050977,1,,,,0.28987191555506203,1,,,1,12,6.136950503332628e-09,1,1,1,1,1,3649,1,-8.881784197001252e-16,1.3322676295501878e-15,3117,1,-1.6015744581862426,7.216449660063518e-16,-0.19318581511641453,1.08174573320438,-0.9767834351881692,1.130684092931018,,0,ValueError,faithful contaminated-row solve is non-finite,295,3114,1,,,,,,,MatrixRankWarning,,,,
0.09,0.08125000000000003,3.0,6,KFE_CONTAMINATED_ROW_SINGULAR_NONFINITE,1,17.84446519870454,1.2160672579857907,5.700315271808394,0.46598026609360577,1,,,,0.2600119017473108,1,,,1,12,6.119954321093246e-09,1,1,1,1,1,3634,1,-6.661338147750939e-16,9.43689570931383e-16,3127,1,-1.6015744581858797,7.216449660063518e-16,-0.16673385639013327,1.0765621682380582,-0.9753125552669959,1.1412918882481535,,0,ValueError,faithful contaminated-row solve is non-finite,295,3124,1,,,,,,,MatrixRankWarning,,,,
0.09,0.1,0.2,3,HJB_EXCEPTION,1,1.1896310132469694,1.2160672579857907,0.38002101812055966,-0.06351798226042629,1,,,,0.3840226500811437,0,ValueError,designated transfer FOCs require positive liquid derivatives,,,,,,,,,,,,,,,,,,,,,,,,,,,,,,,,,,,,,,
0.09,0.1,0.55,3,HJB_EXCEPTION,1,3.271485286429166,1.2160672579857907,1.0450577998315391,0.0003255487838277338,1,,,,0.3614356824323338,0,ValueError,designated transfer FOCs require positive liquid derivatives,,,,,,,,,,,,,,,,,,,,,,,,,,,,,,,,,,,,,,
0.09,0.1,0.8999999999999999,3,HJB_EXCEPTION,1,5.353339559611362,1.2160672579857907,1.7100945815425181,0.0641690798280817,1,,,,0.34060226168611696,0,ValueError,designated transfer FOCs require positive liquid derivatives,,,,,,,,,,,,,,,,,,,,,,,,,,,,,,,,,,,,,,
0.09,0.1,1.2499999999999998,3,HJB_EXCEPTION,1,7.435193832793558,1.2160672579857907,2.375131363253497,0.1280126108723357,1,,,,0.32135988943529653,0,ValueError,designated transfer FOCs require positive liquid derivatives,,,,,,,,,,,,,,,,,,,,,,,,,,,,,,,,,,,,,,
0.09,0.1,1.5999999999999999,3,HJB_EXCEPTION,1,9.517048105975753,1.2160672579857907,3.040168144964477,0.1918561419165897,1,,,,0.3035630543820074,0,ValueError,designated transfer FOCs require positive liquid derivatives,,,,,,,,,,,,,,,,,,,,,,,,,,,,,,,,,,,,,,
0.09,0.1,1.95,3,HJB_EXCEPTION,1,11.59890237915795,1.2160672579857907,3.7052049266754556,0.2556996729608437,1,,,,0.28708130576412916,0,ValueError,designated transfer FOCs require positive liquid derivatives,,,,,,,,,,,,,,,,,,,,,,,,,,,,,,,,,,,,,,
0.09,0.1,2.3,3,HJB_EXCEPTION,1,13.680756652340147,1.2160672579857907,4.370241708386436,0.3195432040050977,1,,,,0.2717975562469781,0,ValueError,designated transfer FOCs require positive liquid derivatives,,,,,,,,,,,,,,,,,,,,,,,,,,,,,,,,,,,,,,
0.105,-0.05,0.2,3,HJB_EXCEPTION,1,0.9822367185114423,1.1350290969465555,0.3546965927957986,0.08405087290839666,1,,,,-5.217032568274784,0,ValueError,designated transfer FOCs require positive liquid derivatives,,,,,,,,,,,,,,,,,,,,,,,,,,,,,,,,,,,,,,
0.105,-0.05,0.55,3,HJB_EXCEPTION,1,2.7011509759064665,1.1350290969465555,0.9754156301884463,0.14363990049809083,1,,,,-4.656275178907689,0,ValueError,designated transfer FOCs require positive liquid derivatives,,,,,,,,,,,,,,,,,,,,,,,,,,,,,,,,,,,,,,
0.105,-0.05,0.8999999999999999,3,HJB_EXCEPTION,1,4.42006523330149,1.1350290969465555,1.596134667581094,0.20322892808778498,1,,,,-4.170482234828233,0,ValueError,designated transfer FOCs require positive liquid derivatives,,,,,,,,,,,,,,,,,,,,,,,,,,,,,,,,,,,,,,
0.105,-0.05,1.2499999999999998,3,HJB_EXCEPTION,1,6.138979490696514,1.1350290969465555,2.216853704973741,0.2628179556774791,1,,,,-3.7482692839780993,0,ValueError,designated transfer FOCs require positive liquid derivatives,,,,,,,,,,,,,,,,,,,,,,,,,,,,,,,,,,,,,,
0.105,-0.05,1.5999999999999999,3,HJB_EXCEPTION,1,7.857893748091538,1.1350290969465555,2.8375727423663886,0.32240698326717326,1,,,,-3.3801128949895816,0,ValueError,designated transfer FOCs require positive liquid derivatives,,,,,,,,,,,,,,,,,,,,,,,,,,,,,,,,,,,,,,
0.105,-0.05,1.95,3,HJB_EXCEPTION,1,9.576808005486562,1.1350290969465555,3.458291779759037,0.38199601085686746,1,,,,-3.0580369346997345,0,ValueError,designated transfer FOCs require positive liquid derivatives,,,,,,,,,,,,,,,,,,,,,,,,,,,,,,,,,,,,,,
0.105,-0.05,2.3,3,HJB_EXCEPTION,1,11.295722262881586,1.1350290969465555,4.079010817151684,0.44158503844656155,1,,,,-2.775350880210111,0,ValueError,designated transfer FOCs require positive liquid derivatives,,,,,,,,,,,,,,,,,,,,,,,,,,,,,,,,,,,,,,
0.105,-0.05,2.65,3,HJB_EXCEPTION,1,13.01463652027661,1.1350290969465555,4.699729854544333,0.5011740660362558,1,,,,-2.5264322951808507,0,ValueError,designated transfer FOCs require positive liquid derivatives,,,,,,,,,,,,,,,,,,,,,,,,,,,,,,,,,,,,,,
0.105,-0.05,3.0,3,HJB_EXCEPTION,1,14.733550777671635,1.1350290969465555,5.320448891936978,0.56076309362595,1,,,,-2.306546478748312,0,ValueError,designated transfer FOCs require positive liquid derivatives,,,,,,,,,,,,,,,,,,,,,,,,,,,,,,,,,,,,,,
0.105,-0.03125,0.2,3,HJB_EXCEPTION,1,0.9822367185114423,1.1350290969465555,0.3546965927957986,0.06530087290839667,1,,,,-2.8456278215125463,0,ValueError,designated transfer FOCs require positive liquid derivatives,,,,,,,,,,,,,,,,,,,,,,,,,,,,,,,,,,,,,,
0.105,-0.03125,0.55,3,HJB_EXCEPTION,1,2.7011509759064665,1.1350290969465555,0.9754156301884463,0.12488990049809083,1,,,,-2.550527666317817,0,ValueError,designated transfer FOCs require positive liquid derivatives,,,,,,,,,,,,,,,,,,,,,,,,,,,,,,,,,,,,,,
0.105,-0.03125,0.8999999999999999,3,HJB_EXCEPTION,1,4.42006523330149,1.1350290969465555,1.596134667581094,0.18447892808778496,1,,,,-2.2938814731146357,0,ValueError,designated transfer FOCs require positive liquid derivatives,,,,,,,,,,,,,,,,,,,,,,,,,,,,,,,,,,,,,,
0.105,-0.03125,1.2499999999999998,3,HJB_EXCEPTION,1,6.138979490696514,1.1350290969465555,2.216853704973741,0.2440679556774791,1,,,,-2.069946209607656,0,ValueError,designated transfer FOCs require positive liquid derivatives,,,,,,,,,,,,,,,,,,,,,,,,,,,,,,,,,,,,,,
0.105,-0.03125,1.5999999999999999,3,HJB_EXCEPTION,1,7.857893748091538,1.1350290969465555,2.8375727423663886,0.3036569832671733,1,,,,-1.8739105672624976,0,ValueError,designated transfer FOCs require positive liquid derivatives,,,,,,,,,,,,,,,,,,,,,,,,,,,,,,,,,,,,,,
0.105,-0.03125,1.95,3,HJB_EXCEPTION,1,9.576808005486562,1.1350290969465555,3.458291779759037,0.3632460108568675,1,,,,-1.701737334130795,0,ValueError,designated transfer FOCs require positive liquid derivatives,,,,,,,,,,,,,,,,,,,,,,,,,,,,,,,,,,,,,,
0.105,-0.03125,2.3,3,HJB_EXCEPTION,1,11.295722262881586,1.1350290969465555,4.079010817151684,0.42283503844656156,1,,,,-1.550032447058803,0,ValueError,designated transfer FOCs require positive liquid derivatives,,,,,,,,,,,,,,,,,,,,,,,,,,,,,,,,,,,,,,
0.105,-0.03125,2.65,3,HJB_EXCEPTION,1,13.01463652027661,1.1350290969465555,4.699729854544333,0.48242406603625576,1,,,,-1.4159364665648773,0,ValueError,designated transfer FOCs require positive liquid derivatives,,,,,,,,,,,,,,,,,,,,,,,,,,,,,,,,,,,,,,
0.105,-0.03125,3.0,3,HJB_EXCEPTION,1,14.733550777671635,1.1350290969465555,5.320448891936978,0.54201309362595,1,,,,-1.2970347771836137,0,ValueError,designated transfer FOCs require positive liquid derivatives,,,,,,,,,,,,,,,,,,,,,,,,,,,,,,,,,,,,,,
0.105,-0.012499999999999997,0.2,3,HJB_EXCEPTION,1,0.9822367185114423,1.1350290969465555,0.3546965927957986,0.046550872908396664,1,,,,-0.9984385248406713,0,ValueError,designated transfer FOCs require positive liquid derivatives,,,,,,,,,,,,,,,,,,,,,,,,,,,,,,,,,,,,,,
0.105,-0.012499999999999997,0.55,3,HJB_EXCEPTION,1,2.7011509759064665,1.1350290969465555,0.9754156301884463,0.10613990049809083,1,,,,-0.8985796839584959,0,ValueError,designated transfer FOCs require positive liquid derivatives,,,,,,,,,,,,,,,,,,,,,,,,,,,,,,,,,,,,,,
0.105,-0.012499999999999997,0.8999999999999999,3,HJB_EXCEPTION,1,4.42006523330149,1.1350290969465555,1.596134667581094,0.16572892808778494,1,,,,-0.81139087982864,0,ValueError,designated transfer FOCs require positive liquid derivatives,,,,,,,,,,,,,,,,,,,,,,,,,,,,,,,,,,,,,,
0.105,-0.012499999999999997,1.2499999999999998,3,HJB_EXCEPTION,1,6.138979490696514,1.1350290969465555,2.216853704973741,0.2253179556774791,1,,,,-0.7350144873078119,0,ValueError,designated transfer FOCs require positive liquid derivatives,,,,,,,,,,,,,,,,,,,,,,,,,,,,,,,,,,,,,,
0.105,-0.012499999999999997,1.5999999999999999,3,HJB_EXCEPTION,1,7.857893748091538,1.1350290969465555,2.8375727423663886,0.2849069832671733,1,,,,-0.6678911982121929,0,ValueError,designated transfer FOCs require positive liquid derivatives,,,,,,,,,,,,,,,,,,,,,,,,,,,,,,,,,,,,,,
0.105,-0.012499999999999997,1.95,3,HJB_EXCEPTION,1,9.576808005486562,1.1350290969465555,3.458291779759037,0.3444960108568675,1,,,,-0.6087095733751419,0,ValueError,designated transfer FOCs require positive liquid derivatives,,,,,,,,,,,,,,,,,,,,,,,,,,,,,,,,,,,,,,
0.105,-0.012499999999999997,2.3,3,HJB_EXCEPTION,1,11.295722262881586,1.1350290969465555,4.079010817151684,0.4040850384465616,1,,,,-0.556364248991526,0,ValueError,designated transfer FOCs require positive liquid derivatives,,,,,,,,,,,,,,,,,,,,,,,,,,,,,,,,,,,,,,
0.105,-0.012499999999999997,2.65,3,HJB_EXCEPTION,1,13.01463652027661,1.1350290969465555,4.699729854544333,0.46367406603625577,1,,,,-0.5099213622711624,0,ValueError,designated transfer FOCs require positive liquid derivatives,,,,,,,,,,,,,,,,,,,,,,,,,,,,,,,,,,,,,,
0.105,-0.012499999999999997,3.0,3,HJB_EXCEPTION,1,14.733550777671635,1.1350290969465555,5.320448891936978,0.5232630936259499,1,,,,-0.4685899710188812,0,ValueError,designated transfer FOCs require positive liquid derivatives,,,,,,,,,,,,,,,,,,,,,,,,,,,,,,,,,,,,,,
0.105,0.0062500000000000056,0.2,3,HJB_EXCEPTION,1,0.9822367185114423,1.1350290969465555,0.3546965927957986,0.02780087290839666,1,,,,0.1014132733271766,0,ValueError,designated transfer FOCs require positive liquid derivatives,,,,,,,,,,,,,,,,,,,,,,,,,,,,,,,,,,,,,,
0.105,0.0062500000000000056,0.55,3,HJB_EXCEPTION,1,2.7011509759064665,1.1350290969465555,0.9754156301884463,0.08738990049809083,1,,,,0.09487083698564241,0,ValueError,designated transfer FOCs require positive liquid derivatives,,,,,,,,,,,,,,,,,,,,,,,,,,,,,,,,,,,,,,
0.105,0.0062500000000000056,0.8999999999999999,3,HJB_EXCEPTION,1,4.42006523330149,1.1350290969465555,1.596134667581094,0.14697892808778495,1,,,,0.0889373408009147,0,ValueError,designated transfer FOCs require positive liquid derivatives,,,,,,,,,,,,,,,,,,,,,,,,,,,,,,,,,,,,,,
0.105,0.0062500000000000056,1.2499999999999998,3,HJB_EXCEPTION,1,6.138979490696514,1.1350290969465555,2.216853704973741,0.2065679556774791,1,,,,0.08354288496169814,0,ValueError,designated transfer FOCs require positive liquid derivatives,,,,,,,,,,,,,,,,,,,,,,,,,,,,,,,,,,,,,,
0.105,0.0062500000000000056,1.5999999999999999,3,HJB_EXCEPTION,1,7.857893748091538,1.1350290969465555,2.8375727423663886,0.2661569832671733,1,,,,0.07862659103072998,0,ValueError,designated transfer FOCs require positive liquid derivatives,,,,,,,,,,,,,,,,,,,,,,,,,,,,,,,,,,,,,,
0.105,0.0062500000000000056,1.95,3,HJB_EXCEPTION,1,9.576808005486562,1.1350290969465555,3.458291779759037,0.3257460108568675,1,,,,0.07413536809349656,0,ValueError,designated transfer FOCs require positive liquid derivatives,,,,,,,,,,,,,,,,,,,,,,,,,,,,,,,,,,,,,,
0.105,0.0062500000000000056,2.3,3,HJB_EXCEPTION,1,11.295722262881586,1.1350290969465555,4.079010817151684,0.3853350384465616,1,,,,0.07002284961236782,0,ValueError,designated transfer FOCs require positive liquid derivatives,,,,,,,,,,,,,,,,,,,,,,,,,,,,,,,,,,,,,,
0.105,0.0062500000000000056,2.65,3,HJB_EXCEPTION,1,13.01463652027661,1.1350290969465555,4.699729854544333,0.4449240660362558,1,,,,0.06624847831662857,0,ValueError,designated transfer FOCs require positive liquid derivatives,,,,,,,,,,,,,,,,,,,,,,,,,,,,,,,,,,,,,,
0.105,0.0062500000000000056,3.0,3,HJB_EXCEPTION,1,14.733550777671635,1.1350290969465555,5.320448891936978,0.50451309362595,1,,,,0.06277671908723192,0,ValueError,designated transfer FOCs require positive liquid derivatives,,,,,,,,,,,,,,,,,,,,,,,,,,,,,,,,,,,,,,
0.105,0.02500000000000001,0.2,3,HJB_EXCEPTION,1,0.9822367185114423,1.1350290969465555,0.3546965927957986,0.009050872908396658,1,,,,0.3745373424281324,0,ValueError,designated transfer FOCs require positive liquid derivatives,,,,,,,,,,,,,,,,,,,,,,,,,,,,,,,,,,,,,,
0.105,0.02500000000000001,0.55,3,HJB_EXCEPTION,1,2.7011509759064665,1.1350290969465555,0.9754156301884463,0.06863990049809082,1,,,,0.3512569433228155,0,ValueError,designated transfer FOCs require positive liquid derivatives,,,,,,,,,,,,,,,,,,,,,,,,,,,,,,,,,,,,,,
0.105,0.02500000000000001,0.8999999999999999,3,HJB_EXCEPTION,1,4.42006523330149,1.1350290969465555,1.596134667581094,0.12822892808778497,1,,,,0.3300811503147075,0,ValueError,designated transfer FOCs require positive liquid derivatives,,,,,,,,,,,,,,,,,,,,,,,,,,,,,,,,,,,,,,
0.105,0.02500000000000001,1.2499999999999998,3,HJB_EXCEPTION,1,6.138979490696514,1.1350290969465555,2.216853704973741,0.1878179556774791,1,,,,0.31077306820402634,0,ValueError,designated transfer FOCs require positive liquid derivatives,,,,,,,,,,,,,,,,,,,,,,,,,,,,,,,,,,,,,,
0.105,0.02500000000000001,1.5999999999999999,3,HJB_EXCEPTION,1,7.857893748091538,1.1350290969465555,2.8375727423663886,0.24740698326717325,1,,,,0.29312604749238347,0,ValueError,designated transfer FOCs require positive liquid derivatives,,,,,,,,,,,,,,,,,,,,,,,,,,,,,,,,,,,,,,
0.105,0.02500000000000001,1.95,3,HJB_EXCEPTION,1,9.576808005486562,1.1350290969465555,3.458291779759037,0.30699601085686745,1,,,,0.2769595574592236,0,ValueError,designated transfer FOCs require positive liquid derivatives,,,,,,,,,,,,,,,,,,,,,,,,,,,,,,,,,,,,,,
0.105,0.02500000000000001,2.3,3,HJB_EXCEPTION,1,11.295722262881586,1.1350290969465555,4.079010817151684,0.36658503844656154,1,,,,0.2621156344870492,0,ValueError,designated transfer FOCs require positive liquid derivatives,,,,,,,,,,,,,,,,,,,,,,,,,,,,,,,,,,,,,,
0.105,0.02500000000000001,2.65,3,HJB_EXCEPTION,1,13.01463652027661,1.1350290969465555,4.699729854544333,0.42617406603625574,1,,,,0.24845582748889325,0,ValueError,designated transfer FOCs require positive liquid derivatives,,,,,,,,,,,,,,,,,,,,,,,,,,,,,,,,,,,,,,
0.105,0.02500000000000001,3.0,3,HJB_EXCEPTION,1,14.733550777671635,1.1350290969465555,5.320448891936978,0.48576309362594994,1,,,,0.23585857188084394,0,ValueError,designated transfer FOCs require positive liquid derivatives,,,,,,,,,,,,,,,,,,,,,,,,,,,,,,,,,,,,,,
0.105,0.04375000000000001,0.2,3,HJB_EXCEPTION,1,0.9822367185114423,1.1350290969465555,0.3546965927957986,-0.009699127091603345,1,,,,0.5350624281913662,0,ValueError,designated transfer FOCs require positive liquid derivatives,,,,,,,,,,,,,,,,,,,,,,,,,,,,,,,,,,,,,,
0.105,0.04375000000000001,0.55,3,HJB_EXCEPTION,1,2.7011509759064665,1.1350290969465555,0.9754156301884463,0.04988990049809082,1,,,,0.5016731560381986,0,ValueError,designated transfer FOCs require positive liquid derivatives,,,,,,,,,,,,,,,,,,,,,,,,,,,,,,,,,,,,,,
0.105,0.04375000000000001,0.8999999999999999,3,HJB_EXCEPTION,1,4.42006523330149,1.1350290969465555,1.596134667581094,0.10947892808778495,1,,,,0.470996508051676,0,ValueError,designated transfer FOCs require positive liquid derivatives,,,,,,,,,,,,,,,,,,,,,,,,,,,,,,,,,,,,,,
0.105,0.04375000000000001,1.2499999999999998,3,HJB_EXCEPTION,1,6.138979490696514,1.1350290969465555,2.216853704973741,0.1690679556774791,1,,,,0.442772577165319,0,ValueError,designated transfer FOCs require positive liquid derivatives,,,,,,,,,,,,,,,,,,,,,,,,,,,,,,,,,,,,,,
0.105,0.04375000000000001,1.5999999999999999,3,HJB_EXCEPTION,1,7.857893748091538,1.1350290969465555,2.8375727423663886,0.22865698326717326,1,,,,0.4167692124767902,0,ValueError,designated transfer FOCs require positive liquid derivatives,,,,,,,,,,,,,,,,,,,,,,,,,,,,,,,,,,,,,,
0.105,0.04375000000000001,1.95,3,HJB_EXCEPTION,1,9.576808005486562,1.1350290969465555,3.458291779759037,0.28824601085686746,1,,,,0.39277884694438836,0,ValueError,designated transfer FOCs require positive liquid derivatives,,,,,,,,,,,,,,,,,,,,,,,,,,,,,,,,,,,,,,
0.105,0.04375000000000001,2.3,3,HJB_EXCEPTION,1,11.295722262881586,1.1350290969465555,4.079010817151684,0.34783503844656155,1,,,,0.37061569915455833,0,ValueError,designated transfer FOCs require positive liquid derivatives,,,,,,,,,,,,,,,,,,,,,,,,,,,,,,,,,,,,,,
0.105,0.04375000000000001,2.65,3,HJB_EXCEPTION,1,13.01463652027661,1.1350290969465555,4.699729854544333,0.40742406603625575,1,,,,0.3501133055880185,0,ValueError,designated transfer FOCs require positive liquid derivatives,,,,,,,,,,,,,,,,,,,,,,,,,,,,,,,,,,,,,,
0.105,0.04375000000000001,3.0,3,HJB_EXCEPTION,1,14.733550777671635,1.1350290969465555,5.320448891936978,0.46701309362594995,1,,,,0.3311223444709819,0,ValueError,designated transfer FOCs require positive liquid derivatives,,,,,,,,,,,,,,,,,,,,,,,,,,,,,,,,,,,,,,
0.105,0.06250000000000001,0.2,3,HJB_EXCEPTION,1,0.9822367185114423,1.1350290969465555,0.3546965927957986,-0.028449127091603348,1,,,,0.4934904498382147,0,ValueError,designated transfer FOCs require positive liquid derivatives,,,,,,,,,,,,,,,,,,,,,,,,,,,,,,,,,,,,,,
0.105,0.06250000000000001,0.55,3,HJB_EXCEPTION,1,2.7011509759064665,1.1350290969465555,0.9754156301884463,0.031139900498090817,1,,,,0.46347186694576015,0,ValueError,designated transfer FOCs require positive liquid derivatives,,,,,,,,,,,,,,,,,,,,,,,,,,,,,,,,,,,,,,
0.105,0.06250000000000001,0.8999999999999999,3,HJB_EXCEPTION,1,4.42006523330149,1.1350290969465555,1.596134667581094,0.09072892808778495,1,,,,0.43584343571980255,0,ValueError,designated transfer FOCs require positive liquid derivatives,,,,,,,,,,,,,,,,,,,,,,,,,,,,,,,,,,,,,,
0.105,0.06250000000000001,1.2499999999999998,3,HJB_EXCEPTION,1,6.138979490696514,1.1350290969465555,2.216853704973741,0.15031795567747908,1,,,,0.4103796514275042,0,ValueError,designated transfer FOCs require positive liquid derivatives,,,,,,,,,,,,,,,,,,,,,,,,,,,,,,,,,,,,,,
0.105,0.06250000000000001,1.5999999999999999,3,HJB_EXCEPTION,1,7.857893748091538,1.1350290969465555,2.8375727423663886,0.20990698326717327,1,,,,0.38687883549113367,0,ValueError,designated transfer FOCs require positive liquid derivatives,,,,,,,,,,,,,,,,,,,,,,,,,,,,,,,,,,,,,,
0.105,0.06250000000000001,1.95,3,HJB_EXCEPTION,1,9.576808005486562,1.1350290969465555,3.458291779759037,0.2694960108568675,1,,,,0.3651604267129002,0,ValueError,designated transfer FOCs require positive liquid derivatives,,,,,,,,,,,,,,,,,,,,,,,,,,,,,,,,,,,,,,
0.105,0.06250000000000001,2.3,3,HJB_EXCEPTION,1,11.295722262881586,1.1350290969465555,4.079010817151684,0.32908503844656156,1,,,,0.34506259250263693,0,ValueError,designated transfer FOCs require positive liquid derivatives,,,,,,,,,,,,,,,,,,,,,,,,,,,,,,,,,,,,,,
0.105,0.06250000000000001,2.65,3,HJB_EXCEPTION,1,13.01463652027661,1.1350290969465555,4.699729854544333,0.38867406603625576,1,,,,0.32644012233965464,0,ValueError,designated transfer FOCs require positive liquid derivatives,,,,,,,,,,,,,,,,,,,,,,,,,,,,,,,,,,,,,,
0.105,0.06250000000000001,3.0,3,HJB_EXCEPTION,1,14.733550777671635,1.1350290969465555,5.320448891936978,0.44826309362594996,1,,,,0.30916256988971685,0,ValueError,designated transfer FOCs require positive liquid derivatives,,,,,,,,,,,,,,,,,,,,,,,,,,,,,,,,,,,,,,
0.105,0.08125000000000003,0.2,3,HJB_EXCEPTION,1,0.9822367185114423,1.1350290969465555,0.3546965927957986,-0.047199127091603364,1,,,,0.45610695106451404,0,ValueError,designated transfer FOCs require positive liquid derivatives,,,,,,,,,,,,,,,,,,,,,,,,,,,,,,,,,,,,,,
0.105,0.08125000000000003,0.55,3,HJB_EXCEPTION,1,2.7011509759064665,1.1350290969465555,0.9754156301884463,0.0123899004980908,1,,,,0.42905895259850996,0,ValueError,designated transfer FOCs require positive liquid derivatives,,,,,,,,,,,,,,,,,,,,,,,,,,,,,,,,,,,,,,
0.105,0.08125000000000003,0.8999999999999999,3,HJB_EXCEPTION,1,4.42006523330149,1.1350290969465555,1.596134667581094,0.07197892808778493,1,,,,0.404121273528697,0,ValueError,designated transfer FOCs require positive liquid derivatives,,,,,,,,,,,,,,,,,,,,,,,,,,,,,,,,,,,,,,
0.105,0.08125000000000003,1.2499999999999998,3,HJB_EXCEPTION,1,6.138979490696514,1.1350290969465555,2.216853704973741,0.1315679556774791,1,,,,0.38109794278532716,0,ValueError,designated transfer FOCs require positive liquid derivatives,,,,,,,,,,,,,,,,,,,,,,,,,,,,,,,,,,,,,,
0.105,0.08125000000000003,1.5999999999999999,3,HJB_EXCEPTION,1,7.857893748091538,1.1350290969465555,2.8375727423663886,0.19115698326717323,1,,,,0.3598134598099768,0,ValueError,designated transfer FOCs require positive liquid derivatives,,,,,,,,,,,,,,,,,,,,,,,,,,,,,,,,,,,,,,
0.105,0.08125000000000003,1.95,3,HJB_EXCEPTION,1,9.576808005486562,1.1350290969465555,3.458291779759037,0.25074601085686743,1,,,,0.34011048222057133,0,ValueError,designated transfer FOCs require positive liquid derivatives,,,,,,,,,,,,,,,,,,,,,,,,,,,,,,,,,,,,,,
0.105,0.08125000000000003,2.3,3,HJB_EXCEPTION,1,11.295722262881586,1.1350290969465555,4.079010817151684,0.3103350384465615,1,,,,0.3218477866399291,0,ValueError,designated transfer FOCs require positive liquid derivatives,,,,,,,,,,,,,,,,,,,,,,,,,,,,,,,,,,,,,,
0.105,0.08125000000000003,2.65,3,HJB_EXCEPTION,1,13.01463652027661,1.1350290969465555,4.699729854544333,0.3699240660362557,1,,,,0.3048984701307421,0,ValueError,designated transfer FOCs require positive liquid derivatives,,,,,,,,,,,,,,,,,,,,,,,,,,,,,,,,,,,,,,
0.105,0.08125000000000003,3.0,3,HJB_EXCEPTION,1,14.733550777671635,1.1350290969465555,5.320448891936978,0.4295130936259499,1,,,,0.2891483633969094,0,ValueError,designated transfer FOCs require positive liquid derivatives,,,,,,,,,,,,,,,,,,,,,,,,,,,,,,,,,,,,,,
0.105,0.1,0.2,3,HJB_EXCEPTION,1,0.9822367185114423,1.1350290969465555,0.3546965927957986,-0.06594912709160333,1,,,,0.42241549792159083,0,ValueError,designated transfer FOCs require positive liquid derivatives,,,,,,,,,,,,,,,,,,,,,,,,,,,,,,,,,,,,,,
0.105,0.1,0.55,3,HJB_EXCEPTION,1,2.7011509759064665,1.1350290969465555,0.9754156301884463,-0.006360099501909175,1,,,,0.39799083019638365,0,ValueError,designated transfer FOCs require positive liquid derivatives,,,,,,,,,,,,,,,,,,,,,,,,,,,,,,,,,,,,,,
0.105,0.1,0.8999999999999999,3,HJB_EXCEPTION,1,4.42006523330149,1.1350290969465555,1.596134667581094,0.053228928087784955,1,,,,0.375433258326103,0,ValueError,designated transfer FOCs require positive liquid derivatives,,,,,,,,,,,,,,,,,,,,,,,,,,,,,,,,,,,,,,
0.105,0.1,1.2499999999999998,3,HJB_EXCEPTION,1,6.138979490696514,1.1350290969465555,2.216853704973741,0.1128179556774791,1,,,,0.35457218792195205,0,ValueError,designated transfer FOCs require positive liquid derivatives,,,,,,,,,,,,,,,,,,,,,,,,,,,,,,,,,,,,,,
0.105,0.1,1.5999999999999999,3,HJB_EXCEPTION,1,7.857893748091538,1.1350290969465555,2.8375727423663886,0.17240698326717327,1,,,,0.3352546305894387,0,ValueError,designated transfer FOCs require positive liquid derivatives,,,,,,,,,,,,,,,,,,,,,,,,,,,,,,,,,,,,,,
0.105,0.1,1.95,3,HJB_EXCEPTION,1,9.576808005486562,1.1350290969465555,3.458291779759037,0.23199601085686747,1,,,,0.31734322994795156,0,ValueError,designated transfer FOCs require positive liquid derivatives,,,,,,,,,,,,,,,,,,,,,,,,,,,,,,,,,,,,,,
0.105,0.1,2.3,3,HJB_EXCEPTION,1,11.295722262881586,1.1350290969465555,4.079010817151684,0.2915850384465616,1,,,,0.30071452045670777,0,ValueError,designated transfer FOCs require positive liquid derivatives,,,,,,,,,,,,,,,,,,,,,,,,,,,,,,,,,,,,,,
0.105,0.1,2.65,3,HJB_EXCEPTION,1,13.01463652027661,1.1350290969465555,4.699729854544333,0.3511740660362558,1,,,,0.2852573911083901,0,ValueError,designated transfer FOCs require positive liquid derivatives,,,,,,,,,,,,,,,,,,,,,,,,,,,,,,,,,,,,,,
0.105,0.1,3.0,3,HJB_EXCEPTION,1,14.733550777671635,1.1350290969465555,5.320448891936978,0.41076309362595,1,,,,0.2708717293139538,0,ValueError,designated transfer FOCs require positive liquid derivatives,,,,,,,,,,,,,,,,,,,,,,,,,,,,,,,,,,,,,,
0.12,-0.05,0.2,3,HJB_EXCEPTION,1,0.8281617148928376,1.0674084325285462,0.33356513516517067,0.08202225297585639,1,,,,-5.917186942288328,0,ValueError,designated transfer FOCs require positive liquid derivatives,,,,,,,,,,,,,,,,,,,,,,,,,,,,,,,,,,,,,,
0.12,-0.05,0.55,3,HJB_EXCEPTION,1,2.2774447159553035,1.0674084325285462,0.9173041217042194,0.1380611956836051,1,,,,-5.283007341702498,0,ValueError,designated transfer FOCs require positive liquid derivatives,,,,,,,,,,,,,,,,,,,,,,,,,,,,,,,,,,,,,,
0.12,-0.05,0.8999999999999999,3,HJB_EXCEPTION,1,3.726727717017769,1.0674084325285462,1.501043108243268,0.1941001383913537,1,,,,-4.73324391471854,0,ValueError,designated transfer FOCs require positive liquid derivatives,,,,,,,,,,,,,,,,,,,,,,,,,,,,,,,,,,,,,,
0.12,-0.05,1.2499999999999998,3,HJB_EXCEPTION,1,5.176010718080234,1.0674084325285462,2.0847820947823164,0.2501390810991024,1,,,,-4.2551484033797715,0,ValueError,designated transfer FOCs require positive liquid derivatives,,,,,,,,,,,,,,,,,,,,,,,,,,,,,,,,,,,,,,
0.12,-0.05,1.5999999999999999,3,HJB_EXCEPTION,1,6.6252937191427,1.0674084325285462,2.6685210813213653,0.30617802380685105,1,,,,-3.838041860673864,0,ValueError,designated transfer FOCs require positive liquid derivatives,,,,,,,,,,,,,,,,,,,,,,,,,,,,,,,,,,,,,,
0.12,-0.05,1.95,3,HJB_EXCEPTION,1,8.074576720205167,1.0674084325285462,3.252260067860414,0.3622169665145997,1,,,,-3.4729689420709895,0,ValueError,designated transfer FOCs require positive liquid derivatives,,,,,,,,,,,,,,,,,,,,,,,,,,,,,,,,,,,,,,
0.12,-0.05,2.3,3,HJB_EXCEPTION,1,9.523859721267632,1.0674084325285462,3.835999054399463,0.4182559092223484,1,,,,-3.1524088422718775,0,ValueError,designated transfer FOCs require positive liquid derivatives,,,,,,,,,,,,,,,,,,,,,,,,,,,,,,,,,,,,,,
0.12,-0.05,2.65,3,HJB_EXCEPTION,1,10.973142722330097,1.0674084325285462,4.419738040938512,0.47429485193009707,1,,,,-2.8700344718545368,0,ValueError,designated transfer FOCs require positive liquid derivatives,,,,,,,,,,,,,,,,,,,,,,,,,,,,,,,,,,,,,,
0.12,-0.05,3.0,3,HJB_EXCEPTION,1,12.422425723392564,1.0674084325285462,5.003477027477559,0.5303337946378458,1,,,,-2.620512364574532,0,ValueError,designated transfer FOCs require positive liquid derivatives,,,,,,,,,,,,,,,,,,,,,,,,,,,,,,,,,,,,,,
0.12,-0.03125,0.2,3,HJB_EXCEPTION,1,0.8281617148928376,1.0674084325285462,0.33356513516517067,0.0632722529758564,1,,,,-3.2017455516720714,0,ValueError,designated transfer FOCs require positive liquid derivatives,,,,,,,,,,,,,,,,,,,,,,,,,,,,,,,,,,,,,,
0.12,-0.03125,0.55,3,HJB_EXCEPTION,1,2.2774447159553035,1.0674084325285462,0.9173041217042194,0.11931119568360507,1,,,,-2.8712970568428813,0,ValueError,designated transfer FOCs require positive liquid derivatives,,,,,,,,,,,,,,,,,,,,,,,,,,,,,,,,,,,,,,
0.12,-0.03125,0.8999999999999999,3,HJB_EXCEPTION,1,3.726727717017769,1.0674084325285462,1.501043108243268,0.17535013839135372,1,,,,-2.583671200203564,0,ValueError,designated transfer FOCs require positive liquid derivatives,,,,,,,,,,,,,,,,,,,,,,,,,,,,,,,,,,,,,,
0.12,-0.03125,1.2499999999999998,3,HJB_EXCEPTION,1,5.176010718080234,1.0674084325285462,2.0847820947823164,0.23138908109910236,1,,,,-2.332512313431459,0,ValueError,designated transfer FOCs require positive liquid derivatives,,,,,,,,,,,,,,,,,,,,,,,,,,,,,,,,,,,,,,
0.12,-0.03125,1.5999999999999999,3,HJB_EXCEPTION,1,6.6252937191427,1.0674084325285462,2.6685210813213653,0.28742802380685106,1,,,,-2.1124885838948058,0,ValueError,designated transfer FOCs require positive liquid derivatives,,,,,,,,,,,,,,,,,,,,,,,,,,,,,,,,,,,,,,
0.12,-0.03125,1.95,3,HJB_EXCEPTION,1,8.074576720205167,1.0674084325285462,3.252260067860414,0.34346696651459974,1,,,,-1.9191202500144866,0,ValueError,designated transfer FOCs require positive liquid derivatives,,,,,,,,,,,,,,,,,,,,,,,,,,,,,,,,,,,,,,
0.12,-0.03125,2.3,3,HJB_EXCEPTION,1,9.523859721267632,1.0674084325285462,3.835999054399463,0.3995059092223484,1,,,,-1.7486365883563875,0,ValueError,designated transfer FOCs require positive liquid derivatives,,,,,,,,,,,,,,,,,,,,,,,,,,,,,,,,,,,,,,
0.12,-0.03125,2.65,3,HJB_EXCEPTION,1,10.973142722330097,1.0674084325285462,4.419738040938512,0.4555448519300971,1,,,,-1.5978571601123577,0,ValueError,designated transfer FOCs require positive liquid derivatives,,,,,,,,,,,,,,,,,,,,,,,,,,,,,,,,,,,,,,
0.12,-0.03125,3.0,3,HJB_EXCEPTION,1,12.422425723392564,1.0674084325285462,5.003477027477559,0.5115837946378458,1,,,,-1.464093366142142,0,ValueError,designated transfer FOCs require positive liquid derivatives,,,,,,,,,,,,,,,,,,,,,,,,,,,,,,,,,,,,,,
0.12,-0.012499999999999997,0.2,3,HJB_EXCEPTION,1,0.8281617148928376,1.0674084325285462,0.33356513516517067,0.04452225297585639,1,,,,-1.1150603177684306,0,ValueError,designated transfer FOCs require positive liquid derivatives,,,,,,,,,,,,,,,,,,,,,,,,,,,,,,,,,,,,,,
0.12,-0.012499999999999997,0.55,3,HJB_EXCEPTION,1,2.2774447159553035,1.0674084325285462,0.9173041217042194,0.10056119568360507,1,,,,-1.004285584520265,0,ValueError,designated transfer FOCs require positive liquid derivatives,,,,,,,,,,,,,,,,,,,,,,,,,,,,,,,,,,,,,,
0.12,-0.012499999999999997,0.8999999999999999,3,HJB_EXCEPTION,1,3.726727717017769,1.0674084325285462,1.501043108243268,0.15660013839135373,1,,,,-0.9074690710452414,0,ValueError,designated transfer FOCs require positive liquid derivatives,,,,,,,,,,,,,,,,,,,,,,,,,,,,,,,,,,,,,,
0.12,-0.012499999999999997,1.2499999999999998,3,HJB_EXCEPTION,1,5.176010718080234,1.0674084325285462,2.0847820947823164,0.21263908109910235,1,,,,-0.8225788116131411,0,ValueError,designated transfer FOCs require positive liquid derivatives,,,,,,,,,,,,,,,,,,,,,,,,,,,,,,,,,,,,,,
0.12,-0.012499999999999997,1.5999999999999999,3,HJB_EXCEPTION,1,6.6252937191427,1.0674084325285462,2.6685210813213653,0.2686780238068511,1,,,,-0.7479067438711268,0,ValueError,designated transfer FOCs require positive liquid derivatives,,,,,,,,,,,,,,,,,,,,,,,,,,,,,,,,,,,,,,
0.12,-0.012499999999999997,1.95,3,HJB_EXCEPTION,1,8.074576720205167,1.0674084325285462,3.252260067860414,0.32471696651459975,1,,,,-0.68201436294343,0,ValueError,designated transfer FOCs require positive liquid derivatives,,,,,,,,,,,,,,,,,,,,,,,,,,,,,,,,,,,,,,
0.12,-0.012499999999999997,2.3,3,HJB_EXCEPTION,1,9.523859721267632,1.0674084325285462,3.835999054399463,0.3807559092223484,1,,,,-0.6236876185709923,0,ValueError,designated transfer FOCs require positive liquid derivatives,,,,,,,,,,,,,,,,,,,,,,,,,,,,,,,,,,,,,,
0.12,-0.012499999999999997,2.65,3,HJB_EXCEPTION,1,10.973142722330097,1.0674084325285462,4.419738040938512,0.4367948519300971,1,,,,-0.5718995380645383,0,ValueError,designated transfer FOCs require positive liquid derivatives,,,,,,,,,,,,,,,,,,,,,,,,,,,,,,,,,,,,,,
0.12,-0.012499999999999997,3.0,3,HJB_EXCEPTION,1,12.422425723392564,1.0674084325285462,5.003477027477559,0.49283379463784577,1,,,,-0.5257792763868899,0,ValueError,designated transfer FOCs require positive liquid derivatives,,,,,,,,,,,,,,,,,,,,,,,,,,,,,,,,,,,,,,
0.12,0.0062500000000000056,0.2,3,HJB_EXCEPTION,1,0.8281617148928376,1.0674084325285462,0.33356513516517067,0.025772252975856384,1,,,,0.10451101382936706,0,ValueError,designated transfer FOCs require positive liquid derivatives,,,,,,,,,,,,,,,,,,,,,,,,,,,,,,,,,,,,,,
0.12,0.0062500000000000056,0.55,3,HJB_EXCEPTION,1,2.2774447159553035,1.0674084325285462,0.9173041217042194,0.08181119568360506,1,,,,0.0976526297611865,0,ValueError,designated transfer FOCs require positive liquid derivatives,,,,,,,,,,,,,,,,,,,,,,,,,,,,,,,,,,,,,,
0.12,0.0062500000000000056,0.8999999999999999,3,HJB_EXCEPTION,1,3.726727717017769,1.0674084325285462,1.501043108243268,0.1378501383913537,1,,,,0.0914466773226528,0,ValueError,designated transfer FOCs require positive liquid derivatives,,,,,,,,,,,,,,,,,,,,,,,,,,,,,,,,,,,,,,
0.12,0.0062500000000000056,1.2499999999999998,3,HJB_EXCEPTION,1,5.176010718080234,1.0674084325285462,2.0847820947823164,0.19388908109910236,1,,,,0.08581734627477694,0,ValueError,designated transfer FOCs require positive liquid derivatives,,,,,,,,,,,,,,,,,,,,,,,,,,,,,,,,,,,,,,
0.12,0.0062500000000000056,1.5999999999999999,3,HJB_EXCEPTION,1,6.6252937191427,1.0674084325285462,2.6685210813213653,0.24992802380685106,1,,,,0.08069862309583746,0,ValueError,designated transfer FOCs require positive liquid derivatives,,,,,,,,,,,,,,,,,,,,,,,,,,,,,,,,,,,,,,
0.12,0.0062500000000000056,1.95,3,HJB_EXCEPTION,1,8.074576720205167,1.0674084325285462,3.252260067860414,0.30596696651459976,1,,,,0.07603296059883542,0,ValueError,designated transfer FOCs require positive liquid derivatives,,,,,,,,,,,,,,,,,,,,,,,,,,,,,,,,,,,,,,
0.12,0.0062500000000000056,2.3,3,HJB_EXCEPTION,1,9.523859721267632,1.0674084325285462,3.835999054399463,0.36200590922234843,1,,,,0.07177012915683381,0,ValueError,designated transfer FOCs require positive liquid derivatives,,,,,,,,,,,,,,,,,,,,,,,,,,,,,,,,,,,,,,
0.12,0.0062500000000000056,2.65,3,HJB_EXCEPTION,1,10.973142722330097,1.0674084325285462,4.419738040938512,0.4180448519300971,1,,,,0.0678662258798062,0,ValueError,designated transfer FOCs require positive liquid derivatives,,,,,,,,,,,,,,,,,,,,,,,,,,,,,,,,,,,,,,
0.12,0.0062500000000000056,3.0,3,HJB_EXCEPTION,1,12.422425723392564,1.0674084325285462,5.003477027477559,0.4740837946378458,1,,,,0.06428282075095483,0,ValueError,designated transfer FOCs require positive liquid derivatives,,,,,,,,,,,,,,,,,,,,,,,,,,,,,,,,,,,,,,
0.12,0.02500000000000001,0.2,3,HJB_EXCEPTION,1,0.8281617148928376,1.0674084325285462,0.33356513516517067,0.0070222529758563815,1,,,,0.3834964536815118,0,ValueError,designated transfer FOCs require positive liquid derivatives,,,,,,,,,,,,,,,,,,,,,,,,,,,,,,,,,,,,,,
0.12,0.02500000000000001,0.55,3,HJB_EXCEPTION,1,2.2774447159553035,1.0674084325285462,0.9173041217042194,0.06306119568360506,1,,,,0.35933915957107637,0,ValueError,designated transfer FOCs require positive liquid derivatives,,,,,,,,,,,,,,,,,,,,,,,,,,,,,,,,,,,,,,
0.12,0.02500000000000001,0.8999999999999999,3,HJB_EXCEPTION,1,3.726727717017769,1.0674084325285462,1.501043108243268,0.11910013839135371,1,,,,0.33741164098411197,0,ValueError,designated transfer FOCs require positive liquid derivatives,,,,,,,,,,,,,,,,,,,,,,,,,,,,,,,,,,,,,,
0.12,0.02500000000000001,1.2499999999999998,3,HJB_EXCEPTION,1,5.176010718080234,1.0674084325285462,2.0847820947823164,0.17513908109910237,1,,,,0.317459709432803,0,ValueError,designated transfer FOCs require positive liquid derivatives,,,,,,,,,,,,,,,,,,,,,,,,,,,,,,,,,,,,,,
0.12,0.02500000000000001,1.5999999999999999,3,HJB_EXCEPTION,1,6.6252937191427,1.0674084325285462,2.6685210813213653,0.23117802380685104,1,,,,0.2992617024834771,0,ValueError,designated transfer FOCs require positive liquid derivatives,,,,,,,,,,,,,,,,,,,,,,,,,,,,,,,,,,,,,,
0.12,0.02500000000000001,1.95,3,HJB_EXCEPTION,1,8.074576720205167,1.0674084325285462,3.252260067860414,0.2872169665145997,1,,,,0.28262407239901166,0,ValueError,designated transfer FOCs require positive liquid derivatives,,,,,,,,,,,,,,,,,,,,,,,,,,,,,,,,,,,,,,
0.12,0.02500000000000001,2.3,3,HJB_EXCEPTION,1,9.523859721267632,1.0674084325285462,3.835999054399463,0.3432559092223484,1,,,,0.26737758232425685,0,ValueError,designated transfer FOCs require positive liquid derivatives,,,,,,,,,,,,,,,,,,,,,,,,,,,,,,,,,,,,,,
0.12,0.02500000000000001,2.65,3,HJB_EXCEPTION,1,10.973142722330097,1.0674084325285462,4.419738040938512,0.39929485193009706,1,,,,0.25337402887155436,0,ValueError,designated transfer FOCs require positive liquid derivatives,,,,,,,,,,,,,,,,,,,,,,,,,,,,,,,,,,,,,,
0.12,0.02500000000000001,3.0,3,HJB_EXCEPTION,1,12.422425723392564,1.0674084325285462,5.003477027477559,0.45533379463784573,1,,,,0.2404834196897586,0,ValueError,designated transfer FOCs require positive liquid derivatives,,,,,,,,,,,,,,,,,,,,,,,,,,,,,,,,,,,,,,
0.12,0.04375000000000001,0.2,3,HJB_EXCEPTION,1,0.8281617148928376,1.0674084325285462,0.33356513516517067,-0.011727747024143621,1,,,,0.5885643806544314,0,ValueError,designated transfer FOCs require positive liquid derivatives,,,,,,,,,,,,,,,,,,,,,,,,,,,,,,,,,,,,,,
0.12,0.04375000000000001,0.55,3,HJB_EXCEPTION,1,2.2774447159553035,1.0674084325285462,0.9173041217042194,0.04431119568360506,1,,,,0.5522576235105625,0,ValueError,designated transfer FOCs require positive liquid derivatives,,,,,,,,,,,,,,,,,,,,,,,,,,,,,,,,,,,,,,
0.12,0.04375000000000001,0.8999999999999999,3,HJB_EXCEPTION,1,3.726727717017769,1.0674084325285462,1.501043108243268,0.1003501383913537,1,,,,0.5188690524867962,0,ValueError,designated transfer FOCs require positive liquid derivatives,,,,,,,,,,,,,,,,,,,,,,,,,,,,,,,,,,,,,,
0.12,0.04375000000000001,1.2499999999999998,3,HJB_EXCEPTION,1,5.176010718080234,1.0674084325285462,2.0847820947823164,0.15638908109910235,1,,,,0.4881218597346507,0,ValueError,designated transfer FOCs require positive liquid derivatives,,,,,,,,,,,,,,,,,,,,,,,,,,,,,,,,,,,,,,
0.12,0.04375000000000001,1.5999999999999999,3,HJB_EXCEPTION,1,6.6252937191427,1.0674084325285462,2.6685210813213653,0.21242802380685105,1,,,,0.45976852147950126,0,ValueError,designated transfer FOCs require positive liquid derivatives,,,,,,,,,,,,,,,,,,,,,,,,,,,,,,,,,,,,,,
0.12,0.04375000000000001,1.95,3,HJB_EXCEPTION,1,8.074576720205167,1.0674084325285462,3.252260067860414,0.2684669665145997,1,,,,0.43358748025204474,0,ValueError,designated transfer FOCs require positive liquid derivatives,,,,,,,,,,,,,,,,,,,,,,,,,,,,,,,,,,,,,,
0.12,0.04375000000000001,2.3,3,HJB_EXCEPTION,1,9.523859721267632,1.0674084325285462,3.835999054399463,0.3245059092223484,1,,,,0.4093802152453591,0,ValueError,designated transfer FOCs require positive liquid derivatives,,,,,,,,,,,,,,,,,,,,,,,,,,,,,,,,,,,,,,
0.12,0.04375000000000001,2.65,3,HJB_EXCEPTION,1,10.973142722330097,1.0674084325285462,4.419738040938512,0.38054485193009707,1,,,,0.386968655892828,0,ValueError,designated transfer FOCs require positive liquid derivatives,,,,,,,,,,,,,,,,,,,,,,,,,,,,,,,,,,,,,,
0.12,0.04375000000000001,3.0,3,HJB_EXCEPTION,1,12.422425723392564,1.0674084325285462,5.003477027477559,0.43658379463784575,1,,,,0.3661928985427013,0,ValueError,designated transfer FOCs require positive liquid derivatives,,,,,,,,,,,,,,,,,,,,,,,,,,,,,,,,,,,,,,
0.12,0.06250000000000001,0.2,3,HJB_EXCEPTION,1,0.8281617148928376,1.0674084325285462,0.33356513516517067,-0.030477747024143624,1,,,,0.5406482543383289,0,ValueError,designated transfer FOCs require positive liquid derivatives,,,,,,,,,,,,,,,,,,,,,,,,,,,,,,,,,,,,,,
0.12,0.06250000000000001,0.55,3,HJB_EXCEPTION,1,2.2774447159553035,1.0674084325285462,0.9173041217042194,0.025561195683605056,1,,,,0.5081828557313647,0,ValueError,designated transfer FOCs require positive liquid derivatives,,,,,,,,,,,,,,,,,,,,,,,,,,,,,,,,,,,,,,
0.12,0.06250000000000001,0.8999999999999999,3,HJB_EXCEPTION,1,3.726727717017769,1.0674084325285462,1.501043108243268,0.0816001383913537,1,,,,0.47827198081831923,0,ValueError,designated transfer FOCs require positive liquid derivatives,,,,,,,,,,,,,,,,,,,,,,,,,,,,,,,,,,,,,,
0.12,0.06250000000000001,1.2499999999999998,3,HJB_EXCEPTION,1,5.176010718080234,1.0674084325285462,2.0847820947823164,0.13763908109910233,1,,,,0.4506772426616666,0,ValueError,designated transfer FOCs require positive liquid derivatives,,,,,,,,,,,,,,,,,,,,,,,,,,,,,,,,,,,,,,
0.12,0.06250000000000001,1.5999999999999999,3,HJB_EXCEPTION,1,6.6252937191427,1.0674084325285462,2.6685210813213653,0.19367802380685106,1,,,,0.42518518827050183,0,ValueError,designated transfer FOCs require positive liquid derivatives,,,,,,,,,,,,,,,,,,,,,,,,,,,,,,,,,,,,,,
0.12,0.06250000000000001,1.95,3,HJB_EXCEPTION,1,8.074576720205167,1.0674084325285462,3.252260067860414,0.24971696651459974,1,,,,0.4016044898679926,0,ValueError,designated transfer FOCs require positive liquid derivatives,,,,,,,,,,,,,,,,,,,,,,,,,,,,,,,,,,,,,,
0.12,0.06250000000000001,2.3,3,HJB_EXCEPTION,1,9.523859721267632,1.0674084325285462,3.835999054399463,0.3057559092223484,1,,,,0.37976346528727706,0,ValueError,designated transfer FOCs require positive liquid derivatives,,,,,,,,,,,,,,,,,,,,,,,,,,,,,,,,,,,,,,
0.12,0.06250000000000001,2.65,3,HJB_EXCEPTION,1,10.973142722330097,1.0674084325285462,4.419738040938512,0.3617948519300971,1,,,,0.3595078889027594,0,ValueError,designated transfer FOCs require positive liquid derivatives,,,,,,,,,,,,,,,,,,,,,,,,,,,,,,,,,,,,,,
0.12,0.06250000000000001,3.0,3,HJB_EXCEPTION,1,12.422425723392564,1.0674084325285462,5.003477027477559,0.41783379463784576,1,,,,0.34069905877000106,0,ValueError,designated transfer FOCs require positive liquid derivatives,,,,,,,,,,,,,,,,,,,,,,,,,,,,,,,,,,,,,,
0.12,0.08125000000000003,0.2,3,HJB_EXCEPTION,1,0.8281617148928376,1.0674084325285462,0.33356513516517067,-0.04922774702414364,1,,,,0.4977888743028654,0,ValueError,designated transfer FOCs require positive liquid derivatives,,,,,,,,,,,,,,,,,,,,,,,,,,,,,,,,,,,,,,
0.12,0.08125000000000003,0.55,3,HJB_EXCEPTION,1,2.2774447159553035,1.0674084325285462,0.9173041217042194,0.00681119568360504,1,,,,0.46868705253271997,0,ValueError,designated transfer FOCs require positive liquid derivatives,,,,,,,,,,,,,,,,,,,,,,,,,,,,,,,,,,,,,,
0.12,0.08125000000000003,0.8999999999999999,3,HJB_EXCEPTION,1,3.726727717017769,1.0674084325285462,1.501043108243268,0.06285013839135369,1,,,,0.4418265011788487,0,ValueError,designated transfer FOCs require positive liquid derivatives,,,,,,,,,,,,,,,,,,,,,,,,,,,,,,,,,,,,,,
0.12,0.08125000000000003,1.2499999999999998,3,HJB_EXCEPTION,1,5.176010718080234,1.0674084325285462,2.0847820947823164,0.11888908109910233,1,,,,0.4170015505384078,0,ValueError,designated transfer FOCs require positive liquid derivatives,,,,,,,,,,,,,,,,,,,,,,,,,,,,,,,,,,,,,,
0.12,0.08125000000000003,1.5999999999999999,3,HJB_EXCEPTION,1,6.6252937191427,1.0674084325285462,2.6685210813213653,0.17492802380685102,1,,,,0.3940277823149907,0,ValueError,designated transfer FOCs require positive liquid derivatives,,,,,,,,,,,,,,,,,,,,,,,,,,,,,,,,,,,,,,
0.12,0.08125000000000003,1.95,3,HJB_EXCEPTION,1,8.074576720205167,1.0674084325285462,3.252260067860414,0.2309669665145997,1,,,,0.3727396524174659,0,ValueError,designated transfer FOCs require positive liquid derivatives,,,,,,,,,,,,,,,,,,,,,,,,,,,,,,,,,,,,,,
0.12,0.08125000000000003,2.3,3,HJB_EXCEPTION,1,9.523859721267632,1.0674084325285462,3.835999054399463,0.28700590922234837,1,,,,0.35298839222141076,0,ValueError,designated transfer FOCs require positive liquid derivatives,,,,,,,,,,,,,,,,,,,,,,,,,,,,,,,,,,,,,,
0.12,0.08125000000000003,2.65,3,HJB_EXCEPTION,1,10.973142722330097,1.0674084325285462,4.419738040938512,0.34304485193009704,1,,,,0.3346401553221319,0,ValueError,designated transfer FOCs require positive liquid derivatives,,,,,,,,,,,,,,,,,,,,,,,,,,,,,,,,,,,,,,
0.12,0.08125000000000003,3.0,3,HJB_EXCEPTION,1,12.422425723392564,1.0674084325285462,5.003477027477559,0.3990837946378457,1,,,,0.31757438056034576,0,ValueError,designated transfer FOCs require positive liquid derivatives,,,,,,,,,,,,,,,,,,,,,,,,,,,,,,,,,,,,,,
0.12,0.1,0.2,3,HJB_EXCEPTION,1,0.8281617148928376,1.0674084325285462,0.33356513516517067,-0.06797774702414361,1,,,,0.4593585122162013,0,ValueError,designated transfer FOCs require positive liquid derivatives,,,,,,,,,,,,,,,,,,,,,,,,,,,,,,,,,,,,,,
0.12,0.1,0.55,3,HJB_EXCEPTION,1,2.2774447159553035,1.0674084325285462,0.9173041217042194,-0.011938804316394935,1,,,,0.43320862445435204,0,ValueError,designated transfer FOCs require positive liquid derivatives,,,,,,,,,,,,,,,,,,,,,,,,,,,,,,,,,,,,,,
0.12,0.1,0.8999999999999999,3,HJB_EXCEPTION,1,3.726727717017769,1.0674084325285462,1.501043108243268,0.04410013839135371,1,,,,0.40902968464134454,0,ValueError,designated transfer FOCs require positive liquid derivatives,,,,,,,,,,,,,,,,,,,,,,,,,,,,,,,,,,,,,,
0.12,0.1,1.2499999999999998,3,HJB_EXCEPTION,1,5.176010718080234,1.0674084325285462,2.0847820947823164,0.10013908109910236,1,,,,0.3866439121224727,0,ValueError,designated transfer FOCs require positive liquid derivatives,,,,,,,,,,,,,,,,,,,,,,,,,,,,,,,,,,,,,,
0.12,0.1,1.5999999999999999,3,HJB_EXCEPTION,1,6.6252937191427,1.0674084325285462,2.6685210813213653,0.15617802380685106,1,,,,0.3658916608882252,0,ValueError,designated transfer FOCs require positive liquid derivatives,,,,,,,,,,,,,,,,,,,,,,,,,,,,,,,,,,,,,,
0.12,0.1,1.95,3,HJB_EXCEPTION,1,8.074576720205167,1.0674084325285462,3.252260067860414,0.21221696651459973,1,,,,0.3466294073944567,0,ValueError,designated transfer FOCs require positive liquid derivatives,,,,,,,,,,,,,,,,,,,,,,,,,,,,,,,,,,,,,,
0.12,0.1,2.3,3,HJB_EXCEPTION,1,9.523859721267632,1.0674084325285462,3.835999054399463,0.26825590922234843,1,,,,0.32872797358654016,0,ValueError,designated transfer FOCs require positive liquid derivatives,,,,,,,,,,,,,,,,,,,,,,,,,,,,,,,,,,,,,,
0.12,0.1,2.65,3,HJB_EXCEPTION,1,10.973142722330097,1.0674084325285462,4.419738040938512,0.3242948519300971,1,,,,0.3120709570937426,0,ValueError,designated transfer FOCs require positive liquid derivatives,,,,,,,,,,,,,,,,,,,,,,,,,,,,,,,,,,,,,,
0.12,0.1,3.0,3,HJB_EXCEPTION,1,12.422425723392564,1.0674084325285462,5.003477027477559,0.3803337946378458,1,,,,0.2965533438224348,0,ValueError,designated transfer FOCs require positive liquid derivatives,,,,,,,,,,,,,,,,,,,,,,,,,,,,,,,,,,,,,,
