run,family,amplitude,horizon,t,w_t,r_t,tr_t,Pi_t,A_hh,N_hh,C,mass_error,min_mass,neg_count,nan_count,hjb_residual,min_c,lb_drift,ub_drift,rowsum,offdiag,labor_kkt,cfoc
zero_amp0.0_T12.0,zero,0.0,12.0,0.0,0.8333333333333334,0.007370613883670197,0.05949804216542284,0.17760557466949967,10.000000002223675,1.065633445147926,1.0656334500934257,0.0,0.0,0,0,9.094947017729282e-13,0.6549011290706134,0.0,-0.11422254928822873,4.440892098500626e-16,0.0,2.609024107869118e-15,2.220446049250313e-16
zero_amp0.0_T12.0,zero,0.0,12.0,0.05,0.8333333333333334,0.007370613883670197,0.05949804216542284,0.17760557466949967,10.000000002019338,1.0656334451660974,1.0656334500852247,0.0,0.0,0,0,1.3642420526593924e-12,0.6549011290706134,0.0,-0.11422254925245645,4.440892098500626e-16,0.0,2.609024107869118e-15,2.220446049250313e-16
zero_amp0.0_T12.0,zero,0.0,12.0,0.1,0.8333333333333334,0.007370613883670197,0.05949804216542284,0.17760557466949967,10.000000001815977,1.0656334451841933,1.0656334500770241,0.0,0.0,0,0,1.3642420526593924e-12,0.6549011290706134,0.0,-0.1142225492166844,4.440892098500626e-16,0.0,2.609024107869118e-15,2.220446049250313e-16
zero_amp0.0_T12.0,zero,0.0,12.0,0.15000000000000002,0.8333333333333334,0.007370613883670197,0.05949804216542284,0.17760557466949967,10.000000001613587,1.0656334452022163,1.0656334500688243,0.0,0.0,0,0,9.094947017729282e-13,0.6549011290706134,0.0,-0.11422254918068853,4.440892098500626e-16,0.0,2.609024107869118e-15,2.220446049250313e-16
zero_amp0.0_T12.0,zero,0.0,12.0,0.2,0.8333333333333334,0.007370613883670197,0.05949804216542284,0.17760557466949967,10.000000001412168,1.0656334452201681,1.0656334500606248,0.0,0.0,0,0,9.094947017729282e-13,0.6549011290706134,0.0,-0.11422254914469288,4.440892098500626e-16,0.0,2.609024107869118e-15,2.220446049250313e-16
zero_amp0.0_T12.0,zero,0.0,12.0,0.25,0.8333333333333334,0.007370613883670197,0.05949804216542284,0.17760557466949967,10.000000001211717,1.0656334452380516,1.0656334500524256,2.220446049250313e-16,0.0,0,0,9.094947017729282e-13,0.6549011290706134,0.0,-0.1142225491089206,4.440892098500626e-16,0.0,2.609024107869118e-15,2.220446049250313e-16
zero_amp0.0_T12.0,zero,0.0,12.0,0.30000000000000004,0.8333333333333334,0.007370613883670197,0.05949804216542284,0.17760557466949967,10.000000001012232,1.0656334452558687,1.0656334500442273,0.0,0.0,0,0,9.094947017729282e-13,0.6549011290706134,0.0,-0.11422254907292473,2.220446049250313e-16,0.0,2.609024107869118e-15,2.220446049250313e-16
zero_amp0.0_T12.0,zero,0.0,12.0,0.35000000000000003,0.8333333333333334,0.007370613883670197,0.05949804216542284,0.17760557466949967,10.00000000081371,1.0656334452736225,1.0656334500360287,0.0,0.0,0,0,9.094947017729282e-13,0.6549011290706134,0.0,-0.11422254903692908,4.440892098500626e-16,0.0,2.609024107869118e-15,2.220446049250313e-16
zero_amp0.0_T12.0,zero,0.0,12.0,0.4,0.8333333333333334,0.007370613883670197,0.05949804216542284,0.17760557466949967,10.000000000616154,1.0656334452913125,1.065633450027831,0.0,0.0,0,0,9.094947017729282e-13,0.6549011290706134,0.0,-0.1142225490009332,4.440892098500626e-16,0.0,2.609024107869118e-15,2.220446049250313e-16
zero_amp0.0_T12.0,zero,0.0,12.0,0.45,0.8333333333333334,0.007370613883670197,0.05949804216542284,0.17760557466949967,10.000000000419558,1.065633445308944,1.0656334500196332,0.0,0.0,0,0,9.094947017729282e-13,0.6549011290706134,0.0,-0.11422254896471373,4.440892098500626e-16,0.0,2.609024107869118e-15,2.220446049250313e-16
zero_amp0.0_T12.0,zero,0.0,12.0,0.5,0.8333333333333334,0.007370613883670197,0.05949804216542284,0.17760557466949967,10.00000000022392,1.065633445326516,1.0656334500114362,2.220446049250313e-16,0.0,0,0,9.094947017729282e-13,0.6549011290706134,0.0,-0.11422254892849448,4.440892098500626e-16,0.0,2.609024107869118e-15,2.220446049250313e-16
zero_amp0.0_T12.0,zero,0.0,12.0,0.55,0.8333333333333334,0.007370613883670197,0.05949804216542284,0.17760557466949967,10.000000000029239,1.065633445344032,1.0656334500032396,0.0,0.0,0,0,9.094947017729282e-13,0.6549011290706134,0.0,-0.11422254889249861,2.220446049250313e-16,0.0,2.609024107869118e-15,2.220446049250313e-16
zero_amp0.0_T12.0,zero,0.0,12.0,0.6000000000000001,0.8333333333333334,0.007370613883670197,0.05949804216542284,0.17760557466949967,9.999999999835513,1.0656334453614933,1.065633449995043,0.0,0.0,0,0,9.094947017729282e-13,0.6549011290706134,0.0,-0.11422254885650274,4.440892098500626e-16,0.0,2.609024107869118e-15,2.220446049250313e-16
zero_amp0.0_T12.0,zero,0.0,12.0,0.65,0.8333333333333334,0.007370613883670197,0.05949804216542284,0.17760557466949967,9.999999999642743,1.065633445378901,1.0656334499868474,0.0,0.0,0,0,9.094947017729282e-13,0.6549011290706134,0.0,-0.11422254882050709,4.440892098500626e-16,0.0,2.609024107869118e-15,2.220446049250313e-16
zero_amp0.0_T12.0,zero,0.0,12.0,0.7000000000000001,0.8333333333333334,0.007370613883670197,0.05949804216542284,0.17760557466949967,9.999999999450925,1.0656334453962581,1.0656334499786522,0.0,0.0,0,0,9.094947017729282e-13,0.6549011290706134,0.0,-0.11422254878495841,4.440892098500626e-16,0.0,2.609024107869118e-15,2.220446049250313e-16
zero_amp0.0_T12.0,zero,0.0,12.0,0.75,0.8333333333333334,0.007370613883670197,0.05949804216542284,0.17760557466949967,9.999999999260059,1.0656334454135656,1.0656334499704572,2.220446049250313e-16,0.0,0,0,1.3642420526593924e-12,0.6549011290706134,0.0,-0.11422254874873916,4.440892098500626e-16,0.0,2.609024107869118e-15,2.220446049250313e-16
zero_amp0.0_T12.0,zero,0.0,12.0,0.8,0.8333333333333334,0.007370613883670197,0.05949804216542284,0.17760557466949967,9.999999999070141,1.0656334454308247,1.0656334499622626,2.220446049250313e-16,0.0,0,0,1.3642420526593924e-12,0.6549011290706134,0.0,-0.11422254871274329,4.440892098500626e-16,0.0,2.609024107869118e-15,2.220446049250313e-16
zero_amp0.0_T12.0,zero,0.0,12.0,0.8500000000000001,0.8333333333333334,0.007370613883670197,0.05949804216542284,0.17760557466949967,9.999999998881172,1.0656334454480372,1.0656334499540687,0.0,0.0,0,0,1.8189894035458565e-12,0.6549011290706134,0.0,-0.11422254867674742,4.440892098500626e-16,0.0,2.609024107869118e-15,2.220446049250313e-16
zero_amp0.0_T12.0,zero,0.0,12.0,0.9,0.8333333333333334,0.007370613883670197,0.05949804216542284,0.17760557466949967,9.999999998693152,1.065633445465204,1.0656334499458748,0.0,0.0,0,0,9.094947017729282e-13,0.6549011290706134,0.0,-0.11422254864075176,4.440892098500626e-16,0.0,2.609024107869118e-15,2.220446049250313e-16
zero_amp0.0_T12.0,zero,0.0,12.0,0.9500000000000001,0.8333333333333334,0.007370613883670197,0.05949804216542284,0.17760557466949967,9.999999998506077,1.065633445482327,1.0656334499376818,2.220446049250313e-16,0.0,0,0,9.094947017729282e-13,0.6549011290706134,0.0,-0.11422254860520309,4.440892098500626e-16,0.0,2.609024107869118e-15,2.220446049250313e-16
zero_amp0.0_T12.0,zero,0.0,12.0,1.0,0.8333333333333334,0.007370613883670197,0.05949804216542284,0.17760557466949967,9.999999998319947,1.0656334454994085,1.0656334499294888,2.220446049250313e-16,0.0,0,0,9.094947017729282e-13,0.6549011290706134,0.0,-0.11422254856898362,4.440892098500626e-16,0.0,2.609024107869118e-15,2.220446049250313e-16
zero_amp0.0_T12.0,zero,0.0,12.0,1.05,0.8333333333333334,0.007370613883670197,0.05949804216542284,0.17760557466949967,9.99999999813476,1.0656334455164478,1.0656334499212967,4.440892098500626e-16,0.0,0,0,1.3642420526593924e-12,0.6549011290706134,0.0,-0.11422254853209379,4.440892098500626e-16,0.0,2.609024107869118e-15,2.220446049250313e-16
zero_amp0.0_T12.0,zero,0.0,12.0,1.1,0.8333333333333334,0.007370613883670197,0.05949804216542284,0.17760557466949967,9.999999997950514,1.0656334455334473,1.0656334499131048,0.0,0.0,0,0,9.094947017729282e-13,0.6549011290706134,0.0,-0.11422254849587432,4.440892098500626e-16,0.0,2.609024107869118e-15,2.220446049250313e-16
zero_amp0.0_T12.0,zero,0.0,12.0,1.1500000000000001,0.8333333333333334,0.007370613883670197,0.05949804216542284,0.17760557466949967,9.999999997767212,1.0656334455504082,1.0656334499049134,0.0,0.0,0,0,9.094947017729282e-13,0.6549011290706134,0.0,-0.11422254845987845,4.440892098500626e-16,0.0,2.609024107869118e-15,2.220446049250313e-16
zero_amp0.0_T12.0,zero,0.0,12.0,1.2000000000000002,0.8333333333333334,0.007370613883670197,0.05949804216542284,0.17760557466949967,9.999999997584851,1.065633445567332,1.0656334498967222,2.220446049250313e-16,0.0,0,0,9.094947017729282e-13,0.6549011290706134,0.0,-0.1142225484238828,4.440892098500626e-16,0.0,2.609024107869118e-15,2.220446049250313e-16
zero_amp0.0_T12.0,zero,0.0,12.0,1.25,0.8333333333333334,0.007370613883670197,0.05949804216542284,0.17760557466949967,9.999999997403428,1.06563344558422,1.0656334498885314,2.220446049250313e-16,0.0,0,0,1.3642420526593924e-12,0.6549011290706134,0.0,-0.11422254838766333,4.440892098500626e-16,0.0,2.609024107869118e-15,2.220446049250313e-16
zero_amp0.0_T12.0,zero,0.0,12.0,1.3,0.8333333333333334,0.007370613883670197,0.05949804216542284,0.17760557466949967,9.999999997222945,1.065633445601073,1.065633449880341,0.0,0.0,0,0,9.094947017729282e-13,0.6549011290706134,0.0,-0.11422254835144385,4.440892098500626e-16,0.0,2.609024107869118e-15,2.220446049250313e-16
zero_amp0.0_T12.0,zero,0.0,12.0,1.35,0.8333333333333334,0.007370613883670197,0.05949804216542284,0.17760557466949967,9.9999999970434,1.0656334456178915,1.0656334498721511,0.0,0.0,0,0,9.094947017729282e-13,0.6549011290706134,0.0,-0.114222548315001,4.440892098500626e-16,0.0,2.609024107869118e-15,2.220446049250313e-16
zero_amp0.0_T12.0,zero,0.0,12.0,1.4000000000000001,0.8333333333333334,0.007370613883670197,0.05949804216542284,0.17760557466949967,9.99999999686479,1.065633445634677,1.0656334498639615,2.220446049250313e-16,0.0,0,0,9.094947017729282e-13,0.6549011290706134,0.0,-0.11422254827900513,4.440892098500626e-16,0.0,2.609024107869118e-15,2.220446049250313e-16
zero_amp0.0_T12.0,zero,0.0,12.0,1.4500000000000002,0.8333333333333334,0.007370613883670197,0.05949804216542284,0.17760557466949967,9.99999999668712,1.0656334456514303,1.0656334498557722,0.0,0.0,0,0,9.094947017729282e-13,0.6549011290706134,0.0,-0.11422254824256228,4.440892098500626e-16,0.0,2.609024107869118e-15,2.220446049250313e-16
zero_amp0.0_T12.0,zero,0.0,12.0,1.5,0.8333333333333334,0.007370613883670197,0.05949804216542284,0.17760557466949967,9.99999999651038,1.0656334456681527,1.0656334498475837,2.220446049250313e-16,0.0,0,0,9.094947017729282e-13,0.6549011290706134,0.0,-0.11422254820634303,4.440892098500626e-16,0.0,2.609024107869118e-15,2.220446049250313e-16
zero_amp0.0_T12.0,zero,0.0,12.0,1.55,0.8333333333333334,0.007370613883670197,0.05949804216542284,0.17760557466949967,9.999999996334576,1.065633445684844,1.0656334498393958,2.220446049250313e-16,0.0,0,0,9.094947017729282e-13,0.6549011290706134,0.0,-0.11422254817057076,4.440892098500626e-16,0.0,2.609024107869118e-15,2.220446049250313e-16
zero_amp0.0_T12.0,zero,0.0,12.0,1.6,0.8333333333333334,0.007370613883670197,0.05949804216542284,0.17760557466949967,9.999999996159708,1.065633445701507,1.065633449831208,4.440892098500626e-16,0.0,0,0,1.3642420526593924e-12,0.6549011290706134,0.0,-0.11422254813435129,0.0,0.0,2.609024107869118e-15,2.220446049250313e-16
zero_amp0.0_T12.0,zero,0.0,12.0,1.6500000000000001,0.8333333333333334,0.007370613883670197,0.05949804216542284,0.17760557466949967,9.999999995985773,1.0656334457181424,1.0656334498230202,2.220446049250313e-16,0.0,0,0,9.094947017729282e-13,0.6549011290706134,0.0,-0.11422254809813204,4.440892098500626e-16,0.0,2.609024107869118e-15,2.220446049250313e-16
zero_amp0.0_T12.0,zero,0.0,12.0,1.7000000000000002,0.8333333333333334,0.007370613883670197,0.05949804216542284,0.17760557466949967,9.99999999581277,1.06563344573475,1.0656334498148334,4.440892098500626e-16,0.0,0,0,9.094947017729282e-13,0.6549011290706134,0.0,-0.11422254806146537,4.440892098500626e-16,0.0,2.609024107869118e-15,2.220446049250313e-16
zero_amp0.0_T12.0,zero,0.0,12.0,1.75,0.8333333333333334,0.007370613883670197,0.05949804216542284,0.17760557466949967,9.9999999956407,1.0656334457513315,1.0656334498066466,2.220446049250313e-16,0.0,0,0,9.094947017729282e-13,0.6549011290706134,0.0,-0.11422254802479892,4.440892098500626e-16,0.0,2.609024107869118e-15,2.220446049250313e-16
zero_amp0.0_T12.0,zero,0.0,12.0,1.8,0.8333333333333334,0.007370613883670197,0.05949804216542284,0.17760557466949967,9.999999995469562,1.065633445767887,1.06563344979846,2.220446049250313e-16,0.0,0,0,1.3642420526593924e-12,0.6549011290706134,0.0,-0.11422254798880305,4.440892098500626e-16,0.0,2.609024107869118e-15,2.220446049250313e-16
zero_amp0.0_T12.0,zero,0.0,12.0,1.85,0.8333333333333334,0.007370613883670197,0.05949804216542284,0.17760557466949967,9.999999995299351,1.065633445784418,1.0656334497902744,4.440892098500626e-16,0.0,0,0,9.094947017729282e-13,0.6549011290706134,0.0,-0.1142225479525838,2.220446049250313e-16,0.0,2.609024107869118e-15,2.220446049250313e-16
zero_amp0.0_T12.0,zero,0.0,12.0,1.9000000000000001,0.8333333333333334,0.007370613883670197,0.05949804216542284,0.17760557466949967,9.999999995130073,1.0656334458009247,1.065633449782089,4.440892098500626e-16,0.0,0,0,1.3642420526593924e-12,0.6549011290706134,0.0,-0.11422254791614073,4.440892098500626e-16,0.0,2.609024107869118e-15,2.220446049250313e-16
zero_amp0.0_T12.0,zero,0.0,12.0,1.9500000000000002,0.8333333333333334,0.007370613883670197,0.05949804216542284,0.17760557466949967,9.999999994961726,1.065633445817408,1.065633449773904,4.440892098500626e-16,0.0,0,0,1.3642420526593924e-12,0.6549011290706134,0.0,-0.11422254787947428,4.440892098500626e-16,0.0,2.609024107869118e-15,2.220446049250313e-16
zero_amp0.0_T12.0,zero,0.0,12.0,2.0,0.8333333333333334,0.007370613883670197,0.05949804216542284,0.17760557466949967,9.999999994794305,1.0656334458338683,1.0656334497657194,4.440892098500626e-16,0.0,0,0,9.094947017729282e-13,0.6549011290706134,0.0,-0.11422254784280783,4.440892098500626e-16,0.0,2.609024107869118e-15,2.220446049250313e-16
zero_amp0.0_T12.0,zero,0.0,12.0,2.0500000000000003,0.8333333333333334,0.007370613883670197,0.05949804216542284,0.17760557466949967,9.999999994627816,1.0656334458503065,1.0656334497575357,4.440892098500626e-16,0.0,0,0,9.094947017729282e-13,0.6549011290706134,0.0,-0.11422254780636476,4.440892098500626e-16,0.0,2.609024107869118e-15,2.220446049250313e-16
zero_amp0.0_T12.0,zero,0.0,12.0,2.1,0.8333333333333334,0.007370613883670197,0.05949804216542284,0.17760557466949967,9.999999994462254,1.0656334458667243,1.065633449749352,4.440892098500626e-16,0.0,0,0,9.094947017729282e-13,0.6549011290706134,0.0,-0.11422254777014529,4.440892098500626e-16,0.0,2.609024107869118e-15,2.220446049250313e-16
zero_amp0.0_T12.0,zero,0.0,12.0,2.15,0.8333333333333334,0.007370613883670197,0.05949804216542284,0.17760557466949967,9.999999994297621,1.0656334458831223,1.0656334497411684,4.440892098500626e-16,0.0,0,0,1.1368683772161603e-12,0.6549011290706134,0.0,-0.11422254773392604,4.440892098500626e-16,0.0,2.609024107869118e-15,2.220446049250313e-16
zero_amp0.0_T12.0,zero,0.0,12.0,2.2,0.8333333333333334,0.007370613883670197,0.05949804216542284,0.17760557466949967,9.999999994133915,1.0656334458994998,1.0656334497329856,2.220446049250313e-16,0.0,0,0,9.094947017729282e-13,0.6549011290706134,0.0,-0.11422254769770679,4.440892098500626e-16,0.0,2.609024107869118e-15,2.220446049250313e-16
zero_amp0.0_T12.0,zero,0.0,12.0,2.25,0.8333333333333334,0.007370613883670197,0.05949804216542284,0.17760557466949967,9.999999993971135,1.0656334459158578,1.065633449724803,4.440892098500626e-16,0.0,0,0,9.094947017729282e-13,0.6549011290706134,0.0,-0.11422254766148732,4.440892098500626e-16,0.0,2.609024107869118e-15,2.220446049250313e-16
zero_amp0.0_T12.0,zero,0.0,12.0,2.3000000000000003,0.8333333333333334,0.007370613883670197,0.05949804216542284,0.17760557466949967,9.999999993809283,1.065633445932198,1.0656334497166207,2.220446049250313e-16,0.0,0,0,9.094947017729282e-13,0.6549011290706134,0.0,-0.11422254762504425,4.440892098500626e-16,0.0,2.609024107869118e-15,2.220446049250313e-16
zero_amp0.0_T12.0,zero,0.0,12.0,2.35,0.8333333333333334,0.007370613883670197,0.05949804216542284,0.17760557466949967,9.999999993648359,1.0656334459485197,1.0656334497084388,2.220446049250313e-16,0.0,0,0,1.3642420526593924e-12,0.6549011290706134,0.0,-0.1142225475886014,4.440892098500626e-16,0.0,2.609024107869118e-15,2.220446049250313e-16
zero_amp0.0_T12.0,zero,0.0,12.0,2.4000000000000004,0.8333333333333334,0.007370613883670197,0.05949804216542284,0.17760557466949967,9.999999993488359,1.0656334459648233,1.0656334497002578,4.440892098500626e-16,0.0,0,0,9.094947017729282e-13,0.6549011290706134,0.0,-0.11422254755238215,4.440892098500626e-16,0.0,2.609024107869118e-15,2.220446049250313e-16
zero_amp0.0_T12.0,zero,0.0,12.0,2.45,0.8333333333333334,0.007370613883670197,0.05949804216542284,0.17760557466949967,9.999999993329286,1.0656334459811114,1.0656334496920765,4.440892098500626e-16,0.0,0,0,9.094947017729282e-13,0.6549011290706134,0.0,-0.11422254751616268,4.440892098500626e-16,0.0,2.609024107869118e-15,2.220446049250313e-16
zero_amp0.0_T12.0,zero,0.0,12.0,2.5,0.8333333333333334,0.007370613883670197,0.05949804216542284,0.17760557466949967,9.999999993171139,1.065633445997383,1.0656334496838955,2.220446049250313e-16,0.0,0,0,1.3642420526593924e-12,0.6549011290706134,0.0,-0.11422254747949623,4.440892098500626e-16,0.0,2.609024107869118e-15,2.220446049250313e-16
zero_amp0.0_T12.0,zero,0.0,12.0,2.5500000000000003,0.8333333333333334,0.007370613883670197,0.05949804216542284,0.17760557466949967,9.999999993013917,1.0656334460136394,1.0656334496757154,4.440892098500626e-16,0.0,0,0,9.094947017729282e-13,0.6549011290706134,0.0,-0.11422254744305316,4.440892098500626e-16,0.0,2.609024107869118e-15,2.220446049250313e-16
zero_amp0.0_T12.0,zero,0.0,12.0,2.6,0.8333333333333334,0.007370613883670197,0.05949804216542284,0.17760557466949967,9.999999992857623,1.06563344602988,1.0656334496675353,4.440892098500626e-16,0.0,0,0,1.3642420526593924e-12,0.6549011290706134,0.0,-0.11422254740638671,4.440892098500626e-16,0.0,2.609024107869118e-15,2.220446049250313e-16
zero_amp0.0_T12.0,zero,0.0,12.0,2.6500000000000004,0.8333333333333334,0.007370613883670197,0.05949804216542284,0.17760557466949967,9.999999992702252,1.0656334460461052,1.065633449659356,2.220446049250313e-16,0.0,0,0,9.094947017729282e-13,0.6549011290706134,0.0,-0.11422254736994364,4.440892098500626e-16,0.0,2.609024107869118e-15,2.220446049250313e-16
zero_amp0.0_T12.0,zero,0.0,12.0,2.7,0.8333333333333334,0.007370613883670197,0.05949804216542284,0.17760557466949967,9.999999992547805,1.065633446062317,1.0656334496511766,2.220446049250313e-16,0.0,0,0,9.094947017729282e-13,0.6549011290706134,0.0,-0.11422254733350079,4.440892098500626e-16,0.0,2.609024107869118e-15,2.220446049250313e-16
zero_amp0.0_T12.0,zero,0.0,12.0,2.75,0.8333333333333334,0.007370613883670197,0.05949804216542284,0.17760557466949967,9.999999992394283,1.065633446078515,1.0656334496429978,4.440892098500626e-16,0.0,0,0,1.3642420526593924e-12,0.6549011290706134,0.0,-0.11422254729683434,4.440892098500626e-16,0.0,2.609024107869118e-15,2.220446049250313e-16
zero_amp0.0_T12.0,zero,0.0,12.0,2.8000000000000003,0.8333333333333334,0.007370613883670197,0.05949804216542284,0.17760557466949967,9.999999992241689,1.0656334460946997,1.0656334496348192,4.440892098500626e-16,0.0,0,0,9.094947017729282e-13,0.6549011290706134,0.0,-0.11422254726016767,4.440892098500626e-16,0.0,2.609024107869118e-15,2.220446049250313e-16
zero_amp0.0_T12.0,zero,0.0,12.0,2.85,0.8333333333333334,0.007370613883670197,0.05949804216542284,0.17760557466949967,9.999999992090016,1.0656334461108707,1.0656334496266415,4.440892098500626e-16,0.0,0,0,9.094947017729282e-13,0.6549011290706134,0.0,-0.11422254722372482,4.440892098500626e-16,0.0,2.609024107869118e-15,2.220446049250313e-16
zero_amp0.0_T12.0,zero,0.0,12.0,2.9000000000000004,0.8333333333333334,0.007370613883670197,0.05949804216542284,0.17760557466949967,9.99999999193927,1.0656334461270303,1.0656334496184638,4.440892098500626e-16,0.0,0,0,1.3642420526593924e-12,0.6549011290706134,0.0,-0.11422254718705838,4.440892098500626e-16,0.0,2.609024107869118e-15,2.220446049250313e-16
zero_amp0.0_T12.0,zero,0.0,12.0,2.95,0.8333333333333334,0.007370613883670197,0.05949804216542284,0.17760557466949967,9.999999991789448,1.065633446143178,1.0656334496102864,4.440892098500626e-16,0.0,0,0,9.094947017729282e-13,0.6549011290706134,0.0,-0.1142225471508389,4.440892098500626e-16,0.0,2.609024107869118e-15,2.220446049250313e-16
zero_amp0.0_T12.0,zero,0.0,12.0,3.0,0.8333333333333334,0.007370613883670197,0.05949804216542284,0.17760557466949967,9.999999991640548,1.065633446159314,1.0656334496021094,4.440892098500626e-16,0.0,0,0,9.094947017729282e-13,0.6549011290706134,0.0,-0.11422254711439583,4.440892098500626e-16,0.0,2.609024107869118e-15,2.220446049250313e-16
zero_amp0.0_T12.0,zero,0.0,12.0,3.0500000000000003,0.8333333333333334,0.007370613883670197,0.05949804216542284,0.17760557466949967,9.999999991492572,1.0656334461754384,1.0656334495939328,2.220446049250313e-16,0.0,0,0,1.3642420526593924e-12,0.6549011290706134,0.0,-0.11422254707772939,4.440892098500626e-16,0.0,2.609024107869118e-15,2.220446049250313e-16
zero_amp0.0_T12.0,zero,0.0,12.0,3.1,0.8333333333333334,0.007370613883670197,0.05949804216542284,0.17760557466949967,9.999999991345522,1.0656334461915522,1.0656334495857562,4.440892098500626e-16,0.0,0,0,9.094947017729282e-13,0.6549011290706134,0.0,-0.11422254704106294,2.220446049250313e-16,0.0,2.609024107869118e-15,2.220446049250313e-16
zero_amp0.0_T12.0,zero,0.0,12.0,3.1500000000000004,0.8333333333333334,0.007370613883670197,0.05949804216542284,0.17760557466949967,9.999999991199397,1.065633446207655,1.0656334495775805,4.440892098500626e-16,0.0,0,0,9.094947017729282e-13,0.6549011290706134,0.0,-0.11422254700439649,4.440892098500626e-16,0.0,2.609024107869118e-15,2.220446049250313e-16
zero_amp0.0_T12.0,zero,0.0,12.0,3.2,0.8333333333333334,0.007370613883670197,0.05949804216542284,0.17760557466949967,9.999999991054196,1.0656334462237484,1.0656334495694049,4.440892098500626e-16,0.0,0,0,9.094947017729282e-13,0.6549011290706134,0.0,-0.11422254696772982,4.440892098500626e-16,0.0,2.609024107869118e-15,2.220446049250313e-16
zero_amp0.0_T12.0,zero,0.0,12.0,3.25,0.8333333333333334,0.007370613883670197,0.05949804216542284,0.17760557466949967,9.999999990909915,1.0656334462398322,1.06563344956123,4.440892098500626e-16,0.0,0,0,9.094947017729282e-13,0.6549011290706134,0.0,-0.11422254693106337,4.440892098500626e-16,0.0,2.609024107869118e-15,2.220446049250313e-16
zero_amp0.0_T12.0,zero,0.0,12.0,3.3000000000000003,0.8333333333333334,0.007370613883670197,0.05949804216542284,0.17760557466949967,9.999999990766561,1.0656334462559072,1.0656334495530548,4.440892098500626e-16,0.0,0,0,1.3642420526593924e-12,0.6549011290706134,0.0,-0.11422254689462052,4.440892098500626e-16,0.0,2.609024107869118e-15,2.220446049250313e-16
zero_amp0.0_T12.0,zero,0.0,12.0,3.35,0.8333333333333334,0.007370613883670197,0.05949804216542284,0.17760557466949967,9.99999999062413,1.0656334462719728,1.0656334495448803,4.440892098500626e-16,0.0,0,0,1.3642420526593924e-12,0.6549011290706134,0.0,-0.11422254685795385,4.440892098500626e-16,0.0,2.609024107869118e-15,2.220446049250313e-16
zero_amp0.0_T12.0,zero,0.0,12.0,3.4000000000000004,0.8333333333333334,0.007370613883670197,0.05949804216542284,0.17760557466949967,9.999999990482625,1.06563344628803,1.0656334495367061,4.440892098500626e-16,0.0,0,0,9.094947017729282e-13,0.6549011290706134,0.0,-0.11422254682106381,4.440892098500626e-16,0.0,2.609024107869118e-15,2.220446049250313e-16
zero_amp0.0_T12.0,zero,0.0,12.0,3.45,0.8333333333333334,0.007370613883670197,0.05949804216542284,0.17760557466949967,9.99999999034204,1.0656334463040784,1.0656334495285322,4.440892098500626e-16,0.0,0,0,9.094947017729282e-13,0.6549011290706134,0.0,-0.11422254678417354,4.440892098500626e-16,0.0,2.609024107869118e-15,2.220446049250313e-16
zero_amp0.0_T12.0,zero,0.0,12.0,3.5,0.8333333333333334,0.007370613883670197,0.05949804216542284,0.17760557466949967,9.999999990202383,1.065633446320119,1.0656334495203588,4.440892098500626e-16,0.0,0,0,1.3642420526593924e-12,0.6549011290706134,0.0,-0.11422254674750731,4.440892098500626e-16,0.0,2.609024107869118e-15,2.220446049250313e-16
zero_amp0.0_T12.0,zero,0.0,12.0,3.5500000000000003,0.8333333333333334,0.007370613883670197,0.05949804216542284,0.17760557466949967,9.99999999006365,1.0656334463361514,1.0656334495121857,4.440892098500626e-16,0.0,0,0,1.3642420526593924e-12,0.6549011290706134,0.0,-0.11422254671106424,4.440892098500626e-16,0.0,2.609024107869118e-15,2.220446049250313e-16
zero_amp0.0_T12.0,zero,0.0,12.0,3.6,0.8333333333333334,0.007370613883670197,0.05949804216542284,0.17760557466949967,9.999999989925836,1.065633446352177,1.0656334495040132,4.440892098500626e-16,0.0,0,0,1.3642420526593924e-12,0.6549011290706134,0.0,-0.11422254667462117,4.440892098500626e-16,0.0,2.609024107869118e-15,2.220446049250313e-16
zero_amp0.0_T12.0,zero,0.0,12.0,3.6500000000000004,0.8333333333333334,0.007370613883670197,0.05949804216542284,0.17760557466949967,9.999999989788952,1.0656334463681953,1.0656334494958406,4.440892098500626e-16,0.0,0,0,1.3642420526593924e-12,0.6549011290706134,0.0,-0.11422254663773113,4.440892098500626e-16,0.0,2.609024107869118e-15,2.220446049250313e-16
zero_amp0.0_T12.0,zero,0.0,12.0,3.7,0.8333333333333334,0.007370613883670197,0.05949804216542284,0.17760557466949967,9.999999989652991,1.065633446384207,1.0656334494876685,4.440892098500626e-16,0.0,0,0,1.3642420526593924e-12,0.6549011290706134,0.0,-0.11422254660128828,4.440892098500626e-16,0.0,2.609024107869118e-15,2.220446049250313e-16
zero_amp0.0_T12.0,zero,0.0,12.0,3.75,0.8333333333333334,0.007370613883670197,0.05949804216542284,0.17760557466949967,9.999999989517953,1.0656334464002126,1.0656334494794963,4.440892098500626e-16,0.0,0,0,1.3642420526593924e-12,0.6549011290706134,0.0,-0.11422254656462183,0.0,0.0,2.609024107869118e-15,2.220446049250313e-16
zero_amp0.0_T12.0,zero,0.0,12.0,3.8000000000000003,0.8333333333333334,0.007370613883670197,0.05949804216542284,0.17760557466949967,9.99999998938384,1.0656334464162112,1.0656334494713249,4.440892098500626e-16,0.0,0,0,9.094947017729282e-13,0.6549011290706134,0.0,-0.11422254652795516,4.440892098500626e-16,0.0,2.609024107869118e-15,2.220446049250313e-16
zero_amp0.0_T12.0,zero,0.0,12.0,3.85,0.8333333333333334,0.007370613883670197,0.05949804216542284,0.17760557466949967,9.999999989250654,1.0656334464322035,1.0656334494631539,4.440892098500626e-16,0.0,0,0,9.094947017729282e-13,0.6549011290706134,0.0,-0.11422254649173569,4.440892098500626e-16,0.0,2.609024107869118e-15,2.220446049250313e-16
zero_amp0.0_T12.0,zero,0.0,12.0,3.9000000000000004,0.8333333333333334,0.007370613883670197,0.05949804216542284,0.17760557466949967,9.99999998911839,1.065633446448191,1.065633449454983,4.440892098500626e-16,0.0,0,0,9.094947017729282e-13,0.6549011290706134,0.0,-0.11422254645506946,4.440892098500626e-16,0.0,2.609024107869118e-15,2.220446049250313e-16
zero_amp0.0_T12.0,zero,0.0,12.0,3.95,0.8333333333333334,0.007370613883670197,0.05949804216542284,0.17760557466949967,9.999999988987051,1.0656334464641724,1.0656334494468123,4.440892098500626e-16,0.0,0,0,9.094947017729282e-13,0.6549011290706134,0.0,-0.11422254641840279,4.440892098500626e-16,0.0,2.609024107869118e-15,2.220446049250313e-16
zero_amp0.0_T12.0,zero,0.0,12.0,4.0,0.8333333333333334,0.007370613883670197,0.05949804216542284,0.17760557466949967,9.999999988856636,1.065633446480148,1.0656334494386424,4.440892098500626e-16,0.0,0,0,9.094947017729282e-13,0.6549011290706134,0.0,-0.11422254638195972,4.440892098500626e-16,0.0,2.609024107869118e-15,2.220446049250313e-16
zero_amp0.0_T12.0,zero,0.0,12.0,4.05,0.8333333333333334,0.007370613883670197,0.05949804216542284,0.17760557466949967,9.999999988727147,1.0656334464961188,1.0656334494304724,4.440892098500626e-16,0.0,0,0,9.094947017729282e-13,0.6549011290706134,0.0,-0.1142225463457407,4.440892098500626e-16,0.0,2.609024107869118e-15,2.220446049250313e-16
zero_amp0.0_T12.0,zero,0.0,12.0,4.1000000000000005,0.8333333333333334,0.007370613883670197,0.05949804216542284,0.17760557466949967,9.999999988598585,1.0656334465120847,1.065633449422303,4.440892098500626e-16,0.0,0,0,9.094947017729282e-13,0.6549011290706134,0.0,-0.11422254630907402,4.440892098500626e-16,0.0,2.609024107869118e-15,2.220446049250313e-16
zero_amp0.0_T12.0,zero,0.0,12.0,4.15,0.8333333333333334,0.007370613883670197,0.05949804216542284,0.17760557466949967,9.999999988470947,1.0656334465280468,1.0656334494141337,4.440892098500626e-16,0.0,0,0,9.094947017729282e-13,0.6549011290706134,0.0,-0.11422254627240735,4.440892098500626e-16,0.0,2.609024107869118e-15,2.220446049250313e-16
zero_amp0.0_T12.0,zero,0.0,12.0,4.2,0.8333333333333334,0.007370613883670197,0.05949804216542284,0.17760557466949967,9.999999988344236,1.065633446544004,1.0656334494059645,4.440892098500626e-16,0.0,0,0,9.094947017729282e-13,0.6549011290706134,0.0,-0.11422254623551731,4.440892098500626e-16,0.0,2.609024107869118e-15,2.220446049250313e-16
zero_amp0.0_T12.0,zero,0.0,12.0,4.25,0.8333333333333334,0.007370613883670197,0.05949804216542284,0.17760557466949967,9.999999988218452,1.0656334465599568,1.065633449397796,4.440892098500626e-16,0.0,0,0,1.3642420526593924e-12,0.6549011290706134,0.0,-0.11422254619885064,4.440892098500626e-16,0.0,2.609024107869118e-15,2.220446049250313e-16
zero_amp0.0_T12.0,zero,0.0,12.0,4.3,0.8333333333333334,0.007370613883670197,0.05949804216542284,0.17760557466949967,9.99999998809359,1.065633446575906,1.0656334493896273,4.440892098500626e-16,0.0,0,0,9.094947017729282e-13,0.6549011290706134,0.0,-0.11422254616196081,4.440892098500626e-16,0.0,2.609024107869118e-15,2.220446049250313e-16
zero_amp0.0_T12.0,zero,0.0,12.0,4.3500000000000005,0.8333333333333334,0.007370613883670197,0.05949804216542284,0.17760557466949967,9.999999987969655,1.065633446591851,1.0656334493814592,4.440892098500626e-16,0.0,0,0,9.094947017729282e-13,0.6549011290706134,0.0,-0.11422254612507077,4.440892098500626e-16,0.0,2.609024107869118e-15,2.220446049250313e-16
zero_amp0.0_T12.0,zero,0.0,12.0,4.4,0.8333333333333334,0.007370613883670197,0.05949804216542284,0.17760557466949967,9.99999998784665,1.0656334466077932,1.065633449373291,4.440892098500626e-16,0.0,0,0,1.3642420526593924e-12,0.6549011290706134,0.0,-0.1142225460879569,4.440892098500626e-16,0.0,2.609024107869118e-15,2.220446049250313e-16
zero_amp0.0_T12.0,zero,0.0,12.0,4.45,0.8333333333333334,0.007370613883670197,0.05949804216542284,0.17760557466949967,9.999999987724568,1.0656334466237318,1.0656334493651234,4.440892098500626e-16,0.0,0,0,9.094947017729282e-13,0.6549011290706134,0.0,-0.11422254605173743,4.440892098500626e-16,0.0,2.609024107869118e-15,2.220446049250313e-16
zero_amp0.0_T12.0,zero,0.0,12.0,4.5,0.8333333333333334,0.007370613883670197,0.05949804216542284,0.17760557466949967,9.999999987603413,1.0656334466396673,1.0656334493569561,4.440892098500626e-16,0.0,0,0,1.3642420526593924e-12,0.6549011290706134,0.0,-0.1142225460148476,4.440892098500626e-16,0.0,2.609024107869118e-15,2.220446049250313e-16
zero_amp0.0_T12.0,zero,0.0,12.0,4.55,0.8333333333333334,0.007370613883670197,0.05949804216542284,0.17760557466949967,9.999999987483188,1.0656334466555992,1.065633449348789,4.440892098500626e-16,0.0,0,0,9.094947017729282e-13,0.6549011290706134,0.0,-0.11422254597795756,4.440892098500626e-16,0.0,2.609024107869118e-15,2.220446049250313e-16
zero_amp0.0_T12.0,zero,0.0,12.0,4.6000000000000005,0.8333333333333334,0.007370613883670197,0.05949804216542284,0.17760557466949967,9.999999987363887,1.0656334466715276,1.065633449340622,4.440892098500626e-16,0.0,0,0,9.094947017729282e-13,0.6549011290706134,0.0,-0.11422254594129089,4.440892098500626e-16,0.0,2.609024107869118e-15,2.220446049250313e-16
zero_amp0.0_T12.0,zero,0.0,12.0,4.65,0.8333333333333334,0.007370613883670197,0.05949804216542284,0.17760557466949967,9.999999987245515,1.065633446687454,1.0656334493324557,4.440892098500626e-16,0.0,0,0,9.094947017729282e-13,0.6549011290706134,0.0,-0.11422254590462422,4.440892098500626e-16,0.0,2.609024107869118e-15,2.220446049250313e-16
zero_amp0.0_T12.0,zero,0.0,12.0,4.7,0.8333333333333334,0.007370613883670197,0.05949804216542284,0.17760557466949967,9.99999998712807,1.0656334467033775,1.0656334493242898,4.440892098500626e-16,0.0,0,0,9.094947017729282e-13,0.6549011290706134,0.0,-0.11422254586818137,4.440892098500626e-16,0.0,2.609024107869118e-15,2.220446049250313e-16
zero_amp0.0_T12.0,zero,0.0,12.0,4.75,0.8333333333333334,0.007370613883670197,0.05949804216542284,0.17760557466949967,9.999999987011552,1.0656334467192983,1.0656334493161237,2.220446049250313e-16,0.0,0,0,9.094947017729282e-13,0.6549011290706134,0.0,-0.11422254583129132,4.440892098500626e-16,0.0,2.609024107869118e-15,2.220446049250313e-16
zero_amp0.0_T12.0,zero,0.0,12.0,4.800000000000001,0.8333333333333334,0.007370613883670197,0.05949804216542284,0.17760557466949967,9.999999986895965,1.065633446735218,1.065633449307958,4.440892098500626e-16,0.0,0,0,1.3642420526593924e-12,0.6549011290706134,0.0,-0.11422254579462487,4.440892098500626e-16,0.0,2.609024107869118e-15,2.220446049250313e-16
zero_amp0.0_T12.0,zero,0.0,12.0,4.8500000000000005,0.8333333333333334,0.007370613883670197,0.05949804216542284,0.17760557466949967,9.999999986781305,1.0656334467511344,1.0656334492997925,4.440892098500626e-16,0.0,0,0,9.094947017729282e-13,0.6549011290706134,0.0,-0.1142225457577346,4.440892098500626e-16,0.0,2.609024107869118e-15,2.220446049250313e-16
zero_amp0.0_T12.0,zero,0.0,12.0,4.9,0.8333333333333334,0.007370613883670197,0.05949804216542284,0.17760557466949967,9.999999986667575,1.06563344676705,1.065633449291627,2.220446049250313e-16,0.0,0,0,1.3642420526593924e-12,0.6549011290706134,0.0,-0.11422254572084456,4.440892098500626e-16,0.0,2.609024107869118e-15,2.220446049250313e-16
zero_amp0.0_T12.0,zero,0.0,12.0,4.95,0.8333333333333334,0.007370613883670197,0.05949804216542284,0.17760557466949967,9.999999986554771,1.0656334467829636,1.065633449283462,4.440892098500626e-16,0.0,0,0,9.094947017729282e-13,0.6549011290706134,0.0,-0.11422254568373091,4.440892098500626e-16,0.0,2.609024107869118e-15,2.220446049250313e-16
zero_amp0.0_T12.0,zero,0.0,12.0,5.0,0.8333333333333334,0.007370613883670197,0.05949804216542284,0.17760557466949967,9.999999986442898,1.0656334467988748,1.0656334492752975,4.440892098500626e-16,0.0,0,0,1.3642420526593924e-12,0.6549011290706134,0.0,-0.11422254564684087,4.440892098500626e-16,0.0,2.609024107869118e-15,2.220446049250313e-16
zero_amp0.0_T12.0,zero,0.0,12.0,5.050000000000001,0.8333333333333334,0.007370613883670197,0.05949804216542284,0.17760557466949967,9.999999986331954,1.0656334468147846,1.065633449267133,4.440892098500626e-16,0.0,0,0,9.094947017729282e-13,0.6549011290706134,0.0,-0.11422254560995082,4.440892098500626e-16,0.0,2.609024107869118e-15,2.220446049250313e-16
zero_amp0.0_T12.0,zero,0.0,12.0,5.1000000000000005,0.8333333333333334,0.007370613883670197,0.05949804216542284,0.17760557466949967,9.99999998622194,1.065633446830693,1.0656334492589685,4.440892098500626e-16,0.0,0,0,9.094947017729282e-13,0.6549011290706134,0.0,-0.11422254557306055,4.440892098500626e-16,0.0,2.609024107869118e-15,2.220446049250313e-16
zero_amp0.0_T12.0,zero,0.0,12.0,5.15,0.8333333333333334,0.007370613883670197,0.05949804216542284,0.17760557466949967,9.999999986112858,1.0656334468466007,1.0656334492508046,4.440892098500626e-16,0.0,0,0,9.094947017729282e-13,0.6549011290706134,0.0,-0.1142225455363941,4.440892098500626e-16,0.0,2.609024107869118e-15,2.220446049250313e-16
zero_amp0.0_T12.0,zero,0.0,12.0,5.2,0.8333333333333334,0.007370613883670197,0.05949804216542284,0.17760557466949967,9.999999986004703,1.0656334468625062,1.065633449242641,4.440892098500626e-16,0.0,0,0,9.094947017729282e-13,0.6549011290706134,0.0,-0.11422254549972766,4.440892098500626e-16,0.0,2.609024107869118e-15,2.220446049250313e-16
zero_amp0.0_T12.0,zero,0.0,12.0,5.25,0.8333333333333334,0.007370613883670197,0.05949804216542284,0.17760557466949967,9.99999998589748,1.0656334468784114,1.0656334492344772,4.440892098500626e-16,0.0,0,0,9.094947017729282e-13,0.6549011290706134,0.0,-0.11422254546283761,4.440892098500626e-16,0.0,2.609024107869118e-15,2.220446049250313e-16
zero_amp0.0_T12.0,zero,0.0,12.0,5.300000000000001,0.8333333333333334,0.007370613883670197,0.05949804216542284,0.17760557466949967,9.999999985791188,1.065633446894316,1.065633449226314,4.440892098500626e-16,0.0,0,0,9.094947017729282e-13,0.6549011290706134,0.0,-0.11422254542550037,4.440892098500626e-16,0.0,2.609024107869118e-15,2.220446049250313e-16
zero_amp0.0_T12.0,zero,0.0,12.0,5.3500000000000005,0.8333333333333334,0.007370613883670197,0.05949804216542284,0.17760557466949967,9.999999985685829,1.0656334469102189,1.0656334492181507,4.440892098500626e-16,0.0,0,0,9.094947017729282e-13,0.6549011290706134,0.0,-0.1142225453886101,4.440892098500626e-16,0.0,2.609024107869118e-15,2.220446049250313e-16
zero_amp0.0_T12.0,zero,0.0,12.0,5.4,0.8333333333333334,0.007370613883670197,0.05949804216542284,0.17760557466949967,9.999999985581399,1.0656334469261215,1.065633449209988,4.440892098500626e-16,0.0,0,0,1.3642420526593924e-12,0.6549011290706134,0.0,-0.11422254535194365,4.440892098500626e-16,0.0,2.609024107869118e-15,2.220446049250313e-16
zero_amp0.0_T12.0,zero,0.0,12.0,5.45,0.8333333333333334,0.007370613883670197,0.05949804216542284,0.17760557466949967,9.999999985477901,1.0656334469420234,1.0656334492018251,4.440892098500626e-16,0.0,0,0,9.094947017729282e-13,0.6549011290706134,0.0,-0.1142225453152772,4.440892098500626e-16,0.0,2.609024107869118e-15,2.220446049250313e-16
zero_amp0.0_T12.0,zero,0.0,12.0,5.5,0.8333333333333334,0.007370613883670197,0.05949804216542284,0.17760557466949967,9.999999985375336,1.0656334469579256,1.0656334491936628,4.440892098500626e-16,0.0,0,0,9.094947017729282e-13,0.6549011290706134,0.0,-0.11422254527838716,4.440892098500626e-16,0.0,2.609024107869118e-15,2.220446049250313e-16
zero_amp0.0_T12.0,zero,0.0,12.0,5.550000000000001,0.8333333333333334,0.007370613883670197,0.05949804216542284,0.17760557466949967,9.999999985273703,1.0656334469738271,1.0656334491855,4.440892098500626e-16,0.0,0,0,1.3642420526593924e-12,0.6549011290706134,0.0,-0.11422254524149689,4.440892098500626e-16,0.0,2.609024107869118e-15,2.220446049250313e-16
zero_amp0.0_T12.0,zero,0.0,12.0,5.6000000000000005,0.8333333333333334,0.007370613883670197,0.05949804216542284,0.17760557466949967,9.999999985173003,1.065633446989728,1.065633449177338,4.440892098500626e-16,0.0,0,0,9.094947017729282e-13,0.6549011290706134,0.0,-0.11422254520483044,4.440892098500626e-16,0.0,2.609024107869118e-15,2.220446049250313e-16
zero_amp0.0_T12.0,zero,0.0,12.0,5.65,0.8333333333333334,0.007370613883670197,0.05949804216542284,0.17760557466949967,9.999999985073238,1.0656334470056295,1.0656334491691761,4.440892098500626e-16,0.0,0,0,1.3642420526593924e-12,0.6549011290706134,0.0,-0.11422254516771657,4.440892098500626e-16,0.0,2.609024107869118e-15,2.220446049250313e-16
zero_amp0.0_T12.0,zero,0.0,12.0,5.7,0.8333333333333334,0.007370613883670197,0.05949804216542284,0.17760557466949967,9.999999984974405,1.0656334470215303,1.0656334491610142,4.440892098500626e-16,0.0,0,0,1.3642420526593924e-12,0.6549011290706134,0.0,-0.11422254513082675,4.440892098500626e-16,0.0,2.609024107869118e-15,2.220446049250313e-16
zero_amp0.0_T12.0,zero,0.0,12.0,5.75,0.8333333333333334,0.007370613883670197,0.05949804216542284,0.17760557466949967,9.999999984876505,1.0656334470374313,1.0656334491528527,4.440892098500626e-16,0.0,0,0,9.094947017729282e-13,0.6549011290706134,0.0,-0.1142225450937131,4.440892098500626e-16,0.0,2.609024107869118e-15,2.220446049250313e-16
zero_amp0.0_T12.0,zero,0.0,12.0,5.800000000000001,0.8333333333333334,0.007370613883670197,0.05949804216542284,0.17760557466949967,9.99999998477954,1.0656334470533326,1.0656334491446913,4.440892098500626e-16,0.0,0,0,1.3642420526593924e-12,0.6549011290706134,0.0,-0.11422254505704643,4.440892098500626e-16,0.0,2.609024107869118e-15,2.220446049250313e-16
zero_amp0.0_T12.0,zero,0.0,12.0,5.8500000000000005,0.8333333333333334,0.007370613883670197,0.05949804216542284,0.17760557466949967,9.999999984683509,1.0656334470692341,1.0656334491365298,4.440892098500626e-16,0.0,0,0,9.094947017729282e-13,0.6549011290706134,0.0,-0.11422254502015639,4.440892098500626e-16,0.0,2.609024107869118e-15,2.220446049250313e-16
zero_amp0.0_T12.0,zero,0.0,12.0,5.9,0.8333333333333334,0.007370613883670197,0.05949804216542284,0.17760557466949967,9.999999984588415,1.065633447085136,1.0656334491283692,4.440892098500626e-16,0.0,0,0,1.3642420526593924e-12,0.6549011290706134,0.0,-0.11422254498304252,4.440892098500626e-16,0.0,2.609024107869118e-15,2.220446049250313e-16
zero_amp0.0_T12.0,zero,0.0,12.0,5.95,0.8333333333333334,0.007370613883670197,0.05949804216542284,0.17760557466949967,9.999999984494256,1.0656334471010378,1.0656334491202082,4.440892098500626e-16,0.0,0,0,9.094947017729282e-13,0.6549011290706134,0.0,-0.11422254494592887,2.220446049250313e-16,0.0,2.609024107869118e-15,2.220446049250313e-16
zero_amp0.0_T12.0,zero,0.0,12.0,6.0,0.8333333333333334,0.007370613883670197,0.05949804216542284,0.17760557466949967,9.999999984401029,1.0656334471169406,1.0656334491120472,4.440892098500626e-16,0.0,0,0,1.3642420526593924e-12,0.6549011290706134,0.0,-0.11422254490881545,4.440892098500626e-16,0.0,2.609024107869118e-15,2.220446049250313e-16
zero_amp0.0_T12.0,zero,0.0,12.0,6.050000000000001,0.8333333333333334,0.007370613883670197,0.05949804216542284,0.17760557466949967,9.999999984308738,1.0656334471328437,1.0656334491038868,6.661338147750939e-16,0.0,0,0,1.3642420526593924e-12,0.6549011290706134,0.0,-0.11422254487192518,4.440892098500626e-16,0.0,2.609024107869118e-15,2.220446049250313e-16
zero_amp0.0_T12.0,zero,0.0,12.0,6.1000000000000005,0.8333333333333334,0.007370613883670197,0.05949804216542284,0.17760557466949967,9.99999998421739,1.0656334471487476,1.0656334490957264,4.440892098500626e-16,0.0,0,0,1.3642420526593924e-12,0.6549011290706134,0.0,-0.11422254483503513,4.440892098500626e-16,0.0,2.609024107869118e-15,2.220446049250313e-16
zero_amp0.0_T12.0,zero,0.0,12.0,6.15,0.8333333333333334,0.007370613883670197,0.05949804216542284,0.17760557466949967,9.99999998412697,1.0656334471646525,1.065633449087566,4.440892098500626e-16,0.0,0,0,1.3642420526593924e-12,0.6549011290706134,0.0,-0.11422254479814486,4.440892098500626e-16,0.0,2.609024107869118e-15,2.220446049250313e-16
zero_amp0.0_T12.0,zero,0.0,12.0,6.2,0.8333333333333334,0.007370613883670197,0.05949804216542284,0.17760557466949967,9.99999998403749,1.0656334471805577,1.0656334490794057,6.661338147750939e-16,0.0,0,0,1.3642420526593924e-12,0.6549011290706134,0.0,-0.11422254476103122,4.440892098500626e-16,0.0,2.609024107869118e-15,2.220446049250313e-16
zero_amp0.0_T12.0,zero,0.0,12.0,6.25,0.8333333333333334,0.007370613883670197,0.05949804216542284,0.17760557466949967,9.99999998394895,1.065633447196464,1.0656334490712456,6.661338147750939e-16,0.0,0,0,1.3642420526593924e-12,0.6549011290706134,0.0,-0.11422254472391757,4.440892098500626e-16,0.0,2.609024107869118e-15,2.220446049250313e-16
zero_amp0.0_T12.0,zero,0.0,12.0,6.300000000000001,0.8333333333333334,0.007370613883670197,0.05949804216542284,0.17760557466949967,9.999999983861345,1.0656334472123716,1.0656334490630854,4.440892098500626e-16,0.0,0,0,1.3642420526593924e-12,0.6549011290706134,0.0,-0.11422254468680415,4.440892098500626e-16,0.0,2.609024107869118e-15,2.220446049250313e-16
zero_amp0.0_T12.0,zero,0.0,12.0,6.3500000000000005,0.8333333333333334,0.007370613883670197,0.05949804216542284,0.17760557466949967,9.99999998377468,1.0656334472282805,1.0656334490549257,6.661338147750939e-16,0.0,0,0,1.3642420526593924e-12,0.6549011290706134,0.0,-0.11422254465013748,4.440892098500626e-16,0.0,2.609024107869118e-15,2.220446049250313e-16
zero_amp0.0_T12.0,zero,0.0,12.0,6.4,0.8333333333333334,0.007370613883670197,0.05949804216542284,0.17760557466949967,9.999999983688953,1.0656334472441897,1.065633449046766,4.440892098500626e-16,0.0,0,0,9.094947017729282e-13,0.6549011290706134,0.0,-0.11422254461369441,4.440892098500626e-16,0.0,2.609024107869118e-15,2.220446049250313e-16
zero_amp0.0_T12.0,zero,0.0,12.0,6.45,0.8333333333333334,0.007370613883670197,0.05949804216542284,0.17760557466949967,9.999999983604166,1.065633447260101,1.0656334490386064,6.661338147750939e-16,0.0,0,0,9.094947017729282e-13,0.6549011290706134,0.0,-0.11422254457680436,4.440892098500626e-16,0.0,2.609024107869118e-15,2.220446049250313e-16
zero_amp0.0_T12.0,zero,0.0,12.0,6.5,0.8333333333333334,0.007370613883670197,0.05949804216542284,0.17760557466949967,9.999999983520317,1.0656334472760127,1.0656334490304467,6.661338147750939e-16,0.0,0,0,9.094947017729282e-13,0.6549011290706134,0.0,-0.11422254453991432,4.440892098500626e-16,0.0,2.609024107869118e-15,2.220446049250313e-16
zero_amp0.0_T12.0,zero,0.0,12.0,6.550000000000001,0.8333333333333334,0.007370613883670197,0.05949804216542284,0.17760557466949967,9.999999983437405,1.0656334472919256,1.0656334490222874,4.440892098500626e-16,0.0,0,0,9.094947017729282e-13,0.6549011290706134,0.0,-0.11422254450324787,4.440892098500626e-16,0.0,2.609024107869118e-15,2.220446049250313e-16
zero_amp0.0_T12.0,zero,0.0,12.0,6.6000000000000005,0.8333333333333334,0.007370613883670197,0.05949804216542284,0.17760557466949967,9.999999983355437,1.0656334473078402,1.0656334490141282,4.440892098500626e-16,0.0,0,0,9.094947017729282e-13,0.6549011290706134,0.0,-0.1142225444665812,4.440892098500626e-16,0.0,2.609024107869118e-15,2.220446049250313e-16
zero_amp0.0_T12.0,zero,0.0,12.0,6.65,0.8333333333333334,0.007370613883670197,0.05949804216542284,0.17760557466949967,9.999999983274408,1.0656334473237563,1.065633449005969,4.440892098500626e-16,0.0,0,0,1.3642420526593924e-12,0.6549011290706134,0.0,-0.11422254443013835,2.220446049250313e-16,0.0,2.609024107869118e-15,2.220446049250313e-16
zero_amp0.0_T12.0,zero,0.0,12.0,6.7,0.8333333333333334,0.007370613883670197,0.05949804216542284,0.17760557466949967,9.999999983194318,1.0656334473396742,1.0656334489978097,6.661338147750939e-16,0.0,0,0,1.3642420526593924e-12,0.6549011290706134,0.0,-0.1142225443934719,4.440892098500626e-16,0.0,2.609024107869118e-15,2.220446049250313e-16
zero_amp0.0_T12.0,zero,0.0,12.0,6.75,0.8333333333333334,0.007370613883670197,0.05949804216542284,0.17760557466949967,9.999999983115174,1.065633447355594,1.0656334489896504,6.661338147750939e-16,0.0,0,0,9.094947017729282e-13,0.6549011290706134,0.0,-0.11422254435702883,2.220446049250313e-16,0.0,2.609024107869118e-15,2.220446049250313e-16
zero_amp0.0_T12.0,zero,0.0,12.0,6.800000000000001,0.8333333333333334,0.007370613883670197,0.05949804216542284,0.17760557466949967,9.999999983036968,1.0656334473715146,1.0656334489814914,6.661338147750939e-16,0.0,0,0,9.094947017729282e-13,0.6549011290706134,0.0,-0.11422254432058598,4.440892098500626e-16,0.0,2.609024107869118e-15,2.220446049250313e-16
zero_amp0.0_T12.0,zero,0.0,12.0,6.8500000000000005,0.8333333333333334,0.007370613883670197,0.05949804216542284,0.17760557466949967,9.999999982959704,1.0656334473874367,1.0656334489733326,4.440892098500626e-16,0.0,0,0,9.094947017729282e-13,0.6549011290706134,0.0,-0.11422254428436651,4.440892098500626e-16,0.0,2.609024107869118e-15,2.220446049250313e-16
zero_amp0.0_T12.0,zero,0.0,12.0,6.9,0.8333333333333334,0.007370613883670197,0.05949804216542284,0.17760557466949967,9.999999982883383,1.0656334474033602,1.0656334489651738,4.440892098500626e-16,0.0,0,0,1.3642420526593924e-12,0.6549011290706134,0.0,-0.11422254424770006,4.440892098500626e-16,0.0,2.609024107869118e-15,2.220446049250313e-16
zero_amp0.0_T12.0,zero,0.0,12.0,6.95,0.8333333333333334,0.007370613883670197,0.05949804216542284,0.17760557466949967,9.999999982808003,1.0656334474192861,1.0656334489570147,6.661338147750939e-16,0.0,0,0,9.094947017729282e-13,0.6549011290706134,0.0,-0.114222544211257,4.440892098500626e-16,0.0,2.609024107869118e-15,2.220446049250313e-16
zero_amp0.0_T12.0,zero,0.0,12.0,7.0,0.8333333333333334,0.007370613883670197,0.05949804216542284,0.17760557466949967,9.99999998273357,1.065633447435214,1.065633448948856,6.661338147750939e-16,0.0,0,0,9.094947017729282e-13,0.6549011290706134,0.0,-0.11422254417481414,4.440892098500626e-16,0.0,2.609024107869118e-15,2.220446049250313e-16
zero_amp0.0_T12.0,zero,0.0,12.0,7.050000000000001,0.8333333333333334,0.007370613883670197,0.05949804216542284,0.17760557466949967,9.999999982660079,1.0656334474511442,1.0656334489406967,6.661338147750939e-16,0.0,0,0,1.3642420526593924e-12,0.6549011290706134,0.0,-0.11422254413814747,4.440892098500626e-16,0.0,2.609024107869118e-15,2.220446049250313e-16
zero_amp0.0_T12.0,zero,0.0,12.0,7.1000000000000005,0.8333333333333334,0.007370613883670197,0.05949804216542284,0.17760557466949967,9.999999982587532,1.0656334474670761,1.0656334489325379,6.661338147750939e-16,0.0,0,0,1.3642420526593924e-12,0.6549011290706134,0.0,-0.11422254410148125,4.440892098500626e-16,0.0,2.609024107869118e-15,2.220446049250313e-16
zero_amp0.0_T12.0,zero,0.0,12.0,7.15,0.8333333333333334,0.007370613883670197,0.05949804216542284,0.17760557466949967,9.999999982515927,1.0656334474830096,1.0656334489243793,6.661338147750939e-16,0.0,0,0,9.094947017729282e-13,0.6549011290706134,0.0,-0.11422254406503818,4.440892098500626e-16,0.0,2.609024107869118e-15,2.220446049250313e-16
zero_amp0.0_T12.0,zero,0.0,12.0,7.2,0.8333333333333334,0.007370613883670197,0.05949804216542284,0.17760557466949967,9.999999982445269,1.0656334474989448,1.0656334489162207,6.661338147750939e-16,0.0,0,0,9.094947017729282e-13,0.6549011290706134,0.0,-0.11422254402837151,4.440892098500626e-16,0.0,2.609024107869118e-15,2.220446049250313e-16
zero_amp0.0_T12.0,zero,0.0,12.0,7.25,0.8333333333333334,0.007370613883670197,0.05949804216542284,0.17760557466949967,9.999999982375556,1.0656334475148828,1.0656334489080619,6.661338147750939e-16,0.0,0,0,9.094947017729282e-13,0.6549011290706134,0.0,-0.11422254399192888,4.440892098500626e-16,0.0,2.609024107869118e-15,2.220446049250313e-16
zero_amp0.0_T12.0,zero,0.0,12.0,7.300000000000001,0.8333333333333334,0.007370613883670197,0.05949804216542284,0.17760557466949967,9.99999998230679,1.0656334475308225,1.0656334488999035,6.661338147750939e-16,0.0,0,0,9.094947017729282e-13,0.6549011290706134,0.0,-0.11422254395593301,4.440892098500626e-16,0.0,2.609024107869118e-15,2.220446049250313e-16
zero_amp0.0_T12.0,zero,0.0,12.0,7.3500000000000005,0.8333333333333334,0.007370613883670197,0.05949804216542284,0.17760557466949967,9.999999982238968,1.0656334475467641,1.0656334488917447,6.661338147750939e-16,0.0,0,0,9.094947017729282e-13,0.6549011290706134,0.0,-0.11422254392016051,4.440892098500626e-16,0.0,2.609024107869118e-15,2.220446049250313e-16
zero_amp0.0_T12.0,zero,0.0,12.0,7.4,0.8333333333333334,0.007370613883670197,0.05949804216542284,0.17760557466949967,9.999999982172096,1.065633447562708,1.065633448883586,6.661338147750939e-16,0.0,0,0,9.094947017729282e-13,0.6549011290706134,0.0,-0.11422254388371789,4.440892098500626e-16,0.0,2.609024107869118e-15,2.220446049250313e-16
zero_amp0.0_T12.0,zero,0.0,12.0,7.45,0.8333333333333334,0.007370613883670197,0.05949804216542284,0.17760557466949967,9.999999982106168,1.0656334475786546,1.0656334488754273,6.661338147750939e-16,0.0,0,0,9.094947017729282e-13,0.6549011290706134,0.0,-0.11422254384727482,4.440892098500626e-16,0.0,2.609024107869118e-15,2.220446049250313e-16
zero_amp0.0_T12.0,zero,0.0,12.0,7.5,0.8333333333333334,0.007370613883670197,0.05949804216542284,0.17760557466949967,9.999999982041189,1.0656334475946032,1.0656334488672692,8.881784197001252e-16,0.0,0,0,9.094947017729282e-13,0.6549011290706134,0.0,-0.11422254381127894,4.440892098500626e-16,0.0,2.609024107869118e-15,2.220446049250313e-16
zero_amp0.0_T12.0,zero,0.0,12.0,7.550000000000001,0.8333333333333334,0.007370613883670197,0.05949804216542284,0.17760557466949967,9.999999981977156,1.065633447610554,1.06563344885911,6.661338147750939e-16,0.0,0,0,9.094947017729282e-13,0.6549011290706134,0.0,-0.11422254377528329,4.440892098500626e-16,0.0,2.609024107869118e-15,2.220446049250313e-16
zero_amp0.0_T12.0,zero,0.0,12.0,7.6000000000000005,0.8333333333333334,0.007370613883670197,0.05949804216542284,0.17760557466949967,9.999999981914073,1.065633447626507,1.0656334488509516,6.661338147750939e-16,0.0,0,0,1.3642420526593924e-12,0.6549011290706134,0.0,-0.11422254373884022,4.440892098500626e-16,0.0,2.609024107869118e-15,2.220446049250313e-16
zero_amp0.0_T12.0,zero,0.0,12.0,7.65,0.8333333333333334,0.007370613883670197,0.05949804216542284,0.17760557466949967,9.99999998185194,1.0656334476424623,1.0656334488427928,6.661338147750939e-16,0.0,0,0,9.094947017729282e-13,0.6549011290706134,0.0,-0.11422254370284435,4.440892098500626e-16,0.0,2.609024107869118e-15,2.220446049250313e-16
zero_amp0.0_T12.0,zero,0.0,12.0,7.7,0.8333333333333334,0.007370613883670197,0.05949804216542284,0.17760557466949967,9.99999998179075,1.0656334476584204,1.065633448834634,8.881784197001252e-16,0.0,0,0,9.094947017729282e-13,0.6549011290706134,0.0,-0.1142225436670723,4.440892098500626e-16,0.0,2.609024107869118e-15,2.220446049250313e-16
zero_amp0.0_T12.0,zero,0.0,12.0,7.75,0.8333333333333334,0.007370613883670197,0.05949804216542284,0.17760557466949967,9.999999981730515,1.0656334476743816,1.0656334488264751,8.881784197001252e-16,0.0,0,0,9.094947017729282e-13,0.6549011290706134,0.0,-0.11422254363085282,4.440892098500626e-16,0.0,2.609024107869118e-15,2.220446049250313e-16
zero_amp0.0_T12.0,zero,0.0,12.0,7.800000000000001,0.8333333333333334,0.007370613883670197,0.05949804216542284,0.17760557466949967,9.999999981671229,1.065633447690345,1.065633448818316,6.661338147750939e-16,0.0,0,0,9.094947017729282e-13,0.6549011290706134,0.0,-0.11422254359508055,4.440892098500626e-16,0.0,2.609024107869118e-15,2.220446049250313e-16
zero_amp0.0_T12.0,zero,0.0,12.0,7.8500000000000005,0.8333333333333334,0.007370613883670197,0.05949804216542284,0.17760557466949967,9.999999981612891,1.0656334477063107,1.0656334488101575,8.881784197001252e-16,0.0,0,0,1.3642420526593924e-12,0.6549011290706134,0.0,-0.1142225435597557,4.440892098500626e-16,0.0,2.609024107869118e-15,2.220446049250313e-16
zero_amp0.0_T12.0,zero,0.0,12.0,7.9,0.8333333333333334,0.007370613883670197,0.05949804216542284,0.17760557466949967,9.999999981555508,1.0656334477222789,1.0656334488019985,8.881784197001252e-16,0.0,0,0,9.094947017729282e-13,0.6549011290706134,0.0,-0.11422254352375982,4.440892098500626e-16,0.0,2.609024107869118e-15,2.220446049250313e-16
zero_amp0.0_T12.0,zero,0.0,12.0,7.95,0.8333333333333334,0.007370613883670197,0.05949804216542284,0.17760557466949967,9.999999981499077,1.0656334477382499,1.0656334487938397,6.661338147750939e-16,0.0,0,0,9.094947017729282e-13,0.6549011290706134,0.0,-0.11422254348776417,4.440892098500626e-16,0.0,2.609024107869118e-15,2.220446049250313e-16
zero_amp0.0_T12.0,zero,0.0,12.0,8.0,0.8333333333333334,0.007370613883670197,0.05949804216542284,0.17760557466949967,9.999999981443594,1.0656334477542242,1.0656334487856807,8.881784197001252e-16,0.0,0,0,9.094947017729282e-13,0.6549011290706134,0.0,-0.1142225434519919,2.220446049250313e-16,0.0,2.609024107869118e-15,2.220446049250313e-16
zero_amp0.0_T12.0,zero,0.0,12.0,8.05,0.8333333333333334,0.007370613883670197,0.05949804216542284,0.17760557466949967,9.999999981389065,1.0656334477702005,1.0656334487775214,8.881784197001252e-16,0.0,0,0,1.3642420526593924e-12,0.6549011290706134,0.0,-0.114222543416443,4.440892098500626e-16,0.0,2.609024107869118e-15,2.220446049250313e-16
zero_amp0.0_T12.0,zero,0.0,12.0,8.1,0.8333333333333334,0.007370613883670197,0.05949804216542284,0.17760557466949967,9.999999981335488,1.0656334477861793,1.0656334487693622,6.661338147750939e-16,0.0,0,0,1.3642420526593924e-12,0.6549011290706134,0.0,-0.11422254338089455,4.440892098500626e-16,0.0,2.609024107869118e-15,2.220446049250313e-16
zero_amp0.0_T12.0,zero,0.0,12.0,8.15,0.8333333333333334,0.007370613883670197,0.05949804216542284,0.17760557466949967,9.999999981282865,1.0656334478021618,1.0656334487612031,6.661338147750939e-16,0.0,0,0,9.094947017729282e-13,0.6549011290706134,0.0,-0.11422254334579285,4.440892098500626e-16,0.0,2.609024107869118e-15,2.220446049250313e-16
zero_amp0.0_T12.0,zero,0.0,12.0,8.200000000000001,0.8333333333333334,0.007370613883670197,0.05949804216542284,0.17760557466949967,9.999999981231195,1.0656334478181457,1.0656334487530437,8.881784197001252e-16,0.0,0,0,9.094947017729282e-13,0.6549011290706134,0.0,-0.114222543310468,4.440892098500626e-16,0.0,2.609024107869118e-15,2.220446049250313e-16
zero_amp0.0_T12.0,zero,0.0,12.0,8.25,0.8333333333333334,0.007370613883670197,0.05949804216542284,0.17760557466949967,9.999999981180476,1.0656334478341327,1.0656334487448842,8.881784197001252e-16,0.0,0,0,9.094947017729282e-13,0.6549011290706134,0.0,-0.1142225432753663,2.220446049250313e-16,0.0,2.609024107869118e-15,2.220446049250313e-16
zero_amp0.0_T12.0,zero,0.0,12.0,8.3,0.8333333333333334,0.007370613883670197,0.05949804216542284,0.17760557466949967,9.999999981130717,1.0656334478501235,1.0656334487367245,8.881784197001252e-16,0.0,0,0,9.094947017729282e-13,0.6549011290706134,0.0,-0.11422254324004144,2.220446049250313e-16,0.0,2.609024107869118e-15,2.220446049250313e-16
zero_amp0.0_T12.0,zero,0.0,12.0,8.35,0.8333333333333334,0.007370613883670197,0.05949804216542284,0.17760557466949967,9.999999981081913,1.065633447866117,1.0656334487285646,8.881784197001252e-16,0.0,0,0,9.094947017729282e-13,0.6549011290706134,0.0,-0.11422254320493974,4.440892098500626e-16,0.0,2.609024107869118e-15,2.220446049250313e-16
zero_amp0.0_T12.0,zero,0.0,12.0,8.4,0.8333333333333334,0.007370613883670197,0.05949804216542284,0.17760557466949967,9.999999981034062,1.0656334478821126,1.0656334487204049,8.881784197001252e-16,0.0,0,0,1.3642420526593924e-12,0.6549011290706134,0.0,-0.11422254317050906,4.440892098500626e-16,0.0,2.609024107869118e-15,2.220446049250313e-16
zero_amp0.0_T12.0,zero,0.0,12.0,8.450000000000001,0.8333333333333334,0.007370613883670197,0.05949804216542284,0.17760557466949967,9.999999980987166,1.065633447898111,1.0656334487122452,8.881784197001252e-16,0.0,0,0,9.094947017729282e-13,0.6549011290706134,0.0,-0.1142225431351842,4.440892098500626e-16,0.0,2.609024107869118e-15,2.220446049250313e-16
zero_amp0.0_T12.0,zero,0.0,12.0,8.5,0.8333333333333334,0.007370613883670197,0.05949804216542284,0.17760557466949967,9.999999980941226,1.0656334479141134,1.065633448704085,8.881784197001252e-16,0.0,0,0,9.094947017729282e-13,0.6549011290706134,0.0,-0.1142225431007533,4.440892098500626e-16,0.0,2.609024107869118e-15,2.220446049250313e-16
zero_amp0.0_T12.0,zero,0.0,12.0,8.55,0.8333333333333334,0.007370613883670197,0.05949804216542284,0.17760557466949967,9.999999980896245,1.0656334479301184,1.065633448695925,8.881784197001252e-16,0.0,0,0,9.094947017729282e-13,0.6549011290706134,0.0,-0.11422254306587543,4.440892098500626e-16,0.0,2.609024107869118e-15,2.220446049250313e-16
zero_amp0.0_T12.0,zero,0.0,12.0,8.6,0.8333333333333334,0.007370613883670197,0.05949804216542284,0.17760557466949967,9.99999998085222,1.0656334479461265,1.0656334486877643,8.881784197001252e-16,0.0,0,0,1.3642420526593924e-12,0.6549011290706134,0.0,-0.11422254303144452,4.440892098500626e-16,0.0,2.609024107869118e-15,2.220446049250313e-16
zero_amp0.0_T12.0,zero,0.0,12.0,8.65,0.8333333333333334,0.007370613883670197,0.05949804216542284,0.17760557466949967,9.99999998080915,1.0656334479621372,1.065633448679604,8.881784197001252e-16,0.0,0,0,9.094947017729282e-13,0.6549011290706134,0.0,-0.11422254299723744,4.440892098500626e-16,0.0,2.609024107869118e-15,2.220446049250313e-16
zero_amp0.0_T12.0,zero,0.0,12.0,8.700000000000001,0.8333333333333334,0.007370613883670197,0.05949804216542284,0.17760557466949967,9.999999980767043,1.0656334479781515,1.0656334486714436,8.881784197001252e-16,0.0,0,0,9.094947017729282e-13,0.6549011290706134,0.0,-0.11422254296280676,4.440892098500626e-16,0.0,2.609024107869118e-15,2.220446049250313e-16
zero_amp0.0_T12.0,zero,0.0,12.0,8.75,0.8333333333333334,0.007370613883670197,0.05949804216542284,0.17760557466949967,9.999999980725896,1.065633447994169,1.0656334486632826,6.661338147750939e-16,0.0,0,0,9.094947017729282e-13,0.6549011290706134,0.0,-0.11422254292882306,4.440892098500626e-16,0.0,2.609024107869118e-15,2.220446049250313e-16
zero_amp0.0_T12.0,zero,0.0,12.0,8.8,0.8333333333333334,0.007370613883670197,0.05949804216542284,0.17760557466949967,9.999999980685702,1.0656334480101897,1.0656334486551216,8.881784197001252e-16,0.0,0,0,1.3642420526593924e-12,0.6549011290706134,0.0,-0.11422254289528655,2.220446049250313e-16,0.0,2.609024107869118e-15,2.220446049250313e-16
zero_amp0.0_T12.0,zero,0.0,12.0,8.85,0.8333333333333334,0.007370613883670197,0.05949804216542284,0.17760557466949967,9.999999980646471,1.065633448026213,1.0656334486469605,8.881784197001252e-16,0.0,0,0,9.094947017729282e-13,0.6549011290706134,0.0,-0.11422254286107947,4.440892098500626e-16,0.0,2.609024107869118e-15,2.220446049250313e-16
zero_amp0.0_T12.0,zero,0.0,12.0,8.9,0.8333333333333334,0.007370613883670197,0.05949804216542284,0.17760557466949967,9.999999980608202,1.06563344804224,1.0656334486387993,8.881784197001252e-16,0.0,0,0,9.094947017729282e-13,0.6549011290706134,0.0,-0.11422254282754318,4.440892098500626e-16,0.0,2.609024107869118e-15,2.220446049250313e-16
zero_amp0.0_T12.0,zero,0.0,12.0,8.950000000000001,0.8333333333333334,0.007370613883670197,0.05949804216542284,0.17760557466949967,9.999999980570891,1.0656334480582694,1.065633448630638,8.881784197001252e-16,0.0,0,0,9.094947017729282e-13,0.6549011290706134,0.0,-0.11422254279400668,4.440892098500626e-16,0.0,2.609024107869118e-15,2.220446049250313e-16
zero_amp0.0_T12.0,zero,0.0,12.0,9.0,0.8333333333333334,0.007370613883670197,0.05949804216542284,0.17760557466949967,9.999999980534541,1.0656334480743026,1.065633448622476,8.881784197001252e-16,0.0,0,0,9.094947017729282e-13,0.6549011290706134,0.0,-0.11422254276024657,4.440892098500626e-16,0.0,2.609024107869118e-15,2.220446049250313e-16
zero_amp0.0_T12.0,zero,0.0,12.0,9.05,0.8333333333333334,0.007370613883670197,0.05949804216542284,0.17760557466949967,9.999999980499155,1.0656334480903389,1.0656334486143146,8.881784197001252e-16,0.0,0,0,9.094947017729282e-13,0.6549011290706134,0.0,-0.11422254272693366,4.440892098500626e-16,0.0,2.609024107869118e-15,2.220446049250313e-16
zero_amp0.0_T12.0,zero,0.0,12.0,9.1,0.8333333333333334,0.007370613883670197,0.05949804216542284,0.17760557466949967,9.999999980464729,1.065633448106378,1.0656334486061527,8.881784197001252e-16,0.0,0,0,1.3642420526593924e-12,0.6549011290706134,0.0,-0.11422254269339716,2.220446049250313e-16,0.0,2.609024107869118e-15,2.220446049250313e-16
zero_amp0.0_T12.0,zero,0.0,12.0,9.15,0.8333333333333334,0.007370613883670197,0.05949804216542284,0.17760557466949967,9.999999980431266,1.0656334481224214,1.06563344859799,8.881784197001252e-16,0.0,0,0,9.094947017729282e-13,0.6549011290706134,0.0,-0.11422254266053145,4.440892098500626e-16,0.0,2.609024107869118e-15,2.220446049250313e-16
zero_amp0.0_T12.0,zero,0.0,12.0,9.200000000000001,0.8333333333333334,0.007370613883670197,0.05949804216542284,0.17760557466949967,9.999999980398764,1.0656334481384677,1.0656334485898276,8.881784197001252e-16,0.0,0,0,9.094947017729282e-13,0.6549011290706134,0.0,-0.11422254262721876,4.440892098500626e-16,0.0,2.609024107869118e-15,2.220446049250313e-16
zero_amp0.0_T12.0,zero,0.0,12.0,9.25,0.8333333333333334,0.007370613883670197,0.05949804216542284,0.17760557466949967,9.999999980367226,1.065633448154518,1.0656334485816648,8.881784197001252e-16,0.0,0,0,9.094947017729282e-13,0.6549011290706134,0.0,-0.11422254259435305,4.440892098500626e-16,0.0,2.609024107869118e-15,2.220446049250313e-16
zero_amp0.0_T12.0,zero,0.0,12.0,9.3,0.8333333333333334,0.007370613883670197,0.05949804216542284,0.17760557466949967,9.999999980336652,1.065633448170571,1.0656334485735015,8.881784197001252e-16,0.0,0,0,1.3642420526593924e-12,0.6549011290706134,0.0,-0.11422254256171072,4.440892098500626e-16,0.0,2.609024107869118e-15,2.220446049250313e-16
zero_amp0.0_T12.0,zero,0.0,12.0,9.35,0.8333333333333334,0.007370613883670197,0.05949804216542284,0.17760557466949967,9.999999980307045,1.0656334481866272,1.0656334485653383,8.881784197001252e-16,0.0,0,0,9.094947017729282e-13,0.6549011290706134,0.0,-0.1142225425292922,4.440892098500626e-16,0.0,2.609024107869118e-15,2.220446049250313e-16
zero_amp0.0_T12.0,zero,0.0,12.0,9.4,0.8333333333333334,0.007370613883670197,0.05949804216542284,0.17760557466949967,9.9999999802784,1.0656334482026872,1.065633448557175,8.881784197001252e-16,0.0,0,0,1.3642420526593924e-12,0.6549011290706134,0.0,-0.11422254249687369,4.440892098500626e-16,0.0,2.609024107869118e-15,2.220446049250313e-16
zero_amp0.0_T12.0,zero,0.0,12.0,9.450000000000001,0.8333333333333334,0.007370613883670197,0.05949804216542284,0.17760557466949967,9.999999980250722,1.0656334482187506,1.0656334485490109,8.881784197001252e-16,0.0,0,0,9.094947017729282e-13,0.6549011290706134,0.0,-0.11422254246490215,0.0,0.0,2.609024107869118e-15,2.220446049250313e-16
zero_amp0.0_T12.0,zero,0.0,12.0,9.5,0.8333333333333334,0.007370613883670197,0.05949804216542284,0.17760557466949967,9.999999980224011,1.0656334482348169,1.0656334485408472,8.881784197001252e-16,0.0,0,0,1.3642420526593924e-12,0.6549011290706134,0.0,-0.11422254243337782,4.440892098500626e-16,0.0,2.609024107869118e-15,2.220446049250313e-16
zero_amp0.0_T12.0,zero,0.0,12.0,9.55,0.8333333333333334,0.007370613883670197,0.05949804216542284,0.17760557466949967,9.999999980198265,1.065633448250887,1.065633448532683,8.881784197001252e-16,0.0,0,0,1.3642420526593924e-12,0.6549011290706134,0.0,-0.1142225424016301,4.440892098500626e-16,0.0,2.609024107869118e-15,2.220446049250313e-16
zero_amp0.0_T12.0,zero,0.0,12.0,9.600000000000001,0.8333333333333334,0.007370613883670197,0.05949804216542284,0.17760557466949967,9.999999980173484,1.065633448266961,1.0656334485245182,8.881784197001252e-16,0.0,0,0,1.3642420526593924e-12,0.6549011290706134,0.0,-0.11422254237032958,4.440892098500626e-16,0.0,2.609024107869118e-15,2.220446049250313e-16
zero_amp0.0_T12.0,zero,0.0,12.0,9.65,0.8333333333333334,0.007370613883670197,0.05949804216542284,0.17760557466949967,9.99999998014967,1.0656334482830379,1.0656334485163537,8.881784197001252e-16,0.0,0,0,1.3642420526593924e-12,0.6549011290706134,0.0,-0.11422254233902884,4.440892098500626e-16,0.0,2.609024107869118e-15,2.220446049250313e-16
zero_amp0.0_T12.0,zero,0.0,12.0,9.700000000000001,0.8333333333333334,0.007370613883670197,0.05949804216542284,0.17760557466949967,9.999999980126827,1.0656334482991179,1.0656334485081886,8.881784197001252e-16,0.0,0,0,9.094947017729282e-13,0.6549011290706134,0.0,-0.11422254230817508,4.440892098500626e-16,0.0,2.609024107869118e-15,2.220446049250313e-16
zero_amp0.0_T12.0,zero,0.0,12.0,9.75,0.8333333333333334,0.007370613883670197,0.05949804216542284,0.17760557466949967,9.999999980104953,1.0656334483152023,1.0656334485000232,8.881784197001252e-16,0.0,0,0,9.094947017729282e-13,0.6549011290706134,0.0,-0.11422254227732154,4.440892098500626e-16,0.0,2.609024107869118e-15,2.220446049250313e-16
zero_amp0.0_T12.0,zero,0.0,12.0,9.8,0.8333333333333334,0.007370613883670197,0.05949804216542284,0.17760557466949967,9.999999980084045,1.0656334483312906,1.0656334484918575,1.1102230246251565e-15,0.0,0,0,1.3642420526593924e-12,0.6549011290706134,0.0,-0.11422254224691542,2.220446049250313e-16,0.0,2.609024107869118e-15,2.220446049250313e-16
zero_amp0.0_T12.0,zero,0.0,12.0,9.850000000000001,0.8333333333333334,0.007370613883670197,0.05949804216542284,0.17760557466949967,9.999999980064107,1.0656334483473824,1.0656334484836911,8.881784197001252e-16,0.0,0,0,9.094947017729282e-13,0.6549011290706134,0.0,-0.11422254221673245,2.220446049250313e-16,0.0,2.609024107869118e-15,2.220446049250313e-16
zero_amp0.0_T12.0,zero,0.0,12.0,9.9,0.8333333333333334,0.007370613883670197,0.05949804216542284,0.17760557466949967,9.99999998004514,1.0656334483634777,1.0656334484755248,8.881784197001252e-16,0.0,0,0,1.3642420526593924e-12,0.6549011290706134,0.0,-0.1142225421872205,4.440892098500626e-16,0.0,2.609024107869118e-15,2.220446049250313e-16
zero_amp0.0_T12.0,zero,0.0,12.0,9.950000000000001,0.8333333333333334,0.007370613883670197,0.05949804216542284,0.17760557466949967,9.999999980027141,1.065633448379577,1.065633448467358,8.881784197001252e-16,0.0,0,0,9.094947017729282e-13,0.6549011290706134,0.0,-0.11422254215726113,4.440892098500626e-16,0.0,2.609024107869118e-15,2.220446049250313e-16
zero_amp0.0_T12.0,zero,0.0,12.0,10.0,0.8333333333333334,0.007370613883670197,0.05949804216542284,0.17760557466949967,9.999999980010116,1.0656334483956795,1.065633448459191,8.881784197001252e-16,0.0,0,0,9.094947017729282e-13,0.6549011290706134,0.0,-0.11422254212797278,4.440892098500626e-16,0.0,2.609024107869118e-15,2.220446049250313e-16
zero_amp0.0_T12.0,zero,0.0,12.0,10.05,0.8333333333333334,0.007370613883670197,0.05949804216542284,0.17760557466949967,9.999999979994062,1.0656334484117855,1.0656334484510235,8.881784197001252e-16,0.0,0,0,9.094947017729282e-13,0.6549011290706134,0.0,-0.11422254209890759,4.440892098500626e-16,0.0,2.609024107869118e-15,2.220446049250313e-16
zero_amp0.0_T12.0,zero,0.0,12.0,10.100000000000001,0.8333333333333334,0.007370613883670197,0.05949804216542284,0.17760557466949967,9.999999979978977,1.0656334484278949,1.0656334484428558,8.881784197001252e-16,0.0,0,0,9.094947017729282e-13,0.6549011290706134,0.0,-0.11422254207006644,4.440892098500626e-16,0.0,2.609024107869118e-15,2.220446049250313e-16
zero_amp0.0_T12.0,zero,0.0,12.0,10.15,0.8333333333333334,0.007370613883670197,0.05949804216542284,0.17760557466949967,9.999999979964866,1.0656334484440089,1.0656334484346877,1.1102230246251565e-15,0.0,0,0,1.3642420526593924e-12,0.6549011290706134,0.0,-0.11422254204144866,4.440892098500626e-16,0.0,2.609024107869118e-15,2.220446049250313e-16
zero_amp0.0_T12.0,zero,0.0,12.0,10.200000000000001,0.8333333333333334,0.007370613883670197,0.05949804216542284,0.17760557466949967,9.999999979951728,1.0656334484601255,1.065633448426519,1.1102230246251565e-15,0.0,0,0,1.3642420526593924e-12,0.6549011290706134,0.0,-0.11422254201327808,4.440892098500626e-16,0.0,2.609024107869118e-15,2.220446049250313e-16
zero_amp0.0_T12.0,zero,0.0,12.0,10.25,0.8333333333333334,0.007370613883670197,0.05949804216542284,0.17760557466949967,9.999999979939563,1.0656334484762464,1.0656334484183505,8.881784197001252e-16,0.0,0,0,9.094947017729282e-13,0.6549011290706134,0.0,-0.1142225419853311,4.440892098500626e-16,0.0,2.609024107869118e-15,2.220446049250313e-16
zero_amp0.0_T12.0,zero,0.0,12.0,10.3,0.8333333333333334,0.007370613883670197,0.05949804216542284,0.17760557466949967,9.999999979928372,1.065633448492371,1.065633448410181,8.881784197001252e-16,0.0,0,0,9.094947017729282e-13,0.6549011290706134,0.0,-0.11422254195783088,0.0,0.0,2.609024107869118e-15,2.220446049250313e-16
zero_amp0.0_T12.0,zero,0.0,12.0,10.350000000000001,0.8333333333333334,0.007370613883670197,0.05949804216542284,0.17760557466949967,9.999999979918156,1.0656334485084993,1.0656334484020116,8.881784197001252e-16,0.0,0,0,9.094947017729282e-13,0.6549011290706134,0.0,-0.1142225419303311,4.440892098500626e-16,0.0,2.609024107869118e-15,2.220446049250313e-16
zero_amp0.0_T12.0,zero,0.0,12.0,10.4,0.8333333333333334,0.007370613883670197,0.05949804216542284,0.17760557466949967,9.999999979908914,1.065633448524631,1.0656334483938419,1.1102230246251565e-15,0.0,0,0,9.094947017729282e-13,0.6549011290706134,0.0,-0.1142225419035019,4.440892098500626e-16,0.0,2.609024107869118e-15,2.220446049250313e-16
zero_amp0.0_T12.0,zero,0.0,12.0,10.450000000000001,0.8333333333333334,0.007370613883670197,0.05949804216542284,0.17760557466949967,9.999999979900648,1.0656334485407677,1.0656334483856713,8.881784197001252e-16,0.0,0,0,9.094947017729282e-13,0.6549011290706134,0.0,-0.11422254187734371,4.440892098500626e-16,0.0,2.609024107869118e-15,2.220446049250313e-16
zero_amp0.0_T12.0,zero,0.0,12.0,10.5,0.8333333333333334,0.007370613883670197,0.05949804216542284,0.17760557466949967,9.999999979893357,1.0656334485569077,1.0656334483775005,1.1102230246251565e-15,0.0,0,0,9.094947017729282e-13,0.6549011290706134,0.0,-0.11422254185163228,2.220446049250313e-16,0.0,2.609024107869118e-15,2.220446049250313e-16
zero_amp0.0_T12.0,zero,0.0,12.0,10.55,0.8333333333333334,0.007370613883670197,0.05949804216542284,0.17760557466949967,9.999999979887043,1.0656334485730512,1.065633448369329,1.1102230246251565e-15,0.0,0,0,1.3642420526593924e-12,0.6549011290706134,0.0,-0.11422254182592106,4.440892098500626e-16,0.0,2.609024107869118e-15,2.220446049250313e-16
zero_amp0.0_T12.0,zero,0.0,12.0,10.600000000000001,0.8333333333333334,0.007370613883670197,0.05949804216542284,0.17760557466949967,9.999999979881707,1.0656334485891985,1.0656334483611576,1.1102230246251565e-15,0.0,0,0,9.094947017729282e-13,0.6549011290706134,0.0,-0.11422254180088065,4.440892098500626e-16,0.0,2.609024107869118e-15,2.220446049250313e-16
zero_amp0.0_T12.0,zero,0.0,12.0,10.65,0.8333333333333334,0.007370613883670197,0.05949804216542284,0.17760557466949967,9.999999979877348,1.06563344860535,1.065633448352986,1.1102230246251565e-15,0.0,0,0,9.094947017729282e-13,0.6549011290706134,0.0,-0.11422254177628699,4.440892098500626e-16,0.0,2.609024107869118e-15,2.220446049250313e-16
zero_amp0.0_T12.0,zero,0.0,12.0,10.700000000000001,0.8333333333333334,0.007370613883670197,0.05949804216542284,0.17760557466949967,9.999999979873966,1.0656334486215058,1.065633448344813,1.1102230246251565e-15,0.0,0,0,9.094947017729282e-13,0.6549011290706134,0.0,-0.11422254175236457,4.440892098500626e-16,0.0,2.609024107869118e-15,2.220446049250313e-16
zero_amp0.0_T12.0,zero,0.0,12.0,10.75,0.8333333333333334,0.007370613883670197,0.05949804216542284,0.17760557466949967,9.999999979871562,1.0656334486376648,1.0656334483366403,1.1102230246251565e-15,0.0,0,0,9.094947017729282e-13,0.6549011290706134,0.0,-0.1142225417288889,4.440892098500626e-16,0.0,2.609024107869118e-15,2.220446049250313e-16
zero_amp0.0_T12.0,zero,0.0,12.0,10.8,0.8333333333333334,0.007370613883670197,0.05949804216542284,0.17760557466949967,9.99999997987014,1.065633448653828,1.065633448328467,1.1102230246251565e-15,0.0,0,0,9.094947017729282e-13,0.6549011290706134,0.0,-0.11422254170608404,4.440892098500626e-16,0.0,2.609024107869118e-15,2.220446049250313e-16
zero_amp0.0_T12.0,zero,0.0,12.0,10.850000000000001,0.8333333333333334,0.007370613883670197,0.05949804216542284,0.17760557466949967,9.999999979869695,1.065633448669995,1.0656334483202934,1.1102230246251565e-15,0.0,0,0,9.094947017729282e-13,0.6549011290706134,0.0,-0.11422254168372636,4.440892098500626e-16,0.0,2.609024107869118e-15,2.220446049250313e-16
zero_amp0.0_T12.0,zero,0.0,12.0,10.9,0.8333333333333334,0.007370613883670197,0.05949804216542284,0.17760557466949967,9.999999979870228,1.0656334486861654,1.065633448312119,1.3322676295501878e-15,0.0,0,0,1.3642420526593924e-12,0.6549011290706134,0.0,-0.11422254166159251,4.440892098500626e-16,0.0,2.609024107869118e-15,2.220446049250313e-16
zero_amp0.0_T12.0,zero,0.0,12.0,10.950000000000001,0.8333333333333334,0.007370613883670197,0.05949804216542284,0.17760557466949967,9.999999979871745,1.0656334487023396,1.0656334483039445,1.1102230246251565e-15,0.0,0,0,9.094947017729282e-13,0.6549011290706134,0.0,-0.11422254164057621,4.440892098500626e-16,0.0,2.609024107869118e-15,2.220446049250313e-16
zero_amp0.0_T12.0,zero,0.0,12.0,11.0,0.8333333333333334,0.007370613883670197,0.05949804216542284,0.17760557466949967,9.999999979874243,1.0656334487185182,1.0656334482957694,1.1102230246251565e-15,0.0,0,0,9.094947017729282e-13,0.6549011290706134,0.0,-0.11422254161955991,2.220446049250313e-16,0.0,2.609024107869118e-15,2.220446049250313e-16
zero_amp0.0_T12.0,zero,0.0,12.0,11.05,0.8333333333333334,0.007370613883670197,0.05949804216542284,0.17760557466949967,9.999999979877725,1.0656334487347008,1.0656334482875938,1.1102230246251565e-15,0.0,0,0,9.094947017729282e-13,0.6549011290706134,0.0,-0.11422254159943801,2.220446049250313e-16,0.0,2.609024107869118e-15,2.220446049250313e-16
zero_amp0.0_T12.0,zero,0.0,12.0,11.100000000000001,0.8333333333333334,0.007370613883670197,0.05949804216542284,0.17760557466949967,9.999999979882183,1.065633448750887,1.0656334482794176,1.1102230246251565e-15,0.0,0,0,1.3642420526593924e-12,0.6549011290706134,0.0,-0.11422254157998712,4.440892098500626e-16,0.0,2.609024107869118e-15,2.220446049250313e-16
zero_amp0.0_T12.0,zero,0.0,12.0,11.15,0.8333333333333334,0.007370613883670197,0.05949804216542284,0.17760557466949967,9.999999979887626,1.065633448767078,1.0656334482712406,1.1102230246251565e-15,0.0,0,0,9.094947017729282e-13,0.6549011290706134,0.0,-0.11422254156120659,4.440892098500626e-16,0.0,2.609024107869118e-15,2.220446049250313e-16
zero_amp0.0_T12.0,zero,0.0,12.0,11.200000000000001,0.8333333333333334,0.007370613883670197,0.05949804216542284,0.17760557466949967,9.999999979894053,1.065633448783273,1.0656334482630636,1.1102230246251565e-15,0.0,0,0,1.3642420526593924e-12,0.6549011290706134,0.0,-0.11422254154309686,4.440892098500626e-16,0.0,2.609024107869118e-15,2.220446049250313e-16
zero_amp0.0_T12.0,zero,0.0,12.0,11.25,0.8333333333333334,0.007370613883670197,0.05949804216542284,0.17760557466949967,9.999999979901464,1.065633448799472,1.0656334482548857,1.1102230246251565e-15,0.0,0,0,9.094947017729282e-13,0.6549011290706134,0.0,-0.11422254152543454,4.440892098500626e-16,0.0,2.609024107869118e-15,2.220446049250313e-16
zero_amp0.0_T12.0,zero,0.0,12.0,11.3,0.8333333333333334,0.007370613883670197,0.05949804216542284,0.17760557466949967,9.999999979909859,1.0656334488156751,1.0656334482467074,1.1102230246251565e-15,0.0,0,0,9.094947017729282e-13,0.6549011290706134,0.0,-0.11422254150866618,4.440892098500626e-16,0.0,2.609024107869118e-15,2.220446049250313e-16
zero_amp0.0_T12.0,zero,0.0,12.0,11.350000000000001,0.8333333333333334,0.007370613883670197,0.05949804216542284,0.17760557466949967,9.999999979919238,1.0656334488318828,1.0656334482385281,1.1102230246251565e-15,0.0,0,0,9.094947017729282e-13,0.6549011290706134,0.0,-0.1142225414927922,4.440892098500626e-16,0.0,2.609024107869118e-15,2.220446049250313e-16
zero_amp0.0_T12.0,zero,0.0,12.0,11.4,0.8333333333333334,0.007370613883670197,0.05949804216542284,0.17760557466949967,9.999999979929605,1.0656334488480932,1.0656334482303493,1.1102230246251565e-15,0.0,0,0,1.3642420526593924e-12,0.6549011290706134,0.0,-0.11422254147736544,4.440892098500626e-16,0.0,2.609024107869118e-15,2.220446049250313e-16
zero_amp0.0_T12.0,zero,0.0,12.0,11.450000000000001,0.8333333333333334,0.007370613883670197,0.05949804216542284,0.17760557466949967,9.999999979940956,1.0656334488643082,1.0656334482221697,1.3322676295501878e-15,0.0,0,0,9.094947017729282e-13,0.6549011290706134,0.0,-0.11422254146260946,4.440892098500626e-16,0.0,2.609024107869118e-15,2.220446049250313e-16
zero_amp0.0_T12.0,zero,0.0,12.0,11.5,0.8333333333333334,0.007370613883670197,0.05949804216542284,0.17760557466949967,9.99999997995329,1.0656334488805286,1.065633448213989,1.1102230246251565e-15,0.0,0,0,9.094947017729282e-13,0.6549011290706134,0.0,-0.11422254144919486,4.440892098500626e-16,0.0,2.609024107869118e-15,2.220446049250313e-16
zero_amp0.0_T12.0,zero,0.0,12.0,11.55,0.8333333333333334,0.007370613883670197,0.05949804216542284,0.17760557466949967,9.999999979966617,1.065633448896753,1.065633448205808,1.3322676295501878e-15,0.0,0,0,9.094947017729282e-13,0.6549011290706134,0.0,-0.11422254143622745,4.440892098500626e-16,0.0,2.609024107869118e-15,2.220446049250313e-16
zero_amp0.0_T12.0,zero,0.0,12.0,11.600000000000001,0.8333333333333334,0.007370613883670197,0.05949804216542284,0.17760557466949967,9.999999979980927,1.0656334489129813,1.0656334481976262,1.1102230246251565e-15,0.0,0,0,9.094947017729282e-13,0.6549011290706134,0.0,-0.11422254142460142,4.440892098500626e-16,0.0,2.609024107869118e-15,2.220446049250313e-16
zero_amp0.0_T12.0,zero,0.0,12.0,11.65,0.8333333333333334,0.007370613883670197,0.05949804216542284,0.17760557466949967,9.999999979996229,1.0656334489292143,1.0656334481894438,1.3322676295501878e-15,0.0,0,0,9.094947017729282e-13,0.6549011290706134,0.0,-0.11422254141364618,2.220446049250313e-16,0.0,2.609024107869118e-15,2.220446049250313e-16
zero_amp0.0_T12.0,zero,0.0,12.0,11.700000000000001,0.8333333333333334,0.007370613883670197,0.05949804216542284,0.17760557466949967,9.999999980012515,1.0656334489454522,1.065633448181261,1.1102230246251565e-15,0.0,0,0,1.3642420526593924e-12,0.6549011290706134,0.0,-0.11422254140336174,4.440892098500626e-16,0.0,2.609024107869118e-15,2.220446049250313e-16
zero_amp0.0_T12.0,zero,0.0,12.0,11.75,0.8333333333333334,0.007370613883670197,0.05949804216542284,0.17760557466949967,9.999999980029791,1.0656334489616948,1.0656334481730774,1.3322676295501878e-15,0.0,0,0,9.094947017729282e-13,0.6549011290706134,0.0,-0.11422254139419508,4.440892098500626e-16,0.0,2.609024107869118e-15,2.220446049250313e-16
zero_amp0.0_T12.0,zero,0.0,12.0,11.8,0.8333333333333334,0.007370613883670197,0.05949804216542284,0.17760557466949967,9.999999980048063,1.0656334489779415,1.0656334481648928,1.3322676295501878e-15,0.0,0,0,9.094947017729282e-13,0.6549011290706134,0.0,-0.1142225413861464,2.220446049250313e-16,0.0,2.609024107869118e-15,2.220446049250313e-16
zero_amp0.0_T12.0,zero,0.0,12.0,11.850000000000001,0.8333333333333334,0.007370613883670197,0.05949804216542284,0.17760557466949967,9.999999980067319,1.0656334489941943,1.065633448156708,1.3322676295501878e-15,0.0,0,0,1.3642420526593924e-12,0.6549011290706134,0.0,-0.1142225413787683,2.220446049250313e-16,0.0,2.609024107869118e-15,2.220446049250313e-16
zero_amp0.0_T12.0,zero,0.0,12.0,11.9,0.8333333333333334,0.007370613883670197,0.05949804216542284,0.17760557466949967,9.999999980087566,1.0656334490104513,1.065633448148522,1.1102230246251565e-15,0.0,0,0,9.094947017729282e-13,0.6549011290706134,0.0,-0.1142225413725082,4.440892098500626e-16,0.0,2.609024107869118e-15,2.220446049250313e-16
zero_amp0.0_T12.0,zero,0.0,12.0,11.950000000000001,0.8333333333333334,0.007370613883670197,0.05949804216542284,0.17760557466949967,9.999999980108806,1.0656334490267145,1.0656334481403353,1.3322676295501878e-15,0.0,0,0,1.3642420526593924e-12,0.6549011290706134,0.0,-0.11422254136758947,4.440892098500626e-16,0.0,2.609024107869118e-15,2.220446049250313e-16
zero_amp0.0_T12.0,zero,0.0,12.0,12.0,0.8333333333333334,0.007370613883670197,0.05949804216542284,0.17760557466949967,9.999999980131037,1.065633449042983,1.065633448132148,1.1102230246251565e-15,0.0,0,0,0.0,0.6549011290706134,0.0,-0.11422254136378873,4.440892098500626e-16,0.0,2.609024107869118e-15,2.220446049250313e-16
W_amp1.0_T12.0,W,1.0,12.0,0.0,0.8333333333333334,0.007370613883670197,0.05949804216542284,0.17760557466949967,10.000000002223675,1.065444197703412,1.065722049509388,0.0,0.0,0,0,9.094947017729282e-13,0.6549011290706134,0.0,-0.11426183352291464,4.440892098500626e-16,0.0,2.609024107869118e-15,2.220446049250313e-16
W_amp1.0_T12.0,W,1.0,12.0,0.05,0.8333349777263098,0.007370613883670197,0.05949804216542284,0.17760557466949967,9.999988899029265,1.0654454673970928,1.0657220668865062,0.0,0.0,0,0,9.094947017729282e-13,0.6549018535523731,0.0,-0.11425975930221943,2.220446049250313e-16,0.0,2.609024107869118e-15,2.220446049250313e-16
W_amp1.0_T12.0,W,1.0,12.0,0.1,0.8333399044155714,0.007370613883670197,0.05949804216542284,0.17760557466949967,9.999977910074467,1.0654508632013977,1.0657221047674565,0.0,0.0,0,0,1.3642420526593924e-12,0.6549040241358899,0.0,-0.11425312314832614,4.440892098500626e-16,0.0,2.4424906541753444e-15,2.220446049250313e-16
W_amp1.0_T12.0,W,1.0,12.0,0.15000000000000002,0.8333480939577261,0.007370613883670197,0.05949804216542284,0.17760557466949967,9.99996732860952,1.0654603598355068,1.0657221630614218,0.0,0.0,0,0,9.094947017729282e-13,0.654907632247211,0.0,-0.114241949872534,4.440892098500626e-16,0.0,2.6645352591003757e-15,2.220446049250313e-16
W_amp1.0_T12.0,W,1.0,12.0,0.2,0.8333595140323928,0.007370613883670197,0.05949804216542284,0.17760557466949967,9.99995744623363,1.0654739159787276,1.0657222415935803,0.0,0.0,0,0,1.3642420526593924e-12,0.6549126636341521,0.0,-0.11422628213827446,4.440892098500626e-16,0.0,2.4424906541753444e-15,2.220446049250313e-16
W_amp1.0_T12.0,W,1.0,12.0,0.25,0.833374119569754,0.007370613883670197,0.05949804216542284,0.17760557466949967,9.999948551752569,1.06549147442951,1.065722340106142,2.220446049250313e-16,0.0,0,0,9.094947017729282e-13,0.6549190984227429,0.0,-0.11420618029135365,4.440892098500626e-16,0.0,2.275957200481571e-15,2.220446049250313e-16
W_amp1.0_T12.0,W,1.0,12.0,0.30000000000000004,0.8333918529284264,0.007370613883670197,0.05949804216542284,0.17760557466949967,9.999940930047046,1.0655129623273847,1.0657224582596299,0.0,0.0,0,0,9.094947017729282e-13,0.6549269111959353,0.0,-0.11418172212968036,4.440892098500626e-16,0.0,2.275957200481571e-15,2.220446049250313e-16
W_amp1.0_T12.0,W,1.0,12.0,0.35000000000000003,0.833412644122945,0.007370613883670197,0.05949804216542284,0.17760557466949967,9.999934860956225,1.0655382914369231,1.0657225956344214,2.220446049250313e-16,0.0,0,0,9.094947017729282e-13,0.6549360710942583,0.0,-0.11415300259597139,4.440892098500626e-16,0.0,2.609024107869118e-15,2.220446049250313e-16
W_amp1.0_T12.0,W,1.0,12.0,0.4,0.8334364110999636,0.007370613883670197,0.05949804216542284,0.17760557466949967,9.999930618180784,1.0655673584925704,1.0657227517325514,0.0,0.0,0,0,1.3642420526593924e-12,0.6549465419380177,0.0,-0.1141201334071158,4.440892098500626e-16,0.0,2.4980018054066022e-15,2.220446049250313e-16
W_amp1.0_T12.0,W,1.0,12.0,0.45,0.8334630600620817,0.007370613883670197,0.05949804216542284,0.17760557466949967,9.999928468209838,1.065600045602975,1.0657229259797907,2.220446049250313e-16,0.0,0,0,1.3642420526593924e-12,0.6549582823705498,0.0,-0.11408324261940228,4.440892098500626e-16,0.0,2.55351295663786e-15,2.220446049250313e-16
W_amp1.0_T12.0,W,1.0,12.0,0.5,0.8334924858380209,0.007370613883670197,0.05949804216542284,0.17760557466949967,9.99992866927586,1.0656362207131984,1.065723117727996,2.220446049250313e-16,0.0,0,0,9.094947017729282e-13,0.6549712460219592,0.0,-0.11404247412926738,4.440892098500626e-16,0.0,2.4980018054066022e-15,2.220446049250313e-16
W_amp1.0_T12.0,W,1.0,12.0,0.55,0.8335245722976868,0.007370613883670197,0.05949804216542284,0.17760557466949967,9.99993147034176,1.0656757381229767,1.0657233262577273,0.0,0.0,0,0,9.094947017729282e-13,0.6549853816926847,0.0,-0.11399798710857811,4.440892098500626e-16,0.0,2.609024107869118e-15,2.220446049250313e-16
W_amp1.0_T12.0,W,1.0,12.0,0.6000000000000001,0.8335591928104823,0.007370613883670197,0.05949804216542284,0.17760557466949967,9.999937110124076,1.0657184390589667,1.0657235507811311,2.220446049250313e-16,0.0,0,0,9.094947017729282e-13,0.6550006335561595,0.0,-0.11394995538465968,4.440892098500626e-16,0.0,2.4980018054066022e-15,2.220446049250313e-16
W_amp1.0_T12.0,W,1.0,12.0,0.65,0.8335962107450595,0.007370613883670197,0.05949804216542284,0.17760557466949967,9.999945816156078,1.065764152298716,1.0657237904450818,2.220446049250313e-16,0.0,0,0,1.3642420526593924e-12,0.6550169413797559,0.0,-0.11389856676074395,0.0,0.0,2.55351295663786e-15,2.220446049250313e-16
W_amp1.0_T12.0,W,1.0,12.0,0.7000000000000001,0.8336354800085427,0.007370613883670197,0.05949804216542284,0.17760557466949967,9.999957803894548,1.0658126948438769,1.0657240443345688,2.220446049250313e-16,0.0,0,0,9.094947017729282e-13,0.6550342407631371,0.0,-0.11384402228101154,4.440892098500626e-16,0.0,2.6645352591003757e-15,2.220446049250313e-16
W_amp1.0_T12.0,W,1.0,12.0,0.75,0.8336768456230896,0.007370613883670197,0.05949804216542284,0.17760557466949967,9.999973275873666,1.0658638726400098,1.065724311476323,2.220446049250313e-16,0.0,0,0,1.3642420526593924e-12,0.655052463393059,0.0,-0.11378653544215589,4.440892098500626e-16,0.0,2.0539125955565396e-15,2.220446049250313e-16
W_amp1.0_T12.0,W,1.0,12.0,0.8,0.8337201443375175,0.007370613883670197,0.05949804216542284,0.17760557466949967,9.999992420909418,1.0659174813401142,1.0657245908426671,2.220446049250313e-16,0.0,0,0,9.094947017729282e-13,0.6550715373136093,0.0,-0.11372633136143273,4.440892098500626e-16,0.0,2.275957200481571e-15,2.220446049250313e-16
W_amp1.0_T12.0,W,1.0,12.0,0.8500000000000001,0.833765205271582,0.007370613883670197,0.05949804216542284,0.17760557466949967,10.00001541335763,1.0659733071088753,1.0657248813555786,2.220446049250313e-16,0.0,0,0,1.3642420526593924e-12,0.6550913872108093,0.0,-0.11366364589076272,4.440892098500626e-16,0.0,2.3314683517128287e-15,2.220446049250313e-16
W_amp1.0_T12.0,W,1.0,12.0,0.9,0.8338118505903624,0.007370613883670197,0.05949804216542284,0.17760557466949967,10.000042412428563,1.0660311274644456,1.0657251818909435,2.220446049250313e-16,0.0,0,0,9.094947017729282e-13,0.6551119347104412,0.0,-0.11359872469506116,4.440892098500626e-16,0.0,2.1094237467877974e-15,2.220446049250313e-16
W_amp1.0_T12.0,W,1.0,12.0,0.9500000000000001,0.8338598962060961,0.007370613883670197,0.05949804216542284,0.17760557466949967,10.000073561560825,1.0660907121544307,1.0657254912829988,2.220446049250313e-16,0.0,0,0,9.094947017729282e-13,0.6551330986879196,0.0,-0.11353182228672876,4.440892098500626e-16,0.0,2.220446049250313e-15,2.220446049250313e-16
W_amp1.0_T12.0,W,1.0,12.0,1.0,0.8339091525046876,0.007370613883670197,0.05949804216542284,0.17760557466949967,10.000108987857093,1.0661518240626127,1.0657258083289287,4.440892098500626e-16,0.0,0,0,1.3642420526593924e-12,0.655154795588973,0.0,-0.113463201026748,4.440892098500626e-16,0.0,2.1649348980190553e-15,2.220446049250313e-16
W_amp1.0_T12.0,W,1.0,12.0,1.05,0.8339594250940293,0.007370613883670197,0.05949804216542284,0.17760557466949967,10.000148801583865,1.066214220142834,1.065726131793614,2.220446049250313e-16,0.0,0,0,9.094947017729282e-13,0.6551769397598631,0.0,-0.11339313009581753,4.440892098500626e-16,0.0,2.1094237467877974e-15,2.220446049250313e-16
W_amp1.0_T12.0,W,1.0,12.0,1.1,0.8340105155711786,0.007370613883670197,0.05949804216542284,0.17760557466949967,10.000193095737295,1.0662776523763493,1.0657264604145025,2.220446049250313e-16,0.0,0,0,9.094947017729282e-13,0.6551994437858302,0.0,-0.11332188443438085,2.220446049250313e-16,0.0,2.3314683517128287e-15,2.220446049250313e-16
W_amp1.0_T12.0,W,1.0,12.0,1.1500000000000001,0.8340622223053631,0.007370613883670197,0.05949804216542284,0.17760557466949967,10.000241945676837,1.0663418687488622,1.0657267929065901,2.220446049250313e-16,0.0,0,0,9.094947017729282e-13,0.6552222188364233,0.0,-0.11324974366305751,4.440892098500626e-16,0.0,2.1649348980190553e-15,2.220446049250313e-16
W_amp1.0_T12.0,W,1.0,12.0,1.2000000000000002,0.8341143412337256,0.007370613883670197,0.05949804216542284,0.17760557466949967,10.000295408828235,1.0664066142433861,1.0657271279674891,2.220446049250313e-16,0.0,0,0,9.094947017729282e-13,0.6552451750163465,0.0,-0.1131769909803253,2.220446049250313e-16,0.0,2.4424906541753444e-15,2.220446049250313e-16
W_amp1.0_T12.0,W,1.0,12.0,1.25,0.8341666666666666,0.007370613883670197,0.05949804216542284,0.17760557466949967,10.000353524456994,1.0664716318450067,1.0657274642825643,2.220446049250313e-16,0.0,0,0,9.094947017729282e-13,0.6552682217204323,0.0,-0.11310391204823977,4.440892098500626e-16,0.0,2.275957200481571e-15,2.220446049250313e-16
W_amp1.0_T12.0,W,1.0,12.0,1.3,0.8342189920996078,0.007370613883670197,0.05949804216542284,0.17760557466949967,10.000416313513384,1.0665366635535904,1.0657278005301154,0.0,0.0,0,0,9.094947017729282e-13,0.6552912679913385,0.0,-0.1130307938652122,4.440892098500626e-16,0.0,2.3314683517128287e-15,2.220446049250313e-16
W_amp1.0_T12.0,W,1.0,12.0,1.35,0.8342711110279704,0.007370613883670197,0.05949804216542284,0.17760557466949967,10.000483778549551,1.0666014514004138,1.06572813538659,4.440892098500626e-16,0.0,0,0,9.094947017729282e-13,0.6553142228785541,0.0,-0.11295792363520296,4.440892098500626e-16,0.0,1.942890293094024e-15,2.220446049250313e-16
W_amp1.0_T12.0,W,1.0,12.0,1.4000000000000001,0.8343228177621548,0.007370613883670197,0.05949804216542284,0.17760557466949967,10.00055590370918,1.0666657384647324,1.0657284675317973,4.440892098500626e-16,0.0,0,0,1.3642420526593924e-12,0.6553369957972981,0.0,-0.11288558763196499,2.220446049250313e-16,0.0,2.1649348980190553e-15,2.220446049250313e-16
W_amp1.0_T12.0,W,1.0,12.0,1.4500000000000002,0.8343739082393041,0.007370613883670197,0.05949804216542284,0.17760557466949967,10.000632654789781,1.0667292698862496,1.0657287956541137,2.220446049250313e-16,0.0,0,0,1.3642420526593924e-12,0.6553594968858956,0.0,-0.11281407006955346,4.440892098500626e-16,0.0,1.887379141862766e-15,2.220446049250313e-16
W_amp1.0_T12.0,W,1.0,12.0,1.5,0.8344241808286459,0.007370613883670197,0.05949804216542284,0.17760557466949967,10.000713979377377,1.0667917938695064,1.0657291184556437,4.440892098500626e-16,0.0,0,0,1.3642420526593924e-12,0.6553816373602193,0.0,-0.11274365197865821,0.0,0.0,2.0539125955565396e-15,2.220446049250313e-16
W_amp1.0_T12.0,W,1.0,12.0,1.55,0.8344734371272372,0.007370613883670197,0.05949804216542284,0.17760557466949967,10.000799807053191,1.0668530626762178,1.065729434657334,4.440892098500626e-16,0.0,0,0,1.3642420526593924e-12,0.6554033298638067,0.0,-0.11267461009344815,4.440892098500626e-16,0.0,2.0539125955565396e-15,2.220446049250313e-16
W_amp1.0_T12.0,W,1.0,12.0,1.6,0.8345214827429709,0.007370613883670197,0.05949804216542284,0.17760557466949967,10.0008900496715,1.0669128336016507,1.065729743004006,4.440892098500626e-16,0.0,0,0,9.094947017729282e-13,0.6554244888122701,0.0,-0.1126072157555984,4.440892098500626e-16,0.0,2.0539125955565396e-15,2.220446049250313e-16
W_amp1.0_T12.0,W,1.0,12.0,1.6500000000000001,0.8345681280617514,0.007370613883670197,0.05949804216542284,0.17760557466949967,10.00098460170764,1.0669708699311742,1.0657300422692912,2.220446049250313e-16,0.0,0,0,1.3642420526593924e-12,0.6554450307306485,0.0,-0.11254173384100352,4.440892098500626e-16,0.0,2.0539125955565396e-15,2.220446049250313e-16
W_amp1.0_T12.0,W,1.0,12.0,1.7000000000000002,0.8346131889958158,0.007370613883670197,0.05949804216542284,0.17760557466949967,10.001083340674818,1.0670269418732325,1.0657303312604516,4.440892098500626e-16,0.0,0,0,1.3642420526593924e-12,0.6554648745823763,0.0,-0.11247842170787914,4.440892098500626e-16,0.0,1.9984014443252818e-15,2.220446049250313e-16
W_amp1.0_T12.0,W,1.0,12.0,1.75,0.8346564877102438,0.007370613883670197,0.05949804216542284,0.17760557466949967,10.001186127608161,1.0670808274650363,1.0657306088230647,4.440892098500626e-16,0.0,0,0,9.094947017729282e-13,0.6554839420885763,0.0,-0.11241752817651207,4.440892098500626e-16,0.0,2.0539125955565396e-15,2.220446049250313e-16
W_amp1.0_T12.0,W,1.0,12.0,1.8,0.8346978533247906,0.007370613883670197,0.05949804216542284,0.17760557466949967,10.00129280761406,1.0671323134474204,1.0657308738455527,4.440892098500626e-16,0.0,0,0,9.094947017729282e-13,0.6555021580364279,0.0,-0.11235929253962262,4.440892098500626e-16,0.0,2.0539125955565396e-15,2.220446049250313e-16
W_amp1.0_T12.0,W,1.0,12.0,1.85,0.8347371225882738,0.007370613883670197,0.05949804216542284,0.17760557466949967,10.001403210482767,1.067181196105401,1.0657311252635386,4.440892098500626e-16,0.0,0,0,1.3642420526593924e-12,0.6555194505753991,0.0,-0.1123039436140274,4.440892098500626e-16,0.0,1.942890293094024e-15,2.220446049250313e-16
W_amp1.0_T12.0,W,1.0,12.0,1.9000000000000001,0.8347741405228511,0.007370613883670197,0.05949804216542284,0.17760557466949967,10.00151715136176,1.0672272820711335,1.0657313620640139,0.0,0.0,0,0,9.094947017729282e-13,0.6555357515001862,0.0,-0.11225169882781993,4.440892098500626e-16,0.0,2.1649348980190553e-15,2.220446049250313e-16
W_amp1.0_T12.0,W,1.0,12.0,1.9500000000000002,0.8348087610356466,0.007370613883670197,0.05949804216542284,0.17760557466949967,10.001634431487297,1.0672703890860904,1.0657315832893004,2.220446049250313e-16,0.0,0,0,1.3642420526593924e-12,0.6555509965192504,0.0,-0.11220276335906232,4.440892098500626e-16,0.0,1.8318679906315083e-15,2.220446049250313e-16
W_amp1.0_T12.0,W,1.0,12.0,2.0,0.8348408474953125,0.007370613883670197,0.05949804216542284,0.17760557466949967,10.00175483897127,1.067310346719466,1.0657317880407848,4.440892098500626e-16,0.0,0,0,9.094947017729282e-13,0.6555651255079051,0.0,-0.11215732931694355,4.440892098500626e-16,0.0,1.7763568394002505e-15,2.220446049250313e-16
W_amp1.0_T12.0,W,1.0,12.0,2.0500000000000003,0.8348702732712517,0.007370613883670197,0.05949804216542284,0.17760557466949967,10.00187814964024,1.0673469970399698,1.0657319754824237,2.220446049250313e-16,0.0,0,0,1.3642420526593924e-12,0.6555780827449635,0.0,-0.1121155749763394,4.440892098500626e-16,0.0,1.6653345369377348e-15,2.220446049250313e-16
W_amp1.0_T12.0,W,1.0,12.0,2.1,0.8348969222333699,0.007370613883670197,0.05949804216542284,0.17760557466949967,10.002004127923373,1.067380195238363,1.065732144843989,2.220446049250313e-16,0.0,0,0,1.3642420526593924e-12,0.6555898171320222,0.0,-0.11207766406976427,0.0,0.0,1.8318679906315083e-15,2.220446049250313e-16
W_amp1.0_T12.0,W,1.0,12.0,2.15,0.8349206892103883,0.007370613883670197,0.05949804216542284,0.17760557466949967,10.00213252778573,1.0674098101982779,1.0657322954240582,4.440892098500626e-16,0.0,0,0,9.094947017729282e-13,0.655600282394527,0.0,-0.11204374513221738,4.440892098500626e-16,0.0,1.8318679906315083e-15,2.220446049250313e-16
W_amp1.0_T12.0,W,1.0,12.0,2.2,0.834941480404907,0.007370613883670197,0.05949804216542284,0.17760557466949967,10.002263093703265,1.067435725013086,1.0657324265927208,4.440892098500626e-16,0.0,0,0,1.3642420526593924e-12,0.655609437263834,0.0,-0.11201395091053112,4.440892098500626e-16,0.0,1.7208456881689926e-15,2.220446049250313e-16
W_amp1.0_T12.0,W,1.0,12.0,2.25,0.8349592137635794,0.007370613883670197,0.05949804216542284,0.17760557466949967,10.002395561675595,1.0674578374467547,1.0657325377940046,2.220446049250313e-16,0.0,0,0,9.094947017729282e-13,0.6556172456395591,0.0,-0.11198839783245829,4.440892098500626e-16,0.0,1.8318679906315083e-15,2.220446049250313e-16
W_amp1.0_T12.0,W,1.0,12.0,2.3000000000000003,0.8349738193009406,0.007370613883670197,0.05949804216542284,0.17760557466949967,10.002529660272579,1.0674760603369025,1.0657326285480013,0.0,0.0,0,0,1.3642420526593924e-12,0.6556236767315825,0.0,-0.11196718554280105,4.440892098500626e-16,0.0,2.0539125955565396e-15,2.220446049250313e-16
W_amp1.0_T12.0,W,1.0,12.0,2.35,0.8349852393756073,0.007370613883670197,0.05949804216542284,0.17760557466949967,10.002665111710519,1.06749032193844,1.0657326984526927,2.220446049250313e-16,0.0,0,0,9.094947017729282e-13,0.655628705181153,0.0,-0.11195039650578642,4.440892098500626e-16,0.0,1.887379141862766e-15,2.220446049250313e-16
W_amp1.0_T12.0,W,1.0,12.0,2.4000000000000004,0.8349934289177621,0.007370613883670197,0.05949804216542284,0.17760557466949967,10.002801632953702,1.0675005662064603,1.0657327471854607,2.220446049250313e-16,0.0,0,0,1.3642420526593924e-12,0.6556323111606244,0.0,-0.11193809567640556,4.440892098500626e-16,0.0,1.7763568394002505e-15,2.220446049250313e-16
W_amp1.0_T12.0,W,1.0,12.0,2.45,0.8349983556070236,0.007370613883670197,0.05949804216542284,0.17760557466949967,10.00293893683689,1.0675067530172562,1.0657327745042837,2.220446049250313e-16,0.0,0,0,9.094947017729282e-13,0.6556344804514329,0.0,-0.11193033023891674,4.440892098500626e-16,0.0,1.7208456881689926e-15,2.220446049250313e-16
W_amp1.0_T12.0,W,1.0,12.0,2.5,0.8350000000000001,0.007370613883670197,0.05949804216542284,0.17760557466949967,10.003076733204292,1.06750885832659,1.0657327802486103,2.220446049250313e-16,0.0,0,0,9.094947017729282e-13,0.6556352045000128,0.0,-0.11192712941915484,4.440892098500626e-16,0.0,1.942890293094024e-15,2.220446049250313e-16
W_amp1.0_T12.0,W,1.0,12.0,2.5500000000000003,0.8349983556070236,0.007370613883670197,0.05949804216542284,0.17760557466949967,10.003214730060492,1.0675068742646023,1.065732764339908,0.0,0.0,0,0,9.094947017729282e-13,0.6556344804514329,0.0,-0.11192850436846924,2.220446049250313e-16,0.0,1.7208456881689926e-15,2.220446049250313e-16
W_amp1.0_T12.0,W,1.0,12.0,2.6,0.8349934289177621,0.007370613883670197,0.05949804216542284,0.17760557466949967,10.0033526347287,1.0675008091669802,1.0657327267818846,2.220446049250313e-16,0.0,0,0,9.094947017729282e-13,0.6556323111606244,0.0,-0.11193444811751596,4.440892098500626e-16,0.0,1.7763568394002505e-15,2.220446049250313e-16
W_amp1.0_T12.0,W,1.0,12.0,2.6500000000000004,0.8349852393756073,0.007370613883670197,0.05949804216542284,0.17760557466949967,10.003490155011741,1.0674906875422583,1.065732667660381,2.220446049250313e-16,0.0,0,0,9.094947017729282e-13,0.655628705181153,0.0,-0.11194493560609153,4.440892098500626e-16,0.0,1.887379141862766e-15,2.220446049250313e-16
W_amp1.0_T12.0,W,1.0,12.0,2.7,0.8349738193009406,0.007370613883670197,0.05949804216542284,0.17760557466949967,10.003627000351155,1.067476549975386,1.065732587142942,2.220446049250313e-16,0.0,0,0,9.094947017729282e-13,0.6556236767315825,0.0,-0.1119599237810287,4.440892098500626e-16,0.0,2.0539125955565396e-15,2.220446049250313e-16
W_amp1.0_T12.0,W,1.0,12.0,2.75,0.8349592137635794,0.007370613883670197,0.05949804216542284,0.17760557466949967,10.00376288297974,1.0674584529679427,1.0657324854780539,2.220446049250313e-16,0.0,0,0,9.094947017729282e-13,0.6556172456395591,0.0,-0.11197935176707663,4.440892098500626e-16,0.0,1.8318679906315083e-15,2.220446049250313e-16
W_amp1.0_T12.0,W,1.0,12.0,2.8000000000000003,0.834941480404907,0.007370613883670197,0.05949804216542284,0.17760557466949967,10.003897519062974,1.067436468715628,1.065732362994067,2.220446049250313e-16,0.0,0,0,9.094947017729282e-13,0.655609437263834,0.0,-0.11200314111338794,4.440892098500626e-16,0.0,1.7208456881689926e-15,2.220446049250313e-16
W_amp1.0_T12.0,W,1.0,12.0,2.85,0.8349206892103883,0.007370613883670197,0.05949804216542284,0.17760557466949967,10.004030629824795,1.0674106848238964,1.0657322200977977,2.220446049250313e-16,0.0,0,0,1.3642420526593924e-12,0.655600282394527,0.0,-0.11203119610270229,2.220446049250313e-16,0.0,1.8318679906315083e-15,2.220446049250313e-16
W_amp1.0_T12.0,W,1.0,12.0,2.9000000000000004,0.8348969222333699,0.007370613883670197,0.05949804216542284,0.17760557466949967,10.004161942653159,1.0673812039628792,1.0657320572728188,2.220446049250313e-16,0.0,0,0,9.094947017729282e-13,0.6555898171320222,0.0,-0.11206340413466664,4.440892098500626e-16,0.0,1.8318679906315083e-15,2.220446049250313e-16
W_amp1.0_T12.0,W,1.0,12.0,2.95,0.8348702732712517,0.007370613883670197,0.05949804216542284,0.17760557466949967,10.004291192181064,1.0673481434629215,1.0657318750774447,2.220446049250313e-16,0.0,0,0,1.3642420526593924e-12,0.6555780827449635,0.0,-0.11209963617608865,4.440892098500626e-16,0.0,1.6653345369377348e-15,2.220446049250313e-16
W_amp1.0_T12.0,W,1.0,12.0,3.0,0.8348408474953125,0.007370613883670197,0.05949804216542284,0.17760557466949967,10.004418121338723,1.067311634852359,1.065731674142421,2.220446049250313e-16,0.0,0,0,9.094947017729282e-13,0.6555651255079051,0.0,-0.11213974727198917,4.440892098500626e-16,0.0,1.7763568394002505e-15,2.220446049250313e-16
W_amp1.0_T12.0,W,1.0,12.0,3.0500000000000003,0.8348087610356466,0.007370613883670197,0.05949804216542284,0.17760557466949967,10.004542482372614,1.0672718233393377,1.0657314551683243,2.220446049250313e-16,0.0,0,0,9.094947017729282e-13,0.6555509965192504,0.0,-0.11218357712693638,4.440892098500626e-16,0.0,1.8318679906315083e-15,2.220446049250313e-16
W_amp1.0_T12.0,W,1.0,12.0,3.1,0.8347741405228511,0.007370613883670197,0.05949804216542284,0.17760557466949967,10.004664037827503,1.0672288672397239,1.0657312189226857,2.220446049250313e-16,0.0,0,0,1.3642420526593924e-12,0.6555357515001862,0.0,-0.11223095074173761,4.440892098500626e-16,0.0,2.1649348980190553e-15,2.220446049250313e-16
W_amp1.0_T12.0,W,1.0,12.0,3.1500000000000004,0.8347371225882738,0.007370613883670197,0.05949804216542284,0.17760557466949967,10.004782561487424,1.0671829373533623,1.0657309662368493,2.220446049250313e-16,0.0,0,0,1.3642420526593924e-12,0.6555194505753991,0.0,-0.11228167911020792,4.440892098500626e-16,0.0,1.942890293094024e-15,2.220446049250313e-16
W_amp1.0_T12.0,W,1.0,12.0,3.2,0.8346978533247906,0.007370613883670197,0.05949804216542284,0.17760557466949967,10.004897839271957,1.0671342162911401,1.0657306980025743,2.220446049250313e-16,0.0,0,0,9.094947017729282e-13,0.6555021580364279,0.0,-0.11233555997336797,4.440892098500626e-16,0.0,2.0539125955565396e-15,2.220446049250313e-16
W_amp1.0_T12.0,W,1.0,12.0,3.25,0.8346564877102438,0.007370613883670197,0.05949804216542284,0.17760557466949967,10.005009670084199,1.0670828977555056,1.0657304151683982,4.440892098500626e-16,0.0,0,0,9.094947017729282e-13,0.6554839420885763,0.0,-0.11239237862102502,4.440892098500626e-16,0.0,2.0539125955565396e-15,2.220446049250313e-16
W_amp1.0_T12.0,W,1.0,12.0,3.3000000000000003,0.8346131889958158,0.007370613883670197,0.05949804216542284,0.17760557466949967,10.005117866607176,1.0670291857772858,1.0657301187357744,4.440892098500626e-16,0.0,0,0,9.094947017729282e-13,0.6554648745823763,0.0,-0.11245190874883382,4.440892098500626e-16,0.0,1.9984014443252818e-15,2.220446049250313e-16
W_amp1.0_T12.0,W,1.0,12.0,3.35,0.8345681280617514,0.007370613883670197,0.05949804216542284,0.17760557466949967,10.005222256045439,1.066973293911813,1.0657298097549979,2.220446049250313e-16,0.0,0,0,9.094947017729282e-13,0.6554450307306485,0.0,-0.11251391335638061,4.440892098500626e-16,0.0,2.0539125955565396e-15,2.220446049250313e-16
W_amp1.0_T12.0,W,1.0,12.0,3.4000000000000004,0.8345214827429709,0.007370613883670197,0.05949804216542284,0.17760557466949967,10.005322680809034,1.066915444397517,1.0657294893209355,4.440892098500626e-16,0.0,0,0,9.094947017729282e-13,0.6554244888122701,0.0,-0.11257814568819535,4.440892098500626e-16,0.0,2.0539125955565396e-15,2.220446049250313e-16
W_amp1.0_T12.0,W,1.0,12.0,3.45,0.8344734371272372,0.007370613883670197,0.05949804216542284,0.17760557466949967,10.005418999137099,1.0668558672803203,1.0657291585685775,4.440892098500626e-16,0.0,0,0,1.3642420526593924e-12,0.6554033298638067,0.0,-0.11264435021318842,4.440892098500626e-16,0.0,2.0539125955565396e-15,2.220446049250313e-16
W_amp1.0_T12.0,W,1.0,12.0,3.5,0.8344241808286459,0.007370613883670197,0.05949804216542284,0.17760557466949967,10.005511085658693,1.0667947995072828,1.0657288186684286,4.440892098500626e-16,0.0,0,0,9.094947017729282e-13,0.6553816373602193,0.0,-0.11271226363897124,2.220446049250313e-16,0.0,2.0539125955565396e-15,2.220446049250313e-16
W_amp1.0_T12.0,W,1.0,12.0,3.5500000000000003,0.8343739082393041,0.007370613883670197,0.05949804216542284,0.17760557466949967,10.005598831888635,1.0667324839930652,1.0657284708217563,2.220446049250313e-16,0.0,0,0,9.094947017729282e-13,0.6553594968858956,0.0,-0.1127816159556192,4.440892098500626e-16,0.0,1.887379141862766e-15,2.220446049250313e-16
W_amp1.0_T12.0,W,1.0,12.0,3.6,0.8343228177621548,0.007370613883670197,0.05949804216542284,0.17760557466949967,10.00568214665647,1.0666691686629093,1.065728116255709,4.440892098500626e-16,0.0,0,0,1.3642420526593924e-12,0.6553369957972981,0.0,-0.11285213150598694,4.440892098500626e-16,0.0,2.1649348980190553e-15,2.220446049250313e-16
W_amp1.0_T12.0,W,1.0,12.0,3.6500000000000004,0.8342711110279704,0.007370613883670197,0.05949804216542284,0.17760557466949967,10.005760956466895,1.066605105475897,1.0657277562183358,2.220446049250313e-16,0.0,0,0,9.094947017729282e-13,0.6553142228785541,0.0,-0.11292353007537281,4.440892098500626e-16,0.0,1.942890293094024e-15,2.220446049250313e-16
W_amp1.0_T12.0,W,1.0,12.0,3.7,0.8342189920996078,0.007370613883670197,0.05949804216542284,0.17760557466949967,10.005835205790266,1.0665405494323534,1.0657273919735137,4.440892098500626e-16,0.0,0,0,9.094947017729282e-13,0.6552912679913385,0.0,-0.11299552800107038,4.440892098500626e-16,0.0,1.887379141862766e-15,2.220446049250313e-16
W_amp1.0_T12.0,W,1.0,12.0,3.75,0.8341666666666666,0.007370613883670197,0.05949804216542284,0.17760557466949967,10.005904857282085,1.0664757575693171,1.0657270247958057,4.440892098500626e-16,0.0,0,0,1.3642420526593924e-12,0.6552682217204323,0.0,-0.1130678392940081,4.440892098500626e-16,0.0,2.275957200481571e-15,2.220446049250313e-16
W_amp1.0_T12.0,W,1.0,12.0,3.8000000000000003,0.8341143412337256,0.007370613883670197,0.05949804216542284,0.17760557466949967,10.00596989193067,1.0664109879480208,1.0657266559652787,4.440892098500626e-16,0.0,0,0,9.094947017729282e-13,0.6552451750163465,0.0,-0.1131401767680178,4.440892098500626e-16,0.0,2.4424906541753444e-15,2.220446049250313e-16
W_amp1.0_T12.0,W,1.0,12.0,3.85,0.8340622223053631,0.007370613883670197,0.05949804216542284,0.17760557466949967,10.006030309132463,1.0663464986374072,1.0657262867622852,4.440892098500626e-16,0.0,0,0,9.094947017729282e-13,0.6552222188364233,0.0,-0.11321225317268313,4.440892098500626e-16,0.0,2.1649348980190553e-15,2.220446049250313e-16
W_amp1.0_T12.0,W,1.0,12.0,3.9000000000000004,0.8340105155711786,0.007370613883670197,0.05949804216542284,0.17760557466949967,10.006086126694749,1.0662825466976864,1.0657259184622412,2.220446049250313e-16,0.0,0,0,1.3642420526593924e-12,0.6551994437858302,0.0,-0.1132837823284083,4.440892098500626e-16,0.0,2.3314683517128287e-15,2.220446049250313e-16
W_amp1.0_T12.0,W,1.0,12.0,3.95,0.8339594250940293,0.007370613883670197,0.05949804216542284,0.17760557466949967,10.006137380765814,1.0662193871679393,1.065725552330417,4.440892098500626e-16,0.0,0,0,1.3642420526593924e-12,0.6551769397598631,0.0,-0.11335448025208095,4.440892098500626e-16,0.0,2.1094237467877974e-15,2.220446049250313e-16
W_amp1.0_T12.0,W,1.0,12.0,4.0,0.8339091525046876,0.007370613883670197,0.05949804216542284,0.17760557466949967,10.006184125692887,1.066157272061775,1.0657251896167574,4.440892098500626e-16,0.0,0,0,9.094947017729282e-13,0.655154795588973,0.0,-0.11342406627717527,4.440892098500626e-16,0.0,2.1649348980190553e-15,2.220446049250313e-16
W_amp1.0_T12.0,W,1.0,12.0,4.05,0.8338598962060961,0.007370613883670197,0.05949804216542284,0.17760557466949967,10.006226433808493,1.0660964493750207,1.0657248315507557,2.220446049250313e-16,0.0,0,0,1.3642420526593924e-12,0.6551330986879196,0.0,-0.1134922641565137,4.440892098500626e-16,0.0,2.220446049250313e-15,2.220446049250313e-16
W_amp1.0_T12.0,W,1.0,12.0,4.1000000000000005,0.8338118505903624,0.007370613883670197,0.05949804216542284,0.17760557466949967,10.00626439514608,1.0660371621093458,1.065724479336398,2.220446049250313e-16,0.0,0,0,9.094947017729282e-13,0.6551119347104412,0.0,-0.11355880315032563,4.440892098500626e-16,0.0,2.1094237467877974e-15,2.220446049250313e-16
W_amp1.0_T12.0,W,1.0,12.0,4.15,0.833765205271582,0.007370613883670197,0.05949804216542284,0.17760557466949967,10.006298117086116,1.0659796473156968,1.0657241341471986,4.440892098500626e-16,0.0,0,0,9.094947017729282e-13,0.6550913872108093,0.0,-0.11362341908910278,4.440892098500626e-16,0.0,2.3314683517128287e-15,2.220446049250313e-16
W_amp1.0_T12.0,W,1.0,12.0,4.2,0.8337201443375175,0.007370613883670197,0.05949804216542284,0.17760557466949967,10.00632772393412,1.0659241351613127,1.0657237971213458,4.440892098500626e-16,0.0,0,0,1.3642420526593924e-12,0.6550715373136093,0.0,-0.11368585541114729,4.440892098500626e-16,0.0,2.275957200481571e-15,2.220446049250313e-16
W_amp1.0_T12.0,W,1.0,12.0,4.25,0.8336768456230896,0.007370613883670197,0.05949804216542284,0.17760557466949967,10.006353356432284,1.065870848024025,1.0657234693569737,4.440892098500626e-16,0.0,0,0,9.094947017729282e-13,0.655052463393059,0.0,-0.11374586416924726,4.440892098500626e-16,0.0,2.0539125955565396e-15,2.220446049250313e-16
W_amp1.0_T12.0,W,1.0,12.0,4.3,0.8336354800085427,0.007370613883670197,0.05949804216542284,0.17760557466949967,10.006375171206695,1.0658199996174078,1.0657231519075827,4.440892098500626e-16,0.0,0,0,1.3642420526593924e-12,0.6550342407631371,0.0,-0.11380320700371138,4.440892098500626e-16,0.0,2.1094237467877974e-15,2.220446049250313e-16
W_amp1.0_T12.0,W,1.0,12.0,4.3500000000000005,0.8335962107450595,0.007370613883670197,0.05949804216542284,0.17760557466949967,10.006393340152362,1.0657717941502518,1.0657228457776213,4.440892098500626e-16,0.0,0,0,9.094947017729282e-13,0.6550169413797559,0.0,-0.11385765607445286,2.220446049250313e-16,0.0,2.55351295663786e-15,2.220446049250313e-16
W_amp1.0_T12.0,W,1.0,12.0,4.4,0.8335591928104823,0.007370613883670197,0.05949804216542284,0.17760557466949967,10.006408049758491,1.0657264255236851,1.065722551918248,4.440892098500626e-16,0.0,0,0,9.094947017729282e-13,0.6550006335561595,0.0,-0.11390899495526208,4.440892098500626e-16,0.0,2.4980018054066022e-15,2.220446049250313e-16
W_amp1.0_T12.0,W,1.0,12.0,4.45,0.8335245722976868,0.007370613883670197,0.05949804216542284,0.17760557466949967,10.006419500376705,1.0656840765691151,1.0657222712232928,4.440892098500626e-16,0.0,0,0,1.3642420526593924e-12,0.6549853816926847,0.0,-0.11395701947947745,4.440892098500626e-16,0.0,2.609024107869118e-15,2.220446049250313e-16
W_amp1.0_T12.0,W,1.0,12.0,4.5,0.8334924858380209,0.007370613883670197,0.05949804216542284,0.17760557466949967,10.00642790543512,1.065644918330018,1.065722004525423,2.220446049250313e-16,0.0,0,0,9.094947017729282e-13,0.6549712460219592,0.0,-0.11400153853898187,2.220446049250313e-16,0.0,2.4980018054066022e-15,2.220446049250313e-16
W_amp1.0_T12.0,W,1.0,12.0,4.55,0.8334630600620817,0.007370613883670197,0.05949804216542284,0.17760557466949967,10.006433490601353,1.0656091093904054,1.065721752592544,4.440892098500626e-16,0.0,0,0,9.094947017729282e-13,0.6549582823705498,0.0,-0.11404237483126556,4.440892098500626e-16,0.0,2.55351295663786e-15,2.220446049250313e-16
W_amp1.0_T12.0,W,1.0,12.0,4.6000000000000005,0.8334364110999636,0.007370613883670197,0.05949804216542284,0.17760557466949967,10.006436492897834,1.065576795252648,1.0657215161244311,4.440892098500626e-16,0.0,0,0,9.094947017729282e-13,0.6549465419380177,0.0,-0.1140793655523964,4.440892098500626e-16,0.0,2.4980018054066022e-15,2.220446049250313e-16
W_amp1.0_T12.0,W,1.0,12.0,4.65,0.833412644122945,0.007370613883670197,0.05949804216542284,0.17760557466949967,10.00643715977282,1.0655481077671085,1.0657212957496185,4.440892098500626e-16,0.0,0,0,9.094947017729282e-13,0.6549360710942583,0.0,-0.11411236303240146,2.220446049250313e-16,0.0,2.609024107869118e-15,2.220446049250313e-16
W_amp1.0_T12.0,W,1.0,12.0,4.7,0.8333918529284264,0.007370613883670197,0.05949804216542284,0.17760557466949967,10.006435748130873,1.0655231646158507,1.0657210920225482,4.440892098500626e-16,0.0,0,0,9.094947017729282e-13,0.6549269111959353,0.0,-0.11414123531022446,4.440892098500626e-16,0.0,2.275957200481571e-15,2.220446049250313e-16
W_amp1.0_T12.0,W,1.0,12.0,4.75,0.833374119569754,0.007370613883670197,0.05949804216542284,0.17760557466949967,10.006432523326508,1.0655020688524686,1.0657209054209966,4.440892098500626e-16,0.0,0,0,9.094947017729282e-13,0.6549190984227429,0.0,-0.11416586665146955,4.440892098500626e-16,0.0,2.275957200481571e-15,2.220446049250313e-16
W_amp1.0_T12.0,W,1.0,12.0,4.800000000000001,0.8333595140323928,0.007370613883670197,0.05949804216542284,0.17760557466949967,10.006427758125056,1.0654849084998712,1.0657207363437817,4.440892098500626e-16,0.0,0,0,1.3642420526593924e-12,0.6549126636341521,0.0,-0.11418615799740173,4.440892098500626e-16,0.0,2.4424906541753444e-15,2.220446049250313e-16
W_amp1.0_T12.0,W,1.0,12.0,4.8500000000000005,0.8333480939577261,0.007370613883670197,0.05949804216542284,0.17760557466949967,10.00642173163475,1.0654717562076157,1.0657205851087648,4.440892098500626e-16,0.0,0,0,9.094947017729282e-13,0.654907632247211,0.0,-0.11420202735023044,0.0,0.0,2.6645352591003757e-15,2.220446049250313e-16
W_amp1.0_T12.0,W,1.0,12.0,4.9,0.8333399044155714,0.007370613883670197,0.05949804216542284,0.17760557466949967,10.00641472821425,1.065462668970147,1.0657204519511463,4.440892098500626e-16,0.0,0,0,1.3642420526593924e-12,0.6549040241358899,0.0,-0.11421341009504737,4.440892098500626e-16,0.0,2.4424906541753444e-15,2.220446049250313e-16
W_amp1.0_T12.0,W,1.0,12.0,4.95,0.8333349777263098,0.007370613883670197,0.05949804216542284,0.17760557466949967,10.006407036359873,1.0654576879070665,1.0657203370220774,4.440892098500626e-16,0.0,0,0,9.094947017729282e-13,0.6549018535523731,0.0,-0.11422025924986112,4.440892098500626e-16,0.0,2.609024107869118e-15,2.220446049250313e-16
W_amp1.0_T12.0,W,1.0,12.0,5.0,0.8333333333333334,0.007370613883670197,0.05949804216542284,0.17760557466949967,10.006398947576908,1.0654568381063174,1.0657202403875712,4.440892098500626e-16,0.0,0,0,1.3642420526593924e-12,0.6549011290706134,0.0,-0.11422254564684087,4.440892098500626e-16,0.0,2.609024107869118e-15,2.220446049250313e-16
W_amp1.0_T12.0,W,1.0,12.0,5.050000000000001,0.8333333333333334,0.007370613883670197,0.05949804216542284,0.17760557466949967,10.006390755239375,1.0654580424629214,1.065720152939728,4.440892098500626e-16,0.0,0,0,9.094947017729282e-13,0.6549011290706134,0.0,-0.11422254560995082,4.440892098500626e-16,0.0,2.609024107869118e-15,2.220446049250313e-16
W_amp1.0_T12.0,W,1.0,12.0,5.1000000000000005,0.8333333333333334,0.007370613883670197,0.05949804216542284,0.17760557466949967,10.006382605824713,1.0654592158418916,1.0657200655594967,4.440892098500626e-16,0.0,0,0,9.094947017729282e-13,0.6549011290706134,0.0,-0.11422254557306055,4.440892098500626e-16,0.0,2.609024107869118e-15,2.220446049250313e-16
W_amp1.0_T12.0,W,1.0,12.0,5.15,0.8333333333333334,0.007370613883670197,0.05949804216542284,0.17760557466949967,10.006374498282078,1.0654603592107925,1.0657199782477007,4.440892098500626e-16,0.0,0,0,9.094947017729282e-13,0.6549011290706134,0.0,-0.1142225455363941,4.440892098500626e-16,0.0,2.609024107869118e-15,2.220446049250313e-16
W_amp1.0_T12.0,W,1.0,12.0,5.2,0.8333333333333334,0.007370613883670197,0.05949804216542284,0.17760557466949967,10.00636643159324,1.0654614735020598,1.0657198910049388,4.440892098500626e-16,0.0,0,0,9.094947017729282e-13,0.6549011290706134,0.0,-0.11422254549972766,4.440892098500626e-16,0.0,2.609024107869118e-15,2.220446049250313e-16
W_amp1.0_T12.0,W,1.0,12.0,5.25,0.8333333333333334,0.007370613883670197,0.05949804216542284,0.17760557466949967,10.006358404771419,1.0654625596146063,1.0657198038316533,4.440892098500626e-16,0.0,0,0,9.094947017729282e-13,0.6549011290706134,0.0,-0.11422254546283761,4.440892098500626e-16,0.0,2.609024107869118e-15,2.220446049250313e-16
W_amp1.0_T12.0,W,1.0,12.0,5.300000000000001,0.8333333333333334,0.007370613883670197,0.05949804216542284,0.17760557466949967,10.006350416860172,1.065463618415327,1.0657197167281784,4.440892098500626e-16,0.0,0,0,9.094947017729282e-13,0.6549011290706134,0.0,-0.11422254542550037,4.440892098500626e-16,0.0,2.609024107869118e-15,2.220446049250313e-16
W_amp1.0_T12.0,W,1.0,12.0,5.3500000000000005,0.8333333333333334,0.007370613883670197,0.05949804216542284,0.17760557466949967,10.00634246693232,1.0654646507405237,1.0657196296947784,4.440892098500626e-16,0.0,0,0,9.094947017729282e-13,0.6549011290706134,0.0,-0.1142225453886101,4.440892098500626e-16,0.0,2.609024107869118e-15,2.220446049250313e-16
W_amp1.0_T12.0,W,1.0,12.0,5.4,0.8333333333333334,0.007370613883670197,0.05949804216542284,0.17760557466949967,10.006334554088923,1.0654656573972505,1.0657195427316708,4.440892098500626e-16,0.0,0,0,1.3642420526593924e-12,0.6549011290706134,0.0,-0.11422254535194365,4.440892098500626e-16,0.0,2.609024107869118e-15,2.220446049250313e-16
W_amp1.0_T12.0,W,1.0,12.0,5.45,0.8333333333333334,0.007370613883670197,0.05949804216542284,0.17760557466949967,10.0063266774583,1.0654666391645788,1.0657194558390481,4.440892098500626e-16,0.0,0,0,9.094947017729282e-13,0.6549011290706134,0.0,-0.1142225453152772,4.440892098500626e-16,0.0,2.609024107869118e-15,2.220446049250313e-16
W_amp1.0_T12.0,W,1.0,12.0,5.5,0.8333333333333334,0.007370613883670197,0.05949804216542284,0.17760557466949967,10.0063188361951,1.0654675967947917,1.065719369017089,4.440892098500626e-16,0.0,0,0,9.094947017729282e-13,0.6549011290706134,0.0,-0.11422254527838716,4.440892098500626e-16,0.0,2.609024107869118e-15,2.220446049250313e-16
W_amp1.0_T12.0,W,1.0,12.0,5.550000000000001,0.8333333333333334,0.007370613883670197,0.05949804216542284,0.17760557466949967,10.006311029479384,1.0654685310145156,1.065719282265969,4.440892098500626e-16,0.0,0,0,1.3642420526593924e-12,0.6549011290706134,0.0,-0.11422254524149689,4.440892098500626e-16,0.0,2.609024107869118e-15,2.220446049250313e-16
W_amp1.0_T12.0,W,1.0,12.0,5.6000000000000005,0.8333333333333334,0.007370613883670197,0.05949804216542284,0.17760557466949967,10.006303256515793,1.0654694425257847,1.065719195585863,4.440892098500626e-16,0.0,0,0,9.094947017729282e-13,0.6549011290706134,0.0,-0.11422254520483044,4.440892098500626e-16,0.0,2.609024107869118e-15,2.220446049250313e-16
W_amp1.0_T12.0,W,1.0,12.0,5.65,0.8333333333333334,0.007370613883670197,0.05949804216542284,0.17760557466949967,10.006295516532681,1.0654703320070555,1.065719108976952,4.440892098500626e-16,0.0,0,0,1.3642420526593924e-12,0.6549011290706134,0.0,-0.11422254516771657,4.440892098500626e-16,0.0,2.609024107869118e-15,2.220446049250313e-16
W_amp1.0_T12.0,W,1.0,12.0,5.7,0.8333333333333334,0.007370613883670197,0.05949804216542284,0.17760557466949967,10.006287808781366,1.0654712001141555,1.0657190224394224,4.440892098500626e-16,0.0,0,0,1.3642420526593924e-12,0.6549011290706134,0.0,-0.11422254513082675,4.440892098500626e-16,0.0,2.609024107869118e-15,2.220446049250313e-16
W_amp1.0_T12.0,W,1.0,12.0,5.75,0.8333333333333334,0.007370613883670197,0.05949804216542284,0.17760557466949967,10.006280132535327,1.0654720474811952,1.0657189359734667,4.440892098500626e-16,0.0,0,0,9.094947017729282e-13,0.6549011290706134,0.0,-0.1142225450937131,4.440892098500626e-16,0.0,2.609024107869118e-15,2.220446049250313e-16
W_amp1.0_T12.0,W,1.0,12.0,5.800000000000001,0.8333333333333334,0.007370613883670197,0.05949804216542284,0.17760557466949967,10.006272487089507,1.0654728747214215,1.0657188495792833,4.440892098500626e-16,0.0,0,0,1.3642420526593924e-12,0.6549011290706134,0.0,-0.11422254505704643,4.440892098500626e-16,0.0,2.609024107869118e-15,2.220446049250313e-16
W_amp1.0_T12.0,W,1.0,12.0,5.8500000000000005,0.8333333333333334,0.007370613883670197,0.05949804216542284,0.17760557466949967,10.00626487175959,1.0654736824280346,1.0657187632570766,6.661338147750939e-16,0.0,0,0,9.094947017729282e-13,0.6549011290706134,0.0,-0.11422254502015639,4.440892098500626e-16,0.0,2.609024107869118e-15,2.220446049250313e-16
W_amp1.0_T12.0,W,1.0,12.0,5.9,0.8333333333333334,0.007370613883670197,0.05949804216542284,0.17760557466949967,10.006257285881333,1.0654744711749633,1.0657186770070532,6.661338147750939e-16,0.0,0,0,1.3642420526593924e-12,0.6549011290706134,0.0,-0.11422254498304252,4.440892098500626e-16,0.0,2.609024107869118e-15,2.220446049250313e-16
W_amp1.0_T12.0,W,1.0,12.0,5.95,0.8333333333333334,0.007370613883670197,0.05949804216542284,0.17760557466949967,10.006249728809909,1.0654752415175974,1.0657185908294222,4.440892098500626e-16,0.0,0,0,9.094947017729282e-13,0.6549011290706134,0.0,-0.11422254494592887,2.220446049250313e-16,0.0,2.609024107869118e-15,2.220446049250313e-16
W_amp1.0_T12.0,W,1.0,12.0,6.0,0.8333333333333334,0.007370613883670197,0.05949804216542284,0.17760557466949967,10.006242199919296,1.0654759939934921,1.0657185047243918,6.661338147750939e-16,0.0,0,0,1.3642420526593924e-12,0.6549011290706134,0.0,-0.11422254490881545,4.440892098500626e-16,0.0,2.609024107869118e-15,2.220446049250313e-16
W_amp1.0_T12.0,W,1.0,12.0,6.050000000000001,0.8333333333333334,0.007370613883670197,0.05949804216542284,0.17760557466949967,10.006234698601663,1.0654767291230296,1.0657184186921698,6.661338147750939e-16,0.0,0,0,1.3642420526593924e-12,0.6549011290706134,0.0,-0.11422254487192518,4.440892098500626e-16,0.0,2.609024107869118e-15,2.220446049250313e-16
W_amp1.0_T12.0,W,1.0,12.0,6.1000000000000005,0.8333333333333334,0.007370613883670197,0.05949804216542284,0.17760557466949967,10.006227224266802,1.065477447410059,1.0657183327329587,6.661338147750939e-16,0.0,0,0,1.3642420526593924e-12,0.6549011290706134,0.0,-0.11422254483503513,4.440892098500626e-16,0.0,2.609024107869118e-15,2.220446049250313e-16
W_amp1.0_T12.0,W,1.0,12.0,6.15,0.8333333333333334,0.007370613883670197,0.05949804216542284,0.17760557466949967,10.006219776341558,1.0654781493425,1.0657182468469575,6.661338147750939e-16,0.0,0,0,1.3642420526593924e-12,0.6549011290706134,0.0,-0.11422254479814486,4.440892098500626e-16,0.0,2.609024107869118e-15,2.220446049250313e-16
W_amp1.0_T12.0,W,1.0,12.0,6.2,0.8333333333333334,0.007370613883670197,0.05949804216542284,0.17760557466949967,10.006212354269298,1.0654788353929208,1.0657181610343578,4.440892098500626e-16,0.0,0,0,1.3642420526593924e-12,0.6549011290706134,0.0,-0.11422254476103122,4.440892098500626e-16,0.0,2.609024107869118e-15,2.220446049250313e-16
W_amp1.0_T12.0,W,1.0,12.0,6.25,0.8333333333333334,0.007370613883670197,0.05949804216542284,0.17760557466949967,10.0062049575094,1.065479506019091,1.0657180752953426,4.440892098500626e-16,0.0,0,0,1.3642420526593924e-12,0.6549011290706134,0.0,-0.11422254472391757,4.440892098500626e-16,0.0,2.609024107869118e-15,2.220446049250313e-16
W_amp1.0_T12.0,W,1.0,12.0,6.300000000000001,0.8333333333333334,0.007370613883670197,0.05949804216542284,0.17760557466949967,10.006197585536743,1.0654801616645113,1.0657179896300861,6.661338147750939e-16,0.0,0,0,1.3642420526593924e-12,0.6549011290706134,0.0,-0.11422254468680415,4.440892098500626e-16,0.0,2.609024107869118e-15,2.220446049250313e-16
W_amp1.0_T12.0,W,1.0,12.0,6.3500000000000005,0.8333333333333334,0.007370613883670197,0.05949804216542284,0.17760557466949967,10.006190237841222,1.0654808027589149,1.065717904038752,6.661338147750939e-16,0.0,0,0,1.3642420526593924e-12,0.6549011290706134,0.0,-0.11422254465013748,4.440892098500626e-16,0.0,2.609024107869118e-15,2.220446049250313e-16
W_amp1.0_T12.0,W,1.0,12.0,6.4,0.8333333333333334,0.007370613883670197,0.05949804216542284,0.17760557466949967,10.006182913927304,1.0654814297187516,1.0657178185214922,6.661338147750939e-16,0.0,0,0,9.094947017729282e-13,0.6549011290706134,0.0,-0.11422254461369441,4.440892098500626e-16,0.0,2.609024107869118e-15,2.220446049250313e-16
W_amp1.0_T12.0,W,1.0,12.0,6.45,0.8333333333333334,0.007370613883670197,0.05949804216542284,0.17760557466949967,10.006175613313564,1.0654820429476533,1.0657177330784449,4.440892098500626e-16,0.0,0,0,9.094947017729282e-13,0.6549011290706134,0.0,-0.11422254457680436,4.440892098500626e-16,0.0,2.609024107869118e-15,2.220446049250313e-16
W_amp1.0_T12.0,W,1.0,12.0,6.5,0.8333333333333334,0.007370613883670197,0.05949804216542284,0.17760557466949967,10.006168335532244,1.0654826428368722,1.0657176477097363,6.661338147750939e-16,0.0,0,0,9.094947017729282e-13,0.6549011290706134,0.0,-0.11422254453991432,4.440892098500626e-16,0.0,2.609024107869118e-15,2.220446049250313e-16
W_amp1.0_T12.0,W,1.0,12.0,6.550000000000001,0.8333333333333334,0.007370613883670197,0.05949804216542284,0.17760557466949967,10.006161080128864,1.0654832297657106,1.0657175624154782,8.881784197001252e-16,0.0,0,0,9.094947017729282e-13,0.6549011290706134,0.0,-0.11422254450324787,4.440892098500626e-16,0.0,2.609024107869118e-15,2.220446049250313e-16
W_amp1.0_T12.0,W,1.0,12.0,6.6000000000000005,0.8333333333333334,0.007370613883670197,0.05949804216542284,0.17760557466949967,10.006153846661785,1.0654838041019246,1.0657174771957674,6.661338147750939e-16,0.0,0,0,9.094947017729282e-13,0.6549011290706134,0.0,-0.1142225444665812,4.440892098500626e-16,0.0,2.609024107869118e-15,2.220446049250313e-16
W_amp1.0_T12.0,W,1.0,12.0,6.65,0.8333333333333334,0.007370613883670197,0.05949804216542284,0.17760557466949967,10.006146634701846,1.0654843662021156,1.065717392050686,6.661338147750939e-16,0.0,0,0,1.3642420526593924e-12,0.6549011290706134,0.0,-0.11422254443013835,2.220446049250313e-16,0.0,2.609024107869118e-15,2.220446049250313e-16
W_amp1.0_T12.0,W,1.0,12.0,6.7,0.8333333333333334,0.007370613883670197,0.05949804216542284,0.17760557466949967,10.006139443831973,1.0654849164121076,1.0657173069803008,8.881784197001252e-16,0.0,0,0,1.3642420526593924e-12,0.6549011290706134,0.0,-0.1142225443934719,4.440892098500626e-16,0.0,2.609024107869118e-15,2.220446049250313e-16
W_amp1.0_T12.0,W,1.0,12.0,6.75,0.8333333333333334,0.007370613883670197,0.05949804216542284,0.17760557466949967,10.006132273646816,1.0654854550673047,1.0657172219846631,6.661338147750939e-16,0.0,0,0,9.094947017729282e-13,0.6549011290706134,0.0,-0.11422254435702883,2.220446049250313e-16,0.0,2.609024107869118e-15,2.220446049250313e-16
W_amp1.0_T12.0,W,1.0,12.0,6.800000000000001,0.8333333333333334,0.007370613883670197,0.05949804216542284,0.17760557466949967,10.006125123752408,1.0654859824930383,1.0657171370638086,8.881784197001252e-16,0.0,0,0,9.094947017729282e-13,0.6549011290706134,0.0,-0.11422254432058598,4.440892098500626e-16,0.0,2.609024107869118e-15,2.220446049250313e-16
W_amp1.0_T12.0,W,1.0,12.0,6.8500000000000005,0.8333333333333334,0.007370613883670197,0.05949804216542284,0.17760557466949967,10.006117993765812,1.065486499004901,1.0657170522177566,6.661338147750939e-16,0.0,0,0,9.094947017729282e-13,0.6549011290706134,0.0,-0.11422254428436651,4.440892098500626e-16,0.0,2.609024107869118e-15,2.220446049250313e-16
W_amp1.0_T12.0,W,1.0,12.0,6.9,0.8333333333333334,0.007370613883670197,0.05949804216542284,0.17760557466949967,10.006110883314795,1.0654870049090661,1.065716967446511,6.661338147750939e-16,0.0,0,0,1.3642420526593924e-12,0.6549011290706134,0.0,-0.11422254424770006,4.440892098500626e-16,0.0,2.609024107869118e-15,2.220446049250313e-16
W_amp1.0_T12.0,W,1.0,12.0,6.95,0.8333333333333334,0.007370613883670197,0.05949804216542284,0.17760557466949967,10.006103792037518,1.0654875005025959,1.0657168827500594,8.881784197001252e-16,0.0,0,0,9.094947017729282e-13,0.6549011290706134,0.0,-0.114222544211257,4.440892098500626e-16,0.0,2.609024107869118e-15,2.220446049250313e-16
W_amp1.0_T12.0,W,1.0,12.0,7.0,0.8333333333333334,0.007370613883670197,0.05949804216542284,0.17760557466949967,10.006096719582219,1.0654879860737356,1.0657167981283737,8.881784197001252e-16,0.0,0,0,9.094947017729282e-13,0.6549011290706134,0.0,-0.11422254417481414,4.440892098500626e-16,0.0,2.609024107869118e-15,2.220446049250313e-16
W_amp1.0_T12.0,W,1.0,12.0,7.050000000000001,0.8333333333333334,0.007370613883670197,0.05949804216542284,0.17760557466949967,10.006089665606916,1.0654884619022014,1.065716713581411,8.881784197001252e-16,0.0,0,0,1.3642420526593924e-12,0.6549011290706134,0.0,-0.11422254413814747,4.440892098500626e-16,0.0,2.609024107869118e-15,2.220446049250313e-16
W_amp1.0_T12.0,W,1.0,12.0,7.1000000000000005,0.8333333333333334,0.007370613883670197,0.05949804216542284,0.17760557466949967,10.00608262977913,1.0654889282594515,1.0657166291091125,8.881784197001252e-16,0.0,0,0,1.3642420526593924e-12,0.6549011290706134,0.0,-0.11422254410148125,4.440892098500626e-16,0.0,2.609024107869118e-15,2.220446049250313e-16
W_amp1.0_T12.0,W,1.0,12.0,7.15,0.8333333333333334,0.007370613883670197,0.05949804216542284,0.17760557466949967,10.006075611775586,1.0654893854089555,1.0657165447114045,8.881784197001252e-16,0.0,0,0,9.094947017729282e-13,0.6549011290706134,0.0,-0.11422254406503818,4.440892098500626e-16,0.0,2.609024107869118e-15,2.220446049250313e-16
W_amp1.0_T12.0,W,1.0,12.0,7.2,0.8333333333333334,0.007370613883670197,0.05949804216542284,0.17760557466949967,10.006068611281968,1.0654898336064451,1.0657164603881983,6.661338147750939e-16,0.0,0,0,9.094947017729282e-13,0.6549011290706134,0.0,-0.11422254402837151,4.440892098500626e-16,0.0,2.609024107869118e-15,2.220446049250313e-16
W_amp1.0_T12.0,W,1.0,12.0,7.25,0.8333333333333334,0.007370613883670197,0.05949804216542284,0.17760557466949967,10.006061627992636,1.0654902731001628,1.0657163761393904,6.661338147750939e-16,0.0,0,0,9.094947017729282e-13,0.6549011290706134,0.0,-0.11422254399192888,4.440892098500626e-16,0.0,2.609024107869118e-15,2.220446049250313e-16
W_amp1.0_T12.0,W,1.0,12.0,7.300000000000001,0.8333333333333334,0.007370613883670197,0.05949804216542284,0.17760557466949967,10.00605466161038,1.0654907041310948,1.065716291964864,8.881784197001252e-16,0.0,0,0,9.094947017729282e-13,0.6549011290706134,0.0,-0.11422254395593301,4.440892098500626e-16,0.0,2.609024107869118e-15,2.220446049250313e-16
W_amp1.0_T12.0,W,1.0,12.0,7.3500000000000005,0.8333333333333334,0.007370613883670197,0.05949804216542284,0.17760557466949967,10.00604771184618,1.0654911269332037,1.0657162078644873,8.881784197001252e-16,0.0,0,0,9.094947017729282e-13,0.6549011290706134,0.0,-0.11422254392016051,4.440892098500626e-16,0.0,2.609024107869118e-15,2.220446049250313e-16
W_amp1.0_T12.0,W,1.0,12.0,7.4,0.8333333333333334,0.007370613883670197,0.05949804216542284,0.17760557466949967,10.006040778418969,1.065491541733646,1.0657161238381163,8.881784197001252e-16,0.0,0,0,9.094947017729282e-13,0.6549011290706134,0.0,-0.11422254388371789,4.440892098500626e-16,0.0,2.609024107869118e-15,2.220446049250313e-16
W_amp1.0_T12.0,W,1.0,12.0,7.45,0.8333333333333334,0.007370613883670197,0.05949804216542284,0.17760557466949967,10.00603386105539,1.0654919487529857,1.0657160398855932,8.881784197001252e-16,0.0,0,0,9.094947017729282e-13,0.6549011290706134,0.0,-0.11422254384727482,4.440892098500626e-16,0.0,2.609024107869118e-15,2.220446049250313e-16
W_amp1.0_T12.0,W,1.0,12.0,7.5,0.8333333333333334,0.007370613883670197,0.05949804216542284,0.17760557466949967,10.006026959489585,1.0654923482053986,1.065715956006748,8.881784197001252e-16,0.0,0,0,9.094947017729282e-13,0.6549011290706134,0.0,-0.11422254381127894,4.440892098500626e-16,0.0,2.609024107869118e-15,2.220446049250313e-16
W_amp1.0_T12.0,W,1.0,12.0,7.550000000000001,0.8333333333333334,0.007370613883670197,0.05949804216542284,0.17760557466949967,10.006020073462974,1.0654927402988714,1.0657158722013977,8.881784197001252e-16,0.0,0,0,9.094947017729282e-13,0.6549011290706134,0.0,-0.11422254377528329,4.440892098500626e-16,0.0,2.609024107869118e-15,2.220446049250313e-16
W_amp1.0_T12.0,W,1.0,12.0,7.6000000000000005,0.8333333333333334,0.007370613883670197,0.05949804216542284,0.17760557466949967,10.00601320272406,1.065493125235392,1.0657157884693493,8.881784197001252e-16,0.0,0,0,1.3642420526593924e-12,0.6549011290706134,0.0,-0.11422254373884022,4.440892098500626e-16,0.0,2.609024107869118e-15,2.220446049250313e-16
W_amp1.0_T12.0,W,1.0,12.0,7.65,0.8333333333333334,0.007370613883670197,0.05949804216542284,0.17760557466949967,10.006006347028196,1.0654935032111348,1.0657157048103967,8.881784197001252e-16,0.0,0,0,9.094947017729282e-13,0.6549011290706134,0.0,-0.11422254370284435,4.440892098500626e-16,0.0,2.609024107869118e-15,2.220446049250313e-16
W_amp1.0_T12.0,W,1.0,12.0,7.7,0.8333333333333334,0.007370613883670197,0.05949804216542284,0.17760557466949967,10.005999506137417,1.0654938744166393,1.065715621224324,8.881784197001252e-16,0.0,0,0,9.094947017729282e-13,0.6549011290706134,0.0,-0.1142225436670723,4.440892098500626e-16,0.0,2.609024107869118e-15,2.220446049250313e-16
W_amp1.0_T12.0,W,1.0,12.0,7.75,0.8333333333333334,0.007370613883670197,0.05949804216542284,0.17760557466949967,10.005992679820238,1.0654942390369804,1.0657155377109047,8.881784197001252e-16,0.0,0,0,9.094947017729282e-13,0.6549011290706134,0.0,-0.11422254363085282,4.440892098500626e-16,0.0,2.609024107869118e-15,2.220446049250313e-16
W_amp1.0_T12.0,W,1.0,12.0,7.800000000000001,0.8333333333333334,0.007370613883670197,0.05949804216542284,0.17760557466949967,10.005985867851468,1.065494597251936,1.0657154542699019,8.881784197001252e-16,0.0,0,0,9.094947017729282e-13,0.6549011290706134,0.0,-0.11422254359508055,4.440892098500626e-16,0.0,2.609024107869118e-15,2.220446049250313e-16
W_amp1.0_T12.0,W,1.0,12.0,7.8500000000000005,0.8333333333333334,0.007370613883670197,0.05949804216542284,0.17760557466949967,10.005979070012035,1.065494949236149,1.0657153709010712,8.881784197001252e-16,0.0,0,0,1.3642420526593924e-12,0.6549011290706134,0.0,-0.1142225435597557,4.440892098500626e-16,0.0,2.609024107869118e-15,2.220446049250313e-16
W_amp1.0_T12.0,W,1.0,12.0,7.9,0.8333333333333334,0.007370613883670197,0.05949804216542284,0.17760557466949967,10.005972286088804,1.0654952951592818,1.065715287604157,8.881784197001252e-16,0.0,0,0,9.094947017729282e-13,0.6549011290706134,0.0,-0.11422254352375982,4.440892098500626e-16,0.0,2.609024107869118e-15,2.220446049250313e-16
W_amp1.0_T12.0,W,1.0,12.0,7.95,0.8333333333333334,0.007370613883670197,0.05949804216542284,0.17760557466949967,10.005965515874422,1.0654956351861673,1.065715204378896,8.881784197001252e-16,0.0,0,0,9.094947017729282e-13,0.6549011290706134,0.0,-0.11422254348776417,4.440892098500626e-16,0.0,2.609024107869118e-15,2.220446049250313e-16
W_amp1.0_T12.0,W,1.0,12.0,8.0,0.8333333333333334,0.007370613883670197,0.05949804216542284,0.17760557466949967,10.005958759167143,1.0654959694769528,1.0657151212250169,8.881784197001252e-16,0.0,0,0,9.094947017729282e-13,0.6549011290706134,0.0,-0.1142225434519919,2.220446049250313e-16,0.0,2.609024107869118e-15,2.220446049250313e-16
W_amp1.0_T12.0,W,1.0,12.0,8.05,0.8333333333333334,0.007370613883670197,0.05949804216542284,0.17760557466949967,10.005952015770678,1.0654962981872416,1.065715038142241,8.881784197001252e-16,0.0,0,0,1.3642420526593924e-12,0.6549011290706134,0.0,-0.114222543416443,4.440892098500626e-16,0.0,2.609024107869118e-15,2.220446049250313e-16
W_amp1.0_T12.0,W,1.0,12.0,8.1,0.8333333333333334,0.007370613883670197,0.05949804216542284,0.17760557466949967,10.00594528549403,1.0654966214682293,1.0657149551302831,8.881784197001252e-16,0.0,0,0,1.3642420526593924e-12,0.6549011290706134,0.0,-0.11422254338089455,4.440892098500626e-16,0.0,2.609024107869118e-15,2.220446049250313e-16
W_amp1.0_T12.0,W,1.0,12.0,8.15,0.8333333333333334,0.007370613883670197,0.05949804216542284,0.17760557466949967,10.005938568151356,1.0654969394668359,1.0657148721888494,8.881784197001252e-16,0.0,0,0,9.094947017729282e-13,0.6549011290706134,0.0,-0.11422254334579285,4.440892098500626e-16,0.0,2.609024107869118e-15,2.220446049250313e-16
W_amp1.0_T12.0,W,1.0,12.0,8.200000000000001,0.8333333333333334,0.007370613883670197,0.05949804216542284,0.17760557466949967,10.005931863561816,1.0654972523258304,1.0657147893176426,8.881784197001252e-16,0.0,0,0,9.094947017729282e-13,0.6549011290706134,0.0,-0.114222543310468,4.440892098500626e-16,0.0,2.609024107869118e-15,2.220446049250313e-16
W_amp1.0_T12.0,W,1.0,12.0,8.25,0.8333333333333334,0.007370613883670197,0.05949804216542284,0.17760557466949967,10.005925171549437,1.0654975601839576,1.0657147065163566,8.881784197001252e-16,0.0,0,0,9.094947017729282e-13,0.6549011290706134,0.0,-0.1142225432753663,2.220446049250313e-16,0.0,2.609024107869118e-15,2.220446049250313e-16
W_amp1.0_T12.0,W,1.0,12.0,8.3,0.8333333333333334,0.007370613883670197,0.05949804216542284,0.17760557466949967,10.005918491942968,1.0654978631760568,1.065714623784682,8.881784197001252e-16,0.0,0,0,9.094947017729282e-13,0.6549011290706134,0.0,-0.11422254324004144,2.220446049250313e-16,0.0,2.609024107869118e-15,2.220446049250313e-16
W_amp1.0_T12.0,W,1.0,12.0,8.35,0.8333333333333334,0.007370613883670197,0.05949804216542284,0.17760557466949967,10.005911824575762,1.0654981614331729,1.065714541122304,8.881784197001252e-16,0.0,0,0,9.094947017729282e-13,0.6549011290706134,0.0,-0.11422254320493974,4.440892098500626e-16,0.0,2.609024107869118e-15,2.220446049250313e-16
W_amp1.0_T12.0,W,1.0,12.0,8.4,0.8333333333333334,0.007370613883670197,0.05949804216542284,0.17760557466949967,10.00590516928563,1.0654984550826725,1.0657144585289033,8.881784197001252e-16,0.0,0,0,1.3642420526593924e-12,0.6549011290706134,0.0,-0.11422254317050906,4.440892098500626e-16,0.0,2.609024107869118e-15,2.220446049250313e-16
W_amp1.0_T12.0,W,1.0,12.0,8.450000000000001,0.8333333333333334,0.007370613883670197,0.05949804216542284,0.17760557466949967,10.005898525914736,1.0654987442483523,1.0657143760041563,8.881784197001252e-16,0.0,0,0,9.094947017729282e-13,0.6549011290706134,0.0,-0.1142225431351842,4.440892098500626e-16,0.0,2.609024107869118e-15,2.220446049250313e-16
W_amp1.0_T12.0,W,1.0,12.0,8.5,0.8333333333333334,0.007370613883670197,0.05949804216542284,0.17760557466949967,10.005891894309453,1.0654990290505428,1.0657142935477355,8.881784197001252e-16,0.0,0,0,9.094947017729282e-13,0.6549011290706134,0.0,-0.1142225431007533,4.440892098500626e-16,0.0,2.609024107869118e-15,2.220446049250313e-16
W_amp1.0_T12.0,W,1.0,12.0,8.55,0.8333333333333334,0.007370613883670197,0.05949804216542284,0.17760557466949967,10.005885274320267,1.0654993096062075,1.0657142111593105,8.881784197001252e-16,0.0,0,0,9.094947017729282e-13,0.6549011290706134,0.0,-0.11422254306587543,4.440892098500626e-16,0.0,2.609024107869118e-15,2.220446049250313e-16
W_amp1.0_T12.0,W,1.0,12.0,8.6,0.8333333333333334,0.007370613883670197,0.05949804216542284,0.17760557466949967,10.005878665801653,1.0654995860290444,1.0657141288385472,8.881784197001252e-16,0.0,0,0,1.3642420526593924e-12,0.6549011290706134,0.0,-0.11422254303144452,4.440892098500626e-16,0.0,2.609024107869118e-15,2.220446049250313e-16
W_amp1.0_T12.0,W,1.0,12.0,8.65,0.8333333333333334,0.007370613883670197,0.05949804216542284,0.17760557466949967,10.005872068611959,1.065499858429579,1.0657140465851103,8.881784197001252e-16,0.0,0,0,9.094947017729282e-13,0.6549011290706134,0.0,-0.11422254299723744,4.440892098500626e-16,0.0,2.609024107869118e-15,2.220446049250313e-16
W_amp1.0_T12.0,W,1.0,12.0,8.700000000000001,0.8333333333333334,0.007370613883670197,0.05949804216542284,0.17760557466949967,10.005865482613313,1.0655001269152602,1.0657139643986606,8.881784197001252e-16,0.0,0,0,9.094947017729282e-13,0.6549011290706134,0.0,-0.11422254296280676,4.440892098500626e-16,0.0,2.609024107869118e-15,2.220446049250313e-16
W_amp1.0_T12.0,W,1.0,12.0,8.75,0.8333333333333334,0.007370613883670197,0.05949804216542284,0.17760557466949967,10.005858907671502,1.0655003915905445,1.065713882278858,8.881784197001252e-16,0.0,0,0,9.094947017729282e-13,0.6549011290706134,0.0,-0.11422254292882306,4.440892098500626e-16,0.0,2.609024107869118e-15,2.220446049250313e-16
W_amp1.0_T12.0,W,1.0,12.0,8.8,0.8333333333333334,0.007370613883670197,0.05949804216542284,0.17760557466949967,10.005852343655887,1.065500652556986,1.0657138002253603,8.881784197001252e-16,0.0,0,0,1.3642420526593924e-12,0.6549011290706134,0.0,-0.11422254289528655,2.220446049250313e-16,0.0,2.609024107869118e-15,2.220446049250313e-16
W_amp1.0_T12.0,W,1.0,12.0,8.85,0.8333333333333334,0.007370613883670197,0.05949804216542284,0.17760557466949967,10.005845790439288,1.0655009099133188,1.0657137182378256,8.881784197001252e-16,0.0,0,0,9.094947017729282e-13,0.6549011290706134,0.0,-0.11422254286107947,4.440892098500626e-16,0.0,2.609024107869118e-15,2.220446049250313e-16
W_amp1.0_T12.0,W,1.0,12.0,8.9,0.8333333333333334,0.007370613883670197,0.05949804216542284,0.17760557466949967,10.005839247897903,1.065501163755541,1.0657136363159085,8.881784197001252e-16,0.0,0,0,9.094947017729282e-13,0.6549011290706134,0.0,-0.11422254282754318,4.440892098500626e-16,0.0,2.609024107869118e-15,2.220446049250313e-16
W_amp1.0_T12.0,W,1.0,12.0,8.950000000000001,0.8333333333333334,0.007370613883670197,0.05949804216542284,0.17760557466949967,10.0058327159112,1.0655014141769887,1.0657135544592649,8.881784197001252e-16,0.0,0,0,9.094947017729282e-13,0.6549011290706134,0.0,-0.11422254279400668,4.440892098500626e-16,0.0,2.609024107869118e-15,2.220446049250313e-16
W_amp1.0_T12.0,W,1.0,12.0,9.0,0.8333333333333334,0.007370613883670197,0.05949804216542284,0.17760557466949967,10.00582619436185,1.065501661268418,1.0657134726675495,8.881784197001252e-16,0.0,0,0,9.094947017729282e-13,0.6549011290706134,0.0,-0.11422254276024657,4.440892098500626e-16,0.0,2.609024107869118e-15,2.220446049250313e-16
W_amp1.0_T12.0,W,1.0,12.0,9.05,0.8333333333333334,0.007370613883670197,0.05949804216542284,0.17760557466949967,10.00581968313561,1.0655019051180754,1.065713390940418,8.881784197001252e-16,0.0,0,0,9.094947017729282e-13,0.6549011290706134,0.0,-0.11422254272693366,4.440892098500626e-16,0.0,2.609024107869118e-15,2.220446049250313e-16
W_amp1.0_T12.0,W,1.0,12.0,9.1,0.8333333333333334,0.007370613883670197,0.05949804216542284,0.17760557466949967,10.005813182121255,1.0655021458117697,1.0657133092775255,8.881784197001252e-16,0.0,0,0,1.3642420526593924e-12,0.6549011290706134,0.0,-0.11422254269339716,2.220446049250313e-16,0.0,2.609024107869118e-15,2.220446049250313e-16
W_amp1.0_T12.0,W,1.0,12.0,9.15,0.8333333333333334,0.007370613883670197,0.05949804216542284,0.17760557466949967,10.0058066912105,1.0655023834329447,1.0657132276785268,8.881784197001252e-16,0.0,0,0,9.094947017729282e-13,0.6549011290706134,0.0,-0.11422254266053145,4.440892098500626e-16,0.0,2.609024107869118e-15,2.220446049250313e-16
W_amp1.0_T12.0,W,1.0,12.0,9.200000000000001,0.8333333333333334,0.007370613883670197,0.05949804216542284,0.17760557466949967,10.005800210297906,1.0655026180627423,1.06571314614308,8.881784197001252e-16,0.0,0,0,9.094947017729282e-13,0.6549011290706134,0.0,-0.11422254262721876,4.440892098500626e-16,0.0,2.609024107869118e-15,2.220446049250313e-16
W_amp1.0_T12.0,W,1.0,12.0,9.25,0.8333333333333334,0.007370613883670197,0.05949804216542284,0.17760557466949967,10.005793739280811,1.065502849780072,1.0657130646708417,1.1102230246251565e-15,0.0,0,0,9.094947017729282e-13,0.6549011290706134,0.0,-0.11422254259435305,4.440892098500626e-16,0.0,2.609024107869118e-15,2.220446049250313e-16
W_amp1.0_T12.0,W,1.0,12.0,9.3,0.8333333333333334,0.007370613883670197,0.05949804216542284,0.17760557466949967,10.005787278059245,1.0655030786616717,1.0657129832614722,8.881784197001252e-16,0.0,0,0,1.3642420526593924e-12,0.6549011290706134,0.0,-0.11422254256171072,4.440892098500626e-16,0.0,2.609024107869118e-15,2.220446049250313e-16
W_amp1.0_T12.0,W,1.0,12.0,9.35,0.8333333333333334,0.007370613883670197,0.05949804216542284,0.17760557466949967,10.005780826535869,1.0655033047821716,1.0657129019146308,8.881784197001252e-16,0.0,0,0,9.094947017729282e-13,0.6549011290706134,0.0,-0.1142225425292922,4.440892098500626e-16,0.0,2.609024107869118e-15,2.220446049250313e-16
W_amp1.0_T12.0,W,1.0,12.0,9.4,0.8333333333333334,0.007370613883670197,0.05949804216542284,0.17760557466949967,10.005774384615897,1.065503528214152,1.06571282062998,1.1102230246251565e-15,0.0,0,0,1.3642420526593924e-12,0.6549011290706134,0.0,-0.11422254249687369,4.440892098500626e-16,0.0,2.609024107869118e-15,2.220446049250313e-16
W_amp1.0_T12.0,W,1.0,12.0,9.450000000000001,0.8333333333333334,0.007370613883670197,0.05949804216542284,0.17760557466949967,10.005767952207021,1.0655037490282027,1.0657127394071837,1.3322676295501878e-15,0.0,0,0,9.094947017729282e-13,0.6549011290706134,0.0,-0.11422254246490215,0.0,0.0,2.609024107869118e-15,2.220446049250313e-16
W_amp1.0_T12.0,W,1.0,12.0,9.5,0.8333333333333334,0.007370613883670197,0.05949804216542284,0.17760557466949967,10.005761529219349,1.0655039672929778,1.0657126582459089,1.1102230246251565e-15,0.0,0,0,1.3642420526593924e-12,0.6549011290706134,0.0,-0.11422254243337782,4.440892098500626e-16,0.0,2.609024107869118e-15,2.220446049250313e-16
W_amp1.0_T12.0,W,1.0,12.0,9.55,0.8333333333333334,0.007370613883670197,0.05949804216542284,0.17760557466949967,10.005755115565341,1.0655041830752527,1.0657125771458236,1.1102230246251565e-15,0.0,0,0,1.3642420526593924e-12,0.6549011290706134,0.0,-0.1142225424016301,4.440892098500626e-16,0.0,2.609024107869118e-15,2.220446049250313e-16
W_amp1.0_T12.0,W,1.0,12.0,9.600000000000001,0.8333333333333334,0.007370613883670197,0.05949804216542284,0.17760557466949967,10.00574871115974,1.0655043964399749,1.0657124961065993,8.881784197001252e-16,0.0,0,0,1.3642420526593924e-12,0.6549011290706134,0.0,-0.11422254237032958,4.440892098500626e-16,0.0,2.609024107869118e-15,2.220446049250313e-16
W_amp1.0_T12.0,W,1.0,12.0,9.65,0.8333333333333334,0.007370613883670197,0.05949804216542284,0.17760557466949967,10.005742315919512,1.065504607450315,1.0657124151279098,1.1102230246251565e-15,0.0,0,0,1.3642420526593924e-12,0.6549011290706134,0.0,-0.11422254233902884,4.440892098500626e-16,0.0,2.609024107869118e-15,2.220446049250313e-16
W_amp1.0_T12.0,W,1.0,12.0,9.700000000000001,0.8333333333333334,0.007370613883670197,0.05949804216542284,0.17760557466949967,10.005735929763787,1.0655048161677187,1.065712334209432,8.881784197001252e-16,0.0,0,0,9.094947017729282e-13,0.6549011290706134,0.0,-0.11422254230817508,4.440892098500626e-16,0.0,2.609024107869118e-15,2.220446049250313e-16
W_amp1.0_T12.0,W,1.0,12.0,9.75,0.8333333333333334,0.007370613883670197,0.05949804216542284,0.17760557466949967,10.005729552613797,1.0655050226519558,1.0657122533508454,8.881784197001252e-16,0.0,0,0,9.094947017729282e-13,0.6549011290706134,0.0,-0.11422254227732154,4.440892098500626e-16,0.0,2.609024107869118e-15,2.220446049250313e-16
W_amp1.0_T12.0,W,1.0,12.0,9.8,0.8333333333333334,0.007370613883670197,0.05949804216542284,0.17760557466949967,10.00572318439282,1.065505226961163,1.0657121725518333,8.881784197001252e-16,0.0,0,0,1.3642420526593924e-12,0.6549011290706134,0.0,-0.11422254224691542,2.220446049250313e-16,0.0,2.609024107869118e-15,2.220446049250313e-16
W_amp1.0_T12.0,W,1.0,12.0,9.850000000000001,0.8333333333333334,0.007370613883670197,0.05949804216542284,0.17760557466949967,10.00571682502613,1.0655054291518935,1.0657120918120822,1.1102230246251565e-15,0.0,0,0,9.094947017729282e-13,0.6549011290706134,0.0,-0.11422254221673245,2.220446049250313e-16,0.0,2.609024107869118e-15,2.220446049250313e-16
W_amp1.0_T12.0,W,1.0,12.0,9.9,0.8333333333333334,0.007370613883670197,0.05949804216542284,0.17760557466949967,10.005710474440939,1.0655056292791594,1.0657120111312814,1.1102230246251565e-15,0.0,0,0,1.3642420526593924e-12,0.6549011290706134,0.0,-0.1142225421872205,4.440892098500626e-16,0.0,2.609024107869118e-15,2.220446049250313e-16
W_amp1.0_T12.0,W,1.0,12.0,9.950000000000001,0.8333333333333334,0.007370613883670197,0.05949804216542284,0.17760557466949967,10.00570413256633,1.0655058273964757,1.0657119305091254,1.1102230246251565e-15,0.0,0,0,9.094947017729282e-13,0.6549011290706134,0.0,-0.11422254215726113,4.440892098500626e-16,0.0,2.609024107869118e-15,2.220446049250313e-16
W_amp1.0_T12.0,W,1.0,12.0,10.0,0.8333333333333334,0.007370613883670197,0.05949804216542284,0.17760557466949967,10.00569779933323,1.0655060235559008,1.0657118499453104,1.1102230246251565e-15,0.0,0,0,9.094947017729282e-13,0.6549011290706134,0.0,-0.11422254212797278,4.440892098500626e-16,0.0,2.609024107869118e-15,2.220446049250313e-16
W_amp1.0_T12.0,W,1.0,12.0,10.05,0.8333333333333334,0.007370613883670197,0.05949804216542284,0.17760557466949967,10.005691474674354,1.065506217808078,1.0657117694395384,1.3322676295501878e-15,0.0,0,0,9.094947017729282e-13,0.6549011290706134,0.0,-0.11422254209890759,4.440892098500626e-16,0.0,2.609024107869118e-15,2.220446049250313e-16
W_amp1.0_T12.0,W,1.0,12.0,10.100000000000001,0.8333333333333334,0.007370613883670197,0.05949804216542284,0.17760557466949967,10.005685158524145,1.0655064102022758,1.065711688991514,1.3322676295501878e-15,0.0,0,0,9.094947017729282e-13,0.6549011290706134,0.0,-0.11422254207006644,4.440892098500626e-16,0.0,2.609024107869118e-15,2.220446049250313e-16
W_amp1.0_T12.0,W,1.0,12.0,10.15,0.8333333333333334,0.007370613883670197,0.05949804216542284,0.17760557466949967,10.00567885081873,1.0655066007864242,1.065711608600946,1.1102230246251565e-15,0.0,0,0,1.3642420526593924e-12,0.6549011290706134,0.0,-0.11422254204144866,4.440892098500626e-16,0.0,2.609024107869118e-15,2.220446049250313e-16
W_amp1.0_T12.0,W,1.0,12.0,10.200000000000001,0.8333333333333334,0.007370613883670197,0.05949804216542284,0.17760557466949967,10.005672551495895,1.065506789607151,1.0657115282675482,1.3322676295501878e-15,0.0,0,0,1.3642420526593924e-12,0.6549011290706134,0.0,-0.11422254201327808,4.440892098500626e-16,0.0,2.609024107869118e-15,2.220446049250313e-16
W_amp1.0_T12.0,W,1.0,12.0,10.25,0.8333333333333334,0.007370613883670197,0.05949804216542284,0.17760557466949967,10.005666260495007,1.0655069767098224,1.065711447991038,1.3322676295501878e-15,0.0,0,0,9.094947017729282e-13,0.6549011290706134,0.0,-0.1142225419853311,4.440892098500626e-16,0.0,2.609024107869118e-15,2.220446049250313e-16
W_amp1.0_T12.0,W,1.0,12.0,10.3,0.8333333333333334,0.007370613883670197,0.05949804216542284,0.17760557466949967,10.005659977757,1.0655071621385723,1.0657113677711372,1.3322676295501878e-15,0.0,0,0,9.094947017729282e-13,0.6549011290706134,0.0,-0.11422254195783088,0.0,0.0,2.609024107869118e-15,2.220446049250313e-16
W_amp1.0_T12.0,W,1.0,12.0,10.350000000000001,0.8333333333333334,0.007370613883670197,0.05949804216542284,0.17760557466949967,10.005653703224317,1.0655073459363402,1.0657112876075727,1.3322676295501878e-15,0.0,0,0,9.094947017729282e-13,0.6549011290706134,0.0,-0.1142225419303311,4.440892098500626e-16,0.0,2.609024107869118e-15,2.220446049250313e-16
W_amp1.0_T12.0,W,1.0,12.0,10.4,0.8333333333333334,0.007370613883670197,0.05949804216542284,0.17760557466949967,10.00564743684087,1.0655075281449022,1.0657112075000748,1.3322676295501878e-15,0.0,0,0,9.094947017729282e-13,0.6549011290706134,0.0,-0.1142225419035019,4.440892098500626e-16,0.0,2.609024107869118e-15,2.220446049250313e-16
W_amp1.0_T12.0,W,1.0,12.0,10.450000000000001,0.8333333333333334,0.007370613883670197,0.05949804216542284,0.17760557466949967,10.005641178552011,1.0655077088049059,1.0657111274483788,1.3322676295501878e-15,0.0,0,0,9.094947017729282e-13,0.6549011290706134,0.0,-0.11422254187734371,4.440892098500626e-16,0.0,2.609024107869118e-15,2.220446049250313e-16
W_amp1.0_T12.0,W,1.0,12.0,10.5,0.8333333333333334,0.007370613883670197,0.05949804216542284,0.17760557466949967,10.005634928304483,1.0655078879558957,1.0657110474522251,1.3322676295501878e-15,0.0,0,0,9.094947017729282e-13,0.6549011290706134,0.0,-0.11422254185163228,2.220446049250313e-16,0.0,2.609024107869118e-15,2.220446049250313e-16
W_amp1.0_T12.0,W,1.0,12.0,10.55,0.8333333333333334,0.007370613883670197,0.05949804216542284,0.17760557466949967,10.005628686046382,1.0655080656363496,1.0657109675113587,1.3322676295501878e-15,0.0,0,0,1.3642420526593924e-12,0.6549011290706134,0.0,-0.11422254182592106,4.440892098500626e-16,0.0,2.609024107869118e-15,2.220446049250313e-16
W_amp1.0_T12.0,W,1.0,12.0,10.600000000000001,0.8333333333333334,0.007370613883670197,0.05949804216542284,0.17760557466949967,10.005622451727124,1.065508241883705,1.0657108876255288,1.3322676295501878e-15,0.0,0,0,9.094947017729282e-13,0.6549011290706134,0.0,-0.11422254180088065,4.440892098500626e-16,0.0,2.609024107869118e-15,2.220446049250313e-16
W_amp1.0_T12.0,W,1.0,12.0,10.65,0.8333333333333334,0.007370613883670197,0.05949804216542284,0.17760557466949967,10.005616225297416,1.065508416734388,1.0657108077944892,1.3322676295501878e-15,0.0,0,0,9.094947017729282e-13,0.6549011290706134,0.0,-0.11422254177628699,4.440892098500626e-16,0.0,2.609024107869118e-15,2.220446049250313e-16
W_amp1.0_T12.0,W,1.0,12.0,10.700000000000001,0.8333333333333334,0.007370613883670197,0.05949804216542284,0.17760557466949967,10.005610006709208,1.0655085902238415,1.0657107280179998,1.3322676295501878e-15,0.0,0,0,9.094947017729282e-13,0.6549011290706134,0.0,-0.11422254175236457,4.440892098500626e-16,0.0,2.609024107869118e-15,2.220446049250313e-16
W_amp1.0_T12.0,W,1.0,12.0,10.75,0.8333333333333334,0.007370613883670197,0.05949804216542284,0.17760557466949967,10.005603795915668,1.0655087623865507,1.0657106482958238,1.3322676295501878e-15,0.0,0,0,9.094947017729282e-13,0.6549011290706134,0.0,-0.1142225417288889,4.440892098500626e-16,0.0,2.609024107869118e-15,2.220446049250313e-16
W_amp1.0_T12.0,W,1.0,12.0,10.8,0.8333333333333334,0.007370613883670197,0.05949804216542284,0.17760557466949967,10.005597592871151,1.0655089332560712,1.0657105686277313,1.3322676295501878e-15,0.0,0,0,9.094947017729282e-13,0.6549011290706134,0.0,-0.11422254170608404,4.440892098500626e-16,0.0,2.609024107869118e-15,2.220446049250313e-16
W_amp1.0_T12.0,W,1.0,12.0,10.850000000000001,0.8333333333333334,0.007370613883670197,0.05949804216542284,0.17760557466949967,10.005591397531152,1.0655091028650538,1.065710489013495,1.3322676295501878e-15,0.0,0,0,9.094947017729282e-13,0.6549011290706134,0.0,-0.11422254168372636,4.440892098500626e-16,0.0,2.609024107869118e-15,2.220446049250313e-16
W_amp1.0_T12.0,W,1.0,12.0,10.9,0.8333333333333334,0.007370613883670197,0.05949804216542284,0.17760557466949967,10.005585209852299,1.0655092712452683,1.065710409452894,1.3322676295501878e-15,0.0,0,0,1.3642420526593924e-12,0.6549011290706134,0.0,-0.11422254166159251,4.440892098500626e-16,0.0,2.609024107869118e-15,2.220446049250313e-16
W_amp1.0_T12.0,W,1.0,12.0,10.950000000000001,0.8333333333333334,0.007370613883670197,0.05949804216542284,0.17760557466949967,10.005579029792305,1.0655094384276285,1.065710329945712,1.3322676295501878e-15,0.0,0,0,9.094947017729282e-13,0.6549011290706134,0.0,-0.11422254164057621,4.440892098500626e-16,0.0,2.609024107869118e-15,2.220446049250313e-16
W_amp1.0_T12.0,W,1.0,12.0,11.0,0.8333333333333334,0.007370613883670197,0.05949804216542284,0.17760557466949967,10.005572857309943,1.0655096044422165,1.0657102504917377,1.3322676295501878e-15,0.0,0,0,9.094947017729282e-13,0.6549011290706134,0.0,-0.11422254161955991,2.220446049250313e-16,0.0,2.609024107869118e-15,2.220446049250313e-16
W_amp1.0_T12.0,W,1.0,12.0,11.05,0.8333333333333334,0.007370613883670197,0.05949804216542284,0.17760557466949967,10.005566692365015,1.0655097693183029,1.0657101710907653,1.3322676295501878e-15,0.0,0,0,9.094947017729282e-13,0.6549011290706134,0.0,-0.11422254159943801,2.220446049250313e-16,0.0,2.609024107869118e-15,2.220446049250313e-16
W_amp1.0_T12.0,W,1.0,12.0,11.100000000000001,0.8333333333333334,0.007370613883670197,0.05949804216542284,0.17760557466949967,10.005560534918335,1.0655099330843703,1.0657100917425928,1.3322676295501878e-15,0.0,0,0,1.3642420526593924e-12,0.6549011290706134,0.0,-0.11422254157998712,4.440892098500626e-16,0.0,2.609024107869118e-15,2.220446049250313e-16
W_amp1.0_T12.0,W,1.0,12.0,11.15,0.8333333333333334,0.007370613883670197,0.05949804216542284,0.17760557466949967,10.005554384931688,1.0655100957681354,1.065710012447024,1.3322676295501878e-15,0.0,0,0,9.094947017729282e-13,0.6549011290706134,0.0,-0.11422254156120659,4.440892098500626e-16,0.0,2.609024107869118e-15,2.220446049250313e-16
W_amp1.0_T12.0,W,1.0,12.0,11.200000000000001,0.8333333333333334,0.007370613883670197,0.05949804216542284,0.17760557466949967,10.005548242367817,1.065510257396568,1.065709933203868,1.3322676295501878e-15,0.0,0,0,1.3642420526593924e-12,0.6549011290706134,0.0,-0.11422254154309686,4.440892098500626e-16,0.0,2.609024107869118e-15,2.220446049250313e-16
W_amp1.0_T12.0,W,1.0,12.0,11.25,0.8333333333333334,0.007370613883670197,0.05949804216542284,0.17760557466949967,10.005542107190383,1.0655104179959123,1.0657098540129388,1.3322676295501878e-15,0.0,0,0,9.094947017729282e-13,0.6549011290706134,0.0,-0.11422254152543454,4.440892098500626e-16,0.0,2.609024107869118e-15,2.220446049250313e-16
W_amp1.0_T12.0,W,1.0,12.0,11.3,0.8333333333333334,0.007370613883670197,0.05949804216542284,0.17760557466949967,10.005535979363952,1.065510577591707,1.065709774874055,1.3322676295501878e-15,0.0,0,0,9.094947017729282e-13,0.6549011290706134,0.0,-0.11422254150866618,4.440892098500626e-16,0.0,2.609024107869118e-15,2.220446049250313e-16
W_amp1.0_T12.0,W,1.0,12.0,11.350000000000001,0.8333333333333334,0.007370613883670197,0.05949804216542284,0.17760557466949967,10.00552985885396,1.0655107362088048,1.0657096957870404,1.3322676295501878e-15,0.0,0,0,9.094947017729282e-13,0.6549011290706134,0.0,-0.1142225414927922,4.440892098500626e-16,0.0,2.609024107869118e-15,2.220446049250313e-16
W_amp1.0_T12.0,W,1.0,12.0,11.4,0.8333333333333334,0.007370613883670197,0.05949804216542284,0.17760557466949967,10.005523745626704,1.065510893871387,1.0657096167517244,1.3322676295501878e-15,0.0,0,0,1.3642420526593924e-12,0.6549011290706134,0.0,-0.11422254147736544,4.440892098500626e-16,0.0,2.609024107869118e-15,2.220446049250313e-16
W_amp1.0_T12.0,W,1.0,12.0,11.450000000000001,0.8333333333333334,0.007370613883670197,0.05949804216542284,0.17760557466949967,10.005517639649305,1.0655110506029892,1.0657095377679404,1.3322676295501878e-15,0.0,0,0,9.094947017729282e-13,0.6549011290706134,0.0,-0.11422254146260946,4.440892098500626e-16,0.0,2.609024107869118e-15,2.220446049250313e-16
W_amp1.0_T12.0,W,1.0,12.0,11.5,0.8333333333333334,0.007370613883670197,0.05949804216542284,0.17760557466949967,10.0055115408897,1.0655112064265124,1.0657094588355267,1.3322676295501878e-15,0.0,0,0,9.094947017729282e-13,0.6549011290706134,0.0,-0.11422254144919486,4.440892098500626e-16,0.0,2.609024107869118e-15,2.220446049250313e-16
W_amp1.0_T12.0,W,1.0,12.0,11.55,0.8333333333333334,0.007370613883670197,0.05949804216542284,0.17760557466949967,10.005505449316594,1.0655113613642413,1.0657093799543278,1.3322676295501878e-15,0.0,0,0,9.094947017729282e-13,0.6549011290706134,0.0,-0.11422254143622745,4.440892098500626e-16,0.0,2.609024107869118e-15,2.220446049250313e-16
W_amp1.0_T12.0,W,1.0,12.0,11.600000000000001,0.8333333333333334,0.007370613883670197,0.05949804216542284,0.17760557466949967,10.005499364899476,1.0655115154378625,1.0657093011241923,1.3322676295501878e-15,0.0,0,0,9.094947017729282e-13,0.6549011290706134,0.0,-0.11422254142460142,4.440892098500626e-16,0.0,2.609024107869118e-15,2.220446049250313e-16
W_amp1.0_T12.0,W,1.0,12.0,11.65,0.8333333333333334,0.007370613883670197,0.05949804216542284,0.17760557466949967,10.005493287608566,1.0655116686684796,1.0657092223449731,1.3322676295501878e-15,0.0,0,0,9.094947017729282e-13,0.6549011290706134,0.0,-0.11422254141364618,2.220446049250313e-16,0.0,2.609024107869118e-15,2.220446049250313e-16
W_amp1.0_T12.0,W,1.0,12.0,11.700000000000001,0.8333333333333334,0.007370613883670197,0.05949804216542284,0.17760557466949967,10.005487217414814,1.0655118210766303,1.0657091436165298,1.3322676295501878e-15,0.0,0,0,1.3642420526593924e-12,0.6549011290706134,0.0,-0.11422254140336174,4.440892098500626e-16,0.0,2.609024107869118e-15,2.220446049250313e-16
W_amp1.0_T12.0,W,1.0,12.0,11.75,0.8333333333333334,0.007370613883670197,0.05949804216542284,0.17760557466949967,10.005481154289868,1.0655119726822995,1.0657090649387246,1.3322676295501878e-15,0.0,0,0,9.094947017729282e-13,0.6549011290706134,0.0,-0.11422254139419508,4.440892098500626e-16,0.0,2.609024107869118e-15,2.220446049250313e-16
W_amp1.0_T12.0,W,1.0,12.0,11.8,0.8333333333333334,0.007370613883670197,0.05949804216542284,0.17760557466949967,10.005475098206068,1.065512123504935,1.065708986311427,1.3322676295501878e-15,0.0,0,0,9.094947017729282e-13,0.6549011290706134,0.0,-0.1142225413861464,2.220446049250313e-16,0.0,2.609024107869118e-15,2.220446049250313e-16
W_amp1.0_T12.0,W,1.0,12.0,11.850000000000001,0.8333333333333334,0.007370613883670197,0.05949804216542284,0.17760557466949967,10.005469049136416,1.0655122735634641,1.0657089077345085,1.3322676295501878e-15,0.0,0,0,1.3642420526593924e-12,0.6549011290706134,0.0,-0.1142225413787683,2.220446049250313e-16,0.0,2.609024107869118e-15,2.220446049250313e-16
W_amp1.0_T12.0,W,1.0,12.0,11.9,0.8333333333333334,0.007370613883670197,0.05949804216542284,0.17760557466949967,10.00546300705457,1.0655124228763029,1.0657088292078485,1.3322676295501878e-15,0.0,0,0,9.094947017729282e-13,0.6549011290706134,0.0,-0.1142225413725082,4.440892098500626e-16,0.0,2.609024107869118e-15,2.220446049250313e-16
W_amp1.0_T12.0,W,1.0,12.0,11.950000000000001,0.8333333333333334,0.007370613883670197,0.05949804216542284,0.17760557466949967,10.005456971934805,1.0655125714613751,1.065708750731328,1.3322676295501878e-15,0.0,0,0,1.3642420526593924e-12,0.6549011290706134,0.0,-0.11422254136758947,4.440892098500626e-16,0.0,2.609024107869118e-15,2.220446049250313e-16
W_amp1.0_T12.0,W,1.0,12.0,12.0,0.8333333333333334,0.007370613883670197,0.05949804216542284,0.17760557466949967,10.005450943752024,1.0655127193361218,1.0657086723048352,1.3322676295501878e-15,0.0,0,0,0.0,0.6549011290706134,0.0,-0.11422254136378873,4.440892098500626e-16,0.0,2.609024107869118e-15,2.220446049250313e-16
W_amp0.5_T12.0,W,0.5,12.0,0.0,0.8333333333333334,0.007370613883670197,0.05949804216542284,0.17760557466949967,10.000000002223675,1.065538820486141,1.0656777474792256,0.0,0.0,0,0,1.3642420526593924e-12,0.6549011290706134,0.0,-0.11424218453193791,4.440892098500626e-16,0.0,2.609024107869118e-15,2.220446049250313e-16
W_amp0.5_T12.0,W,0.5,12.0,0.05,0.8333341555298217,0.007370613883670197,0.05949804216542284,0.17760557466949967,9.999994450615338,1.0655394553672408,1.065677756147425,0.0,0.0,0,0,9.094947017729282e-13,0.6549014913115468,0.0,-0.11424114735253776,2.220446049250313e-16,0.0,2.609024107869118e-15,2.220446049250313e-16
W_amp0.5_T12.0,W,0.5,12.0,0.1,0.8333366188744523,0.007370613883670197,0.05949804216542284,0.17760557466949967,9.999988956132142,1.065542153483061,1.0656777750682014,0.0,0.0,0,0,1.3642420526593924e-12,0.6549025766041064,0.0,-0.11423782918090142,4.440892098500626e-16,0.0,2.6645352591003757e-15,2.220446049250313e-16
W_amp0.5_T12.0,W,0.5,12.0,0.15000000000000002,0.8333407136455298,0.007370613883670197,0.05949804216542284,0.17760557466949967,9.99998366541153,1.06554690219507,1.0656778041958614,0.0,0.0,0,0,9.094947017729282e-13,0.654904380663226,0.0,-0.11423224244303332,4.440892098500626e-16,0.0,2.609024107869118e-15,2.220446049250313e-16
W_amp0.5_T12.0,W,0.5,12.0,0.2,0.833346423682863,0.007370613883670197,0.05949804216542284,0.17760557466949967,9.999978724264281,1.0655536808443973,1.0656778434427086,0.0,0.0,0,0,1.3642420526593924e-12,0.6549068963659533,0.0,-0.1142244085029982,4.440892098500626e-16,0.0,2.3869795029440866e-15,2.220446049250313e-16
W_amp0.5_T12.0,W,0.5,12.0,0.25,0.8333537264515438,0.007370613883670197,0.05949804216542284,0.17760557466949967,9.999974277102442,1.06556246083131,1.0656778926795658,0.0,0.0,0,0,1.3642420526593924e-12,0.6549101137796134,0.0,-0.11421435757953002,4.440892098500626e-16,0.0,2.55351295663786e-15,2.220446049250313e-16
W_amp0.5_T12.0,W,0.5,12.0,0.30000000000000004,0.8333625931308799,0.007370613883670197,0.05949804216542284,0.17760557466949967,9.999970466372684,1.0655732057261558,1.0656779517364248,0.0,0.0,0,0,1.3642420526593924e-12,0.6549140202010744,0.0,-0.11420212862833701,4.440892098500626e-16,0.0,2.4424906541753444e-15,2.220446049250313e-16
W_amp0.5_T12.0,W,0.5,12.0,0.35000000000000003,0.8333729887281393,0.007370613883670197,0.05949804216542284,0.17760557466949967,9.999967431997298,1.0655858714113033,1.065678020403218,0.0,0.0,0,0,9.094947017729282e-13,0.6549186002069692,0.0,-0.11418776918834306,4.440892098500626e-16,0.0,2.3314683517128287e-15,2.220446049250313e-16
W_amp0.5_T12.0,W,0.5,12.0,0.4,0.8333848722166484,0.007370613883670197,0.05949804216542284,0.17760557466949967,9.999965310825026,1.0656004062535227,1.0656780984307286,0.0,0.0,0,0,9.094947017729282e-13,0.6549238357146663,0.0,-0.11417133519403322,4.440892098500626e-16,0.0,2.4424906541753444e-15,2.220446049250313e-16
W_amp0.5_T12.0,W,0.5,12.0,0.45,0.8333981966977076,0.007370613883670197,0.05949804216542284,0.17760557466949967,9.999964236093891,1.0656167513061063,1.0656781855316342,0.0,0.0,0,0,1.3642420526593924e-12,0.654929706053751,0.0,-0.11415289075844304,4.440892098500626e-16,0.0,2.6645352591003757e-15,2.220446049250313e-16
W_amp0.5_T12.0,W,0.5,12.0,0.5,0.8334129095856773,0.007370613883670197,0.05949804216542284,0.17760557466949967,9.999964336908153,1.065634840539933,1.0656782813816823,0.0,0.0,0,0,1.3642420526593924e-12,0.6549361880477327,0.0,-0.11413250791938245,4.440892098500626e-16,0.0,2.4424906541753444e-15,2.220446049250313e-16
W_amp0.5_T12.0,W,0.5,12.0,0.55,0.8334289528155102,0.007370613883670197,0.05949804216542284,0.17760557466949967,9.99996573773143,1.065654601102557,1.0656783856210055,2.220446049250313e-16,0.0,0,0,9.094947017729282e-13,0.6549432561056527,0.0,-0.1141102663579292,4.440892098500626e-16,0.0,2.55351295663786e-15,2.220446049250313e-16
W_amp0.5_T12.0,W,0.5,12.0,0.6000000000000001,0.8334462630719077,0.007370613883670197,0.05949804216542284,0.17760557466949967,9.999968557897978,1.0656759536042835,1.0656784978555667,0.0,0.0,0,0,1.3642420526593924e-12,0.6549508823232306,0.0,-0.11408625308449061,4.440892098500626e-16,0.0,2.609024107869118e-15,2.220446049250313e-16
W_amp0.5_T12.0,W,0.5,12.0,0.65,0.8334647720391963,0.007370613883670197,0.05949804216542284,0.17760557466949967,9.999972911144095,1.0656988124301172,1.0656786176587278,0.0,0.0,0,0,1.3642420526593924e-12,0.6549590365931445,0.0,-0.11406056209723281,4.440892098500626e-16,0.0,2.6645352591003757e-15,2.220446049250313e-16
W_amp0.5_T12.0,W,0.5,12.0,0.7000000000000001,0.8334844066709381,0.007370613883670197,0.05949804216542284,0.17760557466949967,9.999978905161433,1.0657230860763254,1.06567874457295,2.220446049250313e-16,0.0,0,0,9.094947017729282e-13,0.6549676867240115,0.0,-0.11403329401243423,4.440892098500626e-16,0.0,2.4980018054066022e-15,2.220446049250313e-16
W_amp0.5_T12.0,W,0.5,12.0,0.75,0.8335050894782114,0.007370613883670197,0.05949804216542284,0.17760557466949967,9.999986641174043,1.0657486775103047,1.0656788781116038,0.0,0.0,0,0,1.3642420526593924e-12,0.6549767985675927,0.0,-0.11400455567088152,2.220446049250313e-16,0.0,2.4980018054066022e-15,2.220446049250313e-16
W_amp0.5_T12.0,W,0.5,12.0,0.8,0.8335267388354255,0.007370613883670197,0.05949804216542284,0.17760557466949967,9.999996213540765,1.065775484552319,1.0656790177608957,0.0,0.0,0,0,9.094947017729282e-13,0.6549863361537215,0.0,-0.1139744597156036,4.440892098500626e-16,0.0,2.6645352591003757e-15,2.220446049250313e-16
W_amp0.5_T12.0,W,0.5,12.0,0.8500000000000001,0.8335492693024577,0.007370613883670197,0.05949804216542284,0.17760557466949967,10.0000077093846,1.0658034002775931,1.0656791629818994,0.0,0.0,0,0,1.3642420526593924e-12,0.6549962618324158,0.0,-0.11394312414951702,4.440892098500626e-16,0.0,2.55351295663786e-15,2.220446049250313e-16
W_amp0.5_T12.0,W,0.5,12.0,0.9,0.833572591961848,0.007370613883670197,0.05949804216542284,0.17760557466949967,10.00002120825047,1.065832313437187,1.06567931321268,0.0,0.0,0,0,9.094947017729282e-13,0.6550065364226157,0.0,-0.11391067187203374,4.440892098500626e-16,0.0,2.4980018054066022e-15,2.220446049250313e-16
W_amp0.5_T12.0,W,0.5,12.0,0.9500000000000001,0.8335966147697148,0.007370613883670197,0.05949804216542284,0.17760557466949967,10.000036781792751,1.0658621088959732,1.0656794678705146,0.0,0.0,0,0,1.3642420526593924e-12,0.6550171193669551,0.0,-0.11387723019488272,4.440892098500626e-16,0.0,2.55351295663786e-15,2.220446049250313e-16
W_amp0.5_T12.0,W,0.5,12.0,1.0,0.8336212429190104,0.007370613883670197,0.05949804216542284,0.17760557466949967,10.000054493493826,1.065892668085999,1.065679626354188,0.0,0.0,0,0,9.094947017729282e-13,0.6550279688919513,0.0,-0.11384293034240511,4.440892098500626e-16,0.0,1.9984014443252818e-15,2.220446049250313e-16
W_amp0.5_T12.0,W,0.5,12.0,1.05,0.8336463792136813,0.007370613883670197,0.05949804216542284,0.17760557466949967,10.000074398414764,1.0659238694734334,1.06567978804636,0.0,0.0,0,0,9.094947017729282e-13,0.6550390421729847,0.0,-0.11380790693111642,4.440892098500626e-16,0.0,2.275957200481571e-15,2.220446049250313e-16
W_amp0.5_T12.0,W,0.5,12.0,1.1,0.833671924452256,0.007370613883670197,0.05949804216542284,0.17760557466949967,10.00009654297912,1.0659555890372547,1.0656799523160032,0.0,0.0,0,0,9.094947017729282e-13,0.6550502955034101,0.0,-0.11377229744467288,4.440892098500626e-16,0.0,2.3314683517128287e-15,2.220446049250313e-16
W_amp0.5_T12.0,W,0.5,12.0,1.1500000000000001,0.8336977778193483,0.007370613883670197,0.05949804216542284,0.17760557466949967,10.000120964790721,1.0659877007577956,1.0656801185208837,0.0,0.0,0,0,1.3642420526593924e-12,0.6550616844671324,0.0,-0.11373624168752561,4.440892098500626e-16,0.0,2.3869795029440866e-15,2.220446049250313e-16
W_amp0.5_T12.0,W,0.5,12.0,1.2000000000000002,0.8337238372835295,0.007370613883670197,0.05949804216542284,0.17760557466949967,10.000147692486177,1.0660200771132076,1.0656802860100933,0.0,0.0,0,0,1.3642420526593924e-12,0.6550731641139655,0.0,-0.11369988123684305,4.440892098500626e-16,0.0,2.1649348980190553e-15,2.220446049250313e-16
W_amp0.5_T12.0,W,0.5,12.0,1.25,0.83375,0.007370613883670197,0.05949804216542284,0.17760557466949967,10.00017674562271,1.0660525895818915,1.0656804541266114,0.0,0.0,0,0,1.3642420526593924e-12,0.6550846891370802,0.0,-0.11366335888279622,4.440892098500626e-16,0.0,2.1094237467877974e-15,2.220446049250313e-16
W_amp0.5_T12.0,W,0.5,12.0,1.3,0.8337761627164707,0.007370613883670197,0.05949804216542284,0.17760557466949967,10.000208134601735,1.066085109148898,1.065680622209891,0.0,0.0,0,0,9.094947017729282e-13,0.6550962140518386,0.0,-0.11362681806656183,4.440892098500626e-16,0.0,2.1094237467877974e-15,2.220446049250313e-16
W_amp0.5_T12.0,W,0.5,12.0,1.35,0.8338022221806518,0.007370613883670197,0.05949804216542284,0.17760557466949967,10.000241860628563,1.0661175068143196,1.065680789598459,0.0,0.0,0,0,9.094947017729282e-13,0.6551076933753117,0.0,-0.11359040231312223,0.0,0.0,2.1649348980190553e-15,2.220446049250313e-16
W_amp0.5_T12.0,W,0.5,12.0,1.4000000000000001,0.833828075547744,0.007370613883670197,0.05949804216542284,0.17760557466949967,10.000277915708304,1.0661496541016435,1.0656809556325202,0.0,0.0,0,0,1.3642420526593924e-12,0.6551190818057697,0.0,-0.11355425466512092,4.440892098500626e-16,0.0,2.3314683517128287e-15,2.220446049250313e-16
W_amp0.5_T12.0,W,0.5,12.0,1.4500000000000002,0.8338536207863186,0.007370613883670197,0.05949804216542284,0.17760557466949967,10.000316282678147,1.0661814235640736,1.0656811196565483,0.0,0.0,0,0,1.3642420526593924e-12,0.6551303344014368,0.0,-0.11351851711845562,4.440892098500626e-16,0.0,2.1649348980190553e-15,2.220446049250313e-16
W_amp0.5_T12.0,W,0.5,12.0,1.5,0.8338787570809896,0.007370613883670197,0.05949804216542284,0.17760557466949967,10.000356935275725,1.0662126892868187,1.065681281021868,0.0,0.0,0,0,9.094947017729282e-13,0.6551414067578052,0.0,-0.11348333006071543,4.440892098500626e-16,0.0,2.3314683517128287e-15,2.220446049250313e-16
W_amp0.5_T12.0,W,0.5,12.0,1.55,0.8339033852302854,0.007370613883670197,0.05949804216542284,0.17760557466949967,10.000399838243474,1.0662433273833656,1.065681439089202,0.0,0.0,0,0,1.3642420526593924e-12,0.6551522551828124,0.0,-0.11344883171581355,4.440892098500626e-16,0.0,2.220446049250313e-15,2.220446049250313e-16
W_amp0.5_T12.0,W,0.5,12.0,1.6,0.8339274080381522,0.007370613883670197,0.05949804216542284,0.17760557466949967,10.00044494746847,1.0662732164837734,1.0656815932311834,0.0,0.0,0,0,9.094947017729282e-13,0.6551628368691859,0.0,-0.11341515759991472,2.220446049250313e-16,0.0,2.0539125955565396e-15,2.220446049250313e-16
W_amp0.5_T12.0,W,0.5,12.0,1.6500000000000001,0.8339507306975424,0.007370613883670197,0.05949804216542284,0.17760557466949967,10.000492210157287,1.0663022382130687,1.065681742834819,0.0,0.0,0,0,9.094947017729282e-13,0.6551731100632822,0.0,-0.11338243998278097,4.440892098500626e-16,0.0,1.9984014443252818e-15,2.220446049250313e-16
W_amp0.5_T12.0,W,0.5,12.0,1.7000000000000002,0.8339732611645747,0.007370613883670197,0.05949804216542284,0.17760557466949967,10.000541565045118,1.0663302776578503,1.0656818873038953,0.0,0.0,0,0,9.094947017729282e-13,0.6551830342297523,0.0,-0.11335080736515879,4.440892098500626e-16,0.0,2.275957200481571e-15,2.220446049250313e-16
W_amp0.5_T12.0,W,0.5,12.0,1.75,0.8339949105217885,0.007370613883670197,0.05949804216542284,0.17760557466949967,10.000592942638445,1.066357223819261,1.065682026061317,0.0,0.0,0,0,9.094947017729282e-13,0.6551925702113853,0.0,-0.11332038397250632,4.440892098500626e-16,0.0,2.220446049250313e-15,2.220446049250313e-16
W_amp0.5_T12.0,W,0.5,12.0,1.8,0.834015593329062,0.007370613883670197,0.05949804216542284,0.17760557466949967,10.000646265490197,1.066382970050542,1.065682158551367,0.0,0.0,0,0,9.094947017729282e-13,0.655201680383503,0.0,-0.11329128925969467,4.440892098500626e-16,0.0,2.220446049250313e-15,2.220446049250313e-16
W_amp0.5_T12.0,W,0.5,12.0,1.85,0.8340352279608036,0.007370613883670197,0.05949804216542284,0.17760557466949967,10.000701448506401,1.0664074144774447,1.0656822842418847,2.220446049250313e-16,0.0,0,0,9.094947017729282e-13,0.6552103288022985,0.0,-0.1132636374405045,4.440892098500626e-16,0.0,2.1094237467877974e-15,2.220446049250313e-16
W_amp0.5_T12.0,W,0.5,12.0,1.9000000000000001,0.8340537369280923,0.007370613883670197,0.05949804216542284,0.17760557466949967,10.000758399283114,1.0664304603998302,1.0656824026263465,0.0,0.0,0,0,1.3642420526593924e-12,0.6552184813465333,0.0,-0.11323753703484951,4.440892098500626e-16,0.0,2.1649348980190553e-15,2.220446049250313e-16
W_amp0.5_T12.0,W,0.5,12.0,1.9500000000000002,0.83407104718449,0.007370613883670197,0.05949804216542284,0.17760557466949967,10.000817018472254,1.0664520166728928,1.0656825132258443,0.0,0.0,0,0,9.094947017729282e-13,0.6552261058520396,0.0,-0.11321309043665595,4.440892098500626e-16,0.0,2.275957200481571e-15,2.220446049250313e-16
W_amp0.5_T12.0,W,0.5,12.0,2.0,0.8340870904143229,0.007370613883670197,0.05949804216542284,0.17760557466949967,10.00087720017496,1.066471998066483,1.0656826155909553,0.0,0.0,0,0,9.094947017729282e-13,0.6552331722384961,0.0,-0.11319039351081428,4.440892098500626e-16,0.0,2.220446049250313e-15,2.220446049250313e-16
W_amp0.5_T12.0,W,0.5,12.0,2.0500000000000003,0.8341018033022926,0.007370613883670197,0.05949804216542284,0.17760557466949967,10.000938832360891,1.0664903256011202,1.0656827093034926,0.0,0.0,0,0,1.3642420526593924e-12,0.6552396526279819,0.0,-0.11316953521166195,4.440892098500626e-16,0.0,2.220446049250313e-15,2.220446049250313e-16
W_amp0.5_T12.0,W,0.5,12.0,2.1,0.8341151277833516,0.007370613883670197,0.05949804216542284,0.17760557466949967,10.00100179731182,1.066506926859378,1.06568279397813,2.220446049250313e-16,0.0,0,0,9.094947017729282e-13,0.6552455214548424,0.0,-0.11315059722987275,4.440892098500626e-16,0.0,2.3314683517128287e-15,2.220446049250313e-16
W_amp0.5_T12.0,W,0.5,12.0,2.15,0.834127011271861,0.007370613883670197,0.05949804216542284,0.17760557466949967,10.001065972087767,1.0665217362714003,1.0656828692638984,0.0,0.0,0,0,9.094947017729282e-13,0.6552507555664359,0.0,-0.11313365366961348,4.440892098500626e-16,0.0,2.1649348980190553e-15,2.220446049250313e-16
W_amp0.5_T12.0,W,0.5,12.0,2.2,0.8341374068691201,0.007370613883670197,0.05949804216542284,0.17760557466949967,10.001131229013838,1.0665346953734292,1.0656829348455432,0.0,0.0,0,0,1.3642420526593924e-12,0.6552553343143647,0.0,-0.11311877075345333,4.440892098500626e-16,0.0,2.220446049250313e-15,2.220446049250313e-16
W_amp0.5_T12.0,W,0.5,12.0,2.25,0.8341462735484564,0.007370613883670197,0.05949804216542284,0.17760557466949967,10.001197436185837,1.0665457530383253,1.065682990444738,2.220446049250313e-16,0.0,0,0,9.094947017729282e-13,0.6552592396358365,0.0,-0.11310600656000158,4.440892098500626e-16,0.0,2.1649348980190553e-15,2.220446049250313e-16
W_amp0.5_T12.0,W,0.5,12.0,2.3000000000000003,0.8341535763171369,0.007370613883670197,0.05949804216542284,0.17760557466949967,10.001264457992637,1.066554865677169,1.0656830358211535,2.220446049250313e-16,0.0,0,0,9.094947017729282e-13,0.6552624561248312,0.0,-0.11309541079375651,4.440892098500626e-16,0.0,2.220446049250313e-15,2.220446049250313e-16
W_amp0.5_T12.0,W,0.5,12.0,2.35,0.8341592863544705,0.007370613883670197,0.05949804216542284,0.17760557466949967,10.001332155653289,1.0665619974111484,1.065683070773375,0.0,0.0,0,0,1.3642420526593924e-12,0.6552649710928005,0.0,-0.1130870245862825,4.440892098500626e-16,0.0,2.220446049250313e-15,2.220446049250313e-16
W_amp0.5_T12.0,W,0.5,12.0,2.4000000000000004,0.8341633811255478,0.007370613883670197,0.05949804216542284,0.17760557466949967,10.001400387766665,1.0665671202130567,1.0656830951396614,4.440892098500626e-16,0.0,0,0,1.3642420526593924e-12,0.6552667746186556,0.0,-0.11308088033555097,4.440892098500626e-16,0.0,2.220446049250313e-15,2.220446049250313e-16
W_amp0.5_T12.0,W,0.5,12.0,2.45,0.8341658444701785,0.007370613883670197,0.05949804216542284,0.17760557466949967,10.001469010871528,1.0665702140178397,1.065683108798551,2.220446049250313e-16,0.0,0,0,9.094947017729282e-13,0.6552678595878553,0.0,-0.11307700157378342,4.440892098500626e-16,0.0,2.220446049250313e-15,2.220446049250313e-16
W_amp0.5_T12.0,W,0.5,12.0,2.5,0.8341666666666666,0.007370613883670197,0.05949804216542284,0.17760557466949967,10.001537880014773,1.0665712668017597,1.0656831116693009,0.0,0.0,0,0,9.094947017729282e-13,0.6552682217204323,0.0,-0.11307540287684015,4.440892098500626e-16,0.0,2.275957200481571e-15,2.220446049250313e-16
W_amp0.5_T12.0,W,0.5,12.0,2.5500000000000003,0.8341658444701785,0.007370613883670197,0.05949804216542284,0.17760557466949967,10.001606849325572,1.0665702746298618,1.0656831037121708,2.220446049250313e-16,0.0,0,0,1.3642420526593924e-12,0.6552678595878553,0.0,-0.1130760898049965,4.440892098500626e-16,0.0,2.220446049250313e-15,2.220446049250313e-16
W_amp0.5_T12.0,W,0.5,12.0,2.6,0.8341633811255478,0.007370613883670197,0.05949804216542284,0.17760557466949967,10.001675772593206,1.0665672416715535,1.0656830849285381,2.220446049250313e-16,0.0,0,0,9.094947017729282e-13,0.6552667746186556,0.0,-0.11307905888114389,4.440892098500626e-16,0.0,2.220446049250313e-15,2.220446049250313e-16
W_amp0.5_T12.0,W,0.5,12.0,2.6500000000000004,0.8341592863544705,0.007370613883670197,0.05949804216542284,0.17760557466949967,10.001744503846195,1.0665621801842409,1.0656830553608527,2.220446049250313e-16,0.0,0,0,1.3642420526593924e-12,0.6552649710928005,0.0,-0.11308429760357508,4.440892098500626e-16,0.0,2.220446049250313e-15,2.220446049250313e-16
W_amp0.5_T12.0,W,0.5,12.0,2.7,0.8341535763171369,0.007370613883670197,0.05949804216542284,0.17760557466949967,10.001812897930535,1.0665551104650854,1.0656830150924264,4.440892098500626e-16,0.0,0,0,9.094947017729282e-13,0.6552624561248312,0.0,-0.1130917844979864,4.440892098500626e-16,0.0,2.220446049250313e-15,2.220446049250313e-16
W_amp0.5_T12.0,W,0.5,12.0,2.75,0.8341462735484564,0.007370613883670197,0.05949804216542284,0.17760557466949967,10.00188081108466,1.066546060771065,1.0656829642470602,2.220446049250313e-16,0.0,0,0,9.094947017729282e-13,0.6552592396358365,0.0,-0.11310148919818519,4.440892098500626e-16,0.0,2.1649348980190553e-15,2.220446049250313e-16
W_amp0.5_T12.0,W,0.5,12.0,2.8000000000000003,0.8341374068691201,0.007370613883670197,0.05949804216542284,0.17760557466949967,10.001948101508912,1.0665350672076648,1.0656829029885113,2.220446049250313e-16,0.0,0,0,1.3642420526593924e-12,0.6552553343143647,0.0,-0.11311337257192022,4.440892098500626e-16,0.0,2.220446049250313e-15,2.220446049250313e-16
W_amp0.5_T12.0,W,0.5,12.0,2.85,0.834127011271861,0.007370613883670197,0.05949804216542284,0.17760557466949967,10.00201462992721,1.0665221735866282,1.065682831519799,2.220446049250313e-16,0.0,0,0,9.094947017729282e-13,0.6552507555664359,0.0,-0.11312738687209256,4.440892098500626e-16,0.0,2.1649348980190553e-15,2.220446049250313e-16
W_amp0.5_T12.0,W,0.5,12.0,2.9000000000000004,0.8341151277833516,0.007370613883670197,0.05949804216542284,0.17760557466949967,10.002080260138733,1.0665074312533336,1.0656827500823578,4.440892098500626e-16,0.0,0,0,1.3642420526593924e-12,0.6552455214548424,0.0,-0.11314347592747209,4.440892098500626e-16,0.0,2.3314683517128287e-15,2.220446049250313e-16
W_amp0.5_T12.0,W,0.5,12.0,2.95,0.8341018033022926,0.007370613883670197,0.05949804216542284,0.17760557466949967,10.00214485955739,1.0664908988844792,1.0656826589550334,4.440892098500626e-16,0.0,0,0,9.094947017729282e-13,0.6552396526279819,0.0,-0.11316157536586724,2.220446049250313e-16,0.0,2.220446049250313e-15,2.220446049250313e-16
W_amp0.5_T12.0,W,0.5,12.0,3.0,0.8340870904143229,0.007370613883670197,0.05949804216542284,0.17760557466949967,10.002208299737,1.066472642256867,1.0656825584529317,2.220446049250313e-16,0.0,0,0,9.094947017729282e-13,0.6552331722384961,0.0,-0.11318161286906547,4.440892098500626e-16,0.0,2.220446049250313e-15,2.220446049250313e-16
W_amp0.5_T12.0,W,0.5,12.0,3.0500000000000003,0.83407104718449,0.007370613883670197,0.05949804216542284,0.17760557466949967,10.002270456880005,1.0664527339882084,1.0656824489261256,2.220446049250313e-16,0.0,0,0,1.3642420526593924e-12,0.6552261058520396,0.0,-0.11320350845938676,4.440892098500626e-16,0.0,2.275957200481571e-15,2.220446049250313e-16
W_amp0.5_T12.0,W,0.5,12.0,3.1,0.8340537369280923,0.007370613883670197,0.05949804216542284,0.17760557466949967,10.002331212327832,1.0664312532509623,1.0656823307582166,4.440892098500626e-16,0.0,0,0,1.3642420526593924e-12,0.6552184813465333,0.0,-0.11322717481623701,4.440892098500626e-16,0.0,2.1649348980190553e-15,2.220446049250313e-16
W_amp0.5_T12.0,W,0.5,12.0,3.1500000000000004,0.8340352279608036,0.007370613883670197,0.05949804216542284,0.17760557466949967,10.002390453030817,1.066408285460347,1.0656822043647693,4.440892098500626e-16,0.0,0,0,9.094947017729282e-13,0.6552103288022985,0.0,-0.11325251762427402,4.440892098500626e-16,0.0,2.1094237467877974e-15,2.220446049250313e-16
W_amp0.5_T12.0,W,0.5,12.0,3.2,0.834015593329062,0.007370613883670197,0.05949804216542284,0.17760557466949967,10.002448071995975,1.0663839219377458,1.0656820701916145,2.220446049250313e-16,0.0,0,0,9.094947017729282e-13,0.655201680383503,0.0,-0.11327943594529599,4.440892098500626e-16,0.0,2.220446049250313e-15,2.220446049250313e-16
W_amp0.5_T12.0,W,0.5,12.0,3.25,0.8339949105217885,0.007370613883670197,0.05949804216542284,0.17760557466949967,10.00250396871074,1.0663582595508427,1.0656819287130312,2.220446049250313e-16,0.0,0,0,1.3642420526593924e-12,0.6551925702113853,0.0,-0.11330782261859418,4.440892098500626e-16,0.0,2.220446049250313e-15,2.220446049250313e-16
W_amp0.5_T12.0,W,0.5,12.0,3.3000000000000003,0.8339732611645747,0.007370613883670197,0.05949804216542284,0.17760557466949967,10.002558049541067,1.0663314003319018,1.065681780429815,2.220446049250313e-16,0.0,0,0,1.3642420526593924e-12,0.6551830342297523,0.0,-0.11333756468502498,2.220446049250313e-16,0.0,2.275957200481571e-15,2.220446049250313e-16
W_amp0.5_T12.0,W,0.5,12.0,3.35,0.8339507306975424,0.007370613883670197,0.05949804216542284,0.17760557466949967,10.002610228102302,1.0663034510757003,1.0656816258672428,4.440892098500626e-16,0.0,0,0,9.094947017729282e-13,0.6551731100632822,0.0,-0.11336854383599193,4.440892098500626e-16,0.0,1.9984014443252818e-15,2.220446049250313e-16
W_amp0.5_T12.0,W,0.5,12.0,3.4000000000000004,0.8339274080381522,0.007370613883670197,0.05949804216542284,0.17760557466949967,10.002660425601348,1.0662745229187045,1.0656814655729354,2.220446049250313e-16,0.0,0,0,9.094947017729282e-13,0.6551628368691859,0.0,-0.11340063687993629,4.440892098500626e-16,0.0,2.0539125955565396e-15,2.220446049250313e-16
W_amp0.5_T12.0,W,0.5,12.0,3.45,0.8339033852302854,0.007370613883670197,0.05949804216542284,0.17760557466949967,10.002708571148828,1.0662447309011378,1.0656813001146326,4.440892098500626e-16,0.0,0,0,9.094947017729282e-13,0.6551522551828124,0.0,-0.11343371623094978,4.440892098500626e-16,0.0,2.220446049250313e-15,2.220446049250313e-16
W_amp0.5_T12.0,W,0.5,12.0,3.5,0.8338787570809896,0.007370613883670197,0.05949804216542284,0.17760557466949967,10.002754602039952,1.0662141935136875,1.065681130077885,4.440892098500626e-16,0.0,0,0,1.3642420526593924e-12,0.6551414067578052,0.0,-0.11346765041216833,4.440892098500626e-16,0.0,2.3314683517128287e-15,2.220446049250313e-16
W_amp0.5_T12.0,W,0.5,12.0,3.5500000000000003,0.8338536207863186,0.007370613883670197,0.05949804216542284,0.17760557466949967,10.002798464003064,1.0661830322306227,1.065680956063676,4.440892098500626e-16,0.0,0,0,1.3642420526593924e-12,0.6551303344014368,0.0,-0.11350230457841848,4.440892098500626e-16,0.0,2.1649348980190553e-15,2.220446049250313e-16
W_amp0.5_T12.0,W,0.5,12.0,3.6,0.833828075547744,0.007370613883670197,0.05949804216542284,0.17760557466949967,10.002840111414834,1.066151371031175,1.0656807786859768,4.440892098500626e-16,0.0,0,0,9.094947017729282e-13,0.6551190818057697,0.0,-0.11353754104619007,4.440892098500626e-16,0.0,2.3314683517128287e-15,2.220446049250313e-16
W_amp0.5_T12.0,W,0.5,12.0,3.6500000000000004,0.8338022221806518,0.007370613883670197,0.05949804216542284,0.17760557466949967,10.002879507481286,1.0661193359110706,1.065680598569252,4.440892098500626e-16,0.0,0,0,9.094947017729282e-13,0.6551076933753117,0.0,-0.11357321984066249,4.440892098500626e-16,0.0,2.1649348980190553e-15,2.220446049250313e-16
W_amp0.5_T12.0,W,0.5,12.0,3.7,0.8337761627164707,0.007370613883670197,0.05949804216542284,0.17760557466949967,10.002916624383971,1.0660870543861403,1.0656804163459168,2.220446049250313e-16,0.0,0,0,9.094947017729282e-13,0.6550962140518386,0.0,-0.11360919924597512,4.440892098500626e-16,0.0,2.1094237467877974e-15,2.220446049250313e-16
W_amp0.5_T12.0,W,0.5,12.0,3.75,0.83375,0.007370613883670197,0.05949804216542284,0.17760557466949967,10.002951443390689,1.0660546549899672,1.0656802326537638,4.440892098500626e-16,0.0,0,0,9.094947017729282e-13,0.6550846891370802,0.0,-0.11364533636706886,4.440892098500626e-16,0.0,2.1094237467877974e-15,2.220446049250313e-16
W_amp0.5_T12.0,W,0.5,12.0,3.8000000000000003,0.8337238372835295,0.007370613883670197,0.05949804216542284,0.17760557466949967,10.002983954930368,1.0660222667675598,1.0656800481333644,4.440892098500626e-16,0.0,0,0,9.094947017729282e-13,0.6550731641139655,0.0,-0.11368148769258024,4.440892098500626e-16,0.0,2.1649348980190553e-15,2.220446049250313e-16
W_amp0.5_T12.0,W,0.5,12.0,3.85,0.8336977778193483,0.007370613883670197,0.05949804216542284,0.17760557466949967,10.0030141586318,1.0659900187670455,1.0656798634254518,2.220446049250313e-16,0.0,0,0,9.094947017729282e-13,0.6550616844671324,0.0,-0.11371750966216432,4.440892098500626e-16,0.0,2.3869795029440866e-15,2.220446049250313e-16
W_amp0.5_T12.0,W,0.5,12.0,3.9000000000000004,0.833671924452256,0.007370613883670197,0.05949804216542284,0.17760557466949967,10.003042063326099,1.0659580395313912,1.0656796791683103,4.440892098500626e-16,0.0,0,0,1.3642420526593924e-12,0.6550502955034101,0.0,-0.11375325923173696,4.440892098500626e-16,0.0,2.3314683517128287e-15,2.220446049250313e-16
W_amp0.5_T12.0,W,0.5,12.0,3.95,0.8336463792136813,0.007370613883670197,0.05949804216542284,0.17760557466949967,10.003067687012901,1.0659264565921678,1.065679495995156,4.440892098500626e-16,0.0,0,0,9.094947017729282e-13,0.6550390421729847,0.0,-0.11378859443776768,4.440892098500626e-16,0.0,2.275957200481571e-15,2.220446049250313e-16
W_amp0.5_T12.0,W,0.5,12.0,4.0,0.8336212429190104,0.007370613883670197,0.05949804216542284,0.17760557466949967,10.003091056790428,1.065895395967345,1.0656793145315486,2.220446049250313e-16,0.0,0,0,9.094947017729282e-13,0.6550279688919513,0.0,-0.11382337495794626,2.220446049250313e-16,0.0,1.9984014443252818e-15,2.220446049250313e-16
W_amp0.5_T12.0,W,0.5,12.0,4.05,0.8335966147697148,0.007370613883670197,0.05949804216542284,0.17760557466949967,10.003112208749737,1.0658649816651113,1.0656791353928168,4.440892098500626e-16,0.0,0,0,1.3642420526593924e-12,0.6550171193669551,0.0,-0.11385746266356467,4.440892098500626e-16,0.0,2.55351295663786e-15,2.220446049250313e-16
W_amp0.5_T12.0,W,0.5,12.0,4.1000000000000005,0.833572591961848,0.007370613883670197,0.05949804216542284,0.17760557466949967,10.00313118783356,1.0658353351956753,1.0656789591815277,2.220446049250313e-16,0.0,0,0,1.3642420526593924e-12,0.6550065364226157,0.0,-0.11389072216166451,4.440892098500626e-16,0.0,2.4980018054066022e-15,2.220446049250313e-16
W_amp0.5_T12.0,W,0.5,12.0,4.15,0.8335492693024577,0.007370613883670197,0.05949804216542284,0.17760557466949967,10.003148047660307,1.0658065750929777,1.065678786484998,4.440892098500626e-16,0.0,0,0,9.094947017729282e-13,0.6549962618324158,0.0,-0.11392302133085952,4.440892098500626e-16,0.0,2.55351295663786e-15,2.220446049250313e-16
W_amp0.5_T12.0,W,0.5,12.0,4.2,0.8335267388354255,0.007370613883670197,0.05949804216542284,0.17760557466949967,10.003162850313995,1.065778816448205,1.0656786178728619,4.440892098500626e-16,0.0,0,0,9.094947017729282e-13,0.6549863361537215,0.0,-0.11395423184069742,4.440892098500626e-16,0.0,2.6645352591003757e-15,2.220446049250313e-16
W_amp0.5_T12.0,W,0.5,12.0,4.25,0.8335050894782114,0.007370613883670197,0.05949804216542284,0.17760557466949967,10.00317566610082,1.0657521704569508,1.0656784538947024,4.440892098500626e-16,0.0,0,0,9.094947017729282e-13,0.6549767985675927,0.0,-0.11398422965543253,4.440892098500626e-16,0.0,2.4980018054066022e-15,2.220446049250313e-16
W_amp0.5_T12.0,W,0.5,12.0,4.3,0.8334844066709381,0.007370613883670197,0.05949804216542284,0.17760557466949967,10.00318657327351,1.0657267439818103,1.0656782950777566,4.440892098500626e-16,0.0,0,0,9.094947017729282e-13,0.6549676867240115,0.0,-0.11401289552271354,4.440892098500626e-16,0.0,2.4980018054066022e-15,2.220446049250313e-16
W_amp0.5_T12.0,W,0.5,12.0,4.3500000000000005,0.8334647720391963,0.007370613883670197,0.05949804216542284,0.17760557466949967,10.003195657724397,1.065702639132144,1.0656781419247041,4.440892098500626e-16,0.0,0,0,1.3642420526593924e-12,0.6549590365931445,0.0,-0.11404011544170323,4.440892098500626e-16,0.0,2.6645352591003757e-15,2.220446049250313e-16
W_amp0.5_T12.0,W,0.5,12.0,4.4,0.8334462630719077,0.007370613883670197,0.05949804216542284,0.17760557466949967,10.003203012648537,1.0656799528626686,1.0656779949115436,4.440892098500626e-16,0.0,0,0,9.094947017729282e-13,0.6549508823232306,0.0,-0.1140657811130592,4.440892098500626e-16,0.0,2.609024107869118e-15,2.220446049250313e-16
W_amp0.5_T12.0,W,0.5,12.0,4.45,0.8334289528155102,0.007370613883670197,0.05949804216542284,0.17760557466949967,10.003208738178168,1.0656587765924612,1.0656778544855716,4.440892098500626e-16,0.0,0,0,1.3642420526593924e-12,0.6549432561056527,0.0,-0.11408979036189226,4.440892098500626e-16,0.0,2.55351295663786e-15,2.220446049250313e-16
W_amp0.5_T12.0,W,0.5,12.0,4.5,0.8334129095856773,0.007370613883670197,0.05949804216542284,0.17760557466949967,10.003212940989966,1.0656391958458933,1.0656777210634647,4.440892098500626e-16,0.0,0,0,9.094947017729282e-13,0.6549361880477327,0.0,-0.11411204754010229,4.440892098500626e-16,0.0,2.4424906541753444e-15,2.220446049250313e-16
W_amp0.5_T12.0,W,0.5,12.0,4.55,0.8333981966977076,0.007370613883670197,0.05949804216542284,0.17760557466949967,10.003215733886634,1.0656212899169046,1.0656775950294763,4.440892098500626e-16,0.0,0,0,1.3642420526593924e-12,0.654929706053751,0.0,-0.1141324639034127,4.440892098500626e-16,0.0,2.6645352591003757e-15,2.220446049250313e-16
W_amp0.5_T12.0,W,0.5,12.0,4.6000000000000005,0.8333848722166484,0.007370613883670197,0.05949804216542284,0.17760557466949967,10.00321723535452,1.0656051315579547,1.0656774767337533,4.440892098500626e-16,0.0,0,0,9.094947017729282e-13,0.6549238357146663,0.0,-0.11415095795718777,2.220446049250313e-16,0.0,2.4424906541753444e-15,2.220446049250313e-16
W_amp0.5_T12.0,W,0.5,12.0,4.65,0.8333729887281393,0.007370613883670197,0.05949804216542284,0.17760557466949967,10.003217569098958,1.0655907866948828,1.0656773664907822,4.440892098500626e-16,0.0,0,0,9.094947017729282e-13,0.6549186002069692,0.0,-0.11416745577796972,4.440892098500626e-16,0.0,2.3314683517128287e-15,2.220446049250313e-16
W_amp0.5_T12.0,W,0.5,12.0,4.7,0.8333625931308799,0.007370613883670197,0.05949804216542284,0.17760557466949967,10.00321686355921,1.0655783141687971,1.065677264577962,4.440892098500626e-16,0.0,0,0,9.094947017729282e-13,0.6549140202010744,0.0,-0.11418189130257517,2.220446049250313e-16,0.0,2.4424906541753444e-15,2.220446049250313e-16
W_amp0.5_T12.0,W,0.5,12.0,4.75,0.8333537264515438,0.007370613883670197,0.05949804216542284,0.17760557466949967,10.003215251404896,1.0655677655060334,1.06567717123432,4.440892098500626e-16,0.0,0,0,1.3642420526593924e-12,0.6549101137796134,0.0,-0.11419420658811563,4.440892098500626e-16,0.0,2.55351295663786e-15,2.220446049250313e-16
W_amp0.5_T12.0,W,0.5,12.0,4.800000000000001,0.833346423682863,0.007370613883670197,0.05949804216542284,0.17760557466949967,10.003212869015897,1.0655591847170818,1.0656770866593672,4.440892098500626e-16,0.0,0,0,1.3642420526593924e-12,0.6549068963659533,0.0,-0.1142043520386018,4.440892098500626e-16,0.0,2.3869795029440866e-15,2.220446049250313e-16
W_amp0.5_T12.0,W,0.5,12.0,4.8500000000000005,0.8333407136455298,0.007370613883670197,0.05949804216542284,0.17760557466949967,10.00320985594781,1.065552608125282,1.065677011012101,4.440892098500626e-16,0.0,0,0,1.3642420526593924e-12,0.654904380663226,0.0,-0.11421228659927762,4.440892098500626e-16,0.0,2.609024107869118e-15,2.220446049250313e-16
W_amp0.5_T12.0,W,0.5,12.0,4.9,0.8333366188744523,0.007370613883670197,0.05949804216542284,0.17760557466949967,10.003206354384993,1.0655480642259734,1.0656769444101581,4.440892098500626e-16,0.0,0,0,9.094947017729282e-13,0.6549025766041064,0.0,-0.11421797791661148,2.220446049250313e-16,0.0,2.6645352591003757e-15,2.220446049250313e-16
W_amp0.5_T12.0,W,0.5,12.0,4.95,0.8333341555298217,0.007370613883670197,0.05949804216542284,0.17760557466949967,10.00320250858343,1.0655455735766541,1.065676886929121,4.440892098500626e-16,0.0,0,0,9.094947017729282e-13,0.6549014913115468,0.0,-0.11422140246691259,4.440892098500626e-16,0.0,2.609024107869118e-15,2.220446049250313e-16
W_amp0.5_T12.0,W,0.5,12.0,5.0,0.8333333333333334,0.007370613883670197,0.05949804216542284,0.17760557466949967,10.003198464305562,1.0655451487185876,1.0656768386019793,4.440892098500626e-16,0.0,0,0,1.3642420526593924e-12,0.6549011290706134,0.0,-0.11422254564684087,4.440892098500626e-16,0.0,2.609024107869118e-15,2.220446049250313e-16
W_amp0.5_T12.0,W,0.5,12.0,5.050000000000001,0.8333333333333334,0.007370613883670197,0.05949804216542284,0.17760557466949967,10.003194368249305,1.0655457510156805,1.0656767948713983,4.440892098500626e-16,0.0,0,0,9.094947017729282e-13,0.6549011290706134,0.0,-0.11422254560995082,4.440892098500626e-16,0.0,2.609024107869118e-15,2.220446049250313e-16
W_amp0.5_T12.0,W,0.5,12.0,5.1000000000000005,0.8333333333333334,0.007370613883670197,0.05949804216542284,0.17760557466949967,10.0031902936589,1.065546337819013,1.0656767511744873,4.440892098500626e-16,0.0,0,0,9.094947017729282e-13,0.6549011290706134,0.0,-0.11422254557306055,4.440892098500626e-16,0.0,2.609024107869118e-15,2.220446049250313e-16
W_amp0.5_T12.0,W,0.5,12.0,5.15,0.8333333333333334,0.007370613883670197,0.05949804216542284,0.17760557466949967,10.003186240008764,1.0655469096126318,1.0656767075116589,4.440892098500626e-16,0.0,0,0,9.094947017729282e-13,0.6549011290706134,0.0,-0.1142225455363941,4.440892098500626e-16,0.0,2.609024107869118e-15,2.220446049250313e-16
W_amp0.5_T12.0,W,0.5,12.0,5.2,0.8333333333333334,0.007370613883670197,0.05949804216542284,0.17760557466949967,10.003182206789635,1.065547466863002,1.0656766638832131,4.440892098500626e-16,0.0,0,0,9.094947017729282e-13,0.6549011290706134,0.0,-0.11422254549972766,4.440892098500626e-16,0.0,2.609024107869118e-15,2.220446049250313e-16
W_amp0.5_T12.0,W,0.5,12.0,5.25,0.8333333333333334,0.007370613883670197,0.05949804216542284,0.17760557466949967,10.003178193507981,1.065548010019815,1.0656766202893722,4.440892098500626e-16,0.0,0,0,9.094947017729282e-13,0.6549011290706134,0.0,-0.11422254546283761,4.440892098500626e-16,0.0,2.609024107869118e-15,2.220446049250313e-16
W_amp0.5_T12.0,W,0.5,12.0,5.300000000000001,0.8333333333333334,0.007370613883670197,0.05949804216542284,0.17760557466949967,10.00317419968545,1.065548539516739,1.0656765767303031,4.440892098500626e-16,0.0,0,0,9.094947017729282e-13,0.6549011290706134,0.0,-0.11422254542550037,4.440892098500626e-16,0.0,2.609024107869118e-15,2.220446049250313e-16
W_amp0.5_T12.0,W,0.5,12.0,5.3500000000000005,0.8333333333333334,0.007370613883670197,0.05949804216542284,0.17760557466949967,10.003170224858327,1.0655490557721328,1.0656765332061395,4.440892098500626e-16,0.0,0,0,9.094947017729282e-13,0.6549011290706134,0.0,-0.1142225453886101,4.440892098500626e-16,0.0,2.609024107869118e-15,2.220446049250313e-16
W_amp0.5_T12.0,W,0.5,12.0,5.4,0.8333333333333334,0.007370613883670197,0.05949804216542284,0.17760557466949967,10.00316626857702,1.0655495591897206,1.0656764897169908,4.440892098500626e-16,0.0,0,0,1.3642420526593924e-12,0.6549011290706134,0.0,-0.11422254535194365,4.440892098500626e-16,0.0,2.609024107869118e-15,2.220446049250313e-16
W_amp0.5_T12.0,W,0.5,12.0,5.45,0.8333333333333334,0.007370613883670197,0.05949804216542284,0.17760557466949967,10.00316233040558,1.065550050159224,1.0656764462629544,4.440892098500626e-16,0.0,0,0,9.094947017729282e-13,0.6549011290706134,0.0,-0.1142225453152772,4.440892098500626e-16,0.0,2.609024107869118e-15,2.220446049250313e-16
W_amp0.5_T12.0,W,0.5,12.0,5.5,0.8333333333333334,0.007370613883670197,0.05949804216542284,0.17760557466949967,10.003158409921223,1.0655505290569605,1.0656764028441201,4.440892098500626e-16,0.0,0,0,9.094947017729282e-13,0.6549011290706134,0.0,-0.11422254527838716,4.440892098500626e-16,0.0,2.609024107869118e-15,2.220446049250313e-16
W_amp0.5_T12.0,W,0.5,12.0,5.550000000000001,0.8333333333333334,0.007370613883670197,0.05949804216542284,0.17760557466949967,10.003154506713884,1.0655509962464085,1.0656763594605767,4.440892098500626e-16,0.0,0,0,1.3642420526593924e-12,0.6549011290706134,0.0,-0.11422254524149689,4.440892098500626e-16,0.0,2.609024107869118e-15,2.220446049250313e-16
W_amp0.5_T12.0,W,0.5,12.0,5.6000000000000005,0.8333333333333334,0.007370613883670197,0.05949804216542284,0.17760557466949967,10.00315062038578,1.0655514520787424,1.0656763161124134,6.661338147750939e-16,0.0,0,0,9.094947017729282e-13,0.6549011290706134,0.0,-0.11422254520483044,4.440892098500626e-16,0.0,2.609024107869118e-15,2.220446049250313e-16
W_amp0.5_T12.0,W,0.5,12.0,5.65,0.8333333333333334,0.007370613883670197,0.05949804216542284,0.17760557466949967,10.00314675055101,1.0655518968933393,1.0656762727997213,4.440892098500626e-16,0.0,0,0,1.3642420526593924e-12,0.6549011290706134,0.0,-0.11422254516771657,4.440892098500626e-16,0.0,2.609024107869118e-15,2.220446049250313e-16
W_amp0.5_T12.0,W,0.5,12.0,5.7,0.8333333333333334,0.007370613883670197,0.05949804216542284,0.17760557466949967,10.003142896835136,1.065552331018254,1.065676229522595,4.440892098500626e-16,0.0,0,0,1.3642420526593924e-12,0.6549011290706134,0.0,-0.11422254513082675,4.440892098500626e-16,0.0,2.609024107869118e-15,2.220446049250313e-16
W_amp0.5_T12.0,W,0.5,12.0,5.75,0.8333333333333334,0.007370613883670197,0.05949804216542284,0.17760557466949967,10.00313905887483,1.065552754770674,1.0656761862811321,4.440892098500626e-16,0.0,0,0,9.094947017729282e-13,0.6549011290706134,0.0,-0.1142225450937131,4.440892098500626e-16,0.0,2.609024107869118e-15,2.220446049250313e-16
W_amp0.5_T12.0,W,0.5,12.0,5.800000000000001,0.8333333333333334,0.007370613883670197,0.05949804216542284,0.17760557466949967,10.00313523631748,1.0655531684573494,1.065676143075433,6.661338147750939e-16,0.0,0,0,1.3642420526593924e-12,0.6549011290706134,0.0,-0.11422254505704643,4.440892098500626e-16,0.0,2.609024107869118e-15,2.220446049250313e-16
W_amp0.5_T12.0,W,0.5,12.0,5.8500000000000005,0.8333333333333334,0.007370613883670197,0.05949804216542284,0.17760557466949967,10.003131428820858,1.0655535723749998,1.0656760999056014,6.661338147750939e-16,0.0,0,0,9.094947017729282e-13,0.6549011290706134,0.0,-0.11422254502015639,4.440892098500626e-16,0.0,2.609024107869118e-15,2.220446049250313e-16
W_amp0.5_T12.0,W,0.5,12.0,5.9,0.8333333333333334,0.007370613883670197,0.05949804216542284,0.17760557466949967,10.003127636052772,1.065553966810703,1.0656760567717423,8.881784197001252e-16,0.0,0,0,1.3642420526593924e-12,0.6549011290706134,0.0,-0.11422254498304252,4.440892098500626e-16,0.0,2.609024107869118e-15,2.220446049250313e-16
W_amp0.5_T12.0,W,0.5,12.0,5.95,0.8333333333333334,0.007370613883670197,0.05949804216542284,0.17760557466949967,10.003123857690747,1.065554352042261,1.065676013673961,6.661338147750939e-16,0.0,0,0,9.094947017729282e-13,0.6549011290706134,0.0,-0.11422254494592887,2.220446049250313e-16,0.0,2.609024107869118e-15,2.220446049250313e-16
W_amp0.5_T12.0,W,0.5,12.0,6.0,0.8333333333333334,0.007370613883670197,0.05949804216542284,0.17760557466949967,10.003120093421716,1.0655547283385538,1.0656759706123635,8.881784197001252e-16,0.0,0,0,1.3642420526593924e-12,0.6549011290706134,0.0,-0.11422254490881545,4.440892098500626e-16,0.0,2.609024107869118e-15,2.220446049250313e-16
W_amp0.5_T12.0,W,0.5,12.0,6.050000000000001,0.8333333333333334,0.007370613883670197,0.05949804216542284,0.17760557466949967,10.003116342941704,1.0655550959598687,1.0656759275870558,8.881784197001252e-16,0.0,0,0,1.3642420526593924e-12,0.6549011290706134,0.0,-0.11422254487192518,4.440892098500626e-16,0.0,2.609024107869118e-15,2.220446049250313e-16
W_amp0.5_T12.0,W,0.5,12.0,6.1000000000000005,0.8333333333333334,0.007370613883670197,0.05949804216542284,0.17760557466949967,10.003112605955549,1.0655554551582223,1.0656758845981398,6.661338147750939e-16,0.0,0,0,1.3642420526593924e-12,0.6549011290706134,0.0,-0.11422254483503513,4.440892098500626e-16,0.0,2.609024107869118e-15,2.220446049250313e-16
W_amp0.5_T12.0,W,0.5,12.0,6.15,0.8333333333333334,0.007370613883670197,0.05949804216542284,0.17760557466949967,10.003108882176626,1.065555806177661,1.0656758416457175,4.440892098500626e-16,0.0,0,0,1.3642420526593924e-12,0.6549011290706134,0.0,-0.11422254479814486,4.440892098500626e-16,0.0,2.609024107869118e-15,2.220446049250313e-16
W_amp0.5_T12.0,W,0.5,12.0,6.2,0.8333333333333334,0.007370613883670197,0.05949804216542284,0.17760557466949967,10.00310517132657,1.0655561492545522,1.0656757987298855,4.440892098500626e-16,0.0,0,0,1.3642420526593924e-12,0.6549011290706134,0.0,-0.11422254476103122,4.440892098500626e-16,0.0,2.609024107869118e-15,2.220446049250313e-16
W_amp0.5_T12.0,W,0.5,12.0,6.25,0.8333333333333334,0.007370613883670197,0.05949804216542284,0.17760557466949967,10.003101473135024,1.0655564846178585,1.0656757558507377,6.661338147750939e-16,0.0,0,0,1.3642420526593924e-12,0.6549011290706134,0.0,-0.11422254472391757,4.440892098500626e-16,0.0,2.609024107869118e-15,2.220446049250313e-16
W_amp0.5_T12.0,W,0.5,12.0,6.300000000000001,0.8333333333333334,0.007370613883670197,0.05949804216542284,0.17760557466949967,10.003097787339385,1.0655568124894053,1.0656757130083623,4.440892098500626e-16,0.0,0,0,1.3642420526593924e-12,0.6549011290706134,0.0,-0.11422254468680415,4.440892098500626e-16,0.0,2.609024107869118e-15,2.220446049250313e-16
W_amp0.5_T12.0,W,0.5,12.0,6.3500000000000005,0.8333333333333334,0.007370613883670197,0.05949804216542284,0.17760557466949967,10.003094113684561,1.0655571330841296,1.0656756702028432,6.661338147750939e-16,0.0,0,0,1.3642420526593924e-12,0.6549011290706134,0.0,-0.11422254465013748,4.440892098500626e-16,0.0,2.609024107869118e-15,2.220446049250313e-16
W_amp0.5_T12.0,W,0.5,12.0,6.4,0.8333333333333334,0.007370613883670197,0.05949804216542284,0.17760557466949967,10.003090451922745,1.0655574466103235,1.0656756274342576,6.661338147750939e-16,0.0,0,0,9.094947017729282e-13,0.6549011290706134,0.0,-0.11422254461369441,4.440892098500626e-16,0.0,2.609024107869118e-15,2.220446049250313e-16
W_amp0.5_T12.0,W,0.5,12.0,6.45,0.8333333333333334,0.007370613883670197,0.05949804216542284,0.17760557466949967,10.00308680181319,1.065557753269867,1.0656755847026766,8.881784197001252e-16,0.0,0,0,9.094947017729282e-13,0.6549011290706134,0.0,-0.11422254457680436,4.440892098500626e-16,0.0,2.609024107869118e-15,2.220446049250313e-16
W_amp0.5_T12.0,W,0.5,12.0,6.5,0.8333333333333334,0.007370613883670197,0.05949804216542284,0.17760557466949967,10.003083163121985,1.0655580532584468,1.0656755420081654,6.661338147750939e-16,0.0,0,0,9.094947017729282e-13,0.6549011290706134,0.0,-0.11422254453991432,4.440892098500626e-16,0.0,2.609024107869118e-15,2.220446049250313e-16
W_amp0.5_T12.0,W,0.5,12.0,6.550000000000001,0.8333333333333334,0.007370613883670197,0.05949804216542284,0.17760557466949967,10.003079535621854,1.0655583467657714,1.0656754993507813,8.881784197001252e-16,0.0,0,0,9.094947017729282e-13,0.6549011290706134,0.0,-0.11422254450324787,4.440892098500626e-16,0.0,2.609024107869118e-15,2.220446049250313e-16
W_amp0.5_T12.0,W,0.5,12.0,6.6000000000000005,0.8333333333333334,0.007370613883670197,0.05949804216542284,0.17760557466949967,10.003075919091952,1.065558633975774,1.065675456730574,8.881784197001252e-16,0.0,0,0,9.094947017729282e-13,0.6549011290706134,0.0,-0.1142225444665812,4.440892098500626e-16,0.0,2.609024107869118e-15,2.220446049250313e-16
W_amp0.5_T12.0,W,0.5,12.0,6.65,0.8333333333333334,0.007370613883670197,0.05949804216542284,0.17760557466949967,10.003072313317665,1.0655589150668074,1.0656754141475866,8.881784197001252e-16,0.0,0,0,1.3642420526593924e-12,0.6549011290706134,0.0,-0.11422254443013835,2.220446049250313e-16,0.0,2.609024107869118e-15,2.220446049250313e-16
W_amp0.5_T12.0,W,0.5,12.0,6.7,0.8333333333333334,0.007370613883670197,0.05949804216542284,0.17760557466949967,10.003068718090432,1.0655591902118333,1.0656753716018543,6.661338147750939e-16,0.0,0,0,1.3642420526593924e-12,0.6549011290706134,0.0,-0.1142225443934719,4.440892098500626e-16,0.0,2.609024107869118e-15,2.220446049250313e-16
W_amp0.5_T12.0,W,0.5,12.0,6.75,0.8333333333333334,0.007370613883670197,0.05949804216542284,0.17760557466949967,10.003065133207553,1.0655594595786007,1.0656753290934042,8.881784197001252e-16,0.0,0,0,9.094947017729282e-13,0.6549011290706134,0.0,-0.11422254435702883,2.220446049250313e-16,0.0,2.609024107869118e-15,2.220446049250313e-16
W_amp0.5_T12.0,W,0.5,12.0,6.800000000000001,0.8333333333333334,0.007370613883670197,0.05949804216542284,0.17760557466949967,10.00306155847202,1.0655597233298195,1.0656752866222565,8.881784197001252e-16,0.0,0,0,9.094947017729282e-13,0.6549011290706134,0.0,-0.11422254432058598,4.440892098500626e-16,0.0,2.609024107869118e-15,2.220446049250313e-16
W_amp0.5_T12.0,W,0.5,12.0,6.8500000000000005,0.8333333333333334,0.007370613883670197,0.05949804216542284,0.17760557466949967,10.003057993692341,1.0655599816233292,1.0656752441884225,8.881784197001252e-16,0.0,0,0,9.094947017729282e-13,0.6549011290706134,0.0,-0.11422254428436651,4.440892098500626e-16,0.0,2.609024107869118e-15,2.220446049250313e-16
W_amp0.5_T12.0,W,0.5,12.0,6.9,0.8333333333333334,0.007370613883670197,0.05949804216542284,0.17760557466949967,10.003054438682378,1.0655602346122561,1.065675201791905,6.661338147750939e-16,0.0,0,0,1.3642420526593924e-12,0.6549011290706134,0.0,-0.11422254424770006,4.440892098500626e-16,0.0,2.609024107869118e-15,2.220446049250313e-16
W_amp0.5_T12.0,W,0.5,12.0,6.95,0.8333333333333334,0.007370613883670197,0.05949804216542284,0.17760557466949967,10.003050893261197,1.065560482445171,1.0656751594326996,6.661338147750939e-16,0.0,0,0,9.094947017729282e-13,0.6549011290706134,0.0,-0.114222544211257,4.440892098500626e-16,0.0,2.609024107869118e-15,2.220446049250313e-16
W_amp0.5_T12.0,W,0.5,12.0,7.0,0.8333333333333334,0.007370613883670197,0.05949804216542284,0.17760557466949967,10.003047357252893,1.0655607252662327,1.065675117110795,8.881784197001252e-16,0.0,0,0,9.094947017729282e-13,0.6549011290706134,0.0,-0.11422254417481414,4.440892098500626e-16,0.0,2.609024107869118e-15,2.220446049250313e-16
W_amp0.5_T12.0,W,0.5,12.0,7.050000000000001,0.8333333333333334,0.007370613883670197,0.05949804216542284,0.17760557466949967,10.003043830486464,1.065560963215334,1.0656750748261703,8.881784197001252e-16,0.0,0,0,1.3642420526593924e-12,0.6549011290706134,0.0,-0.11422254413814747,4.440892098500626e-16,0.0,2.609024107869118e-15,2.220446049250313e-16
W_amp0.5_T12.0,W,0.5,12.0,7.1000000000000005,0.8333333333333334,0.007370613883670197,0.05949804216542284,0.17760557466949967,10.003040312795648,1.0655611964282368,1.0656750325787983,8.881784197001252e-16,0.0,0,0,1.3642420526593924e-12,0.6549011290706134,0.0,-0.11422254410148125,4.440892098500626e-16,0.0,2.609024107869118e-15,2.220446049250313e-16
W_amp0.5_T12.0,W,0.5,12.0,7.15,0.8333333333333334,0.007370613883670197,0.05949804216542284,0.17760557466949967,10.003036804018793,1.0655614250367074,1.065674990368644,8.881784197001252e-16,0.0,0,0,9.094947017729282e-13,0.6549011290706134,0.0,-0.11422254406503818,4.440892098500626e-16,0.0,2.609024107869118e-15,2.220446049250313e-16
W_amp0.5_T12.0,W,0.5,12.0,7.2,0.8333333333333334,0.007370613883670197,0.05949804216542284,0.17760557466949967,10.00303330399873,1.0655616491686413,1.0656749481956642,6.661338147750939e-16,0.0,0,0,9.094947017729282e-13,0.6549011290706134,0.0,-0.11422254402837151,4.440892098500626e-16,0.0,2.609024107869118e-15,2.220446049250313e-16
W_amp0.5_T12.0,W,0.5,12.0,7.25,0.8333333333333334,0.007370613883670197,0.05949804216542284,0.17760557466949967,10.003029812582621,1.0655618689481892,1.0656749060598092,8.881784197001252e-16,0.0,0,0,9.094947017729282e-13,0.6549011290706134,0.0,-0.11422254399192888,4.440892098500626e-16,0.0,2.609024107869118e-15,2.220446049250313e-16
W_amp0.5_T12.0,W,0.5,12.0,7.300000000000001,0.8333333333333334,0.007370613883670197,0.05949804216542284,0.17760557466949967,10.003026329621854,1.0655620844958704,1.065674863961022,8.881784197001252e-16,0.0,0,0,9.094947017729282e-13,0.6549011290706134,0.0,-0.11422254395593301,4.440892098500626e-16,0.0,2.609024107869118e-15,2.220446049250313e-16
W_amp0.5_T12.0,W,0.5,12.0,7.3500000000000005,0.8333333333333334,0.007370613883670197,0.05949804216542284,0.17760557466949967,10.003022854971904,1.065562295928692,1.065674821899239,8.881784197001252e-16,0.0,0,0,9.094947017729282e-13,0.6549011290706134,0.0,-0.11422254392016051,4.440892098500626e-16,0.0,2.609024107869118e-15,2.220446049250313e-16
W_amp0.5_T12.0,W,0.5,12.0,7.4,0.8333333333333334,0.007370613883670197,0.05949804216542284,0.17760557466949967,10.003019388492227,1.0655625033602567,1.0656747798743886,8.881784197001252e-16,0.0,0,0,9.094947017729282e-13,0.6549011290706134,0.0,-0.11422254388371789,4.440892098500626e-16,0.0,2.609024107869118e-15,2.220446049250313e-16
W_amp0.5_T12.0,W,0.5,12.0,7.45,0.8333333333333334,0.007370613883670197,0.05949804216542284,0.17760557466949967,10.003015930046136,1.0655627069008702,1.0656747378863942,8.881784197001252e-16,0.0,0,0,9.094947017729282e-13,0.6549011290706134,0.0,-0.11422254384727482,4.440892098500626e-16,0.0,2.609024107869118e-15,2.220446049250313e-16
W_amp0.5_T12.0,W,0.5,12.0,7.5,0.8333333333333334,0.007370613883670197,0.05949804216542284,0.17760557466949967,10.00301247950069,1.0655629066576418,1.0656746959351722,6.661338147750939e-16,0.0,0,0,9.094947017729282e-13,0.6549011290706134,0.0,-0.11422254381127894,4.440892098500626e-16,0.0,2.609024107869118e-15,2.220446049250313e-16
W_amp0.5_T12.0,W,0.5,12.0,7.550000000000001,0.8333333333333334,0.007370613883670197,0.05949804216542284,0.17760557466949967,10.003009036726592,1.0655631027345858,1.065674654020633,6.661338147750939e-16,0.0,0,0,9.094947017729282e-13,0.6549011290706134,0.0,-0.11422254377528329,4.440892098500626e-16,0.0,2.609024107869118e-15,2.220446049250313e-16
W_amp0.5_T12.0,W,0.5,12.0,7.6000000000000005,0.8333333333333334,0.007370613883670197,0.05949804216542284,0.17760557466949967,10.003005601598083,1.0655632952327168,1.0656746121426814,6.661338147750939e-16,0.0,0,0,1.3642420526593924e-12,0.6549011290706134,0.0,-0.11422254373884022,4.440892098500626e-16,0.0,2.609024107869118e-15,2.220446049250313e-16
W_amp0.5_T12.0,W,0.5,12.0,7.65,0.8333333333333334,0.007370613883670197,0.05949804216542284,0.17760557466949967,10.003002173992838,1.06556348425014,1.0656745703012158,8.881784197001252e-16,0.0,0,0,9.094947017729282e-13,0.6549011290706134,0.0,-0.11422254370284435,4.440892098500626e-16,0.0,2.609024107869118e-15,2.220446049250313e-16
W_amp0.5_T12.0,W,0.5,12.0,7.7,0.8333333333333334,0.007370613883670197,0.05949804216542284,0.17760557466949967,10.00299875379186,1.065563669882144,1.0656745284961298,8.881784197001252e-16,0.0,0,0,9.094947017729282e-13,0.6549011290706134,0.0,-0.1142225436670723,4.440892098500626e-16,0.0,2.609024107869118e-15,2.220446049250313e-16
W_amp0.5_T12.0,W,0.5,12.0,7.75,0.8333333333333334,0.007370613883670197,0.05949804216542284,0.17760557466949967,10.002995340879405,1.0655638522212834,1.0656744867273118,8.881784197001252e-16,0.0,0,0,9.094947017729282e-13,0.6549011290706134,0.0,-0.11422254363085282,4.440892098500626e-16,0.0,2.609024107869118e-15,2.220446049250313e-16
W_amp0.5_T12.0,W,0.5,12.0,7.800000000000001,0.8333333333333334,0.007370613883670197,0.05949804216542284,0.17760557466949967,10.00299193514287,1.065564031357463,1.0656744449946447,8.881784197001252e-16,0.0,0,0,9.094947017729282e-13,0.6549011290706134,0.0,-0.11422254359508055,4.440892098500626e-16,0.0,2.609024107869118e-15,2.220446049250313e-16
W_amp0.5_T12.0,W,0.5,12.0,7.8500000000000005,0.8333333333333334,0.007370613883670197,0.05949804216542284,0.17760557466949967,10.00298853647271,1.0655642073780192,1.065674403298008,8.881784197001252e-16,0.0,0,0,1.3642420526593924e-12,0.6549011290706134,0.0,-0.1142225435597557,4.440892098500626e-16,0.0,2.609024107869118e-15,2.220446049250313e-16
W_amp0.5_T12.0,W,0.5,12.0,7.9,0.8333333333333334,0.007370613883670197,0.05949804216542284,0.17760557466949967,10.00298514476236,1.065564380367798,1.0656743616372752,8.881784197001252e-16,0.0,0,0,9.094947017729282e-13,0.6549011290706134,0.0,-0.11422254352375982,4.440892098500626e-16,0.0,2.609024107869118e-15,2.220446049250313e-16
W_amp0.5_T12.0,W,0.5,12.0,7.95,0.8333333333333334,0.007370613883670197,0.05949804216542284,0.17760557466949967,10.002981759908135,1.0655645504092308,1.0656743200123162,8.881784197001252e-16,0.0,0,0,9.094947017729282e-13,0.6549011290706134,0.0,-0.11422254348776417,4.440892098500626e-16,0.0,2.609024107869118e-15,2.220446049250313e-16
W_amp0.5_T12.0,W,0.5,12.0,8.0,0.8333333333333334,0.007370613883670197,0.05949804216542284,0.17760557466949967,10.002978381809154,1.0655647175824032,1.0656742784229964,8.881784197001252e-16,0.0,0,0,9.094947017729282e-13,0.6549011290706134,0.0,-0.1142225434519919,2.220446049250313e-16,0.0,2.609024107869118e-15,2.220446049250313e-16
W_amp0.5_T12.0,W,0.5,12.0,8.05,0.8333333333333334,0.007370613883670197,0.05949804216542284,0.17760557466949967,10.002975010367274,1.0655648819651298,1.0656742368691785,8.881784197001252e-16,0.0,0,0,1.3642420526593924e-12,0.6549011290706134,0.0,-0.114222543416443,4.440892098500626e-16,0.0,2.609024107869118e-15,2.220446049250313e-16
W_amp0.5_T12.0,W,0.5,12.0,8.1,0.8333333333333334,0.007370613883670197,0.05949804216542284,0.17760557466949967,10.00297164548699,1.0655650436330202,1.065674195350721,8.881784197001252e-16,0.0,0,0,1.3642420526593924e-12,0.6549011290706134,0.0,-0.11422254338089455,4.440892098500626e-16,0.0,2.609024107869118e-15,2.220446049250313e-16
W_amp0.5_T12.0,W,0.5,12.0,8.15,0.8333333333333334,0.007370613883670197,0.05949804216542284,0.17760557466949967,10.00296828707538,1.0655652026595461,1.0656741538674779,8.881784197001252e-16,0.0,0,0,9.094947017729282e-13,0.6549011290706134,0.0,-0.11422254334579285,4.440892098500626e-16,0.0,2.609024107869118e-15,2.220446049250313e-16
W_amp0.5_T12.0,W,0.5,12.0,8.200000000000001,0.8333333333333334,0.007370613883670197,0.05949804216542284,0.17760557466949967,10.00296493504202,1.0655653591161014,1.0656741124193025,8.881784197001252e-16,0.0,0,0,9.094947017729282e-13,0.6549011290706134,0.0,-0.114222543310468,4.440892098500626e-16,0.0,2.609024107869118e-15,2.220446049250313e-16
W_amp0.5_T12.0,W,0.5,12.0,8.25,0.8333333333333334,0.007370613883670197,0.05949804216542284,0.17760557466949967,10.00296158929892,1.0655655130720696,1.0656740710060433,8.881784197001252e-16,0.0,0,0,9.094947017729282e-13,0.6549011290706134,0.0,-0.1142225432753663,2.220446049250313e-16,0.0,2.609024107869118e-15,2.220446049250313e-16
W_amp0.5_T12.0,W,0.5,12.0,8.3,0.8333333333333334,0.007370613883670197,0.05949804216542284,0.17760557466949967,10.00295824976045,1.0655656645948801,1.0656740296275462,8.881784197001252e-16,0.0,0,0,9.094947017729282e-13,0.6549011290706134,0.0,-0.11422254324004144,2.220446049250313e-16,0.0,2.609024107869118e-15,2.220446049250313e-16
W_amp0.5_T12.0,W,0.5,12.0,8.35,0.8333333333333334,0.007370613883670197,0.05949804216542284,0.17760557466949967,10.002954916343292,1.065565813750064,1.0656739882836561,8.881784197001252e-16,0.0,0,0,9.094947017729282e-13,0.6549011290706134,0.0,-0.11422254320493974,4.440892098500626e-16,0.0,2.609024107869118e-15,2.220446049250313e-16
W_amp0.5_T12.0,W,0.5,12.0,8.4,0.8333333333333334,0.007370613883670197,0.05949804216542284,0.17760557466949967,10.00295158896634,1.0655659606013126,1.0656739469742136,8.881784197001252e-16,0.0,0,0,1.3642420526593924e-12,0.6549011290706134,0.0,-0.11422254317050906,4.440892098500626e-16,0.0,2.609024107869118e-15,2.220446049250313e-16
W_amp0.5_T12.0,W,0.5,12.0,8.450000000000001,0.8333333333333334,0.007370613883670197,0.05949804216542284,0.17760557466949967,10.002948267550682,1.0655661052105332,1.0656739056990592,8.881784197001252e-16,0.0,0,0,9.094947017729282e-13,0.6549011290706134,0.0,-0.1142225431351842,4.440892098500626e-16,0.0,2.609024107869118e-15,2.220446049250313e-16
W_amp0.5_T12.0,W,0.5,12.0,8.5,0.8333333333333334,0.007370613883670197,0.05949804216542284,0.17760557466949967,10.002944952019497,1.0655662476378984,1.0656738644580295,8.881784197001252e-16,0.0,0,0,9.094947017729282e-13,0.6549011290706134,0.0,-0.1142225431007533,4.440892098500626e-16,0.0,2.609024107869118e-15,2.220446049250313e-16
W_amp0.5_T12.0,W,0.5,12.0,8.55,0.8333333333333334,0.007370613883670197,0.05949804216542284,0.17760557466949967,10.002941642298033,1.0655663879418975,1.065673823250961,8.881784197001252e-16,0.0,0,0,9.094947017729282e-13,0.6549011290706134,0.0,-0.11422254306587543,4.440892098500626e-16,0.0,2.609024107869118e-15,2.220446049250313e-16
W_amp0.5_T12.0,W,0.5,12.0,8.6,0.8333333333333334,0.007370613883670197,0.05949804216542284,0.17760557466949967,10.002938338313522,1.0655665261793859,1.065673782077688,8.881784197001252e-16,0.0,0,0,1.3642420526593924e-12,0.6549011290706134,0.0,-0.11422254303144452,4.440892098500626e-16,0.0,2.609024107869118e-15,2.220446049250313e-16
W_amp0.5_T12.0,W,0.5,12.0,8.65,0.8333333333333334,0.007370613883670197,0.05949804216542284,0.17760557466949967,10.00293503999514,1.065566662405633,1.0656737409380441,8.881784197001252e-16,0.0,0,0,9.094947017729282e-13,0.6549011290706134,0.0,-0.11422254299723744,4.440892098500626e-16,0.0,2.609024107869118e-15,2.220446049250313e-16
W_amp0.5_T12.0,W,0.5,12.0,8.700000000000001,0.8333333333333334,0.007370613883670197,0.05949804216542284,0.17760557466949967,10.002931747273948,1.0655667966743692,1.0656736998318608,8.881784197001252e-16,0.0,0,0,9.094947017729282e-13,0.6549011290706134,0.0,-0.11422254296280676,4.440892098500626e-16,0.0,2.609024107869118e-15,2.220446049250313e-16
W_amp0.5_T12.0,W,0.5,12.0,8.75,0.8333333333333334,0.007370613883670197,0.05949804216542284,0.17760557466949967,10.002928460082838,1.065566929037829,1.065673658758969,8.881784197001252e-16,0.0,0,0,9.094947017729282e-13,0.6549011290706134,0.0,-0.11422254292882306,4.440892098500626e-16,0.0,2.609024107869118e-15,2.220446049250313e-16
W_amp0.5_T12.0,W,0.5,12.0,8.8,0.8333333333333334,0.007370613883670197,0.05949804216542284,0.17760557466949967,10.002925178356495,1.065567059546794,1.0656736177191992,8.881784197001252e-16,0.0,0,0,1.3642420526593924e-12,0.6549011290706134,0.0,-0.11422254289528655,2.220446049250313e-16,0.0,2.609024107869118e-15,2.220446049250313e-16
W_amp0.5_T12.0,W,0.5,12.0,8.85,0.8333333333333334,0.007370613883670197,0.05949804216542284,0.17760557466949967,10.002921902031323,1.0655671882506372,1.0656735767123815,8.881784197001252e-16,0.0,0,0,9.094947017729282e-13,0.6549011290706134,0.0,-0.11422254286107947,4.440892098500626e-16,0.0,2.609024107869118e-15,2.220446049250313e-16
W_amp0.5_T12.0,W,0.5,12.0,8.9,0.8333333333333334,0.007370613883670197,0.05949804216542284,0.17760557466949967,10.002918631045421,1.065567315197362,1.0656735357383438,1.1102230246251565e-15,0.0,0,0,9.094947017729282e-13,0.6549011290706134,0.0,-0.11422254282754318,4.440892098500626e-16,0.0,2.609024107869118e-15,2.220446049250313e-16
W_amp0.5_T12.0,W,0.5,12.0,8.950000000000001,0.8333333333333334,0.007370613883670197,0.05949804216542284,0.17760557466949967,10.00291536533853,1.0655674404336406,1.0656734947969166,8.881784197001252e-16,0.0,0,0,9.094947017729282e-13,0.6549011290706134,0.0,-0.11422254279400668,4.440892098500626e-16,0.0,2.609024107869118e-15,2.220446049250313e-16
W_amp0.5_T12.0,W,0.5,12.0,9.0,0.8333333333333334,0.007370613883670197,0.05949804216542284,0.17760557466949967,10.00291210485198,1.0655675640048563,1.0656734538879271,8.881784197001252e-16,0.0,0,0,9.094947017729282e-13,0.6549011290706134,0.0,-0.11422254276024657,4.440892098500626e-16,0.0,2.609024107869118e-15,2.220446049250313e-16
W_amp0.5_T12.0,W,0.5,12.0,9.05,0.8333333333333334,0.007370613883670197,0.05949804216542284,0.17760557466949967,10.002908849528648,1.0655676859551353,1.0656734130112047,8.881784197001252e-16,0.0,0,0,9.094947017729282e-13,0.6549011290706134,0.0,-0.11422254272693366,4.440892098500626e-16,0.0,2.609024107869118e-15,2.220446049250313e-16
W_amp0.5_T12.0,W,0.5,12.0,9.1,0.8333333333333334,0.007370613883670197,0.05949804216542284,0.17760557466949967,10.002905599312927,1.0655678063273861,1.0656733721665779,8.881784197001252e-16,0.0,0,0,1.3642420526593924e-12,0.6549011290706134,0.0,-0.11422254269339716,2.220446049250313e-16,0.0,2.609024107869118e-15,2.220446049250313e-16
W_amp0.5_T12.0,W,0.5,12.0,9.15,0.8333333333333334,0.007370613883670197,0.05949804216542284,0.17760557466949967,10.00290235415067,1.0655679251633348,1.0656733313538753,8.881784197001252e-16,0.0,0,0,9.094947017729282e-13,0.6549011290706134,0.0,-0.11422254266053145,4.440892098500626e-16,0.0,2.609024107869118e-15,2.220446049250313e-16
W_amp0.5_T12.0,W,0.5,12.0,9.200000000000001,0.8333333333333334,0.007370613883670197,0.05949804216542284,0.17760557466949967,10.002899113989159,1.0655680425035545,1.065673290572927,8.881784197001252e-16,0.0,0,0,9.094947017729282e-13,0.6549011290706134,0.0,-0.11422254262721876,4.440892098500626e-16,0.0,2.609024107869118e-15,2.220446049250313e-16
W_amp0.5_T12.0,W,0.5,12.0,9.25,0.8333333333333334,0.007370613883670197,0.05949804216542284,0.17760557466949967,10.002895878777064,1.0655681583875043,1.0656732498235626,8.881784197001252e-16,0.0,0,0,9.094947017729282e-13,0.6549011290706134,0.0,-0.11422254259435305,4.440892098500626e-16,0.0,2.609024107869118e-15,2.220446049250313e-16
W_amp0.5_T12.0,W,0.5,12.0,9.3,0.8333333333333334,0.007370613883670197,0.05949804216542284,0.17760557466949967,10.0028926484644,1.0655682728535547,1.0656732091056127,8.881784197001252e-16,0.0,0,0,1.3642420526593924e-12,0.6549011290706134,0.0,-0.11422254256171072,4.440892098500626e-16,0.0,2.609024107869118e-15,2.220446049250313e-16
W_amp0.5_T12.0,W,0.5,12.0,9.35,0.8333333333333334,0.007370613883670197,0.05949804216542284,0.17760557466949967,10.002889423002497,1.065568385939024,1.0656731684189087,8.881784197001252e-16,0.0,0,0,9.094947017729282e-13,0.6549011290706134,0.0,-0.1142225425292922,4.440892098500626e-16,0.0,2.609024107869118e-15,2.220446049250313e-16
W_amp0.5_T12.0,W,0.5,12.0,9.4,0.8333333333333334,0.007370613883670197,0.05949804216542284,0.17760557466949967,10.002886202343966,1.0655684976802047,1.0656731277632825,8.881784197001252e-16,0.0,0,0,1.3642420526593924e-12,0.6549011290706134,0.0,-0.11422254249687369,4.440892098500626e-16,0.0,2.609024107869118e-15,2.220446049250313e-16
W_amp0.5_T12.0,W,0.5,12.0,9.450000000000001,0.8333333333333334,0.007370613883670197,0.05949804216542284,0.17760557466949967,10.00288298644265,1.0655686081123938,1.065673087138567,8.881784197001252e-16,0.0,0,0,9.094947017729282e-13,0.6549011290706134,0.0,-0.11422254246490215,0.0,0.0,2.609024107869118e-15,2.220446049250313e-16
W_amp0.5_T12.0,W,0.5,12.0,9.5,0.8333333333333334,0.007370613883670197,0.05949804216542284,0.17760557466949967,10.002879775253604,1.0655687172699209,1.0656730465445967,8.881784197001252e-16,0.0,0,0,1.3642420526593924e-12,0.6549011290706134,0.0,-0.11422254243337782,4.440892098500626e-16,0.0,2.609024107869118e-15,2.220446049250313e-16
W_amp0.5_T12.0,W,0.5,12.0,9.55,0.8333333333333334,0.007370613883670197,0.05949804216542284,0.17760557466949967,10.002876568733061,1.0655688251861757,1.0656730059812067,8.881784197001252e-16,0.0,0,0,1.3642420526593924e-12,0.6549011290706134,0.0,-0.1142225424016301,4.440892098500626e-16,0.0,2.609024107869118e-15,2.220446049250313e-16
W_amp0.5_T12.0,W,0.5,12.0,9.600000000000001,0.8333333333333334,0.007370613883670197,0.05949804216542284,0.17760557466949967,10.002873366838386,1.0655689318936337,1.0656729654482335,8.881784197001252e-16,0.0,0,0,1.3642420526593924e-12,0.6549011290706134,0.0,-0.11422254237032958,4.440892098500626e-16,0.0,2.609024107869118e-15,2.220446049250313e-16
W_amp0.5_T12.0,W,0.5,12.0,9.65,0.8333333333333334,0.007370613883670197,0.05949804216542284,0.17760557466949967,10.002870169528073,1.0655690374238815,1.0656729249455157,8.881784197001252e-16,0.0,0,0,1.3642420526593924e-12,0.6549011290706134,0.0,-0.11422254233902884,4.440892098500626e-16,0.0,2.609024107869118e-15,2.220446049250313e-16
W_amp0.5_T12.0,W,0.5,12.0,9.700000000000001,0.8333333333333334,0.007370613883670197,0.05949804216542284,0.17760557466949967,10.00286697676168,1.0655691418076436,1.0656728844728918,8.881784197001252e-16,0.0,0,0,9.094947017729282e-13,0.6549011290706134,0.0,-0.11422254230817508,4.440892098500626e-16,0.0,2.609024107869118e-15,2.220446049250313e-16
W_amp0.5_T12.0,W,0.5,12.0,9.75,0.8333333333333334,0.007370613883670197,0.05949804216542284,0.17760557466949967,10.002863788499827,1.0655692450748067,1.0656728440302028,1.1102230246251565e-15,0.0,0,0,9.094947017729282e-13,0.6549011290706134,0.0,-0.11422254227732154,4.440892098500626e-16,0.0,2.609024107869118e-15,2.220446049250313e-16
W_amp0.5_T12.0,W,0.5,12.0,9.8,0.8333333333333334,0.007370613883670197,0.05949804216542284,0.17760557466949967,10.002860604704154,1.0655693472544403,1.065672803617291,8.881784197001252e-16,0.0,0,0,1.3642420526593924e-12,0.6549011290706134,0.0,-0.11422254224691542,2.220446049250313e-16,0.0,2.609024107869118e-15,2.220446049250313e-16
W_amp0.5_T12.0,W,0.5,12.0,9.850000000000001,0.8333333333333334,0.007370613883670197,0.05949804216542284,0.17760557466949967,10.002857425337297,1.0655694483748221,1.065672763234001,8.881784197001252e-16,0.0,0,0,9.094947017729282e-13,0.6549011290706134,0.0,-0.11422254221673245,2.220446049250313e-16,0.0,2.609024107869118e-15,2.220446049250313e-16
W_amp0.5_T12.0,W,0.5,12.0,9.9,0.8333333333333334,0.007370613883670197,0.05949804216542284,0.17760557466949967,10.002854250362857,1.0655695484634589,1.0656727228801786,8.881784197001252e-16,0.0,0,0,1.3642420526593924e-12,0.6549011290706134,0.0,-0.1142225421872205,4.440892098500626e-16,0.0,2.609024107869118e-15,2.220446049250313e-16
W_amp0.5_T12.0,W,0.5,12.0,9.950000000000001,0.8333333333333334,0.007370613883670197,0.05949804216542284,0.17760557466949967,10.002851079745387,1.0655696475471097,1.0656726825556706,8.881784197001252e-16,0.0,0,0,9.094947017729282e-13,0.6549011290706134,0.0,-0.11422254215726113,4.440892098500626e-16,0.0,2.609024107869118e-15,2.220446049250313e-16
W_amp0.5_T12.0,W,0.5,12.0,10.0,0.8333333333333334,0.007370613883670197,0.05949804216542284,0.17760557466949967,10.002847913450346,1.0655697456518038,1.0656726422603273,1.1102230246251565e-15,0.0,0,0,9.094947017729282e-13,0.6549011290706134,0.0,-0.11422254212797278,4.440892098500626e-16,0.0,2.609024107869118e-15,2.220446049250313e-16
W_amp0.5_T12.0,W,0.5,12.0,10.05,0.8333333333333334,0.007370613883670197,0.05949804216542284,0.17760557466949967,10.002844751444087,1.0655698428028642,1.0656726019940002,8.881784197001252e-16,0.0,0,0,9.094947017729282e-13,0.6549011290706134,0.0,-0.11422254209890759,4.440892098500626e-16,0.0,2.609024107869118e-15,2.220446049250313e-16
W_amp0.5_T12.0,W,0.5,12.0,10.100000000000001,0.8333333333333334,0.007370613883670197,0.05949804216542284,0.17760557466949967,10.00284159369384,1.065569939024925,1.0656725617565421,8.881784197001252e-16,0.0,0,0,9.094947017729282e-13,0.6549011290706134,0.0,-0.11422254207006644,4.440892098500626e-16,0.0,2.609024107869118e-15,2.220446049250313e-16
W_amp0.5_T12.0,W,0.5,12.0,10.15,0.8333333333333334,0.007370613883670197,0.05949804216542284,0.17760557466949967,10.002838440167668,1.0655700343419532,1.0656725215478087,1.3322676295501878e-15,0.0,0,0,1.3642420526593924e-12,0.6549011290706134,0.0,-0.11422254204144866,4.440892098500626e-16,0.0,2.609024107869118e-15,2.220446049250313e-16
W_amp0.5_T12.0,W,0.5,12.0,10.200000000000001,0.8333333333333334,0.007370613883670197,0.05949804216542284,0.17760557466949967,10.00283529083446,1.0655701287772614,1.0656724813676572,8.881784197001252e-16,0.0,0,0,1.3642420526593924e-12,0.6549011290706134,0.0,-0.11422254201327808,4.440892098500626e-16,0.0,2.609024107869118e-15,2.220446049250313e-16
W_amp0.5_T12.0,W,0.5,12.0,10.25,0.8333333333333334,0.007370613883670197,0.05949804216542284,0.17760557466949967,10.002832145663904,1.0655702223535344,1.0656724412159475,8.881784197001252e-16,0.0,0,0,9.094947017729282e-13,0.6549011290706134,0.0,-0.1142225419853311,4.440892098500626e-16,0.0,2.609024107869118e-15,2.220446049250313e-16
W_amp0.5_T12.0,W,0.5,12.0,10.3,0.8333333333333334,0.007370613883670197,0.05949804216542284,0.17760557466949967,10.002829004626463,1.0655703150928393,1.0656724010925416,1.1102230246251565e-15,0.0,0,0,9.094947017729282e-13,0.6549011290706134,0.0,-0.11422254195783088,0.0,0.0,2.609024107869118e-15,2.220446049250313e-16
W_amp0.5_T12.0,W,0.5,12.0,10.350000000000001,0.8333333333333334,0.007370613883670197,0.05949804216542284,0.17760557466949967,10.002825867693362,1.0655704070166456,1.065672360997303,1.3322676295501878e-15,0.0,0,0,9.094947017729282e-13,0.6549011290706134,0.0,-0.1142225419303311,4.440892098500626e-16,0.0,2.609024107869118e-15,2.220446049250313e-16
W_amp0.5_T12.0,W,0.5,12.0,10.4,0.8333333333333334,0.007370613883670197,0.05949804216542284,0.17760557466949967,10.00282273483656,1.0655704981458418,1.0656723209300978,1.1102230246251565e-15,0.0,0,0,9.094947017729282e-13,0.6549011290706134,0.0,-0.1142225419035019,4.440892098500626e-16,0.0,2.609024107869118e-15,2.220446049250313e-16
W_amp0.5_T12.0,W,0.5,12.0,10.450000000000001,0.8333333333333334,0.007370613883670197,0.05949804216542284,0.17760557466949967,10.002819606028726,1.0655705885007525,1.0656722808907944,1.1102230246251565e-15,0.0,0,0,9.094947017729282e-13,0.6549011290706134,0.0,-0.11422254187734371,4.440892098500626e-16,0.0,2.609024107869118e-15,2.220446049250313e-16
W_amp0.5_T12.0,W,0.5,12.0,10.5,0.8333333333333334,0.007370613883670197,0.05949804216542284,0.17760557466949967,10.002816481243237,1.0655706781011491,1.0656722408792643,1.1102230246251565e-15,0.0,0,0,9.094947017729282e-13,0.6549011290706134,0.0,-0.11422254185163228,2.220446049250313e-16,0.0,2.609024107869118e-15,2.220446049250313e-16
W_amp0.5_T12.0,W,0.5,12.0,10.55,0.8333333333333334,0.007370613883670197,0.05949804216542284,0.17760557466949967,10.002813360454141,1.0655707669662706,1.0656722008953803,8.881784197001252e-16,0.0,0,0,1.3642420526593924e-12,0.6549011290706134,0.0,-0.11422254182592106,4.440892098500626e-16,0.0,2.609024107869118e-15,2.220446049250313e-16
W_amp0.5_T12.0,W,0.5,12.0,10.600000000000001,0.8333333333333334,0.007370613883670197,0.05949804216542284,0.17760557466949967,10.002810243636146,1.065570855114836,1.0656721609390178,8.881784197001252e-16,0.0,0,0,9.094947017729282e-13,0.6549011290706134,0.0,-0.11422254180088065,4.440892098500626e-16,0.0,2.609024107869118e-15,2.220446049250313e-16
W_amp0.5_T12.0,W,0.5,12.0,10.65,0.8333333333333334,0.007370613883670197,0.05949804216542284,0.17760557466949967,10.002807130764605,1.0655709425650584,1.0656721210100544,1.1102230246251565e-15,0.0,0,0,9.094947017729282e-13,0.6549011290706134,0.0,-0.11422254177628699,4.440892098500626e-16,0.0,2.609024107869118e-15,2.220446049250313e-16
W_amp0.5_T12.0,W,0.5,12.0,10.700000000000001,0.8333333333333334,0.007370613883670197,0.05949804216542284,0.17760557466949967,10.002804021815493,1.0655710293346592,1.0656720811083706,1.1102230246251565e-15,0.0,0,0,9.094947017729282e-13,0.6549011290706134,0.0,-0.11422254175236457,4.440892098500626e-16,0.0,2.609024107869118e-15,2.220446049250313e-16
W_amp0.5_T12.0,W,0.5,12.0,10.75,0.8333333333333334,0.007370613883670197,0.05949804216542284,0.17760557466949967,10.002800916765395,1.06557111544088,1.0656720412338494,1.3322676295501878e-15,0.0,0,0,9.094947017729282e-13,0.6549011290706134,0.0,-0.1142225417288889,4.440892098500626e-16,0.0,2.609024107869118e-15,2.220446049250313e-16
W_amp0.5_T12.0,W,0.5,12.0,10.8,0.8333333333333334,0.007370613883670197,0.05949804216542284,0.17760557466949967,10.002797815591483,1.0655712009004992,1.0656720013863752,1.1102230246251565e-15,0.0,0,0,9.094947017729282e-13,0.6549011290706134,0.0,-0.11422254170608404,4.440892098500626e-16,0.0,2.609024107869118e-15,2.220446049250313e-16
W_amp0.5_T12.0,W,0.5,12.0,10.850000000000001,0.8333333333333334,0.007370613883670197,0.05949804216542284,0.17760557466949967,10.002794718271517,1.0655712857298416,1.0656719615658363,1.3322676295501878e-15,0.0,0,0,9.094947017729282e-13,0.6549011290706134,0.0,-0.11422254168372636,4.440892098500626e-16,0.0,2.609024107869118e-15,2.220446049250313e-16
W_amp0.5_T12.0,W,0.5,12.0,10.9,0.8333333333333334,0.007370613883670197,0.05949804216542284,0.17760557466949967,10.0027916247838,1.0655713699447915,1.0656719217721222,1.3322676295501878e-15,0.0,0,0,1.3642420526593924e-12,0.6549011290706134,0.0,-0.11422254166159251,4.440892098500626e-16,0.0,2.609024107869118e-15,2.220446049250313e-16
W_amp0.5_T12.0,W,0.5,12.0,10.950000000000001,0.8333333333333334,0.007370613883670197,0.05949804216542284,0.17760557466949967,10.00278853510719,1.0655714535608058,1.0656718820051259,1.3322676295501878e-15,0.0,0,0,9.094947017729282e-13,0.6549011290706134,0.0,-0.11422254164057621,4.440892098500626e-16,0.0,2.609024107869118e-15,2.220446049250313e-16
W_amp0.5_T12.0,W,0.5,12.0,11.0,0.8333333333333334,0.007370613883670197,0.05949804216542284,0.17760557466949967,10.002785449221076,1.0655715365929257,1.0656718422647422,1.3322676295501878e-15,0.0,0,0,9.094947017729282e-13,0.6549011290706134,0.0,-0.11422254161955991,2.220446049250313e-16,0.0,2.609024107869118e-15,2.220446049250313e-16
W_amp0.5_T12.0,W,0.5,12.0,11.05,0.8333333333333334,0.007370613883670197,0.05949804216542284,0.17760557466949967,10.00278236710536,1.0655716190557856,1.0656718025508685,1.3322676295501878e-15,0.0,0,0,9.094947017729282e-13,0.6549011290706134,0.0,-0.11422254159943801,2.220446049250313e-16,0.0,2.609024107869118e-15,2.220446049250313e-16
W_amp0.5_T12.0,W,0.5,12.0,11.100000000000001,0.8333333333333334,0.007370613883670197,0.05949804216542284,0.17760557466949967,10.002779288740445,1.065571700963626,1.065671762863405,1.3322676295501878e-15,0.0,0,0,1.3642420526593924e-12,0.6549011290706134,0.0,-0.11422254157998712,4.440892098500626e-16,0.0,2.609024107869118e-15,2.220446049250313e-16
W_amp0.5_T12.0,W,0.5,12.0,11.15,0.8333333333333334,0.007370613883670197,0.05949804216542284,0.17760557466949967,10.002776214107225,1.0655717823303057,1.0656717232022537,1.3322676295501878e-15,0.0,0,0,9.094947017729282e-13,0.6549011290706134,0.0,-0.11422254156120659,4.440892098500626e-16,0.0,2.609024107869118e-15,2.220446049250313e-16
W_amp0.5_T12.0,W,0.5,12.0,11.200000000000001,0.8333333333333334,0.007370613883670197,0.05949804216542284,0.17760557466949967,10.002773143187072,1.065571863169309,1.0656716835673201,1.3322676295501878e-15,0.0,0,0,1.3642420526593924e-12,0.6549011290706134,0.0,-0.11422254154309686,4.440892098500626e-16,0.0,2.609024107869118e-15,2.220446049250313e-16
W_amp0.5_T12.0,W,0.5,12.0,11.25,0.8333333333333334,0.007370613883670197,0.05949804216542284,0.17760557466949967,10.002770075961815,1.0655719434937567,1.0656716439585114,1.3322676295501878e-15,0.0,0,0,9.094947017729282e-13,0.6549011290706134,0.0,-0.11422254152543454,4.440892098500626e-16,0.0,2.609024107869118e-15,2.220446049250313e-16
W_amp0.5_T12.0,W,0.5,12.0,11.3,0.8333333333333334,0.007370613883670197,0.05949804216542284,0.17760557466949967,10.002767012413734,1.0655720233164185,1.0656716043757382,1.3322676295501878e-15,0.0,0,0,9.094947017729282e-13,0.6549011290706134,0.0,-0.11422254150866618,4.440892098500626e-16,0.0,2.609024107869118e-15,2.220446049250313e-16
W_amp0.5_T12.0,W,0.5,12.0,11.350000000000001,0.8333333333333334,0.007370613883670197,0.05949804216542284,0.17760557466949967,10.002763952525555,1.0655721026497198,1.0656715648189123,1.3322676295501878e-15,0.0,0,0,9.094947017729282e-13,0.6549011290706134,0.0,-0.1142225414927922,4.440892098500626e-16,0.0,2.609024107869118e-15,2.220446049250313e-16
W_amp0.5_T12.0,W,0.5,12.0,11.4,0.8333333333333334,0.007370613883670197,0.05949804216542284,0.17760557466949967,10.002760896280417,1.0655721815057502,1.0656715252879496,1.3322676295501878e-15,0.0,0,0,1.3642420526593924e-12,0.6549011290706134,0.0,-0.11422254147736544,4.440892098500626e-16,0.0,2.609024107869118e-15,2.220446049250313e-16
W_amp0.5_T12.0,W,0.5,12.0,11.450000000000001,0.8333333333333334,0.007370613883670197,0.05949804216542284,0.17760557466949967,10.002757843661886,1.0655722598962774,1.065671485782767,1.3322676295501878e-15,0.0,0,0,9.094947017729282e-13,0.6549011290706134,0.0,-0.11422254146260946,4.440892098500626e-16,0.0,2.609024107869118e-15,2.220446049250313e-16
W_amp0.5_T12.0,W,0.5,12.0,11.5,0.8333333333333334,0.007370613883670197,0.05949804216542284,0.17760557466949967,10.002754794653923,1.0655723378327526,1.0656714463032837,1.3322676295501878e-15,0.0,0,0,9.094947017729282e-13,0.6549011290706134,0.0,-0.11422254144919486,4.440892098500626e-16,0.0,2.609024107869118e-15,2.220446049250313e-16
W_amp0.5_T12.0,W,0.5,12.0,11.55,0.8333333333333334,0.007370613883670197,0.05949804216542284,0.17760557466949967,10.002751749240886,1.0655724153263157,1.0656714068494235,1.3322676295501878e-15,0.0,0,0,9.094947017729282e-13,0.6549011290706134,0.0,-0.11422254143622745,4.440892098500626e-16,0.0,2.609024107869118e-15,2.220446049250313e-16
W_amp0.5_T12.0,W,0.5,12.0,11.600000000000001,0.8333333333333334,0.007370613883670197,0.05949804216542284,0.17760557466949967,10.002748707407516,1.0655724923878103,1.0656713674211105,1.3322676295501878e-15,0.0,0,0,9.094947017729282e-13,0.6549011290706134,0.0,-0.11422254142460142,4.440892098500626e-16,0.0,2.609024107869118e-15,2.220446049250313e-16
W_amp0.5_T12.0,W,0.5,12.0,11.65,0.8333333333333334,0.007370613883670197,0.05949804216542284,0.17760557466949967,10.002745669138925,1.0655725690277875,1.0656713280182721,1.3322676295501878e-15,0.0,0,0,9.094947017729282e-13,0.6549011290706134,0.0,-0.11422254141364618,2.220446049250313e-16,0.0,2.609024107869118e-15,2.220446049250313e-16
W_amp0.5_T12.0,W,0.5,12.0,11.700000000000001,0.8333333333333334,0.007370613883670197,0.05949804216542284,0.17760557466949967,10.002742634420585,1.0655726452565157,1.0656712886408382,1.3322676295501878e-15,0.0,0,0,1.3642420526593924e-12,0.6549011290706134,0.0,-0.11422254140336174,4.440892098500626e-16,0.0,2.609024107869118e-15,2.220446049250313e-16
W_amp0.5_T12.0,W,0.5,12.0,11.75,0.8333333333333334,0.007370613883670197,0.05949804216542284,0.17760557466949967,10.00273960323832,1.0655727210839865,1.0656712492887408,1.3322676295501878e-15,0.0,0,0,9.094947017729282e-13,0.6549011290706134,0.0,-0.11422254139419508,4.440892098500626e-16,0.0,2.609024107869118e-15,2.220446049250313e-16
W_amp0.5_T12.0,W,0.5,12.0,11.8,0.8333333333333334,0.007370613883670197,0.05949804216542284,0.17760557466949967,10.0027365755783,1.065572796519923,1.065671209961915,1.3322676295501878e-15,0.0,0,0,9.094947017729282e-13,0.6549011290706134,0.0,-0.1142225413861464,2.220446049250313e-16,0.0,2.609024107869118e-15,2.220446049250313e-16
W_amp0.5_T12.0,W,0.5,12.0,11.850000000000001,0.8333333333333334,0.007370613883670197,0.05949804216542284,0.17760557466949967,10.00273355142702,1.065572871573789,1.0656711706602966,1.3322676295501878e-15,0.0,0,0,1.3642420526593924e-12,0.6549011290706134,0.0,-0.1142225413787683,2.220446049250313e-16,0.0,2.609024107869118e-15,2.220446049250313e-16
W_amp0.5_T12.0,W,0.5,12.0,11.9,0.8333333333333334,0.007370613883670197,0.05949804216542284,0.17760557466949967,10.002730530771313,1.0655729462547916,1.0656711313838265,1.3322676295501878e-15,0.0,0,0,9.094947017729282e-13,0.6549011290706134,0.0,-0.1142225413725082,4.440892098500626e-16,0.0,2.609024107869118e-15,2.220446049250313e-16
W_amp0.5_T12.0,W,0.5,12.0,11.950000000000001,0.8333333333333334,0.007370613883670197,0.05949804216542284,0.17760557466949967,10.002727513598316,1.065573020571892,1.0656710921324453,1.3322676295501878e-15,0.0,0,0,1.3642420526593924e-12,0.6549011290706134,0.0,-0.11422254136758947,4.440892098500626e-16,0.0,2.609024107869118e-15,2.220446049250313e-16
W_amp0.5_T12.0,W,0.5,12.0,12.0,0.8333333333333334,0.007370613883670197,0.05949804216542284,0.17760557466949967,10.002724499895477,1.0655730945338102,1.065671052906098,1.3322676295501878e-15,0.0,0,0,0.0,0.6549011290706134,0.0,-0.11422254136378873,4.440892098500626e-16,0.0,2.609024107869118e-15,2.220446049250313e-16
W_amp0.25_T12.0,W,0.25,12.0,0.0,0.8333333333333334,0.007370613883670197,0.05949804216542284,0.17760557466949967,10.000000002223675,1.0655861325837346,1.0656555982049194,0.0,0.0,0,0,9.094947017729282e-13,0.6549011290706134,0.0,-0.11423236519234958,4.440892098500626e-16,0.0,2.609024107869118e-15,2.220446049250313e-16
W_amp0.25_T12.0,W,0.25,12.0,0.05,0.8333337444315775,0.007370613883670197,0.05949804216542284,0.17760557466949967,9.999997226340199,1.0655864500396648,1.0656556025308546,0.0,0.0,0,0,9.094947017729282e-13,0.6549013101910934,0.0,-0.11423184657163854,4.440892098500626e-16,0.0,2.3314683517128287e-15,2.220446049250313e-16
W_amp0.25_T12.0,W,0.25,12.0,0.1,0.8333349761038927,0.007370613883670197,0.05949804216542284,0.17760557466949967,9.99999447902099,1.0655877991577776,1.065655611983244,0.0,0.0,0,0,9.094947017729282e-13,0.6549018528375736,0.0,-0.11423018744893576,4.440892098500626e-16,0.0,2.3869795029440866e-15,2.220446049250313e-16
W_amp0.25_T12.0,W,0.25,12.0,0.15000000000000002,0.8333370234894315,0.007370613883670197,0.05949804216542284,0.17760557466949967,9.999991833587854,1.065590173619279,1.0656556265391695,0.0,0.0,0,0,1.3642420526593924e-12,0.6549027548679981,0.0,-0.1142273940416334,4.440892098500626e-16,0.0,2.275957200481571e-15,2.220446049250313e-16
W_amp0.25_T12.0,W,0.25,12.0,0.2,0.8333398785080983,0.007370613883670197,0.05949804216542284,0.17760557466949967,9.99998936294897,1.0655935630951026,1.0656556461547115,0.0,0.0,0,0,9.094947017729282e-13,0.6549040127216761,0.0,-0.11422347703976654,4.440892098500626e-16,0.0,2.55351295663786e-15,2.220446049250313e-16
W_amp0.25_T12.0,W,0.25,12.0,0.25,0.8333435298924385,0.007370613883670197,0.05949804216542284,0.17760557466949967,9.999987139312653,1.0655979532856437,1.0656556707652114,0.0,0.0,0,0,1.3642420526593924e-12,0.6549056214333473,0.0,-0.11421845156471999,4.440892098500626e-16,0.0,2.4424906541753444e-15,2.220446049250313e-16
W_amp0.25_T12.0,W,0.25,12.0,0.30000000000000004,0.8333479632321067,0.007370613883670197,0.05949804216542284,0.17760557466949967,9.999985233903818,1.0656033259762239,1.0656557002855964,0.0,0.0,0,0,1.3642420526593924e-12,0.6549075746527943,0.0,-0.11421233710803347,4.440892098500626e-16,0.0,2.4424906541753444e-15,2.220446049250313e-16
W_amp0.25_T12.0,W,0.25,12.0,0.35000000000000003,0.8333531610307362,0.007370613883670197,0.05949804216542284,0.17760557466949967,9.999983716684284,1.065609659108049,1.0656557346107693,0.0,0.0,0,0,9.094947017729282e-13,0.6549098646699254,0.0,-0.11420515745659165,4.440892098500626e-16,0.0,2.3869795029440866e-15,2.220446049250313e-16
W_amp0.25_T12.0,W,0.25,12.0,0.4,0.8333591027749909,0.007370613883670197,0.05949804216542284,0.17760557466949967,9.999982656078023,1.0656169268643914,1.0656557736160632,0.0,0.0,0,0,9.094947017729282e-13,0.6549124824452295,0.0,-0.1141969405960046,4.440892098500626e-16,0.0,2.4980018054066022e-15,2.220446049250313e-16
W_amp0.25_T12.0,W,0.25,12.0,0.45,0.8333657650155204,0.007370613883670197,0.05949804216542284,0.17760557466949967,9.999982118702412,1.0656250997716419,1.065655817157764,0.0,0.0,0,0,9.094947017729282e-13,0.6549154176454781,0.0,-0.11418771860440513,4.440892098500626e-16,0.0,2.55351295663786e-15,2.220446049250313e-16
W_amp0.25_T12.0,W,0.25,12.0,0.5,0.8333731214595053,0.007370613883670197,0.05949804216542284,0.17760557466949967,9.999982169106584,1.0656341448148292,1.0656558650737,0.0,0.0,0,0,1.3642420526593924e-12,0.6549186586845414,0.0,-0.11417752752345911,2.220446049250313e-16,0.0,2.4424906541753444e-15,2.220446049250313e-16
W_amp0.25_T12.0,W,0.25,12.0,0.55,0.8333811430744217,0.007370613883670197,0.05949804216542284,0.17760557466949967,9.999982869517886,1.065644025567152,1.0656559171839017,2.220446049250313e-16,0.0,0,0,1.3642420526593924e-12,0.6549221927691458,0.0,-0.11416640721648608,4.440892098500626e-16,0.0,2.4980018054066022e-15,2.220446049250313e-16
W_amp0.25_T12.0,W,0.25,12.0,0.6000000000000001,0.8333897982026206,0.007370613883670197,0.05949804216542284,0.17760557466949967,9.999984279597447,1.0656547023330076,1.0656559732913222,0.0,0.0,0,0,1.3642420526593924e-12,0.6549260059494024,0.0,-0.11415440121268072,0.0,0.0,2.3314683517128287e-15,2.220446049250313e-16
W_amp0.25_T12.0,W,0.25,12.0,0.65,0.8333990526862649,0.007370613883670197,0.05949804216542284,0.17760557466949967,9.999986456205825,1.065666132303958,1.0656560331826237,0.0,0.0,0,0,1.3642420526593924e-12,0.6549300831738996,0.0,-0.11414155653649383,4.440892098500626e-16,0.0,2.55351295663786e-15,2.220446049250313e-16
W_amp0.25_T12.0,W,0.25,12.0,0.7000000000000001,0.8334088700021357,0.007370613883670197,0.05949804216542284,0.17760557466949967,9.999989453179658,1.0656782697269978,1.0656560966290283,2.220446049250313e-16,0.0,0,0,9.094947017729282e-13,0.6549344083491427,0.0,-0.11412792351950074,4.440892098500626e-16,0.0,2.220446049250313e-15,2.220446049250313e-16
W_amp0.25_T12.0,W,0.25,12.0,0.75,0.8334192114057725,0.007370613883670197,0.05949804216542284,0.17760557466949967,9.999993321120215,1.065691066084482,1.0656561633872221,0.0,0.0,0,0,1.3642420526593924e-12,0.6549389644031105,0.0,-0.11411355560464487,4.440892098500626e-16,0.0,2.3314683517128287e-15,2.220446049250313e-16
W_amp0.25_T12.0,W,0.25,12.0,0.8,0.8334300360843794,0.007370613883670197,0.05949804216542284,0.17760557466949967,9.999998107194621,1.065704470284984,1.0656562332003205,0.0,0.0,0,0,9.094947017729282e-13,0.6549437333526673,0.0,-0.11409850913470998,4.440892098500626e-16,0.0,2.6645352591003757e-15,2.220446049250313e-16
W_amp0.25_T12.0,W,0.25,12.0,0.8500000000000001,0.8334413013178954,0.007370613883670197,0.05949804216542284,0.17760557466949967,10.000003854950645,1.0657184288643367,1.0656563057988806,2.220446049250313e-16,0.0,0,0,9.094947017729282e-13,0.6549486963745761,0.0,-0.11408284313053274,4.440892098500626e-16,0.0,2.55351295663786e-15,2.220446049250313e-16
W_amp0.25_T12.0,W,0.25,12.0,0.9,0.8334529626475906,0.007370613883670197,0.05949804216542284,0.17760557466949967,10.000010604145697,1.0657328861960667,1.0656563809019666,2.220446049250313e-16,0.0,0,0,9.094947017729282e-13,0.654953833879821,0.0,-0.11406661905850135,4.440892098500626e-16,0.0,2.609024107869118e-15,2.220446049250313e-16
W_amp0.25_T12.0,W,0.25,12.0,0.9500000000000001,0.833464974051524,0.007370613883670197,0.05949804216542284,0.17760557466949967,10.000018390590723,1.0657477847103787,1.0656564582182564,2.220446049250313e-16,0.0,0,0,1.3642420526593924e-12,0.6549591255909519,0.0,-0.11404990058892306,4.440892098500626e-16,0.0,2.6645352591003757e-15,2.220446049250313e-16
W_amp0.25_T12.0,W,0.25,12.0,1.0,0.833477288126172,0.007370613883670197,0.05949804216542284,0.17760557466949967,10.00002724600968,1.065763065120838,1.0656565374471896,0.0,0.0,0,0,9.094947017729282e-13,0.654964550622143,0.0,-0.11403275334353036,0.0,0.0,2.609024107869118e-15,2.220446049250313e-16
W_amp0.25_T12.0,W,0.25,12.0,1.05,0.8334898562735074,0.007370613883670197,0.05949804216542284,0.17760557466949967,10.000037197915052,1.0657786666578393,1.0656566182801526,0.0,0.0,0,0,9.094947017729282e-13,0.6549700875616484,0.0,-0.11401524463827051,4.440892098500626e-16,0.0,2.4424906541753444e-15,2.220446049250313e-16
W_amp0.25_T12.0,W,0.25,12.0,1.1,0.8335026288927948,0.007370613883670197,0.05949804216542284,0.17760557466949967,10.000048269499981,1.0657945273079605,1.0656567004016924,2.220446049250313e-16,0.0,0,0,9.094947017729282e-13,0.6549757145563311,0.0,-0.11399744321746197,4.440892098500626e-16,0.0,2.3869795029440866e-15,2.220446049250313e-16
W_amp0.25_T12.0,W,0.25,12.0,1.1500000000000001,0.8335155555763407,0.007370613883670197,0.05949804216542284,0.17760557466949967,10.0000604795474,1.065810584058239,1.0656567834907602,0.0,0.0,0,0,9.094947017729282e-13,0.6549814093979275,0.0,-0.11397941898217279,4.440892098500626e-16,0.0,2.55351295663786e-15,2.220446049250313e-16
W_amp0.25_T12.0,W,0.25,12.0,1.2000000000000002,0.8335285853084314,0.007370613883670197,0.05949804216542284,0.17760557466949967,10.000073842356548,1.0658267731444124,1.065656867221973,2.220446049250313e-16,0.0,0,0,9.094947017729282e-13,0.6549871496107118,0.0,-0.11396124271566355,4.440892098500626e-16,0.0,2.3869795029440866e-15,2.220446049250313e-16
W_amp0.25_T12.0,W,0.25,12.0,1.25,0.8335416666666667,0.007370613883670197,0.05949804216542284,0.17760557466949967,10.00008836768715,1.0658430303021438,1.0656569512668947,2.220446049250313e-16,0.0,0,0,1.3642420526593924e-12,0.6549929125402091,0.0,-0.11394298580342044,2.220446049250313e-16,0.0,2.609024107869118e-15,2.220446049250313e-16
W_amp0.25_T12.0,W,0.25,12.0,1.3,0.8335547480249019,0.007370613883670197,0.05949804216542284,0.17760557466949967,10.00010406072148,1.0658592910202394,1.0656570352953283,2.220446049250313e-16,0.0,0,0,1.3642420526593924e-12,0.6549986754426096,0.0,-0.11392471995087972,4.440892098500626e-16,0.0,2.4424906541753444e-15,2.220446049250313e-16
W_amp0.25_T12.0,W,0.25,12.0,1.35,0.8335677777569926,0.007370613883670197,0.05949804216542284,0.17760557466949967,10.000120922044491,1.065875490794859,1.0656571189766124,2.220446049250313e-16,0.0,0,0,9.094947017729282e-13,0.655004415574531,0.0,-0.11390651690130937,4.440892098500626e-16,0.0,2.4980018054066022e-15,2.220446049250313e-16
W_amp0.25_T12.0,W,0.25,12.0,1.4000000000000001,0.8335807044405388,0.007370613883670197,0.05949804216542284,0.17760557466949967,10.000138947642068,1.0658915653837115,1.065657201980924,2.220446049250313e-16,0.0,0,0,1.3642420526593924e-12,0.6550101102827738,0.0,-0.11388844815205257,4.440892098500626e-16,0.0,2.4980018054066022e-15,2.220446049250313e-16
W_amp0.25_T12.0,W,0.25,12.0,1.4500000000000002,0.833593477059826,0.007370613883670197,0.05949804216542284,0.17760557466949967,10.000158128917395,1.065907451059235,1.0656572839805727,0.0,0.0,0,0,9.094947017729282e-13,0.6550157370937146,0.0,-0.11387058467405642,4.440892098500626e-16,0.0,2.4980018054066022e-15,2.220446049250313e-16
W_amp0.25_T12.0,W,0.25,12.0,1.5,0.8336060452071614,0.007370613883670197,0.05949804216542284,0.17760557466949967,10.00017845272545,1.0659230848597687,1.0656573646512886,0.0,0.0,0,0,1.3642420526593924e-12,0.6550212738019884,0.0,-0.11385299662819715,4.440892098500626e-16,0.0,2.6645352591003757e-15,2.220446049250313e-16
W_amp0.25_T12.0,W,0.25,12.0,1.55,0.8336183592818094,0.007370613883670197,0.05949804216542284,0.17760557466949967,10.0001999014254,1.0659384048377134,1.0656574436734951,0.0,0.0,0,0,9.094947017729282e-13,0.6550266985581044,0.0,-0.11383575309136229,4.440892098500626e-16,0.0,2.1649348980190553e-15,2.220446049250313e-16
W_amp0.25_T12.0,W,0.25,12.0,1.6,0.8336303706857427,0.007370613883670197,0.05949804216542284,0.17760557466949967,10.00022245295077,1.065953350303704,1.065657520733565,4.440892098500626e-16,0.0,0,0,9.094947017729282e-13,0.6550319899546546,0.0,-0.11381892178310515,4.440892098500626e-16,0.0,2.1649348980190553e-15,2.220446049250313e-16
W_amp0.25_T12.0,W,0.25,12.0,1.6500000000000001,0.833642032015438,0.007370613883670197,0.05949804216542284,0.17760557466949967,10.000246080897064,1.0659678620658393,1.065657595525049,2.220446049250313e-16,0.0,0,0,1.3642420526593924e-12,0.6550371271107748,0.0,-0.11380256879617345,4.440892098500626e-16,0.0,2.3869795029440866e-15,2.220446049250313e-16
W_amp0.25_T12.0,W,0.25,12.0,1.7000000000000002,0.833653297248954,0.007370613883670197,0.05949804216542284,0.17760557466949967,10.000270754626532,1.0659818826630114,1.0656576677498797,2.220446049250313e-16,0.0,0,0,9.094947017729282e-13,0.6550420897545204,0.0,-0.11378675833646157,4.440892098500626e-16,0.0,2.220446049250313e-15,2.220446049250313e-16
W_amp0.25_T12.0,W,0.25,12.0,1.75,0.8336641219275609,0.007370613883670197,0.05949804216542284,0.17760557466949967,10.00029643938964,1.0659953565914262,1.0656577371195373,2.220446049250313e-16,0.0,0,0,9.094947017729282e-13,0.6550468583028398,0.0,-0.11377155246982573,4.440892098500626e-16,0.0,2.1649348980190553e-15,2.220446049250313e-16
W_amp0.25_T12.0,W,0.25,12.0,1.8,0.8336744633311977,0.007370613883670197,0.05949804216542284,0.17760557466949967,10.000323096462786,1.0660082305234106,1.0656578033561823,4.440892098500626e-16,0.0,0,0,9.094947017729282e-13,0.6550514139388232,0.0,-0.11375701087655421,4.440892098500626e-16,0.0,2.220446049250313e-15,2.220446049250313e-16
W_amp0.25_T12.0,W,0.25,12.0,1.85,0.8336842806470685,0.007370613883670197,0.05949804216542284,0.17760557466949967,10.000350683301708,1.0660204535176492,1.065657866193741,4.440892098500626e-16,0.0,0,0,9.094947017729282e-13,0.6550557386859274,0.0,-0.11374319061468419,4.440892098500626e-16,0.0,2.3314683517128287e-15,2.220446049250313e-16
W_amp0.25_T12.0,W,0.25,12.0,1.9000000000000001,0.8336935351307129,0.007370613883670197,0.05949804216542284,0.17760557466949967,10.000379153710014,1.0660319772200175,1.0656579253789475,4.440892098500626e-16,0.0,0,0,1.3642420526593924e-12,0.6550598154788825,0.0,-0.11373014589533015,4.440892098500626e-16,0.0,2.220446049250313e-15,2.220446049250313e-16
W_amp0.25_T12.0,W,0.25,12.0,1.9500000000000002,0.8337021902589117,0.007370613883670197,0.05949804216542284,0.17760557466949967,10.000408458022116,1.066042756054228,1.0656579806723294,4.440892098500626e-16,0.0,0,0,1.3642420526593924e-12,0.6550636282310001,0.0,-0.11371792786690071,4.440892098500626e-16,0.0,2.275957200481571e-15,2.220446049250313e-16
W_amp0.25_T12.0,W,0.25,12.0,2.0,0.8337102118738281,0.007370613883670197,0.05949804216542284,0.17760557466949967,10.000438543299879,1.0660527474015165,1.0656580318491473,4.440892098500626e-16,0.0,0,0,1.3642420526593924e-12,0.6550671618976202,0.0,-0.11370658441441517,4.440892098500626e-16,0.0,2.275957200481571e-15,2.220446049250313e-16
W_amp0.25_T12.0,W,0.25,12.0,2.0500000000000003,0.833717568317813,0.007370613883670197,0.05949804216542284,0.17760557466949967,10.000469353542229,1.0660619117686845,1.0656580787002663,4.440892098500626e-16,0.0,0,0,1.3642420526593924e-12,0.6550704025354458,0.0,-0.11369615996912641,4.440892098500626e-16,0.0,2.3314683517128287e-15,2.220446049250313e-16
W_amp0.25_T12.0,W,0.25,12.0,2.1,0.8337242305583425,0.007370613883670197,0.05949804216542284,0.17760557466949967,10.000500829906859,1.0660702129438169,1.0656581210329694,4.440892098500626e-16,0.0,0,0,1.3642420526593924e-12,0.6550733373575315,0.0,-0.11368669533233522,4.440892098500626e-16,0.0,2.1094237467877974e-15,2.220446049250313e-16
W_amp0.25_T12.0,W,0.25,12.0,2.15,0.8337301723025972,0.007370613883670197,0.05949804216542284,0.17760557466949967,10.000532910943146,1.066077618139067,1.0656581586717087,2.220446049250313e-16,0.0,0,0,9.094947017729282e-13,0.6550759547837106,0.0,-0.1136782275158783,4.440892098500626e-16,0.0,2.1649348980190553e-15,2.220446049250313e-16
W_amp0.25_T12.0,W,0.25,12.0,2.2,0.8337353701012268,0.007370613883670197,0.05949804216542284,0.17760557466949967,10.000565532835434,1.0660840981199446,1.0656581914587808,4.440892098500626e-16,0.0,0,0,9.094947017729282e-13,0.6550782444862613,0.0,-0.11367078959277,4.440892098500626e-16,0.0,2.1649348980190553e-15,2.220446049250313e-16
W_amp0.25_T12.0,W,0.25,12.0,2.25,0.8337398034408948,0.007370613883670197,0.05949804216542284,0.17760557466949967,10.000598629655633,1.0660896273205978,1.0656582192549386,4.440892098500626e-16,0.0,0,0,1.3642420526593924e-12,0.6550801974306331,0.0,-0.11366441056886267,2.220446049250313e-16,0.0,2.220446049250313e-15,2.220446049250313e-16
W_amp0.25_T12.0,W,0.25,12.0,2.3000000000000003,0.8337434548252353,0.007370613883670197,0.05949804216542284,0.17760557466949967,10.000632133624165,1.0660941839446354,1.0656582419399232,4.440892098500626e-16,0.0,0,0,9.094947017729282e-13,0.6550818059110727,0.0,-0.11365911526642525,4.440892098500626e-16,0.0,2.220446049250313e-15,2.220446049250313e-16
W_amp0.25_T12.0,W,0.25,12.0,2.35,0.8337463098439019,0.007370613883670197,0.05949804216542284,0.17760557466949967,10.000665975378286,1.0660977500510835,1.0656582594129258,4.440892098500626e-16,0.0,0,0,9.094947017729282e-13,0.6550830635810089,0.0,-0.11365492422658074,4.440892098500626e-16,0.0,2.1649348980190553e-15,2.220446049250313e-16
W_amp0.25_T12.0,W,0.25,12.0,2.4000000000000004,0.8337483572294406,0.007370613883670197,0.05949804216542284,0.17760557466949967,10.000700084246619,1.0661003116251515,1.0656582715929686,2.220446049250313e-16,0.0,0,0,9.094947017729282e-13,0.6550839654780796,0.0,-0.11365185362829378,4.440892098500626e-16,0.0,2.1649348980190553e-15,2.220446049250313e-16
W_amp0.25_T12.0,W,0.25,12.0,2.45,0.8337495889017559,0.007370613883670197,0.05949804216542284,0.17760557466949967,10.0007343885289,1.066101858633512,1.0656582784192068,2.220446049250313e-16,0.0,0,0,1.3642420526593924e-12,0.6550845080436969,0.0,-0.11364991522267243,4.440892098500626e-16,0.0,2.1649348980190553e-15,2.220446049250313e-16
W_amp0.25_T12.0,W,0.25,12.0,2.5,0.83375,0.007370613883670197,0.05949804216542284,0.17760557466949967,10.000768815779775,1.0661023850638915,1.0656582798511534,2.220446049250313e-16,0.0,0,0,9.094947017729282e-13,0.6550846891370802,0.0,-0.11364911628818741,4.440892098500626e-16,0.0,2.1094237467877974e-15,2.220446049250313e-16
W_amp0.25_T12.0,W,0.25,12.0,2.5500000000000003,0.8337495889017559,0.007370613883670197,0.05949804216542284,0.17760557466949967,10.000803293095561,1.066101888948806,1.065658275868819,4.440892098500626e-16,0.0,0,0,9.094947017729282e-13,0.6550845080436969,0.0,-0.1136494596020805,4.440892098500626e-16,0.0,2.1649348980190553e-15,2.220446049250313e-16
W_amp0.25_T12.0,W,0.25,12.0,2.6,0.8337483572294406,0.007370613883670197,0.05949804216542284,0.17760557466949967,10.000837747402825,1.0661003723733502,1.0656582664727738,4.440892098500626e-16,0.0,0,0,1.3642420526593924e-12,0.6550839654780796,0.0,-0.11365094342670945,4.440892098500626e-16,0.0,2.1649348980190553e-15,2.220446049250313e-16
W_amp0.25_T12.0,W,0.25,12.0,2.6500000000000004,0.8337463098439019,0.007370613883670197,0.05949804216542284,0.17760557466949967,10.000872105747607,1.0660978414670137,1.0656582516841244,4.440892098500626e-16,0.0,0,0,9.094947017729282e-13,0.6550830635810089,0.0,-0.11365356151871375,4.440892098500626e-16,0.0,2.1649348980190553e-15,2.220446049250313e-16
W_amp0.25_T12.0,W,0.25,12.0,2.7,0.8337434548252353,0.007370613883670197,0.05949804216542284,0.17760557466949967,10.000906295584217,1.0660943063795485,1.065658231544412,4.440892098500626e-16,0.0,0,0,9.094947017729282e-13,0.6550818059110727,0.0,-0.11365730315356615,4.440892098500626e-16,0.0,2.220446049250313e-15,2.220446049250313e-16
W_amp0.25_T12.0,W,0.25,12.0,2.75,0.8337398034408948,0.007370613883670197,0.05949804216542284,0.17760557466949967,10.00094024506239,1.0660897812409909,1.065658206115427,4.440892098500626e-16,0.0,0,0,9.094947017729282e-13,0.6550801974306331,0.0,-0.11366215316675721,4.440892098500626e-16,0.0,2.220446049250313e-15,2.220446049250313e-16
W_amp0.25_T12.0,W,0.25,12.0,2.8000000000000003,0.8337353701012268,0.007370613883670197,0.05949804216542284,0.17760557466949967,10.000973883311698,1.0660842841059948,1.065658175478943,4.440892098500626e-16,0.0,0,0,9.094947017729282e-13,0.6550782444862613,0.0,-0.11366809201478434,4.440892098500626e-16,0.0,2.1649348980190553e-15,2.220446049250313e-16
W_amp0.25_T12.0,W,0.25,12.0,2.85,0.8337301723025972,0.007370613883670197,0.05949804216542284,0.17760557466949967,10.001007140722098,1.0660778368826849,1.0656581397363727,4.440892098500626e-16,0.0,0,0,1.3642420526593924e-12,0.6550759547837106,0.0,-0.11367509585257163,4.440892098500626e-16,0.0,2.1649348980190553e-15,2.220446049250313e-16
W_amp0.25_T12.0,W,0.25,12.0,2.9000000000000004,0.8337242305583425,0.007370613883670197,0.05949804216542284,0.17760557466949967,10.00103994921948,1.0660704652463309,1.065658099008345,4.440892098500626e-16,0.0,0,0,1.3642420526593924e-12,0.6550733373575315,0.0,-0.11368313662587459,4.440892098500626e-16,0.0,2.1094237467877974e-15,2.220446049250313e-16
W_amp0.25_T12.0,W,0.25,12.0,2.95,0.833717568317813,0.007370613883670197,0.05949804216542284,0.17760557466949967,10.001072242535168,1.0660621985381633,1.065658053434206,4.440892098500626e-16,0.0,0,0,1.3642420526593924e-12,0.6550704025354458,0.0,-0.11369218218567889,4.440892098500626e-16,0.0,2.3314683517128287e-15,2.220446049250313e-16
W_amp0.25_T12.0,W,0.25,12.0,3.0,0.8337102118738281,0.007370613883670197,0.05949804216542284,0.17760557466949967,10.001103956468237,1.0660530696497443,1.0656580031714404,4.440892098500626e-16,0.0,0,0,9.094947017729282e-13,0.6550671618976202,0.0,-0.11370219641205614,4.440892098500626e-16,0.0,2.275957200481571e-15,2.220446049250313e-16
W_amp0.25_T12.0,W,0.25,12.0,3.0500000000000003,0.8337021902589117,0.007370613883670197,0.05949804216542284,0.17760557466949967,10.001135029139721,1.0660431148933383,1.0656579483950317,4.440892098500626e-16,0.0,0,0,9.094947017729282e-13,0.6550636282310001,0.0,-0.11371313935859262,4.440892098500626e-16,0.0,2.275957200481571e-15,2.220446049250313e-16
W_amp0.25_T12.0,W,0.25,12.0,3.1,0.8336935351307129,0.007370613883670197,0.05949804216542284,0.17760557466949967,10.001165401237596,1.0660323738588078,1.0656578892967397,4.440892098500626e-16,0.0,0,0,9.094947017729282e-13,0.6550598154788825,0.0,-0.11372496741100213,4.440892098500626e-16,0.0,2.220446049250313e-15,2.220446049250313e-16
W_amp0.25_T12.0,W,0.25,12.0,3.1500000000000004,0.8336842806470685,0.007370613883670197,0.05949804216542284,0.17760557466949967,10.001195016251614,1.0660208892575873,1.06565782608432,2.220446049250313e-16,0.0,0,0,1.3642420526593924e-12,0.6550557386859274,0.0,-0.11373763345704146,2.220446049250313e-16,0.0,2.3314683517128287e-15,2.220446049250313e-16
W_amp0.25_T12.0,W,0.25,12.0,3.2,0.8336744633311977,0.007370613883670197,0.05949804216542284,0.17760557466949967,10.00122382069709,1.0660087067543553,1.065657758980675,4.440892098500626e-16,0.0,0,0,1.3642420526593924e-12,0.6550514139388232,0.0,-0.1137510870762155,4.440892098500626e-16,0.0,2.220446049250313e-15,2.220446049250313e-16
W_amp0.25_T12.0,W,0.25,12.0,3.25,0.8336641219275609,0.007370613883670197,0.05949804216542284,0.17760557466949967,10.00125176432671,1.0659958747870695,1.065657688222947,4.440892098500626e-16,0.0,0,0,9.094947017729282e-13,0.6550468583028398,0.0,-0.11376527473620901,4.440892098500626e-16,0.0,2.1649348980190553e-15,2.220446049250313e-16
W_amp0.25_T12.0,W,0.25,12.0,3.3000000000000003,0.833653297248954,0.007370613883670197,0.05949804216542284,0.17760557466949967,10.001278800329569,1.0659824443760746,1.0656576140615512,4.440892098500626e-16,0.0,0,0,9.094947017729282e-13,0.6550420897545204,0.0,-0.11378014000620995,4.440892098500626e-16,0.0,2.220446049250313e-15,2.220446049250313e-16
W_amp0.25_T12.0,W,0.25,12.0,3.35,0.833642032015438,0.007370613883670197,0.05949804216542284,0.17760557466949967,10.001304885516603,1.0659684689230406,1.0656575367591579,4.440892098500626e-16,0.0,0,0,9.094947017729282e-13,0.6550371271107748,0.0,-0.11379562378001906,4.440892098500626e-16,0.0,2.3869795029440866e-15,2.220446049250313e-16
W_amp0.25_T12.0,W,0.25,12.0,3.4000000000000004,0.8336303706857427,0.007370613883670197,0.05949804216542284,0.17760557466949967,10.00132998049174,1.0659540040005115,1.065657456589625,4.440892098500626e-16,0.0,0,0,9.094947017729282e-13,0.6550319899546546,0.0,-0.11381166450781488,4.440892098500626e-16,0.0,2.1649348980190553e-15,2.220446049250313e-16
W_amp0.25_T12.0,W,0.25,12.0,3.45,0.8336183592818094,0.007370613883670197,0.05949804216542284,0.17760557466949967,10.001354049808041,1.0659391071329165,1.065657373836883,4.440892098500626e-16,0.0,0,0,1.3642420526593924e-12,0.6550266985581044,0.0,-0.11382819844169112,0.0,0.0,2.1649348980190553e-15,2.220446049250313e-16
W_amp0.25_T12.0,W,0.25,12.0,3.5,0.8336060452071614,0.007370613883670197,0.05949804216542284,0.17760557466949967,10.001377062108295,1.0659238375698905,1.065657288793782,4.440892098500626e-16,0.0,0,0,1.3642420526593924e-12,0.6550212738019884,0.0,-0.11384515988571642,4.440892098500626e-16,0.0,2.6645352591003757e-15,2.220446049250313e-16
W_amp0.25_T12.0,W,0.25,12.0,3.5500000000000003,0.833593477059826,0.007370613883670197,0.05949804216542284,0.17760557466949967,10.001398990249399,1.0659082560528021,1.0656572017609007,4.440892098500626e-16,0.0,0,0,9.094947017729282e-13,0.6550157370937146,0.0,-0.11386248145711053,4.440892098500626e-16,0.0,2.4980018054066022e-15,2.220446049250313e-16
W_amp0.25_T12.0,W,0.25,12.0,3.6,0.8335807044405388,0.007370613883670197,0.05949804216542284,0.17760557466949967,10.001419811410159,1.0658924245754229,1.065657113045324,4.440892098500626e-16,0.0,0,0,9.094947017729282e-13,0.6550101102827738,0.0,-0.11388009435035662,2.220446049250313e-16,0.0,2.4980018054066022e-15,2.220446049250313e-16
W_amp0.25_T12.0,W,0.25,12.0,3.6500000000000004,0.8335677777569926,0.007370613883670197,0.05949804216542284,0.17760557466949967,10.001439507182003,1.0658764061396608,1.0656570229593938,4.440892098500626e-16,0.0,0,0,9.094947017729282e-13,0.655004415574531,0.0,-0.11389792861123138,4.440892098500626e-16,0.0,2.4980018054066022e-15,2.220446049250313e-16
W_amp0.25_T12.0,W,0.25,12.0,3.7,0.8335547480249019,0.007370613883670197,0.05949804216542284,0.17760557466949967,10.001458063642305,1.0658602645073492,1.0656569318194373,4.440892098500626e-16,0.0,0,0,1.3642420526593924e-12,0.6549986754426096,0.0,-0.1139159134105101,0.0,0.0,2.4424906541753444e-15,2.220446049250313e-16
W_amp0.25_T12.0,W,0.25,12.0,3.75,0.8335416666666667,0.007370613883670197,0.05949804216542284,0.17760557466949967,10.001475471409968,1.0658440639490467,1.0656568399444781,4.440892098500626e-16,0.0,0,0,9.094947017729282e-13,0.6549929125402091,0.0,-0.11393397732564225,4.440892098500626e-16,0.0,2.609024107869118e-15,2.220446049250313e-16
W_amp0.25_T12.0,W,0.25,12.0,3.8000000000000003,0.8335285853084314,0.007370613883670197,0.05949804216542284,0.17760557466949967,10.001491725683149,1.065827868990856,1.0656567476549363,4.440892098500626e-16,0.0,0,0,1.3642420526593924e-12,0.6549871496107118,0.0,-0.11395204862168429,4.440892098500626e-16,0.0,2.3869795029440866e-15,2.220446049250313e-16
W_amp0.25_T12.0,W,0.25,12.0,3.85,0.8335155555763407,0.007370613883670197,0.05949804216542284,0.17760557466949967,10.001506826258879,1.0658117441602528,1.0656566552713187,4.440892098500626e-16,0.0,0,0,1.3642420526593924e-12,0.6549814093979275,0.0,-0.11397005553439898,4.440892098500626e-16,0.0,2.55351295663786e-15,2.220446049250313e-16
W_amp0.25_T12.0,W,0.25,12.0,3.9000000000000004,0.8335026288927948,0.007370613883670197,0.05949804216542284,0.17760557466949967,10.001520777534585,1.0657957537319394,1.0656565631129098,4.440892098500626e-16,0.0,0,0,1.3642420526593924e-12,0.6549757145563311,0.0,-0.11398792655305967,4.440892098500626e-16,0.0,2.3869795029440866e-15,2.220446049250313e-16
W_amp0.25_T12.0,W,0.25,12.0,3.95,0.8334898562735074,0.007370613883670197,0.05949804216542284,0.17760557466949967,10.001533588491451,1.0657799614747065,1.0656564714964638,4.440892098500626e-16,0.0,0,0,1.3642420526593924e-12,0.6549700875616484,0.0,-0.11400559070363459,4.440892098500626e-16,0.0,2.4424906541753444e-15,2.220446049250313e-16
W_amp0.25_T12.0,W,0.25,12.0,4.0,0.833477288126172,0.007370613883670197,0.05949804216542284,0.17760557466949967,10.001545272659738,1.065764430400331,1.0656563807349069,4.440892098500626e-16,0.0,0,0,9.094947017729282e-13,0.654964550622143,0.0,-0.11402297782697879,4.440892098500626e-16,0.0,2.609024107869118e-15,2.220446049250313e-16
W_amp0.25_T12.0,W,0.25,12.0,4.05,0.833464974051524,0.007370613883670197,0.05949804216542284,0.17760557466949967,10.001555848066172,1.0657492225154754,1.0656562911360492,4.440892098500626e-16,0.0,0,0,1.3642420526593924e-12,0.6549591255909519,0.0,-0.11404001885698256,4.440892098500626e-16,0.0,2.6645352591003757e-15,2.220446049250313e-16
W_amp0.25_T12.0,W,0.25,12.0,4.1000000000000005,0.8334529626475906,0.007370613883670197,0.05949804216542284,0.17760557466949967,10.001565337163616,1.0657343985775876,1.0656562030013175,4.440892098500626e-16,0.0,0,0,9.094947017729282e-13,0.654953833879821,0.0,-0.11405664609287935,4.440892098500626e-16,0.0,2.609024107869118e-15,2.220446049250313e-16
W_amp0.25_T12.0,W,0.25,12.0,4.15,0.8334413013178954,0.007370613883670197,0.05949804216542284,0.17760557466949967,10.00157376674332,1.0657200178557547,1.06565611662451,4.440892098500626e-16,0.0,0,0,1.3642420526593924e-12,0.6549486963745761,0.0,-0.11407279346375598,4.440892098500626e-16,0.0,2.55351295663786e-15,2.220446049250313e-16
W_amp0.25_T12.0,W,0.25,12.0,4.2,0.8334300360843794,0.007370613883670197,0.05949804216542284,0.17760557466949967,10.001581167830096,1.0657061378974606,1.0656560322905793,4.440892098500626e-16,0.0,0,0,9.094947017729282e-13,0.6549437333526673,0.0,-0.11408839679204008,4.440892098500626e-16,0.0,2.6645352591003757e-15,2.220446049250313e-16
W_amp0.25_T12.0,W,0.25,12.0,4.25,0.8334192114057725,0.007370613883670197,0.05949804216542284,0.17760557466949967,10.001587575560826,1.0656928143021707,1.0656559502744454,4.440892098500626e-16,0.0,0,0,9.094947017729282e-13,0.6549389644031105,0.0,-0.11410339404443559,4.440892098500626e-16,0.0,2.3314683517128287e-15,2.220446049250313e-16
W_amp0.25_T12.0,W,0.25,12.0,4.3,0.8334088700021357,0.007370613883670197,0.05949804216542284,0.17760557466949967,10.001593029046784,1.065680100502635,1.0656558708398487,4.440892098500626e-16,0.0,0,0,1.3642420526593924e-12,0.6549344083491427,0.0,-0.11411772557647293,4.440892098500626e-16,0.0,2.220446049250313e-15,2.220446049250313e-16
W_amp0.25_T12.0,W,0.25,12.0,4.3500000000000005,0.8333990526862649,0.007370613883670197,0.05949804216542284,0.17760557466949967,10.001597571220342,1.065668047554776,1.0656557942382427,4.440892098500626e-16,0.0,0,0,9.094947017729282e-13,0.6549300831738996,0.0,-0.11413133436837186,4.440892098500626e-16,0.0,2.55351295663786e-15,2.220446049250313e-16
W_amp0.25_T12.0,W,0.25,12.0,4.4,0.8333897982026206,0.007370613883670197,0.05949804216542284,0.17760557466949967,10.001601248666645,1.0656567039369857,1.0656557207077317,4.440892098500626e-16,0.0,0,0,9.094947017729282e-13,0.6549260059494024,0.0,-0.11414416624750534,2.220446049250313e-16,0.0,2.3314683517128287e-15,2.220446049250313e-16
W_amp0.25_T12.0,W,0.25,12.0,4.45,0.8333811430744217,0.007370613883670197,0.05949804216542284,0.17760557466949967,10.00160411144091,1.0656461153596475,1.0656556504720598,4.440892098500626e-16,0.0,0,0,9.094947017729282e-13,0.6549221927691458,0.0,-0.1141561701044056,4.440892098500626e-16,0.0,2.4980018054066022e-15,2.220446049250313e-16
W_amp0.25_T12.0,W,0.25,12.0,4.5,0.8333731214595053,0.007370613883670197,0.05949804216542284,0.17760557466949967,10.00160621287213,1.0656363245856055,1.0656555837396502,4.440892098500626e-16,0.0,0,0,1.3642420526593924e-12,0.6549186586845414,0.0,-0.11416729809187509,4.440892098500626e-16,0.0,2.4424906541753444e-15,2.220446049250313e-16
W_amp0.25_T12.0,W,0.25,12.0,4.55,0.8333657650155204,0.007370613883670197,0.05949804216542284,0.17760557466949967,10.001607609353883,1.0656273712623112,1.0656555207027054,4.440892098500626e-16,0.0,0,0,1.3642420526593924e-12,0.6549154176454781,0.0,-0.1141775058140162,4.440892098500626e-16,0.0,2.55351295663786e-15,2.220446049250313e-16
W_amp0.25_T12.0,W,0.25,12.0,4.6000000000000005,0.8333591027749909,0.007370613883670197,0.05949804216542284,0.17760557466949967,10.001608360123118,1.065619291766313,1.065655461536364,4.440892098500626e-16,0.0,0,0,9.094947017729282e-13,0.6549124824452295,0.0,-0.11418675250042809,4.440892098500626e-16,0.0,2.4980018054066022e-15,2.220446049250313e-16
W_amp0.25_T12.0,W,0.25,12.0,4.65,0.8333531610307362,0.007370613883670197,0.05949804216542284,0.17760557466949967,10.001608527027807,1.0656121190606938,1.0656554063979233,4.440892098500626e-16,0.0,0,0,1.3642420526593924e-12,0.6549098646699254,0.0,-0.11419500116734782,2.220446049250313e-16,0.0,2.3869795029440866e-15,2.220446049250313e-16
W_amp0.25_T12.0,W,0.25,12.0,4.7,0.8333479632321067,0.007370613883670197,0.05949804216542284,0.17760557466949967,10.001608174284325,1.0656058825660264,1.065655355426128,4.440892098500626e-16,0.0,0,0,1.3642420526593924e-12,0.6549075746527943,0.0,-0.11420221876243586,4.440892098500626e-16,0.0,2.4424906541753444e-15,2.220446049250313e-16
W_amp0.25_T12.0,W,0.25,12.0,4.75,0.8333435298924385,0.007370613883670197,0.05949804216542284,0.17760557466949967,10.001607368225573,1.0656006080453633,1.0656553087405265,4.440892098500626e-16,0.0,0,0,9.094947017729282e-13,0.6549056214333473,0.0,-0.11420837629532543,4.440892098500626e-16,0.0,2.4424906541753444e-15,2.220446049250313e-16
W_amp0.25_T12.0,W,0.25,12.0,4.800000000000001,0.8333398785080983,0.007370613883670197,0.05949804216542284,0.17760557466949967,10.001606177040792,1.065596317503707,1.0656552664408996,4.440892098500626e-16,0.0,0,0,9.094947017729282e-13,0.6549040127216761,0.0,-0.11421344895119856,2.220446049250313e-16,0.0,2.55351295663786e-15,2.220446049250313e-16
W_amp0.25_T12.0,W,0.25,12.0,4.8500000000000005,0.8333370234894315,0.007370613883670197,0.05949804216542284,0.17760557466949967,10.00160467050815,1.0655930291023674,1.065655228606763,6.661338147750939e-16,0.0,0,0,9.094947017729282e-13,0.6549027548679981,0.0,-0.11421741618874037,4.440892098500626e-16,0.0,2.275957200481571e-15,2.220446049250313e-16
W_amp0.25_T12.0,W,0.25,12.0,4.9,0.8333349761038927,0.007370613883670197,0.05949804216542284,0.17760557466949967,10.001602919721087,1.0655907570885434,1.065655195296944,6.661338147750939e-16,0.0,0,0,9.094947017729282e-13,0.6549018528375736,0.0,-0.11422026182030764,2.220446049250313e-16,0.0,2.3869795029440866e-15,2.220446049250313e-16
W_amp0.25_T12.0,W,0.25,12.0,4.95,0.8333337444315775,0.007370613883670197,0.05949804216542284,0.17760557466949967,10.00160099680955,1.065589511740409,1.0656551665492353,4.440892098500626e-16,0.0,0,0,9.094947017729282e-13,0.6549013101910934,0.0,-0.11422197407535117,4.440892098500626e-16,0.0,2.3314683517128287e-15,2.220446049250313e-16
W_amp0.25_T12.0,W,0.25,12.0,5.0,0.8333333333333334,0.007370613883670197,0.05949804216542284,0.17760557466949967,10.001598974657202,1.0655892993279175,1.0656551423801282,4.440892098500626e-16,0.0,0,0,1.3642420526593924e-12,0.6549011290706134,0.0,-0.11422254564684087,4.440892098500626e-16,0.0,2.609024107869118e-15,2.220446049250313e-16
W_amp0.25_T12.0,W,0.25,12.0,5.050000000000001,0.8333333333333334,0.007370613883670197,0.05949804216542284,0.17760557466949967,10.001596926615735,1.065589600512122,1.0656551205101086,4.440892098500626e-16,0.0,0,0,9.094947017729282e-13,0.6549011290706134,0.0,-0.11422254560995082,4.440892098500626e-16,0.0,2.609024107869118e-15,2.220446049250313e-16
W_amp0.25_T12.0,W,0.25,12.0,5.1000000000000005,0.8333333333333334,0.007370613883670197,0.05949804216542284,0.17760557466949967,10.001594889308645,1.0655898939482102,1.0656550986568902,4.440892098500626e-16,0.0,0,0,9.094947017729282e-13,0.6549011290706134,0.0,-0.11422254557306055,4.440892098500626e-16,0.0,2.609024107869118e-15,2.220446049250313e-16
W_amp0.25_T12.0,W,0.25,12.0,5.15,0.8333333333333334,0.007370613883670197,0.05949804216542284,0.17760557466949967,10.001592862473103,1.0655901798782708,1.0656550768206796,6.661338147750939e-16,0.0,0,0,9.094947017729282e-13,0.6549011290706134,0.0,-0.1142225455363941,4.440892098500626e-16,0.0,2.609024107869118e-15,2.220446049250313e-16
W_amp0.25_T12.0,W,0.25,12.0,5.2,0.8333333333333334,0.007370613883670197,0.05949804216542284,0.17760557466949967,10.001590845854441,1.0655904585355984,1.0656550550016268,6.661338147750939e-16,0.0,0,0,9.094947017729282e-13,0.6549011290706134,0.0,-0.11422254549972766,4.440892098500626e-16,0.0,2.609024107869118e-15,2.220446049250313e-16
W_amp0.25_T12.0,W,0.25,12.0,5.25,0.8333333333333334,0.007370613883670197,0.05949804216542284,0.17760557466949967,10.001588839205859,1.065590730145098,1.065655033199843,4.440892098500626e-16,0.0,0,0,9.094947017729282e-13,0.6549011290706134,0.0,-0.11422254546283761,4.440892098500626e-16,0.0,2.609024107869118e-15,2.220446049250313e-16
W_amp0.25_T12.0,W,0.25,12.0,5.300000000000001,0.8333333333333334,0.007370613883670197,0.05949804216542284,0.17760557466949967,10.001586842288143,1.0655909949236584,1.0656550114154122,4.440892098500626e-16,0.0,0,0,9.094947017729282e-13,0.6549011290706134,0.0,-0.11422254542550037,4.440892098500626e-16,0.0,2.609024107869118e-15,2.220446049250313e-16
W_amp0.25_T12.0,W,0.25,12.0,5.3500000000000005,0.8333333333333334,0.007370613883670197,0.05949804216542284,0.17760557466949967,10.001584854869407,1.0655912530805107,1.0656549896484013,6.661338147750939e-16,0.0,0,0,9.094947017729282e-13,0.6549011290706134,0.0,-0.1142225453886101,4.440892098500626e-16,0.0,2.609024107869118e-15,2.220446049250313e-16
W_amp0.25_T12.0,W,0.25,12.0,5.4,0.8333333333333334,0.007370613883670197,0.05949804216542284,0.17760557466949967,10.001582876724829,1.0655915048175673,1.065654967898865,4.440892098500626e-16,0.0,0,0,1.3642420526593924e-12,0.6549011290706134,0.0,-0.11422254535194365,4.440892098500626e-16,0.0,2.609024107869118e-15,2.220446049250313e-16
W_amp0.25_T12.0,W,0.25,12.0,5.45,0.8333333333333334,0.007370613883670197,0.05949804216542284,0.17760557466949967,10.001580907636402,1.0655917503297352,1.065654946166852,6.661338147750939e-16,0.0,0,0,9.094947017729282e-13,0.6549011290706134,0.0,-0.1142225453152772,4.440892098500626e-16,0.0,2.609024107869118e-15,2.220446049250313e-16
W_amp0.25_T12.0,W,0.25,12.0,5.5,0.8333333333333334,0.007370613883670197,0.05949804216542284,0.17760557466949967,10.00157894739271,1.065591989805217,1.0656549244524083,6.661338147750939e-16,0.0,0,0,9.094947017729282e-13,0.6549011290706134,0.0,-0.11422254527838716,4.440892098500626e-16,0.0,2.609024107869118e-15,2.220446049250313e-16
W_amp0.25_T12.0,W,0.25,12.0,5.550000000000001,0.8333333333333334,0.007370613883670197,0.05949804216542284,0.17760557466949967,10.001576995788696,1.0655922234257937,1.0656549027555777,6.661338147750939e-16,0.0,0,0,1.3642420526593924e-12,0.6549011290706134,0.0,-0.11422254524149689,4.440892098500626e-16,0.0,2.609024107869118e-15,2.220446049250313e-16
W_amp0.25_T12.0,W,0.25,12.0,5.6000000000000005,0.8333333333333334,0.007370613883670197,0.05949804216542284,0.17760557466949967,10.00157505262544,1.0655924513670914,1.0656548810764055,6.661338147750939e-16,0.0,0,0,9.094947017729282e-13,0.6549011290706134,0.0,-0.11422254520483044,4.440892098500626e-16,0.0,2.609024107869118e-15,2.220446049250313e-16
W_amp0.25_T12.0,W,0.25,12.0,5.65,0.8333333333333334,0.007370613883670197,0.05949804216542284,0.17760557466949967,10.001573117709974,1.0655926737988364,1.0656548594149378,6.661338147750939e-16,0.0,0,0,1.3642420526593924e-12,0.6549011290706134,0.0,-0.11422254516771657,4.440892098500626e-16,0.0,2.609024107869118e-15,2.220446049250313e-16
W_amp0.25_T12.0,W,0.25,12.0,5.7,0.8333333333333334,0.007370613883670197,0.05949804216542284,0.17760557466949967,10.001571190855062,1.0655928908850902,1.0656548377712216,6.661338147750939e-16,0.0,0,0,1.3642420526593924e-12,0.6549011290706134,0.0,-0.11422254513082675,4.440892098500626e-16,0.0,2.609024107869118e-15,2.220446049250313e-16
W_amp0.25_T12.0,W,0.25,12.0,5.75,0.8333333333333334,0.007370613883670197,0.05949804216542284,0.17760557466949967,10.00156927187901,1.0655931027844812,1.065654816145306,4.440892098500626e-16,0.0,0,0,9.094947017729282e-13,0.6549011290706134,0.0,-0.1142225450937131,4.440892098500626e-16,0.0,2.609024107869118e-15,2.220446049250313e-16
W_amp0.25_T12.0,W,0.25,12.0,5.800000000000001,0.8333333333333334,0.007370613883670197,0.05949804216542284,0.17760557466949967,10.001567360605497,1.0655933096504155,1.0656547945372423,6.661338147750939e-16,0.0,0,0,1.3642420526593924e-12,0.6549011290706134,0.0,-0.11422254505704643,4.440892098500626e-16,0.0,2.609024107869118e-15,2.220446049250313e-16
W_amp0.25_T12.0,W,0.25,12.0,5.8500000000000005,0.8333333333333334,0.007370613883670197,0.05949804216542284,0.17760557466949967,10.001565456863394,1.065593511631283,1.0656547729470822,6.661338147750939e-16,0.0,0,0,9.094947017729282e-13,0.6549011290706134,0.0,-0.11422254502015639,4.440892098500626e-16,0.0,2.609024107869118e-15,2.220446049250313e-16
W_amp0.25_T12.0,W,0.25,12.0,5.9,0.8333333333333334,0.007370613883670197,0.05949804216542284,0.17760557466949967,10.001563560486588,1.0655937088706504,1.0656547513748782,8.881784197001252e-16,0.0,0,0,1.3642420526593924e-12,0.6549011290706134,0.0,-0.11422254498304252,4.440892098500626e-16,0.0,2.609024107869118e-15,2.220446049250313e-16
W_amp0.25_T12.0,W,0.25,12.0,5.95,0.8333333333333334,0.007370613883670197,0.05949804216542284,0.17760557466949967,10.001561671313825,1.0655939015074463,1.0656547298206842,8.881784197001252e-16,0.0,0,0,9.094947017729282e-13,0.6549011290706134,0.0,-0.11422254494592887,2.220446049250313e-16,0.0,2.609024107869118e-15,2.220446049250313e-16
W_amp0.25_T12.0,W,0.25,12.0,6.0,0.8333333333333334,0.007370613883670197,0.05949804216542284,0.17760557466949967,10.001559789188555,1.0655940896761358,1.0656547082845527,6.661338147750939e-16,0.0,0,0,1.3642420526593924e-12,0.6549011290706134,0.0,-0.11422254490881545,4.440892098500626e-16,0.0,2.609024107869118e-15,2.220446049250313e-16
W_amp0.25_T12.0,W,0.25,12.0,6.050000000000001,0.8333333333333334,0.007370613883670197,0.05949804216542284,0.17760557466949967,10.001557913958777,1.0655942735068868,1.0656546867665377,8.881784197001252e-16,0.0,0,0,1.3642420526593924e-12,0.6549011290706134,0.0,-0.11422254487192518,4.440892098500626e-16,0.0,2.609024107869118e-15,2.220446049250313e-16
W_amp0.25_T12.0,W,0.25,12.0,6.1000000000000005,0.8333333333333334,0.007370613883670197,0.05949804216542284,0.17760557466949967,10.001556045476896,1.0655944531257306,1.0656546652666905,8.881784197001252e-16,0.0,0,0,1.3642420526593924e-12,0.6549011290706134,0.0,-0.11422254483503513,4.440892098500626e-16,0.0,2.609024107869118e-15,2.220446049250313e-16
W_amp0.25_T12.0,W,0.25,12.0,6.15,0.8333333333333334,0.007370613883670197,0.05949804216542284,0.17760557466949967,10.001554183599591,1.0655946286547127,1.065654643785062,8.881784197001252e-16,0.0,0,0,1.3642420526593924e-12,0.6549011290706134,0.0,-0.11422254479814486,4.440892098500626e-16,0.0,2.609024107869118e-15,2.220446049250313e-16
W_amp0.25_T12.0,W,0.25,12.0,6.2,0.8333333333333334,0.007370613883670197,0.05949804216542284,0.17760557466949967,10.00155232818766,1.0655948002120366,1.065654622321701,8.881784197001252e-16,0.0,0,0,1.3642420526593924e-12,0.6549011290706134,0.0,-0.11422254476103122,4.440892098500626e-16,0.0,2.609024107869118e-15,2.220446049250313e-16
W_amp0.25_T12.0,W,0.25,12.0,6.25,0.8333333333333334,0.007370613883670197,0.05949804216542284,0.17760557466949967,10.00155047910592,1.0655949679122034,1.065654600876655,8.881784197001252e-16,0.0,0,0,1.3642420526593924e-12,0.6549011290706134,0.0,-0.11422254472391757,4.440892098500626e-16,0.0,2.609024107869118e-15,2.220446049250313e-16
W_amp0.25_T12.0,W,0.25,12.0,6.300000000000001,0.8333333333333334,0.007370613883670197,0.05949804216542284,0.17760557466949967,10.001548636223056,1.0655951318661452,1.065654579449969,8.881784197001252e-16,0.0,0,0,1.3642420526593924e-12,0.6549011290706134,0.0,-0.11422254468680415,4.440892098500626e-16,0.0,2.609024107869118e-15,2.220446049250313e-16
W_amp0.25_T12.0,W,0.25,12.0,6.3500000000000005,0.8333333333333334,0.007370613883670197,0.05949804216542284,0.17760557466949967,10.001546799411514,1.0655952921813479,1.0656545580416847,8.881784197001252e-16,0.0,0,0,1.3642420526593924e-12,0.6549011290706134,0.0,-0.11422254465013748,4.440892098500626e-16,0.0,2.609024107869118e-15,2.220446049250313e-16
W_amp0.25_T12.0,W,0.25,12.0,6.4,0.8333333333333334,0.007370613883670197,0.05949804216542284,0.17760557466949967,10.00154496854738,1.065595448961974,1.0656545366518415,8.881784197001252e-16,0.0,0,0,9.094947017729282e-13,0.6549011290706134,0.0,-0.11422254461369441,4.440892098500626e-16,0.0,2.609024107869118e-15,2.220446049250313e-16
W_amp0.25_T12.0,W,0.25,12.0,6.45,0.8333333333333334,0.007370613883670197,0.05949804216542284,0.17760557466949967,10.001543143510272,1.0655956023089797,1.065654515280475,8.881784197001252e-16,0.0,0,0,9.094947017729282e-13,0.6549011290706134,0.0,-0.11422254457680436,4.440892098500626e-16,0.0,2.609024107869118e-15,2.220446049250313e-16
W_amp0.25_T12.0,W,0.25,12.0,6.5,0.8333333333333334,0.007370613883670197,0.05949804216542284,0.17760557466949967,10.001541324183222,1.065595752320223,1.0656544939276187,8.881784197001252e-16,0.0,0,0,9.094947017729282e-13,0.6549011290706134,0.0,-0.11422254453991432,4.440892098500626e-16,0.0,2.609024107869118e-15,2.220446049250313e-16
W_amp0.25_T12.0,W,0.25,12.0,6.550000000000001,0.8333333333333334,0.007370613883670197,0.05949804216542284,0.17760557466949967,10.001539510452591,1.0655958990905736,1.0656544725933017,8.881784197001252e-16,0.0,0,0,9.094947017729282e-13,0.6549011290706134,0.0,-0.11422254450324787,4.440892098500626e-16,0.0,2.609024107869118e-15,2.220446049250313e-16
W_amp0.25_T12.0,W,0.25,12.0,6.6000000000000005,0.8333333333333334,0.007370613883670197,0.05949804216542284,0.17760557466949967,10.001537702207944,1.0655960427120112,1.065654451277549,8.881784197001252e-16,0.0,0,0,9.094947017729282e-13,0.6549011290706134,0.0,-0.1142225444665812,4.440892098500626e-16,0.0,2.609024107869118e-15,2.220446049250313e-16
W_amp0.25_T12.0,W,0.25,12.0,6.65,0.8333333333333334,0.007370613883670197,0.05949804216542284,0.17760557466949967,10.001535899341972,1.0655961832737257,1.0656544299803823,8.881784197001252e-16,0.0,0,0,1.3642420526593924e-12,0.6549011290706134,0.0,-0.11422254443013835,2.220446049250313e-16,0.0,2.609024107869118e-15,2.220446049250313e-16
W_amp0.25_T12.0,W,0.25,12.0,6.7,0.8333333333333334,0.007370613883670197,0.05949804216542284,0.17760557466949967,10.001534101750384,1.0655963208622103,1.0656544087018198,8.881784197001252e-16,0.0,0,0,1.3642420526593924e-12,0.6549011290706134,0.0,-0.1142225443934719,4.440892098500626e-16,0.0,2.609024107869118e-15,2.220446049250313e-16
W_amp0.25_T12.0,W,0.25,12.0,6.75,0.8333333333333334,0.007370613883670197,0.05949804216542284,0.17760557466949967,10.001532309331822,1.0655964555613509,1.065654387441876,8.881784197001252e-16,0.0,0,0,9.094947017729282e-13,0.6549011290706134,0.0,-0.11422254435702883,2.220446049250313e-16,0.0,2.609024107869118e-15,2.220446049250313e-16
W_amp0.25_T12.0,W,0.25,12.0,6.800000000000001,0.8333333333333334,0.007370613883670197,0.05949804216542284,0.17760557466949967,10.001530521987778,1.0655965874525135,1.0656543662005609,8.881784197001252e-16,0.0,0,0,9.094947017729282e-13,0.6549011290706134,0.0,-0.11422254432058598,4.440892098500626e-16,0.0,2.609024107869118e-15,2.220446049250313e-16
W_amp0.25_T12.0,W,0.25,12.0,6.8500000000000005,0.8333333333333334,0.007370613883670197,0.05949804216542284,0.17760557466949967,10.001528739622504,1.065596716614629,1.0656543449778804,8.881784197001252e-16,0.0,0,0,9.094947017729282e-13,0.6549011290706134,0.0,-0.11422254428436651,4.440892098500626e-16,0.0,2.609024107869118e-15,2.220446049250313e-16
W_amp0.25_T12.0,W,0.25,12.0,6.9,0.8333333333333334,0.007370613883670197,0.05949804216542284,0.17760557466949967,10.001526962142927,1.0655968431242702,1.0656543237738372,8.881784197001252e-16,0.0,0,0,1.3642420526593924e-12,0.6549011290706134,0.0,-0.11422254424770006,4.440892098500626e-16,0.0,2.609024107869118e-15,2.220446049250313e-16
W_amp0.25_T12.0,W,0.25,12.0,6.95,0.8333333333333334,0.007370613883670197,0.05949804216542284,0.17760557466949967,10.001525189458569,1.0655969670557326,1.0656543025884286,8.881784197001252e-16,0.0,0,0,9.094947017729282e-13,0.6549011290706134,0.0,-0.114222544211257,4.440892098500626e-16,0.0,2.609024107869118e-15,2.220446049250313e-16
W_amp0.25_T12.0,W,0.25,12.0,7.0,0.8333333333333334,0.007370613883670197,0.05949804216542284,0.17760557466949967,10.001523421481474,1.065597088481105,1.0656542814216499,8.881784197001252e-16,0.0,0,0,9.094947017729282e-13,0.6549011290706134,0.0,-0.11422254417481414,4.440892098500626e-16,0.0,2.609024107869118e-15,2.220446049250313e-16
W_amp0.25_T12.0,W,0.25,12.0,7.050000000000001,0.8333333333333334,0.007370613883670197,0.05949804216542284,0.17760557466949967,10.001521658126139,1.065597207470342,1.0656542602734904,8.881784197001252e-16,0.0,0,0,1.3642420526593924e-12,0.6549011290706134,0.0,-0.11422254413814747,4.440892098500626e-16,0.0,2.609024107869118e-15,2.220446049250313e-16
W_amp0.25_T12.0,W,0.25,12.0,7.1000000000000005,0.8333333333333334,0.007370613883670197,0.05949804216542284,0.17760557466949967,10.001519899309429,1.065597324091333,1.0656542391439379,8.881784197001252e-16,0.0,0,0,1.3642420526593924e-12,0.6549011290706134,0.0,-0.11422254410148125,4.440892098500626e-16,0.0,2.609024107869118e-15,2.220446049250313e-16
W_amp0.25_T12.0,W,0.25,12.0,7.15,0.8333333333333334,0.007370613883670197,0.05949804216542284,0.17760557466949967,10.001518144950515,1.065597438409969,1.0656542180329749,8.881784197001252e-16,0.0,0,0,9.094947017729282e-13,0.6549011290706134,0.0,-0.11422254406503818,4.440892098500626e-16,0.0,2.609024107869118e-15,2.220446049250313e-16
W_amp0.25_T12.0,W,0.25,12.0,7.2,0.8333333333333334,0.007370613883670197,0.05949804216542284,0.17760557466949967,10.001516394970807,1.065597550490205,1.0656541969405802,8.881784197001252e-16,0.0,0,0,9.094947017729282e-13,0.6549011290706134,0.0,-0.11422254402837151,4.440892098500626e-16,0.0,2.609024107869118e-15,2.220446049250313e-16
W_amp0.25_T12.0,W,0.25,12.0,7.25,0.8333333333333334,0.007370613883670197,0.05949804216542284,0.17760557466949967,10.001514649293885,1.0655976603941237,1.0656541758667288,8.881784197001252e-16,0.0,0,0,9.094947017729282e-13,0.6549011290706134,0.0,-0.11422254399192888,4.440892098500626e-16,0.0,2.609024107869118e-15,2.220446049250313e-16
W_amp0.25_T12.0,W,0.25,12.0,7.300000000000001,0.8333333333333334,0.007370613883670197,0.05949804216542284,0.17760557466949967,10.001512907845438,1.0655977681819917,1.0656541548113934,8.881784197001252e-16,0.0,0,0,9.094947017729282e-13,0.6549011290706134,0.0,-0.11422254395593301,4.440892098500626e-16,0.0,2.609024107869118e-15,2.220446049250313e-16
W_amp0.25_T12.0,W,0.25,12.0,7.3500000000000005,0.8333333333333334,0.007370613883670197,0.05949804216542284,0.17760557466949967,10.001511170553202,1.0655978739123189,1.065654133774542,8.881784197001252e-16,0.0,0,0,9.094947017729282e-13,0.6549011290706134,0.0,-0.11422254392016051,4.440892098500626e-16,0.0,2.609024107869118e-15,2.220446049250313e-16
W_amp0.25_T12.0,W,0.25,12.0,7.4,0.8333333333333334,0.007370613883670197,0.05949804216542284,0.17760557466949967,10.001509437346902,1.0655979776419127,1.0656541127561403,8.881784197001252e-16,0.0,0,0,9.094947017729282e-13,0.6549011290706134,0.0,-0.11422254388371789,4.440892098500626e-16,0.0,2.609024107869118e-15,2.220446049250313e-16
W_amp0.25_T12.0,W,0.25,12.0,7.45,0.8333333333333334,0.007370613883670197,0.05949804216542284,0.17760557466949967,10.001507708158194,1.0655980794259317,1.0656540917561492,8.881784197001252e-16,0.0,0,0,9.094947017729282e-13,0.6549011290706134,0.0,-0.11422254384727482,4.440892098500626e-16,0.0,2.609024107869118e-15,2.220446049250313e-16
W_amp0.25_T12.0,W,0.25,12.0,7.5,0.8333333333333334,0.007370613883670197,0.05949804216542284,0.17760557466949967,10.001505982920602,1.0655981793179357,1.065654070774528,8.881784197001252e-16,0.0,0,0,9.094947017729282e-13,0.6549011290706134,0.0,-0.11422254381127894,4.440892098500626e-16,0.0,2.609024107869118e-15,2.220446049250313e-16
W_amp0.25_T12.0,W,0.25,12.0,7.550000000000001,0.8333333333333334,0.007370613883670197,0.05949804216542284,0.17760557466949967,10.001504261569476,1.0655982773699382,1.0656540498112312,8.881784197001252e-16,0.0,0,0,9.094947017729282e-13,0.6549011290706134,0.0,-0.11422254377528329,4.440892098500626e-16,0.0,2.609024107869118e-15,2.220446049250313e-16
W_amp0.25_T12.0,W,0.25,12.0,7.6000000000000005,0.8333333333333334,0.007370613883670197,0.05949804216542284,0.17760557466949967,10.001502544041937,1.0655983736324506,1.0656540288662129,8.881784197001252e-16,0.0,0,0,1.3642420526593924e-12,0.6549011290706134,0.0,-0.11422254373884022,4.440892098500626e-16,0.0,2.609024107869118e-15,2.220446049250313e-16
W_amp0.25_T12.0,W,0.25,12.0,7.65,0.8333333333333334,0.007370613883670197,0.05949804216542284,0.17760557466949967,10.001500830276818,1.06559846815453,1.0656540079394223,8.881784197001252e-16,0.0,0,0,9.094947017729282e-13,0.6549011290706134,0.0,-0.11422254370284435,4.440892098500626e-16,0.0,2.609024107869118e-15,2.220446049250313e-16
W_amp0.25_T12.0,W,0.25,12.0,7.7,0.8333333333333334,0.007370613883670197,0.05949804216542284,0.17760557466949967,10.001499120214621,1.0655985609838263,1.0656539870308062,8.881784197001252e-16,0.0,0,0,9.094947017729282e-13,0.6549011290706134,0.0,-0.1142225436670723,4.440892098500626e-16,0.0,2.609024107869118e-15,2.220446049250313e-16
W_amp0.25_T12.0,W,0.25,12.0,7.75,0.8333333333333334,0.007370613883670197,0.05949804216542284,0.17760557466949967,10.001497413797473,1.0655986521666208,1.0656539661403093,8.881784197001252e-16,0.0,0,0,9.094947017729282e-13,0.6549011290706134,0.0,-0.11422254363085282,4.440892098500626e-16,0.0,2.609024107869118e-15,2.220446049250313e-16
W_amp0.25_T12.0,W,0.25,12.0,7.800000000000001,0.8333333333333334,0.007370613883670197,0.05949804216542284,0.17760557466949967,10.00149571096907,1.0655987417478694,1.0656539452678735,8.881784197001252e-16,0.0,0,0,9.094947017729282e-13,0.6549011290706134,0.0,-0.11422254359508055,4.440892098500626e-16,0.0,2.609024107869118e-15,2.220446049250313e-16
W_amp0.25_T12.0,W,0.25,12.0,7.8500000000000005,0.8333333333333334,0.007370613883670197,0.05949804216542284,0.17760557466949967,10.001494011674641,1.065598829771244,1.0656539244134393,8.881784197001252e-16,0.0,0,0,1.3642420526593924e-12,0.6549011290706134,0.0,-0.1142225435597557,4.440892098500626e-16,0.0,2.609024107869118e-15,2.220446049250313e-16
W_amp0.25_T12.0,W,0.25,12.0,7.9,0.8333333333333334,0.007370613883670197,0.05949804216542284,0.17760557466949967,10.001492315860894,1.0655989162791721,1.0656539035769432,8.881784197001252e-16,0.0,0,0,9.094947017729282e-13,0.6549011290706134,0.0,-0.11422254352375982,4.440892098500626e-16,0.0,2.609024107869118e-15,2.220446049250313e-16
W_amp0.25_T12.0,W,0.25,12.0,7.95,0.8333333333333334,0.007370613883670197,0.05949804216542284,0.17760557466949967,10.001490623475993,1.0655990013128722,1.0656538827583208,8.881784197001252e-16,0.0,0,0,9.094947017729282e-13,0.6549011290706134,0.0,-0.11422254348776417,4.440892098500626e-16,0.0,2.609024107869118e-15,2.220446049250313e-16
W_amp0.25_T12.0,W,0.25,12.0,8.0,0.8333333333333334,0.007370613883670197,0.05949804216542284,0.17760557466949967,10.001488934469497,1.0655990849123913,1.065653861957505,8.881784197001252e-16,0.0,0,0,9.094947017729282e-13,0.6549011290706134,0.0,-0.1142225434519919,2.220446049250313e-16,0.0,2.609024107869118e-15,2.220446049250313e-16
W_amp0.25_T12.0,W,0.25,12.0,8.05,0.8333333333333334,0.007370613883670197,0.05949804216542284,0.17760557466949967,10.001487248792332,1.065599167116639,1.0656538411744279,8.881784197001252e-16,0.0,0,0,1.3642420526593924e-12,0.6549011290706134,0.0,-0.114222543416443,4.440892098500626e-16,0.0,2.609024107869118e-15,2.220446049250313e-16
W_amp0.25_T12.0,W,0.25,12.0,8.1,0.8333333333333334,0.007370613883670197,0.05949804216542284,0.17760557466949967,10.001485566396745,1.0655992479634229,1.0656538204090191,8.881784197001252e-16,0.0,0,0,1.3642420526593924e-12,0.6549011290706134,0.0,-0.11422254338089455,4.440892098500626e-16,0.0,2.609024107869118e-15,2.220446049250313e-16
W_amp0.25_T12.0,W,0.25,12.0,8.15,0.8333333333333334,0.007370613883670197,0.05949804216542284,0.17760557466949967,10.001483887236272,1.0655993274894824,1.0656537996612052,8.881784197001252e-16,0.0,0,0,9.094947017729282e-13,0.6549011290706134,0.0,-0.11422254334579285,4.440892098500626e-16,0.0,2.609024107869118e-15,2.220446049250313e-16
W_amp0.25_T12.0,W,0.25,12.0,8.200000000000001,0.8333333333333334,0.007370613883670197,0.05949804216542284,0.17760557466949967,10.0014822112657,1.0655994057305163,1.0656537789309137,8.881784197001252e-16,0.0,0,0,9.094947017729282e-13,0.6549011290706134,0.0,-0.114222543310468,4.440892098500626e-16,0.0,2.609024107869118e-15,2.220446049250313e-16
W_amp0.25_T12.0,W,0.25,12.0,8.25,0.8333333333333334,0.007370613883670197,0.05949804216542284,0.17760557466949967,10.001480538441037,1.0655994827212196,1.0656537582180694,8.881784197001252e-16,0.0,0,0,9.094947017729282e-13,0.6549011290706134,0.0,-0.1142225432753663,2.220446049250313e-16,0.0,2.609024107869118e-15,2.220446049250313e-16
W_amp0.25_T12.0,W,0.25,12.0,8.3,0.8333333333333334,0.007370613883670197,0.05949804216542284,0.17760557466949967,10.00147886871947,1.0655995584953093,1.065653737522595,8.881784197001252e-16,0.0,0,0,9.094947017729282e-13,0.6549011290706134,0.0,-0.11422254324004144,2.220446049250313e-16,0.0,2.609024107869118e-15,2.220446049250313e-16
W_amp0.25_T12.0,W,0.25,12.0,8.35,0.8333333333333334,0.007370613883670197,0.05949804216542284,0.17760557466949967,10.001477202059332,1.0655996330855533,1.0656537168444136,1.1102230246251565e-15,0.0,0,0,9.094947017729282e-13,0.6549011290706134,0.0,-0.11422254320493974,4.440892098500626e-16,0.0,2.609024107869118e-15,2.220446049250313e-16
W_amp0.25_T12.0,W,0.25,12.0,8.4,0.8333333333333334,0.007370613883670197,0.05949804216542284,0.17760557466949967,10.001475538420076,1.0655997065237988,1.0656536961834462,1.1102230246251565e-15,0.0,0,0,1.3642420526593924e-12,0.6549011290706134,0.0,-0.11422254317050906,4.440892098500626e-16,0.0,2.609024107869118e-15,2.220446049250313e-16
W_amp0.25_T12.0,W,0.25,12.0,8.450000000000001,0.8333333333333334,0.007370613883670197,0.05949804216542284,0.17760557466949967,10.00147387776224,1.0655997788410014,1.0656536755396129,1.1102230246251565e-15,0.0,0,0,9.094947017729282e-13,0.6549011290706134,0.0,-0.1142225431351842,4.440892098500626e-16,0.0,2.609024107869118e-15,2.220446049250313e-16
W_amp0.25_T12.0,W,0.25,12.0,8.5,0.8333333333333334,0.007370613883670197,0.05949804216542284,0.17760557466949967,10.001472220047422,1.0655998500672508,1.0656536549128324,8.881784197001252e-16,0.0,0,0,9.094947017729282e-13,0.6549011290706134,0.0,-0.1142225431007533,4.440892098500626e-16,0.0,2.609024107869118e-15,2.220446049250313e-16
W_amp0.25_T12.0,W,0.25,12.0,8.55,0.8333333333333334,0.007370613883670197,0.05949804216542284,0.17760557466949967,10.001470565238238,1.0655999202317918,1.0656536343030234,8.881784197001252e-16,0.0,0,0,9.094947017729282e-13,0.6549011290706134,0.0,-0.11422254306587543,4.440892098500626e-16,0.0,2.609024107869118e-15,2.220446049250313e-16
W_amp0.25_T12.0,W,0.25,12.0,8.6,0.8333333333333334,0.007370613883670197,0.05949804216542284,0.17760557466949967,10.001468913298307,1.0655999893630548,1.065653613710103,1.1102230246251565e-15,0.0,0,0,1.3642420526593924e-12,0.6549011290706134,0.0,-0.11422254303144452,4.440892098500626e-16,0.0,2.609024107869118e-15,2.220446049250313e-16
W_amp0.25_T12.0,W,0.25,12.0,8.65,0.8333333333333334,0.007370613883670197,0.05949804216542284,0.17760557466949967,10.001467264192216,1.0656000574886755,1.0656535931339888,8.881784197001252e-16,0.0,0,0,9.094947017729282e-13,0.6549011290706134,0.0,-0.11422254299723744,4.440892098500626e-16,0.0,2.609024107869118e-15,2.220446049250313e-16
W_amp0.25_T12.0,W,0.25,12.0,8.700000000000001,0.8333333333333334,0.007370613883670197,0.05949804216542284,0.17760557466949967,10.001465617885495,1.0656001246355213,1.0656535725745968,8.881784197001252e-16,0.0,0,0,9.094947017729282e-13,0.6549011290706134,0.0,-0.11422254296280676,4.440892098500626e-16,0.0,2.609024107869118e-15,2.220446049250313e-16
W_amp0.25_T12.0,W,0.25,12.0,8.75,0.8333333333333334,0.007370613883670197,0.05949804216542284,0.17760557466949967,10.001463974344594,1.0656001908297104,1.065653552031842,8.881784197001252e-16,0.0,0,0,9.094947017729282e-13,0.6549011290706134,0.0,-0.11422254292882306,4.440892098500626e-16,0.0,2.609024107869118e-15,2.220446049250313e-16
W_amp0.25_T12.0,W,0.25,12.0,8.8,0.8333333333333334,0.007370613883670197,0.05949804216542284,0.17760557466949967,10.001462333536853,1.0656002560966351,1.0656535315056408,8.881784197001252e-16,0.0,0,0,1.3642420526593924e-12,0.6549011290706134,0.0,-0.11422254289528655,2.220446049250313e-16,0.0,2.609024107869118e-15,2.220446049250313e-16
W_amp0.25_T12.0,W,0.25,12.0,8.85,0.8333333333333334,0.007370613883670197,0.05949804216542284,0.17760557466949967,10.001460695430472,1.0656003204609832,1.0656535109959084,1.1102230246251565e-15,0.0,0,0,9.094947017729282e-13,0.6549011290706134,0.0,-0.11422254286107947,4.440892098500626e-16,0.0,2.609024107869118e-15,2.220446049250313e-16
W_amp0.25_T12.0,W,0.25,12.0,8.9,0.8333333333333334,0.007370613883670197,0.05949804216542284,0.17760557466949967,10.001459059994502,1.0656003839467576,1.0656534905025588,1.1102230246251565e-15,0.0,0,0,9.094947017729282e-13,0.6549011290706134,0.0,-0.11422254282754318,4.440892098500626e-16,0.0,2.609024107869118e-15,2.220446049250313e-16
W_amp0.25_T12.0,W,0.25,12.0,8.950000000000001,0.8333333333333334,0.007370613883670197,0.05949804216542284,0.17760557466949967,10.001457427198813,1.065600446577295,1.0656534700255076,8.881784197001252e-16,0.0,0,0,9.094947017729282e-13,0.6549011290706134,0.0,-0.11422254279400668,4.440892098500626e-16,0.0,2.609024107869118e-15,2.220446049250313e-16
W_amp0.25_T12.0,W,0.25,12.0,9.0,0.8333333333333334,0.007370613883670197,0.05949804216542284,0.17760557466949967,10.001455797014074,1.065600508375289,1.0656534495646683,1.1102230246251565e-15,0.0,0,0,9.094947017729282e-13,0.6549011290706134,0.0,-0.11422254276024657,4.440892098500626e-16,0.0,2.609024107869118e-15,2.220446049250313e-16
W_amp0.25_T12.0,W,0.25,12.0,9.05,0.8333333333333334,0.007370613883670197,0.05949804216542284,0.17760557466949967,10.00145416941172,1.0656005693628032,1.065653429119957,8.881784197001252e-16,0.0,0,0,9.094947017729282e-13,0.6549011290706134,0.0,-0.11422254272693366,4.440892098500626e-16,0.0,2.609024107869118e-15,2.220446049250313e-16
W_amp0.25_T12.0,W,0.25,12.0,9.1,0.8333333333333334,0.007370613883670197,0.05949804216542284,0.17760557466949967,10.001452544363946,1.065600629561293,1.0656534086912872,1.3322676295501878e-15,0.0,0,0,1.3642420526593924e-12,0.6549011290706134,0.0,-0.11422254269339716,2.220446049250313e-16,0.0,2.609024107869118e-15,2.220446049250313e-16
W_amp0.25_T12.0,W,0.25,12.0,9.15,0.8333333333333334,0.007370613883670197,0.05949804216542284,0.17760557466949967,10.001450921843684,1.0656006889916225,1.0656533882785735,1.1102230246251565e-15,0.0,0,0,9.094947017729282e-13,0.6549011290706134,0.0,-0.11422254266053145,4.440892098500626e-16,0.0,2.609024107869118e-15,2.220446049250313e-16
W_amp0.25_T12.0,W,0.25,12.0,9.200000000000001,0.8333333333333334,0.007370613883670197,0.05949804216542284,0.17760557466949967,10.001449301824572,1.0656007476740785,1.0656533678817315,8.881784197001252e-16,0.0,0,0,9.094947017729282e-13,0.6549011290706134,0.0,-0.11422254262721876,4.440892098500626e-16,0.0,2.609024107869118e-15,2.220446049250313e-16
W_amp0.25_T12.0,W,0.25,12.0,9.25,0.8333333333333334,0.007370613883670197,0.05949804216542284,0.17760557466949967,10.001447684280944,1.065600805628392,1.0656533475006764,1.1102230246251565e-15,0.0,0,0,9.094947017729282e-13,0.6549011290706134,0.0,-0.11422254259435305,4.440892098500626e-16,0.0,2.609024107869118e-15,2.220446049250313e-16
W_amp0.25_T12.0,W,0.25,12.0,9.3,0.8333333333333334,0.007370613883670197,0.05949804216542284,0.17760557466949967,10.001446069187814,1.0656008628737483,1.0656533271353235,1.1102230246251565e-15,0.0,0,0,1.3642420526593924e-12,0.6549011290706134,0.0,-0.11422254256171072,4.440892098500626e-16,0.0,2.609024107869118e-15,2.220446049250313e-16
W_amp0.25_T12.0,W,0.25,12.0,9.35,0.8333333333333334,0.007370613883670197,0.05949804216542284,0.17760557466949967,10.001444456520844,1.0656009194288079,1.0656533067855891,1.3322676295501878e-15,0.0,0,0,9.094947017729282e-13,0.6549011290706134,0.0,-0.1142225425292922,4.440892098500626e-16,0.0,2.609024107869118e-15,2.220446049250313e-16
W_amp0.25_T12.0,W,0.25,12.0,9.4,0.8333333333333334,0.007370613883670197,0.05949804216542284,0.17760557466949967,10.001442846256332,1.0656009753117168,1.065653286451389,1.3322676295501878e-15,0.0,0,0,1.3642420526593924e-12,0.6549011290706134,0.0,-0.11422254249687369,4.440892098500626e-16,0.0,2.609024107869118e-15,2.220446049250313e-16
W_amp0.25_T12.0,W,0.25,12.0,9.450000000000001,0.8333333333333334,0.007370613883670197,0.05949804216542284,0.17760557466949967,10.00144123837121,1.0656010305401251,1.0656532661326399,1.3322676295501878e-15,0.0,0,0,9.094947017729282e-13,0.6549011290706134,0.0,-0.11422254246490215,0.0,0.0,2.609024107869118e-15,2.220446049250313e-16
W_amp0.25_T12.0,W,0.25,12.0,9.5,0.8333333333333334,0.007370613883670197,0.05949804216542284,0.17760557466949967,10.001439632843002,1.0656010851311972,1.0656532458292598,1.1102230246251565e-15,0.0,0,0,1.3642420526593924e-12,0.6549011290706134,0.0,-0.11422254243337782,4.440892098500626e-16,0.0,2.609024107869118e-15,2.220446049250313e-16
W_amp0.25_T12.0,W,0.25,12.0,9.55,0.8333333333333334,0.007370613883670197,0.05949804216542284,0.17760557466949967,10.001438029649826,1.065601139101629,1.065653225541166,1.1102230246251565e-15,0.0,0,0,1.3642420526593924e-12,0.6549011290706134,0.0,-0.1142225424016301,4.440892098500626e-16,0.0,2.609024107869118e-15,2.220446049250313e-16
W_amp0.25_T12.0,W,0.25,12.0,9.600000000000001,0.8333333333333334,0.007370613883670197,0.05949804216542284,0.17760557466949967,10.001436428770367,1.0656011924676587,1.0656532052682772,1.3322676295501878e-15,0.0,0,0,1.3642420526593924e-12,0.6549011290706134,0.0,-0.11422254237032958,4.440892098500626e-16,0.0,2.609024107869118e-15,2.220446049250313e-16
W_amp0.25_T12.0,W,0.25,12.0,9.65,0.8333333333333334,0.007370613883670197,0.05949804216542284,0.17760557466949967,10.001434830183864,1.0656012452450796,1.0656531850105129,1.1102230246251565e-15,0.0,0,0,1.3642420526593924e-12,0.6549011290706134,0.0,-0.11422254233902884,4.440892098500626e-16,0.0,2.609024107869118e-15,2.220446049250313e-16
W_amp0.25_T12.0,W,0.25,12.0,9.700000000000001,0.8333333333333334,0.007370613883670197,0.05949804216542284,0.17760557466949967,10.001433233870106,1.0656012974492546,1.0656531647677925,1.1102230246251565e-15,0.0,0,0,9.094947017729282e-13,0.6549011290706134,0.0,-0.11422254230817508,4.440892098500626e-16,0.0,2.609024107869118e-15,2.220446049250313e-16
W_amp0.25_T12.0,W,0.25,12.0,9.75,0.8333333333333334,0.007370613883670197,0.05949804216542284,0.17760557466949967,10.001431639809395,1.0656013490951277,1.0656531445400368,1.1102230246251565e-15,0.0,0,0,9.094947017729282e-13,0.6549011290706134,0.0,-0.11422254227732154,4.440892098500626e-16,0.0,2.609024107869118e-15,2.220446049250313e-16
W_amp0.25_T12.0,W,0.25,12.0,9.8,0.8333333333333334,0.007370613883670197,0.05949804216542284,0.17760557466949967,10.001430047982556,1.065601400197234,1.0656531243271672,1.1102230246251565e-15,0.0,0,0,1.3642420526593924e-12,0.6549011290706134,0.0,-0.11422254224691542,2.220446049250313e-16,0.0,2.609024107869118e-15,2.220446049250313e-16
W_amp0.25_T12.0,W,0.25,12.0,9.850000000000001,0.8333333333333334,0.007370613883670197,0.05949804216542284,0.17760557466949967,10.001428458370906,1.0656014507697122,1.065653104129106,1.3322676295501878e-15,0.0,0,0,9.094947017729282e-13,0.6549011290706134,0.0,-0.11422254221673245,2.220446049250313e-16,0.0,2.609024107869118e-15,2.220446049250313e-16
W_amp0.25_T12.0,W,0.25,12.0,9.9,0.8333333333333334,0.007370613883670197,0.05949804216542284,0.17760557466949967,10.00142687095625,1.0656015008263167,1.0656530839457763,1.3322676295501878e-15,0.0,0,0,1.3642420526593924e-12,0.6549011290706134,0.0,-0.1142225421872205,4.440892098500626e-16,0.0,2.609024107869118e-15,2.220446049250313e-16
W_amp0.25_T12.0,W,0.25,12.0,9.950000000000001,0.8333333333333334,0.007370613883670197,0.05949804216542284,0.17760557466949967,10.00142528572086,1.065601550380426,1.0656530637771024,1.3322676295501878e-15,0.0,0,0,9.094947017729282e-13,0.6549011290706134,0.0,-0.11422254215726113,4.440892098500626e-16,0.0,2.609024107869118e-15,2.220446049250313e-16
W_amp0.25_T12.0,W,0.25,12.0,10.0,0.8333333333333334,0.007370613883670197,0.05949804216542284,0.17760557466949967,10.001423702647465,1.0656015994450556,1.065653043623009,1.3322676295501878e-15,0.0,0,0,9.094947017729282e-13,0.6549011290706134,0.0,-0.11422254212797278,4.440892098500626e-16,0.0,2.609024107869118e-15,2.220446049250313e-16
W_amp0.25_T12.0,W,0.25,12.0,10.05,0.8333333333333334,0.007370613883670197,0.05949804216542284,0.17760557466949967,10.001422121719248,1.0656016480328676,1.065653023483422,1.3322676295501878e-15,0.0,0,0,9.094947017729282e-13,0.6549011290706134,0.0,-0.11422254209890759,4.440892098500626e-16,0.0,2.609024107869118e-15,2.220446049250313e-16
W_amp0.25_T12.0,W,0.25,12.0,10.100000000000001,0.8333333333333334,0.007370613883670197,0.05949804216542284,0.17760557466949967,10.001420542919815,1.0656016961561785,1.065653003358269,1.3322676295501878e-15,0.0,0,0,9.094947017729282e-13,0.6549011290706134,0.0,-0.11422254207006644,4.440892098500626e-16,0.0,2.609024107869118e-15,2.220446049250313e-16
W_amp0.25_T12.0,W,0.25,12.0,10.15,0.8333333333333334,0.007370613883670197,0.05949804216542284,0.17760557466949967,10.001418966233206,1.0656017438269723,1.0656529832474761,1.3322676295501878e-15,0.0,0,0,1.3642420526593924e-12,0.6549011290706134,0.0,-0.11422254204144866,4.440892098500626e-16,0.0,2.609024107869118e-15,2.220446049250313e-16
W_amp0.25_T12.0,W,0.25,12.0,10.200000000000001,0.8333333333333334,0.007370613883670197,0.05949804216542284,0.17760557466949967,10.001417391643864,1.0656017910569056,1.0656529631509741,1.3322676295501878e-15,0.0,0,0,1.3642420526593924e-12,0.6549011290706134,0.0,-0.11422254201327808,4.440892098500626e-16,0.0,2.609024107869118e-15,2.220446049250313e-16
W_amp0.25_T12.0,W,0.25,12.0,10.25,0.8333333333333334,0.007370613883670197,0.05949804216542284,0.17760557466949967,10.001415819136628,1.0656018378573202,1.0656529430686923,1.1102230246251565e-15,0.0,0,0,9.094947017729282e-13,0.6549011290706134,0.0,-0.1142225419853311,4.440892098500626e-16,0.0,2.609024107869118e-15,2.220446049250313e-16
W_amp0.25_T12.0,W,0.25,12.0,10.3,0.8333333333333334,0.007370613883670197,0.05949804216542284,0.17760557466949967,10.00141424869674,1.065601884239251,1.0656529230005618,1.3322676295501878e-15,0.0,0,0,9.094947017729282e-13,0.6549011290706134,0.0,-0.11422254195783088,0.0,0.0,2.609024107869118e-15,2.220446049250313e-16
W_amp0.25_T12.0,W,0.25,12.0,10.350000000000001,0.8333333333333334,0.007370613883670197,0.05949804216542284,0.17760557466949967,10.001412680309805,1.0656019302134316,1.065652902946515,1.3322676295501878e-15,0.0,0,0,9.094947017729282e-13,0.6549011290706134,0.0,-0.1142225419303311,4.440892098500626e-16,0.0,2.609024107869118e-15,2.220446049250313e-16
W_amp0.25_T12.0,W,0.25,12.0,10.4,0.8333333333333334,0.007370613883670197,0.05949804216542284,0.17760557466949967,10.001411113961803,1.0656019757903068,1.0656528829064849,1.3322676295501878e-15,0.0,0,0,9.094947017729282e-13,0.6549011290706134,0.0,-0.1142225419035019,4.440892098500626e-16,0.0,2.609024107869118e-15,2.220446049250313e-16
W_amp0.25_T12.0,W,0.25,12.0,10.450000000000001,0.8333333333333334,0.007370613883670197,0.05949804216542284,0.17760557466949967,10.001409549639071,1.0656020209800394,1.0656528628804054,1.3322676295501878e-15,0.0,0,0,9.094947017729282e-13,0.6549011290706134,0.0,-0.11422254187734371,4.440892098500626e-16,0.0,2.609024107869118e-15,2.220446049250313e-16
W_amp0.25_T12.0,W,0.25,12.0,10.5,0.8333333333333334,0.007370613883670197,0.05949804216542284,0.17760557466949967,10.001407987328298,1.0656020657925145,1.065652842868213,1.3322676295501878e-15,0.0,0,0,9.094947017729282e-13,0.6549011290706134,0.0,-0.11422254185163228,2.220446049250313e-16,0.0,2.609024107869118e-15,2.220446049250313e-16
W_amp0.25_T12.0,W,0.25,12.0,10.55,0.8333333333333334,0.007370613883670197,0.05949804216542284,0.17760557466949967,10.001406427016505,1.0656021102373516,1.0656528228698443,1.3322676295501878e-15,0.0,0,0,1.3642420526593924e-12,0.6549011290706134,0.0,-0.11422254182592106,4.440892098500626e-16,0.0,2.609024107869118e-15,2.220446049250313e-16
W_amp0.25_T12.0,W,0.25,12.0,10.600000000000001,0.8333333333333334,0.007370613883670197,0.05949804216542284,0.17760557466949967,10.00140486869105,1.0656021543239103,1.065652802885237,1.3322676295501878e-15,0.0,0,0,9.094947017729282e-13,0.6549011290706134,0.0,-0.11422254180088065,4.440892098500626e-16,0.0,2.609024107869118e-15,2.220446049250313e-16
W_amp0.25_T12.0,W,0.25,12.0,10.65,0.8333333333333334,0.007370613883670197,0.05949804216542284,0.17760557466949967,10.001403312339608,1.0656021980612973,1.0656527829143299,1.3322676295501878e-15,0.0,0,0,9.094947017729282e-13,0.6549011290706134,0.0,-0.11422254177628699,4.440892098500626e-16,0.0,2.609024107869118e-15,2.220446049250313e-16
W_amp0.25_T12.0,W,0.25,12.0,10.700000000000001,0.8333333333333334,0.007370613883670197,0.05949804216542284,0.17760557466949967,10.001401757950168,1.0656022414583735,1.0656527629570633,1.3322676295501878e-15,0.0,0,0,9.094947017729282e-13,0.6549011290706134,0.0,-0.11422254175236457,4.440892098500626e-16,0.0,2.609024107869118e-15,2.220446049250313e-16
W_amp0.25_T12.0,W,0.25,12.0,10.75,0.8333333333333334,0.007370613883670197,0.05949804216542284,0.17760557466949967,10.00140020551102,1.065602284523759,1.0656527430133798,1.3322676295501878e-15,0.0,0,0,9.094947017729282e-13,0.6549011290706134,0.0,-0.1142225417288889,4.440892098500626e-16,0.0,2.609024107869118e-15,2.220446049250313e-16
W_amp0.25_T12.0,W,0.25,12.0,10.8,0.8333333333333334,0.007370613883670197,0.05949804216542284,0.17760557466949967,10.001398655010753,1.065602327265843,1.0656527230832211,1.3322676295501878e-15,0.0,0,0,9.094947017729282e-13,0.6549011290706134,0.0,-0.11422254170608404,4.440892098500626e-16,0.0,2.609024107869118e-15,2.220446049250313e-16
W_amp0.25_T12.0,W,0.25,12.0,10.850000000000001,0.8333333333333334,0.007370613883670197,0.05949804216542284,0.17760557466949967,10.001397106438244,1.0656023696927885,1.0656527031665313,1.3322676295501878e-15,0.0,0,0,9.094947017729282e-13,0.6549011290706134,0.0,-0.11422254168372636,4.440892098500626e-16,0.0,2.609024107869118e-15,2.220446049250313e-16
W_amp0.25_T12.0,W,0.25,12.0,10.9,0.8333333333333334,0.007370613883670197,0.05949804216542284,0.17760557466949967,10.001395559782651,1.0656024118125371,1.065652683263256,1.3322676295501878e-15,0.0,0,0,1.3642420526593924e-12,0.6549011290706134,0.0,-0.11422254166159251,4.440892098500626e-16,0.0,2.609024107869118e-15,2.220446049250313e-16
W_amp0.25_T12.0,W,0.25,12.0,10.950000000000001,0.8333333333333334,0.007370613883670197,0.05949804216542284,0.17760557466949967,10.001394015033398,1.0656024536328168,1.0656526633733414,1.3322676295501878e-15,0.0,0,0,9.094947017729282e-13,0.6549011290706134,0.0,-0.11422254164057621,4.440892098500626e-16,0.0,2.609024107869118e-15,2.220446049250313e-16
W_amp0.25_T12.0,W,0.25,12.0,11.0,0.8333333333333334,0.007370613883670197,0.05949804216542284,0.17760557466949967,10.001392472180179,1.065602495161149,1.065652643496735,1.3322676295501878e-15,0.0,0,0,9.094947017729282e-13,0.6549011290706134,0.0,-0.11422254161955991,2.220446049250313e-16,0.0,2.609024107869118e-15,2.220446049250313e-16
W_amp0.25_T12.0,W,0.25,12.0,11.05,0.8333333333333334,0.007370613883670197,0.05949804216542284,0.17760557466949967,10.001390931212947,1.06560253640485,1.0656526236333856,1.3322676295501878e-15,0.0,0,0,9.094947017729282e-13,0.6549011290706134,0.0,-0.11422254159943801,2.220446049250313e-16,0.0,2.609024107869118e-15,2.220446049250313e-16
W_amp0.25_T12.0,W,0.25,12.0,11.100000000000001,0.8333333333333334,0.007370613883670197,0.05949804216542284,0.17760557466949967,10.001389392121904,1.0656025773710405,1.065652603783244,1.3322676295501878e-15,0.0,0,0,1.3642420526593924e-12,0.6549011290706134,0.0,-0.11422254157998712,4.440892098500626e-16,0.0,2.609024107869118e-15,2.220446049250313e-16
W_amp0.25_T12.0,W,0.25,12.0,11.15,0.8333333333333334,0.007370613883670197,0.05949804216542284,0.17760557466949967,10.001387854897498,1.0656026180666502,1.0656525839462607,1.3322676295501878e-15,0.0,0,0,9.094947017729282e-13,0.6549011290706134,0.0,-0.11422254156120659,4.440892098500626e-16,0.0,2.609024107869118e-15,2.220446049250313e-16
W_amp0.25_T12.0,W,0.25,12.0,11.200000000000001,0.8333333333333334,0.007370613883670197,0.05949804216542284,0.17760557466949967,10.001386319530411,1.0656026584984204,1.0656525641223888,1.3322676295501878e-15,0.0,0,0,1.3642420526593924e-12,0.6549011290706134,0.0,-0.11422254154309686,4.440892098500626e-16,0.0,2.609024107869118e-15,2.220446049250313e-16
W_amp0.25_T12.0,W,0.25,12.0,11.25,0.8333333333333334,0.007370613883670197,0.05949804216542284,0.17760557466949967,10.001384786011561,1.0656026986729115,1.0656525443115825,1.3322676295501878e-15,0.0,0,0,9.094947017729282e-13,0.6549011290706134,0.0,-0.11422254152543454,4.440892098500626e-16,0.0,2.609024107869118e-15,2.220446049250313e-16
W_amp0.25_T12.0,W,0.25,12.0,11.3,0.8333333333333334,0.007370613883670197,0.05949804216542284,0.17760557466949967,10.001383254332087,1.0656027385965083,1.0656525245137964,1.3322676295501878e-15,0.0,0,0,9.094947017729282e-13,0.6549011290706134,0.0,-0.11422254150866618,4.440892098500626e-16,0.0,2.609024107869118e-15,2.220446049250313e-16
W_amp0.25_T12.0,W,0.25,12.0,11.350000000000001,0.8333333333333334,0.007370613883670197,0.05949804216542284,0.17760557466949967,10.001381724483355,1.0656027782754236,1.065652504728987,1.3322676295501878e-15,0.0,0,0,9.094947017729282e-13,0.6549011290706134,0.0,-0.1142225414927922,4.440892098500626e-16,0.0,2.609024107869118e-15,2.220446049250313e-16
W_amp0.25_T12.0,W,0.25,12.0,11.4,0.8333333333333334,0.007370613883670197,0.05949804216542284,0.17760557466949967,10.00138019645693,1.065602817715701,1.065652484957113,1.3322676295501878e-15,0.0,0,0,1.3642420526593924e-12,0.6549011290706134,0.0,-0.11422254147736544,4.440892098500626e-16,0.0,2.609024107869118e-15,2.220446049250313e-16
W_amp0.25_T12.0,W,0.25,12.0,11.450000000000001,0.8333333333333334,0.007370613883670197,0.05949804216542284,0.17760557466949967,10.001378670244598,1.0656028569232256,1.065652465198132,1.3322676295501878e-15,0.0,0,0,9.094947017729282e-13,0.6549011290706134,0.0,-0.11422254146260946,4.440892098500626e-16,0.0,2.609024107869118e-15,2.220446049250313e-16
W_amp0.25_T12.0,W,0.25,12.0,11.5,0.8333333333333334,0.007370613883670197,0.05949804216542284,0.17760557466949967,10.001377145838338,1.0656028959037225,1.0656524454520047,1.3322676295501878e-15,0.0,0,0,9.094947017729282e-13,0.6549011290706134,0.0,-0.11422254144919486,4.440892098500626e-16,0.0,2.609024107869118e-15,2.220446049250313e-16
W_amp0.25_T12.0,W,0.25,12.0,11.55,0.8333333333333334,0.007370613883670197,0.05949804216542284,0.17760557466949967,10.001375623230333,1.0656029346627618,1.0656524257186915,1.3322676295501878e-15,0.0,0,0,9.094947017729282e-13,0.6549011290706134,0.0,-0.11422254143622745,4.440892098500626e-16,0.0,2.609024107869118e-15,2.220446049250313e-16
W_amp0.25_T12.0,W,0.25,12.0,11.600000000000001,0.8333333333333334,0.007370613883670197,0.05949804216542284,0.17760557466949967,10.001374102412946,1.0656029732057641,1.065652405998156,1.3322676295501878e-15,0.0,0,0,9.094947017729282e-13,0.6549011290706134,0.0,-0.11422254142460142,4.440892098500626e-16,0.0,2.609024107869118e-15,2.220446049250313e-16
W_amp0.25_T12.0,W,0.25,12.0,11.65,0.8333333333333334,0.007370613883670197,0.05949804216542284,0.17760557466949967,10.001372583378739,1.065603011538006,1.065652386290362,1.3322676295501878e-15,0.0,0,0,9.094947017729282e-13,0.6549011290706134,0.0,-0.11422254141364618,2.220446049250313e-16,0.0,2.609024107869118e-15,2.220446049250313e-16
W_amp0.25_T12.0,W,0.25,12.0,11.700000000000001,0.8333333333333334,0.007370613883670197,0.05949804216542284,0.17760557466949967,10.001371066120447,1.065603049664621,1.0656523665952737,1.3322676295501878e-15,0.0,0,0,1.3642420526593924e-12,0.6549011290706134,0.0,-0.11422254140336174,4.440892098500626e-16,0.0,2.609024107869118e-15,2.220446049250313e-16
W_amp0.25_T12.0,W,0.25,12.0,11.75,0.8333333333333334,0.007370613883670197,0.05949804216542284,0.17760557466949967,10.00136955063098,1.0656030875906048,1.065652346912858,1.3322676295501878e-15,0.0,0,0,9.094947017729282e-13,0.6549011290706134,0.0,-0.11422254139419508,4.440892098500626e-16,0.0,2.609024107869118e-15,2.220446049250313e-16
W_amp0.25_T12.0,W,0.25,12.0,11.8,0.8333333333333334,0.007370613883670197,0.05949804216542284,0.17760557466949967,10.001368036903424,1.065603125320819,1.0656523272430827,1.3322676295501878e-15,0.0,0,0,9.094947017729282e-13,0.6549011290706134,0.0,-0.1142225413861464,2.220446049250313e-16,0.0,2.609024107869118e-15,2.220446049250313e-16
W_amp0.25_T12.0,W,0.25,12.0,11.850000000000001,0.8333333333333334,0.007370613883670197,0.05949804216542284,0.17760557466949967,10.001366524931028,1.0656031628599956,1.065652307585915,1.3322676295501878e-15,0.0,0,0,1.3642420526593924e-12,0.6549011290706134,0.0,-0.1142225413787683,2.220446049250313e-16,0.0,2.609024107869118e-15,2.220446049250313e-16
W_amp0.25_T12.0,W,0.25,12.0,11.9,0.8333333333333334,0.007370613883670197,0.05949804216542284,0.17760557466949967,10.001365014707208,1.0656032002127371,1.0656522879413262,1.3322676295501878e-15,0.0,0,0,9.094947017729282e-13,0.6549011290706134,0.0,-0.1142225413725082,4.440892098500626e-16,0.0,2.609024107869118e-15,2.220446049250313e-16
W_amp0.25_T12.0,W,0.25,12.0,11.950000000000001,0.8333333333333334,0.007370613883670197,0.05949804216542284,0.17760557466949967,10.001363506225529,1.0656032373835256,1.065652268309286,1.3322676295501878e-15,0.0,0,0,1.3642420526593924e-12,0.6549011290706134,0.0,-0.11422254136758947,4.440892098500626e-16,0.0,2.609024107869118e-15,2.220446049250313e-16
W_amp0.25_T12.0,W,0.25,12.0,12.0,0.8333333333333334,0.007370613883670197,0.05949804216542284,0.17760557466949967,10.001361999479718,1.06560327437672,1.0656522486897675,1.3322676295501878e-15,0.0,0,0,0.0,0.6549011290706134,0.0,-0.11422254136378873,4.440892098500626e-16,0.0,2.609024107869118e-15,2.220446049250313e-16
R_amp1.0_T12.0,R,1.0,12.0,0.0,0.8333333333333334,0.007370613883670197,0.05949804216542284,0.17760557466949967,10.000000002223675,1.0675017591526856,1.064701434902657,0.0,0.0,0,0,1.3642420526593924e-12,0.6549011290706134,0.0,-0.1131946298262223,2.220446049250313e-16,0.0,2.0539125955565396e-15,2.220446049250313e-16
R_amp1.0_T12.0,R,1.0,12.0,0.05,0.8333333333333334,0.007371600519456061,0.05949804216542284,0.17760557466949967,10.000112593091332,1.067501564059179,1.0647013621746533,0.0,0.0,0,0,9.094947017729282e-13,0.6549011290706134,0.0,-0.11309571062873491,4.440892098500626e-16,0.0,1.8318679906315083e-15,2.220446049250313e-16
R_amp1.0_T12.0,R,1.0,12.0,0.1,0.8333333333333334,0.0073745565330129575,0.05949804216542284,0.17760557466949967,10.000225716026023,1.0675013831385947,1.0647013134540866,0.0,0.0,0,0,1.3642420526593924e-12,0.6549011290706134,0.0,-0.11279986928440566,4.440892098500626e-16,0.0,1.9984014443252818e-15,2.220446049250313e-16
R_amp1.0_T12.0,R,1.0,12.0,0.15000000000000002,0.8333333333333334,0.007379470258305852,0.05949804216542284,0.17760557466949967,10.000340354252005,1.067501111858209,1.0647013407986798,0.0,0.0,0,0,9.094947017729282e-13,0.6549011290706134,0.0,-0.112308313481716,4.440892098500626e-16,0.0,1.942890293094024e-15,2.220446049250313e-16
R_amp1.0_T12.0,R,1.0,12.0,0.2,0.8333333333333334,0.007386322303105881,0.05949804216542284,0.17760557466949967,10.000457479271027,1.0675006463707255,1.0647014959601986,0.0,0.0,0,0,1.3642420526593924e-12,0.6549011290706134,0.0,-0.11162302331000018,2.220446049250313e-16,0.0,1.6653345369377348e-15,2.220446049250313e-16
R_amp1.0_T12.0,R,1.0,12.0,0.25,0.8333333333333334,0.00739508562552262,0.05949804216542284,0.17760557466949967,10.00057804703977,1.0674998839125356,1.0647018301791644,2.220446049250313e-16,0.0,0,0,9.094947017729282e-13,0.6549011290706134,0.0,-0.11074674344357716,4.440892098500626e-16,0.0,1.6653345369377348e-15,2.220446049250313e-16
R_amp1.0_T12.0,R,1.0,12.0,0.30000000000000004,0.8333333333333334,0.007405725640726071,0.05949804216542284,0.17760557466949967,10.000702994209071,1.067498723198172,1.0647023939818738,0.0,0.0,0,0,9.094947017729282e-13,0.6549011290706134,0.0,-0.10968297230982738,4.440892098500626e-16,0.0,1.6653345369377348e-15,2.220446049250313e-16
R_amp1.0_T12.0,R,1.0,12.0,0.35000000000000003,0.8333333333333334,0.007418200357437187,0.05949804216542284,0.17760557466949967,10.000833234439751,1.0674970648094266,1.0647032369804648,0.0,0.0,0,0,9.094947017729282e-13,0.6549011290706134,0.0,-0.10843594828445013,4.440892098500626e-16,0.0,1.6653345369377348e-15,2.220446049250313e-16
R_amp1.0_T12.0,R,1.0,12.0,0.4,0.8333333333333334,0.0074324605436482645,0.05949804216542284,0.17760557466949967,10.000969654809486,1.0674948115775778,1.0647044076767709,0.0,0.0,0,0,9.094947017729282e-13,0.6549011290706134,0.0,-0.10701063296373525,4.440892098500626e-16,0.0,1.6653345369377348e-15,2.220446049250313e-16
R_amp1.0_T12.0,R,1.0,12.0,0.45,0.8333333333333334,0.007448449920919189,0.05949804216542284,0.17760557466949967,10.001113112324795,1.067491868957229,1.0647059532706955,0.0,0.0,0,0,1.3642420526593924e-12,0.6549011290706134,0.0,-0.10541269158373479,4.440892098500626e-16,0.0,1.6653345369377348e-15,2.220446049250313e-16
R_amp1.0_T12.0,R,1.0,12.0,0.5,0.8333333333333334,0.007466105386482723,0.05949804216542284,0.17760557466949967,10.001264430551913,1.067488145390259,1.064707919473833,2.220446049250313e-16,0.0,0,0,9.094947017729282e-13,0.6549011290706134,0.0,-0.10364847066277272,4.440892098500626e-16,0.0,1.6653345369377348e-15,2.220446049250313e-16
R_amp1.0_T12.0,R,1.0,12.0,0.55,0.8333333333333334,0.007485357262282302,0.05949804216542284,0.17760557466949967,10.001424396379624,1.0674835526584199,1.064710350329048,2.220446049250313e-16,0.0,0,0,9.094947017729282e-13,0.6549011290706134,0.0,-0.10172497295630278,4.440892098500626e-16,0.0,1.6653345369377348e-15,2.220446049250313e-16
R_amp1.0_T12.0,R,1.0,12.0,0.6000000000000001,0.8333333333333334,0.007506129569959491,0.05949804216542284,0.17760557466949967,10.001593756926827,1.06747800622317,1.0647132880367072,2.220446049250313e-16,0.0,0,0,9.094947017729282e-13,0.6549011290706134,0.0,-0.0996498298199251,4.440892098500626e-16,0.0,1.6653345369377348e-15,2.220446049250313e-16
R_amp1.0_T12.0,R,1.0,12.0,0.65,0.8333333333333334,0.007528340330705852,0.05949804216542284,0.17760557466949967,10.001773216606848,1.067471425551374,1.064716772788225,2.220446049250313e-16,0.0,0,0,9.094947017729282e-13,0.6549011290706134,0.0,-0.09743127109199956,4.440892098500626e-16,0.0,1.6653345369377348e-15,2.220446049250313e-16
R_amp1.0_T12.0,R,1.0,12.0,0.7000000000000001,0.8333333333333334,0.007551901888795852,0.05949804216542284,0.17760557466949967,10.001963434360007,1.0674637344255544,1.0647208426075765,2.220446049250313e-16,0.0,0,0,9.094947017729282e-13,0.6549011290706134,0.0,-0.095078092614858,4.440892098500626e-16,0.0,1.6653345369377348e-15,2.220446049250313e-16
R_amp1.0_T12.0,R,1.0,12.0,0.75,0.8333333333333334,0.00757672125752396,0.05949804216542284,0.17760557466949967,10.002165021065231,1.067454861237436,1.064725533201385,2.220446049250313e-16,0.0,0,0,9.094947017729282e-13,0.6549011290706134,0.0,-0.09259962152475598,4.440892098500626e-16,0.0,1.6653345369377348e-15,2.220446049250313e-16
R_amp1.0_T12.0,R,1.0,12.0,0.8,0.8333333333333334,0.0076027004861806986,0.05949804216542284,0.17760557466949967,10.002378537140793,1.0674447392635935,1.0647308778181725,2.220446049250313e-16,0.0,0,0,9.094947017729282e-13,0.6549011290706134,0.0,-0.09000567943904048,2.220446049250313e-16,0.0,1.6653345369377348e-15,2.220446049250313e-16
R_amp1.0_T12.0,R,1.0,12.0,0.8500000000000001,0.8333333333333334,0.007629737046619339,0.05949804216542284,0.17760557466949967,10.002604490343531,1.0674333069220938,1.0647369071173107,4.440892098500626e-16,0.0,0,0,9.094947017729282e-13,0.6549011290706134,0.0,-0.08730654369765811,2.220446049250313e-16,0.0,1.6653345369377348e-15,2.220446049250313e-16
R_amp1.0_T12.0,R,1.0,12.0,0.9,0.8333333333333334,0.00765772423788766,0.05949804216542284,0.17760557466949967,10.002843333775143,1.0674205080090793,1.0647436490481943,0.0,0.0,0,0,9.094947017729282e-13,0.6549011290706134,0.0,-0.08451290680216839,2.220446049250313e-16,0.0,1.6653345369377348e-15,2.220446049250313e-16
R_amp1.0_T12.0,R,1.0,12.0,0.9500000000000001,0.8333333333333334,0.007686551607327858,0.05949804216542284,0.17760557466949967,10.003095464103275,1.0674062919143397,1.064751128740097,2.220446049250313e-16,0.0,0,0,9.094947017729282e-13,0.6549011290706134,0.0,-0.08163583422000076,4.440892098500626e-16,0.0,1.6653345369377348e-15,2.220446049250313e-16
R_amp1.0_T12.0,R,1.0,12.0,1.0,0.8333333333333334,0.0077161053864827234,0.05949804216542284,0.17760557466949967,10.003361220004333,1.067390613814988,1.0647593684031516,2.220446049250313e-16,0.0,0,0,9.094947017729282e-13,0.6549011290706134,0.0,-0.07868672071254124,4.440892098500626e-16,0.0,1.6653345369377348e-15,2.220446049250313e-16
R_amp1.0_T12.0,R,1.0,12.0,1.05,0.8333333333333334,0.0077462689400877695,0.05949804216542284,0.17760557466949967,10.003640880834121,1.067373434846458,1.0647683872408233,4.440892098500626e-16,0.0,0,0,9.094947017729282e-13,0.6549011290706134,0.0,-0.0756772453669039,4.440892098500626e-16,0.0,1.6653345369377348e-15,2.220446049250313e-16
R_amp1.0_T12.0,R,1.0,12.0,1.1,0.8333333333333334,0.007776923226377334,0.05949804216542284,0.17760557466949967,10.00393466553139,1.0673547222501203,1.0647782013742384,4.440892098500626e-16,0.0,0,0,9.094947017729282e-13,0.6549011290706134,0.0,-0.07261932550321526,4.440892098500626e-16,0.0,1.6653345369377348e-15,2.220446049250313e-16
R_amp1.0_T12.0,R,1.0,12.0,1.1500000000000001,0.8333333333333334,0.007807947266888045,0.05949804216542284,0.17760557466949967,10.004242731758634,1.067334449496914,1.0647888237786463,2.220446049250313e-16,0.0,0,0,1.3642420526593924e-12,0.6549011290706134,0.0,-0.06952506964444205,2.220446049250313e-16,0.0,1.6653345369377348e-15,2.220446049250313e-16
R_amp1.0_T12.0,R,1.0,12.0,1.2000000000000002,0.8333333333333334,0.00783921862390554,0.05949804216542284,0.17760557466949967,10.004565175283428,1.0673125963864911,1.0648002642322751,4.440892098500626e-16,0.0,0,0,9.094947017729282e-13,0.6549011290706134,0.0,-0.06640672972745887,4.440892098500626e-16,0.0,1.6653345369377348e-15,2.220446049250313e-16
R_amp1.0_T12.0,R,1.0,12.0,1.25,0.8333333333333334,0.007870613883670196,0.05949804216542284,0.17760557466949967,10.00490202960276,1.067289149121462,1.0648125292777726,2.220446049250313e-16,0.0,0,0,1.3642420526593924e-12,0.6549011290706134,0.0,-0.0632766527529518,4.440892098500626e-16,0.0,1.6653345369377348e-15,2.220446049250313e-16
R_amp1.0_T12.0,R,1.0,12.0,1.3,0.8333333333333334,0.007902009143434854,0.05949804216542284,0.17760557466949967,10.00525326581175,1.0672641003564345,1.064825622196389,2.220446049250313e-16,0.0,0,0,9.094947017729282e-13,0.6549011290706134,0.0,-0.06014723205546546,4.440892098500626e-16,0.0,1.6653345369377348e-15,2.220446049250313e-16
R_amp1.0_T12.0,R,1.0,12.0,1.35,0.8333333333333334,0.007933280500452349,0.05949804216542284,0.17760557466949967,10.005618792717364,1.067237449221641,1.064839542995002,4.440892098500626e-16,0.0,0,0,1.3642420526593924e-12,0.6549011290706134,0.0,-0.057030858393861905,4.440892098500626e-16,0.0,1.6653345369377348e-15,2.220446049250313e-16
R_amp1.0_T12.0,R,1.0,12.0,1.4000000000000001,0.8333333333333334,0.00796430454096306,0.05949804216542284,0.17760557466949967,10.00599845719664,1.0672092013210566,1.0648542884060306,2.220446049250313e-16,0.0,0,0,1.3642420526593924e-12,0.6549011290706134,0.0,-0.05393987104980402,4.440892098500626e-16,0.0,1.6653345369377348e-15,2.220446049250313e-16
R_amp1.0_T12.0,R,1.0,12.0,1.4500000000000002,0.8333333333333334,0.007994958827252624,0.05949804216542284,0.17760557466949967,10.006392044798023,1.067179368704997,1.0648698519002422,2.220446049250313e-16,0.0,0,0,9.094947017729282e-13,0.6549011290706134,0.0,-0.05088650913015669,2.220446049250313e-16,0.0,1.6653345369377348e-15,2.220446049250313e-16
R_amp1.0_T12.0,R,1.0,12.0,1.5,0.8333333333333334,0.008025122380857671,0.05949804216542284,0.17760557466949967,10.006799280583586,1.0671479698173112,1.0648862237124064,4.440892098500626e-16,0.0,0,0,9.094947017729282e-13,0.6549011290706134,0.0,-0.047882863264850695,4.440892098500626e-16,0.0,1.6653345369377348e-15,2.220446049250313e-16
R_amp1.0_T12.0,R,1.0,12.0,1.55,0.8333333333333334,0.008054676160012536,0.05949804216542284,0.17760557466949967,10.007219830208765,1.0671150294173655,1.0649033908796879,2.220446049250313e-16,0.0,0,0,9.094947017729282e-13,0.6549011290706134,0.0,-0.04494082788956755,2.220446049250313e-16,0.0,1.6653345369377348e-15,2.220446049250313e-16
R_amp1.0_T12.0,R,1.0,12.0,1.6,0.8333333333333334,0.008083503529452734,0.05949804216542284,0.17760557466949967,10.007653301235527,1.067080578477129,1.0649213372926354,4.440892098500626e-16,0.0,0,0,1.3642420526593924e-12,0.6549011290706134,0.0,-0.04207205430525418,4.440892098500626e-16,0.0,3.219646771412954e-15,2.220446049250313e-16
R_amp1.0_T12.0,R,1.0,12.0,1.6500000000000001,0.8333333333333334,0.008111490720721055,0.05949804216542284,0.17760557466949967,10.008099244673836,1.067044654053772,1.0649400437585654,4.440892098500626e-16,0.0,0,0,1.3642420526593924e-12,0.6549011290706134,0.0,-0.03928790469205179,2.220446049250313e-16,0.0,2.609024107869118e-15,2.220446049250313e-16
R_amp1.0_T12.0,R,1.0,12.0,1.7000000000000002,0.8333333333333334,0.008138527281159696,0.05949804216542284,0.17760557466949967,10.008557156745486,1.0670072991382777,1.064959488077093,2.220446049250313e-16,0.0,0,0,1.3642420526593924e-12,0.6549011290706134,0.0,-0.036599407270702544,4.440892098500626e-16,0.0,1.6653345369377348e-15,2.220446049250313e-16
R_amp1.0_T12.0,R,1.0,12.0,1.75,0.8333333333333334,0.008164506509816434,0.05949804216542284,0.17760557466949967,10.009026480863433,1.0669685624806702,1.064979645127515,2.220446049250313e-16,0.0,0,0,9.094947017729282e-13,0.6549011290706134,0.0,-0.03401721277589176,4.440892098500626e-16,0.0,1.6653345369377348e-15,2.220446049250313e-16
R_amp1.0_T12.0,R,1.0,12.0,1.8,0.8333333333333334,0.008189325878544542,0.05949804216542284,0.17760557466949967,10.009506609818983,1.0669284983925604,1.0650004869677048,4.440892098500626e-16,0.0,0,0,1.3642420526593924e-12,0.6549011290706134,0.0,-0.03155155242496144,4.440892098500626e-16,0.0,1.6653345369377348e-15,2.220446049250313e-16
R_amp1.0_T12.0,R,1.0,12.0,1.85,0.8333333333333334,0.008212887436634541,0.05949804216542284,0.17760557466949967,10.009996888168303,1.0668871665277901,1.0650219829441334,4.440892098500626e-16,0.0,0,0,9.094947017729282e-13,0.6549011290706134,0.0,-0.029212197535443574,4.440892098500626e-16,0.0,1.6653345369377348e-15,2.220446049250313e-16
R_amp1.0_T12.0,R,1.0,12.0,1.9000000000000001,0.8333333333333334,0.008235098197380903,0.05949804216542284,0.17760557466949967,10.010496614809082,1.0668446316420521,1.0650440998125816,4.440892098500626e-16,0.0,0,0,9.094947017729282e-13,0.6549011290706134,0.0,-0.02700842096473899,4.440892098500626e-16,0.0,1.6653345369377348e-15,2.220446049250313e-16
R_amp1.0_T12.0,R,1.0,12.0,1.9500000000000002,0.8333333333333334,0.008255870505058091,0.05949804216542284,0.17760557466949967,10.011005045737221,1.066800963332447,1.0650668018690772,4.440892098500626e-16,0.0,0,0,1.3642420526593924e-12,0.6549011290706134,0.0,-0.02494896051176765,4.440892098500626e-16,0.0,1.6653345369377348e-15,2.220446049250313e-16
R_amp1.0_T12.0,R,1.0,12.0,2.0,0.8333333333333334,0.008275122380857671,0.05949804216542284,0.17760557466949967,10.011521396972878,1.0667562357580087,1.0650900510905406,4.440892098500626e-16,0.0,0,0,9.094947017729282e-13,0.6549011290706134,0.0,-0.023041984432123686,4.440892098500626e-16,0.0,1.6653345369377348e-15,2.220446049250313e-16
R_amp1.0_T12.0,R,1.0,12.0,2.0500000000000003,0.8333333333333334,0.008292777846421205,0.05949804216542284,0.17760557466949967,10.012044847644525,1.066710527342322,1.06511380728459,4.440892098500626e-16,0.0,0,0,9.094947017729282e-13,0.6549011290706134,0.0,-0.02129505920192276,4.440892098500626e-16,0.0,1.6653345369377348e-15,2.220446049250313e-16
R_amp1.0_T12.0,R,1.0,12.0,2.1,0.8333333333333334,0.008308767223692129,0.05949804216542284,0.17760557466949967,10.012574543218896,1.0666639204594066,1.065138028247917,4.440892098500626e-16,0.0,0,0,9.094947017729282e-13,0.6549011290706134,0.0,-0.019715119655569824,4.440892098500626e-16,0.0,1.6653345369377348e-15,2.220446049250313e-16
R_amp1.0_T12.0,R,1.0,12.0,2.15,0.8333333333333334,0.008323027409903207,0.05949804216542284,0.17760557466949967,10.013109598864334,1.0666165011041235,1.0651626699326155,4.440892098500626e-16,0.0,0,0,9.094947017729282e-13,0.6549011290706134,0.0,-0.018308441615788817,4.440892098500626e-16,0.0,1.6653345369377348e-15,2.220446049250313e-16
R_amp1.0_T12.0,R,1.0,12.0,2.2,0.8333333333333334,0.008335502126614323,0.05949804216542284,0.17760557466949967,10.01364910293433,1.0665683585484185,1.0651876866198051,4.440892098500626e-16,0.0,0,0,1.3642420526593924e-12,0.6549011290706134,0.0,-0.017080617123991004,4.440892098500626e-16,0.0,1.6653345369377348e-15,2.220446049250313e-16
R_amp1.0_T12.0,R,1.0,12.0,2.25,0.8333333333333334,0.008346142141817774,0.05949804216542284,0.17760557466949967,10.01419212055767,1.0665195849847615,1.0652130310998746,4.440892098500626e-16,0.0,0,0,9.094947017729282e-13,0.6549011290706134,0.0,-0.01603653237329561,4.440892098500626e-16,0.0,1.6653345369377348e-15,2.220446049250313e-16
R_amp1.0_T12.0,R,1.0,12.0,2.3000000000000003,0.8333333333333334,0.008354905464234513,0.05949804216542284,0.17760557466949967,10.01473769732116,1.0664702751582043,1.0652386548586352,4.440892098500626e-16,0.0,0,0,9.094947017729282e-13,0.6549011290706134,0.0,-0.015180348422691337,4.440892098500626e-16,0.0,1.6653345369377348e-15,2.220446049250313e-16
R_amp1.0_T12.0,R,1.0,12.0,2.35,0.8333333333333334,0.008361757509034541,0.05949804216542284,0.17760557466949967,10.015284863030434,1.0664205259885153,1.065264508268645,4.440892098500626e-16,0.0,0,0,9.094947017729282e-13,0.6549011290706134,0.0,-0.014515484774166865,2.220446049250313e-16,0.0,1.6653345369377348e-15,2.220446049250313e-16
R_amp1.0_T12.0,R,1.0,12.0,2.4000000000000004,0.8333333333333334,0.008366671234327435,0.05949804216542284,0.17760557466949967,10.015832635534192,1.0663704361838915,1.065290540784966,4.440892098500626e-16,0.0,0,0,1.3642420526593924e-12,0.6549011290706134,0.0,-0.014044605878653194,2.220446049250313e-16,0.0,1.6653345369377348e-15,2.220446049250313e-16
R_amp1.0_T12.0,R,1.0,12.0,2.45,0.8333333333333334,0.008369627247884332,0.05949804216542284,0.17760557466949967,10.016380024596781,1.0663201058477705,1.0653167011445728,2.220446049250313e-16,0.0,0,0,9.094947017729282e-13,0.6549011290706134,0.0,-0.013769610619738248,4.440892098500626e-16,0.0,1.6653345369377348e-15,2.220446049250313e-16
R_amp1.0_T12.0,R,1.0,12.0,2.5,0.8333333333333334,0.008370613883670197,0.05949804216542284,0.17760557466949967,10.016926035803893,1.0662696360803114,1.0653429375686285,4.440892098500626e-16,0.0,0,0,9.094947017729282e-13,0.6549011290706134,0.0,-0.013691624819278436,4.440892098500626e-16,0.0,1.6653345369377348e-15,2.220446049250313e-16
R_amp1.0_T12.0,R,1.0,12.0,2.5500000000000003,0.8333333333333334,0.008369627247884332,0.05949804216542284,0.17760557466949967,10.017469674486051,1.066219128576106,1.0653691979668376,4.440892098500626e-16,0.0,0,0,9.094947017729282e-13,0.6549011290706134,0.0,-0.013810996793993446,4.440892098500626e-16,0.0,1.6653345369377348e-15,2.220446049250313e-16
R_amp1.0_T12.0,R,1.0,12.0,2.6,0.8333333333333334,0.008366671234327435,0.05949804216542284,0.17760557466949967,10.018009949644384,1.066168685219722,1.065395430143063,4.440892098500626e-16,0.0,0,0,1.3642420526593924e-12,0.6549011290706134,0.0,-0.014127295981669397,4.440892098500626e-16,0.0,1.6653345369377348e-15,2.220446049250313e-16
R_amp1.0_T12.0,R,1.0,12.0,2.6500000000000004,0.8333333333333334,0.008361757509034541,0.05949804216542284,0.17760557466949967,10.018545877863222,1.066118407680663,1.065421582001402,4.440892098500626e-16,0.0,0,0,1.3642420526593924e-12,0.6549011290706134,0.0,-0.014639314640120471,4.440892098500626e-16,0.0,1.6653345369377348e-15,2.220446049250313e-16
R_amp1.0_T12.0,R,1.0,12.0,2.7,0.8333333333333334,0.008354905464234513,0.05949804216542284,0.17760557466949967,10.01907648719401,1.066068397009346,1.0654476017519003,4.440892098500626e-16,0.0,0,0,9.094947017729282e-13,0.6549011290706134,0.0,-0.01534507261329976,4.440892098500626e-16,0.0,1.6653345369377348e-15,2.220446049250313e-16
R_amp1.0_T12.0,R,1.0,12.0,2.75,0.8333333333333334,0.008346142141817774,0.05949804216542284,0.17760557466949967,10.019600820995237,1.0660187532356864,1.0654734381151023,4.440892098500626e-16,0.0,0,0,1.3642420526593924e-12,0.6549011290706134,0.0,-0.016241825147054856,4.440892098500626e-16,0.0,1.6653345369377348e-15,2.220446049250313e-16
R_amp1.0_T12.0,R,1.0,12.0,2.8000000000000003,0.8333333333333334,0.008335502126614323,0.05949804216542284,0.17760557466949967,10.020117941713114,1.0659695749718687,1.0654990405246187,4.440892098500626e-16,0.0,0,0,1.3642420526593924e-12,0.6549011290706134,0.0,-0.017326073722309765,4.440892098500626e-16,0.0,1.6653345369377348e-15,2.220446049250313e-16
R_amp1.0_T12.0,R,1.0,12.0,2.85,0.8333333333333334,0.008323027409903207,0.05949804216542284,0.17760557466949967,10.020626934588037,1.0659209590208591,1.065524359326916,6.661338147750939e-16,0.0,0,0,9.094947017729282e-13,0.6549011290706134,0.0,-0.018593579861551968,4.440892098500626e-16,0.0,1.6653345369377348e-15,2.220446049250313e-16
R_amp1.0_T12.0,R,1.0,12.0,2.9000000000000004,0.8333333333333334,0.008308767223692129,0.05949804216542284,0.17760557466949967,10.021126911272102,1.0658729999921976,1.0655493459775376,4.440892098500626e-16,0.0,0,0,9.094947017729282e-13,0.6549011290706134,0.0,-0.020039381858323546,4.440892098500626e-16,0.0,1.6653345369377348e-15,2.220446049250313e-16
R_amp1.0_T12.0,R,1.0,12.0,2.95,0.8333333333333334,0.008292777846421205,0.05949804216542284,0.17760557466949967,10.02161701334331,1.0658257899265764,1.065573953232977,4.440892098500626e-16,0.0,0,0,1.3642420526593924e-12,0.6549011290706134,0.0,-0.02165781435761005,4.440892098500626e-16,0.0,1.6653345369377348e-15,2.220446049250313e-16
R_amp1.0_T12.0,R,1.0,12.0,3.0,0.8333333333333334,0.008275122380857671,0.05949804216542284,0.17760557466949967,10.022096415702432,1.0657794179306725,1.065598135337443,6.661338147750939e-16,0.0,0,0,1.3642420526593924e-12,0.6549011290706134,0.0,-0.023442530716933696,4.440892098500626e-16,0.0,1.6653345369377348e-15,2.220446049250313e-16
R_amp1.0_T12.0,R,1.0,12.0,3.0500000000000003,0.8333333333333334,0.008255870505058091,0.05949804216542284,0.17760557466949967,10.022564329839064,1.0657339698236519,1.0656218482037827,4.440892098500626e-16,0.0,0,0,9.094947017729282e-13,0.6549011290706134,0.0,-0.02538652805377728,4.440892098500626e-16,0.0,1.6653345369377348e-15,2.220446049250313e-16
R_amp1.0_T12.0,R,1.0,12.0,3.1,0.8333333333333334,0.008235098197380903,0.05949804216542284,0.17760557466949967,10.023020006953743,1.0656895277967446,1.065645049587832,4.440892098500626e-16,0.0,0,0,9.094947017729282e-13,0.6549011290706134,0.0,-0.02748217488441629,4.440892098500626e-16,0.0,1.6653345369377348e-15,2.220446049250313e-16
R_amp1.0_T12.0,R,1.0,12.0,3.1500000000000004,0.8333333333333334,0.008212887436634541,0.05949804216542284,0.17760557466949967,10.023462740923762,1.0656461700872004,1.0656676992555185,4.440892098500626e-16,0.0,0,0,9.094947017729282e-13,0.6549011290706134,0.0,-0.029721241242052665,4.440892098500626e-16,0.0,1.6653345369377348e-15,2.220446049250313e-16
R_amp1.0_T12.0,R,1.0,12.0,3.2,0.8333333333333334,0.008189325878544542,0.05949804216542284,0.17760557466949967,10.023891871100737,1.065603970667898,1.0656897591420382,4.440892098500626e-16,0.0,0,0,1.3642420526593924e-12,0.6549011290706134,0.0,-0.032094931159033946,4.440892098500626e-16,0.0,1.6653345369377348e-15,2.220446049250313e-16
R_amp1.0_T12.0,R,1.0,12.0,3.25,0.8333333333333334,0.008164506509816434,0.05949804216542284,0.17760557466949967,10.024306784928783,1.065562998953828,1.065711193502484,4.440892098500626e-16,0.0,0,0,9.094947017729282e-13,0.6549011290706134,0.0,-0.03459391738011597,4.440892098500626e-16,0.0,1.6653345369377348e-15,2.220446049250313e-16
R_amp1.0_T12.0,R,1.0,12.0,3.3000000000000003,0.8333333333333334,0.008138527281159696,0.05949804216542284,0.17760557466949967,10.024706920372754,1.065523319526571,1.0657319690533207,4.440892098500626e-16,0.0,0,0,1.3642420526593924e-12,0.6549011290706134,0.0,-0.03720837817515288,4.440892098500626e-16,0.0,1.6653345369377348e-15,2.220446049250313e-16
R_amp1.0_T12.0,R,1.0,12.0,3.35,0.8333333333333334,0.008111490720721055,0.05949804216542284,0.17760557466949967,10.02509176814687,1.0654849918778546,1.0657520551041504,4.440892098500626e-16,0.0,0,0,1.3642420526593924e-12,0.6549011290706134,0.0,-0.039928036101466446,4.440892098500626e-16,0.0,3.0531133177191805e-15,2.220446049250313e-16
R_amp1.0_T12.0,R,1.0,12.0,3.4000000000000004,0.8333333333333334,0.008083503529452732,0.05949804216542284,0.17760557466949967,10.025460873734723,1.0654480701731752,1.0657714236792384,8.881784197001252e-16,0.0,0,0,1.3642420526593924e-12,0.6549011290706134,0.0,-0.042742198565570044,4.440892098500626e-16,0.0,2.609024107869118e-15,2.220446049250313e-16
R_amp1.0_T12.0,R,1.0,12.0,3.45,0.8333333333333334,0.008054676160012536,0.05949804216542284,0.17760557466949967,10.025813839192576,1.0654126030364075,1.0657900496283204,4.440892098500626e-16,0.0,0,0,9.094947017729282e-13,0.6549011290706134,0.0,-0.045639800024551924,4.440892098500626e-16,0.0,1.6653345369377348e-15,2.220446049250313e-16
R_amp1.0_T12.0,R,1.0,12.0,3.5,0.8333333333333334,0.008025122380857671,0.05949804216542284,0.17760557466949967,10.026150324728672,1.0653786333562252,1.0658079107262486,4.440892098500626e-16,0.0,0,0,1.3642420526593924e-12,0.6549011290706134,0.0,-0.04860944565511627,4.440892098500626e-16,0.0,1.6653345369377348e-15,2.220446049250313e-16
R_amp1.0_T12.0,R,1.0,12.0,3.5500000000000003,0.8333333333333334,0.007994958827252624,0.05949804216542284,0.17760557466949967,10.026470050052247,1.065346198115094,1.0658249877610766,4.440892098500626e-16,0.0,0,0,9.094947017729282e-13,0.6549011290706134,0.0,-0.05163945632562483,4.440892098500626e-16,0.0,1.6653345369377348e-15,2.220446049250313e-16
R_amp1.0_T12.0,R,1.0,12.0,3.6,0.8333333333333334,0.00796430454096306,0.05949804216542284,0.17760557466949967,10.02677279548669,1.0653153282414796,1.0658412646102424,4.440892098500626e-16,0.0,0,0,1.3642420526593924e-12,0.6549011290706134,0.0,-0.05471791469147935,4.440892098500626e-16,0.0,1.6653345369377348e-15,2.220446049250313e-16
R_amp1.0_T12.0,R,1.0,12.0,3.6500000000000004,0.8333333333333334,0.007933280500452349,0.05949804216542284,0.17760557466949967,10.02705840284252,1.065286048485858,1.0658567283045317,4.440892098500626e-16,0.0,0,0,1.3642420526593924e-12,0.6549011290706134,0.0,-0.05783271222681785,4.440892098500626e-16,0.0,1.6653345369377348e-15,2.220446049250313e-16
R_amp1.0_T12.0,R,1.0,12.0,3.7,0.8333333333333334,0.007902009143434854,0.05949804216542284,0.17760557466949967,10.027326776046475,1.0652583773209945,1.0658713690795802,4.440892098500626e-16,0.0,0,0,1.3642420526593924e-12,0.6549011290706134,0.0,-0.06097159701024446,4.440892098500626e-16,0.0,1.6653345369377348e-15,2.220446049250313e-16
R_amp1.0_T12.0,R,1.0,12.0,3.75,0.8333333333333334,0.007870613883670196,0.05949804216542284,0.17760557466949967,10.027577881524287,1.0652323268668684,1.065885180414701,6.661338147750939e-16,0.0,0,0,9.094947017729282e-13,0.6549011290706134,0.0,-0.064122222081747,4.440892098500626e-16,0.0,1.6653345369377348e-15,2.220446049250313e-16
R_amp1.0_T12.0,R,1.0,12.0,3.8000000000000003,0.8333333333333334,0.00783921862390554,0.05949804216542284,0.17760557466949967,10.027811748335496,1.0652079028405512,1.0658981590588863,4.440892098500626e-16,0.0,0,0,9.094947017729282e-13,0.6549011290706134,0.0,-0.06727219417049657,4.440892098500626e-16,0.0,1.6653345369377348e-15,2.220446049250313e-16
R_amp1.0_T12.0,R,1.0,12.0,3.85,0.8333333333333334,0.007807947266888045,0.05949804216542284,0.17760557466949967,10.02802846805979,1.0651851045312037,1.06591030504388,6.661338147750939e-16,0.0,0,0,9.094947017729282e-13,0.6549011290706134,0.0,-0.07040912260421206,4.440892098500626e-16,0.0,1.6653345369377348e-15,2.220446049250313e-16
R_amp1.0_T12.0,R,1.0,12.0,3.9000000000000004,0.8333333333333334,0.007776923226377334,0.05949804216542284,0.17760557466949967,10.028228194435277,1.0651639248003002,1.0659216216842653,4.440892098500626e-16,0.0,0,0,9.094947017729282e-13,0.6549011290706134,0.0,-0.07352066821179948,4.440892098500626e-16,0.0,1.6653345369377348e-15,2.220446049250313e-16
R_amp1.0_T12.0,R,1.0,12.0,3.95,0.8333333333333334,0.0077462689400877695,0.05949804216542284,0.17760557466949967,10.028411142750109,1.0651443501070714,1.065932115564571,4.440892098500626e-16,0.0,0,0,1.3642420526593924e-12,0.6549011290706134,0.0,-0.07659459202092456,4.440892098500626e-16,0.0,1.6653345369377348e-15,2.220446049250313e-16
R_amp1.0_T12.0,R,1.0,12.0,4.0,0.8333333333333334,0.0077161053864827234,0.05949804216542284,0.17760557466949967,10.0285775889899,1.0651263605590582,1.0659417965134494,6.661338147750939e-16,0.0,0,0,9.094947017729282e-13,0.6549011290706134,0.0,-0.07961880355963569,4.440892098500626e-16,0.0,1.6653345369377348e-15,2.220446049250313e-16
R_amp1.0_T12.0,R,1.0,12.0,4.05,0.8333333333333334,0.007686551607327858,0.05949804216542284,0.17760557466949967,10.028727868744319,1.065109929987585,1.0659506775650207,6.661338147750939e-16,0.0,0,0,1.3642420526593924e-12,0.6549011290706134,0.0,-0.08258140857178775,4.440892098500626e-16,0.0,1.6653345369377348e-15,2.220446049250313e-16
R_amp1.0_T12.0,R,1.0,12.0,4.1000000000000005,0.8333333333333334,0.00765772423788766,0.05949804216542284,0.17760557466949967,10.028862375877273,1.0650950260478467,1.0659587749075476,6.661338147750939e-16,0.0,0,0,9.094947017729282e-13,0.6549011290706134,0.0,-0.08547075595918274,4.440892098500626e-16,0.0,1.6653345369377348e-15,2.220446049250313e-16
R_amp1.0_T12.0,R,1.0,12.0,4.15,0.8333333333333334,0.007629737046619339,0.05949804216542284,0.17760557466949967,10.028981560965917,1.0650816103432201,1.0659661078196367,6.661338147750939e-16,0.0,0,0,9.094947017729282e-13,0.6549011290706134,0.0,-0.08827548376366989,4.440892098500626e-16,0.0,1.6653345369377348e-15,2.220446049250313e-16
R_amp1.0_T12.0,R,1.0,12.0,4.2,0.8333333333333334,0.0076027004861806986,0.05949804216542284,0.17760557466949967,10.029085929514832,1.0650696385733214,1.065972698594229,4.440892098500626e-16,0.0,0,0,1.3642420526593924e-12,0.6549011290706134,0.0,-0.09098456400733324,4.440892098500626e-16,0.0,1.6653345369377348e-15,2.220446049250313e-16
R_amp1.0_T12.0,R,1.0,12.0,4.25,0.8333333333333334,0.00757672125752396,0.05949804216542284,0.17760557466949967,10.02917603995245,1.0650590607052115,1.0659785724506705,6.661338147750939e-16,0.0,0,0,9.094947017729282e-13,0.6549011290706134,0.0,-0.09358734621445164,2.220446049250313e-16,0.0,1.6653345369377348e-15,2.220446049250313e-16
R_amp1.0_T12.0,R,1.0,12.0,4.3,0.8333333333333334,0.007551901888795852,0.05949804216542284,0.17760557466949967,10.029252501417773,1.0650498211671038,1.0659837574352282,4.440892098500626e-16,0.0,0,0,9.094947017729282e-13,0.6549011290706134,0.0,-0.09607359944477412,4.440892098500626e-16,0.0,1.6653345369377348e-15,2.220446049250313e-16
R_amp1.0_T12.0,R,1.0,12.0,4.3500000000000005,0.8333333333333334,0.007528340330705852,0.05949804216542284,0.17760557466949967,10.029315971346257,1.0650418590638,1.065988284310432,6.661338147750939e-16,0.0,0,0,9.094947017729282e-13,0.6549011290706134,0.0,-0.0984335526696829,4.440892098500626e-16,0.0,1.6653345369377348e-15,2.220446049250313e-16
R_amp1.0_T12.0,R,1.0,12.0,4.4,0.8333333333333334,0.0075061295699594905,0.05949804216542284,0.17760557466949967,10.029367152864463,1.0650351084130196,1.0659921864336954,8.881784197001252e-16,0.0,0,0,1.3642420526593924e-12,0.6549011290706134,0.0,-0.10065793333446416,4.440892098500626e-16,0.0,1.6653345369377348e-15,2.220446049250313e-16
R_amp1.0_T12.0,R,1.0,12.0,4.45,0.8333333333333334,0.007485357262282302,0.05949804216542284,0.17760557466949967,10.029406792003954,1.065029498401699,1.06599549962569,4.440892098500626e-16,0.0,0,0,9.094947017729282e-13,0.6549011290706134,0.0,-0.10273800395301236,4.440892098500626e-16,0.0,1.6653345369377348e-15,2.220446049250313e-16
R_amp1.0_T12.0,R,1.0,12.0,4.5,0.8333333333333334,0.007466105386482723,0.05949804216542284,0.17760557466949967,10.029435674745542,1.0650249536612584,1.065998262028998,6.661338147750939e-16,0.0,0,0,9.094947017729282e-13,0.6549011290706134,0.0,-0.10466559659013419,4.440892098500626e-16,0.0,1.6653345369377348e-15,2.220446049250313e-16
R_amp1.0_T12.0,R,1.0,12.0,4.55,0.8333333333333334,0.007448449920919189,0.05949804216542284,0.17760557466949967,10.029454623905679,1.0650213945607587,1.0660005139576132,4.440892098500626e-16,0.0,0,0,1.3642420526593924e-12,0.6549011290706134,0.0,-0.10643314509717161,4.440892098500626e-16,0.0,1.6653345369377348e-15,2.220446049250313e-16
R_amp1.0_T12.0,R,1.0,12.0,4.6000000000000005,0.8333333333333334,0.0074324605436482645,0.05949804216542284,0.17760557466949967,10.029464495877441,1.0650187375168048,1.06600229773787,4.440892098500626e-16,0.0,0,0,9.094947017729282e-13,0.6549011290706134,0.0,-0.10803371497035164,4.440892098500626e-16,0.0,1.6653345369377348e-15,2.220446049250313e-16
R_amp1.0_T12.0,R,1.0,12.0,4.65,0.8333333333333334,0.007418200357437187,0.05949804216542284,0.17760557466949967,10.029466177239085,1.065016895318975,1.0660036575414569,4.440892098500626e-16,0.0,0,0,9.094947017729282e-13,0.6549011290706134,0.0,-0.10946103072023416,2.220446049250313e-16,0.0,1.6653345369377348e-15,2.220446049250313e-16
R_amp1.0_T12.0,R,1.0,12.0,4.7,0.8333333333333334,0.007405725640726071,0.05949804216542284,0.17760557466949967,10.029460581243697,1.0650157774695097,1.0660046392111524,4.440892098500626e-16,0.0,0,0,9.094947017729282e-13,0.6549011290706134,0.0,-0.11070950063680507,4.440892098500626e-16,0.0,1.7208456881689926e-15,2.220446049250313e-16
R_amp1.0_T12.0,R,1.0,12.0,4.75,0.8333333333333334,0.00739508562552262,0.05949804216542284,0.17760557466949967,10.029448644203885,1.065015290535923,1.0660052900799948,4.440892098500626e-16,0.0,0,0,9.094947017729282e-13,0.6549011290706134,0.0,-0.11177423885729976,4.440892098500626e-16,0.0,1.7208456881689926e-15,2.220446049250313e-16
R_amp1.0_T12.0,R,1.0,12.0,4.800000000000001,0.8333333333333334,0.007386322303105881,0.05949804216542284,0.17760557466949967,10.029431321785971,1.0650153385151537,1.0660056587845859,4.440892098500626e-16,0.0,0,0,9.094947017729282e-13,0.6549011290706134,0.0,-0.11265108464976747,4.440892098500626e-16,0.0,1.887379141862766e-15,2.220446049250313e-16
R_amp1.0_T12.0,R,1.0,12.0,4.8500000000000005,0.8333333333333334,0.007379470258305852,0.05949804216542284,0.17760557466949967,10.029409585228262,1.0650158232078222,1.0660057950732869,4.440892098500626e-16,0.0,0,0,9.094947017729282e-13,0.6549011290706134,0.0,-0.11333661883257795,0.0,0.0,2.220446049250313e-15,2.220446049250313e-16
R_amp1.0_T12.0,R,1.0,12.0,4.9,0.8333333333333334,0.0073745565330129575,0.05949804216542284,0.17760557466949967,10.02938441749858,1.0650166446011295,1.066005749610047,4.440892098500626e-16,0.0,0,0,9.094947017729282e-13,0.6549011290706134,0.0,-0.1138281772698273,4.440892098500626e-16,0.0,2.3314683517128287e-15,2.220446049250313e-16
R_amp1.0_T12.0,R,1.0,12.0,4.95,0.8333333333333334,0.007371600519456061,0.05949804216542284,0.17760557466949967,10.029356809406138,1.065017701258885,1.0660055737746577,4.440892098500626e-16,0.0,0,0,9.094947017729282e-13,0.6549011290706134,0.0,-0.11412386138297048,4.440892098500626e-16,0.0,2.3869795029440866e-15,2.220446049250313e-16
R_amp1.0_T12.0,R,1.0,12.0,5.0,0.8333333333333334,0.007370613883670197,0.05949804216542284,0.17760557466949967,10.029327755683273,1.0650188907171245,1.0660053194602093,4.440892098500626e-16,0.0,0,0,1.3642420526593924e-12,0.6549011290706134,0.0,-0.11422254564684087,4.440892098500626e-16,0.0,2.609024107869118e-15,2.220446049250313e-16
R_amp1.0_T12.0,R,1.0,12.0,5.050000000000001,0.8333333333333334,0.007370613883670197,0.05949804216542284,0.17760557466949967,10.029298251052452,1.0650201098837664,1.066005038868565,4.440892098500626e-16,0.0,0,0,9.094947017729282e-13,0.6549011290706134,0.0,-0.11422254560995082,4.440892098500626e-16,0.0,2.609024107869118e-15,2.220446049250313e-16
R_amp1.0_T12.0,R,1.0,12.0,5.1000000000000005,0.8333333333333334,0.007370613883670197,0.05949804216542284,0.17760557466949967,10.02926879201382,1.0650213074248756,1.0660047581518923,4.440892098500626e-16,0.0,0,0,9.094947017729282e-13,0.6549011290706134,0.0,-0.11422254557306055,4.440892098500626e-16,0.0,2.609024107869118e-15,2.220446049250313e-16
R_amp1.0_T12.0,R,1.0,12.0,5.15,0.8333333333333334,0.007370613883670197,0.05949804216542284,0.17760557466949967,10.029239377846528,1.0650224839685922,1.0660044773096424,4.440892098500626e-16,0.0,0,0,9.094947017729282e-13,0.6549011290706134,0.0,-0.1142225455363941,4.440892098500626e-16,0.0,2.609024107869118e-15,2.220446049250313e-16
R_amp1.0_T12.0,R,1.0,12.0,5.2,0.8333333333333334,0.007370613883670197,0.05949804216542284,0.17760557466949967,10.029210007851068,1.0650236401236595,1.0660041963413067,4.440892098500626e-16,0.0,0,0,9.094947017729282e-13,0.6549011290706134,0.0,-0.11422254549972766,4.440892098500626e-16,0.0,2.609024107869118e-15,2.220446049250313e-16
R_amp1.0_T12.0,R,1.0,12.0,5.25,0.8333333333333334,0.007370613883670197,0.05949804216542284,0.17760557466949967,10.029180681348592,1.065024776480112,1.066003915246419,4.440892098500626e-16,0.0,0,0,9.094947017729282e-13,0.6549011290706134,0.0,-0.11422254546283761,4.440892098500626e-16,0.0,2.609024107869118e-15,2.220446049250313e-16
R_amp1.0_T12.0,R,1.0,12.0,5.300000000000001,0.8333333333333334,0.007370613883670197,0.05949804216542284,0.17760557466949967,10.029151397680291,1.0650258936099233,1.0660036340245576,4.440892098500626e-16,0.0,0,0,9.094947017729282e-13,0.6549011290706134,0.0,-0.11422254542550037,4.440892098500626e-16,0.0,2.609024107869118e-15,2.220446049250313e-16
R_amp1.0_T12.0,R,1.0,12.0,5.3500000000000005,0.8333333333333334,0.007370613883670197,0.05949804216542284,0.17760557466949967,10.029122156206782,1.0650269920676336,1.0660033526753416,4.440892098500626e-16,0.0,0,0,9.094947017729282e-13,0.6549011290706134,0.0,-0.1142225453886101,4.440892098500626e-16,0.0,2.609024107869118e-15,2.220446049250313e-16
R_amp1.0_T12.0,R,1.0,12.0,5.4,0.8333333333333334,0.007370613883670197,0.05949804216542284,0.17760557466949967,10.029092956307505,1.0650280723909478,1.066003071198432,4.440892098500626e-16,0.0,0,0,1.3642420526593924e-12,0.6549011290706134,0.0,-0.11422254535194365,4.440892098500626e-16,0.0,2.609024107869118e-15,2.220446049250313e-16
R_amp1.0_T12.0,R,1.0,12.0,5.45,0.8333333333333334,0.007370613883670197,0.05949804216542284,0.17760557466949967,10.029063797380172,1.0650291351013075,1.0660027895935307,4.440892098500626e-16,0.0,0,0,9.094947017729282e-13,0.6549011290706134,0.0,-0.1142225453152772,4.440892098500626e-16,0.0,2.609024107869118e-15,2.220446049250313e-16
R_amp1.0_T12.0,R,1.0,12.0,5.5,0.8333333333333334,0.007370613883670197,0.05949804216542284,0.17760557466949967,10.029034678840198,1.0650301807044393,1.0660025078603792,4.440892098500626e-16,0.0,0,0,9.094947017729282e-13,0.6549011290706134,0.0,-0.11422254527838716,4.440892098500626e-16,0.0,2.609024107869118e-15,2.220446049250313e-16
R_amp1.0_T12.0,R,1.0,12.0,5.550000000000001,0.8333333333333334,0.007370613883670197,0.05949804216542284,0.17760557466949967,10.029005600120172,1.0650312096908818,1.0660022259987567,6.661338147750939e-16,0.0,0,0,1.3642420526593924e-12,0.6549011290706134,0.0,-0.11422254524149689,4.440892098500626e-16,0.0,2.609024107869118e-15,2.220446049250313e-16
R_amp1.0_T12.0,R,1.0,12.0,5.6000000000000005,0.8333333333333334,0.007370613883670197,0.05949804216542284,0.17760557466949967,10.028976560669346,1.0650322225364899,1.0660019440084803,4.440892098500626e-16,0.0,0,0,9.094947017729282e-13,0.6549011290706134,0.0,-0.11422254520483044,4.440892098500626e-16,0.0,2.609024107869118e-15,2.220446049250313e-16
R_amp1.0_T12.0,R,1.0,12.0,5.65,0.8333333333333334,0.007370613883670197,0.05949804216542284,0.17760557466949967,10.028947559953128,1.0650332197029222,1.0660016618894028,4.440892098500626e-16,0.0,0,0,1.3642420526593924e-12,0.6549011290706134,0.0,-0.11422254516771657,4.440892098500626e-16,0.0,2.609024107869118e-15,2.220446049250313e-16
R_amp1.0_T12.0,R,1.0,12.0,5.7,0.8333333333333334,0.007370613883670197,0.05949804216542284,0.17760557466949967,10.02891859745261,1.065034201638102,1.0660013796414125,6.661338147750939e-16,0.0,0,0,1.3642420526593924e-12,0.6549011290706134,0.0,-0.11422254513082675,4.440892098500626e-16,0.0,2.609024107869118e-15,2.220446049250313e-16
R_amp1.0_T12.0,R,1.0,12.0,5.75,0.8333333333333334,0.007370613883670197,0.05949804216542284,0.17760557466949967,10.02888967266409,1.0650351687766688,1.0660010972644312,8.881784197001252e-16,0.0,0,0,9.094947017729282e-13,0.6549011290706134,0.0,-0.1142225450937131,4.440892098500626e-16,0.0,2.609024107869118e-15,2.220446049250313e-16
R_amp1.0_T12.0,R,1.0,12.0,5.800000000000001,0.8333333333333334,0.007370613883670197,0.05949804216542284,0.17760557466949967,10.028860785098633,1.0650361215404067,1.0660008147584135,6.661338147750939e-16,0.0,0,0,1.3642420526593924e-12,0.6549011290706134,0.0,-0.11422254505704643,4.440892098500626e-16,0.0,2.609024107869118e-15,2.220446049250313e-16
R_amp1.0_T12.0,R,1.0,12.0,5.8500000000000005,0.8333333333333334,0.007370613883670197,0.05949804216542284,0.17760557466949967,10.028831934281616,1.0650370603386574,1.0660005321233461,6.661338147750939e-16,0.0,0,0,9.094947017729282e-13,0.6549011290706134,0.0,-0.11422254502015639,4.440892098500626e-16,0.0,2.609024107869118e-15,2.220446049250313e-16
R_amp1.0_T12.0,R,1.0,12.0,5.9,0.8333333333333334,0.007370613883670197,0.05949804216542284,0.17760557466949967,10.028803119752334,1.0650379855687202,1.0660002493592473,8.881784197001252e-16,0.0,0,0,1.3642420526593924e-12,0.6549011290706134,0.0,-0.11422254498304252,4.440892098500626e-16,0.0,2.609024107869118e-15,2.220446049250313e-16
R_amp1.0_T12.0,R,1.0,12.0,5.95,0.8333333333333334,0.007370613883670197,0.05949804216542284,0.17760557466949967,10.028774341063556,1.0650388976162335,1.0659999664661637,4.440892098500626e-16,0.0,0,0,9.094947017729282e-13,0.6549011290706134,0.0,-0.11422254494592887,2.220446049250313e-16,0.0,2.609024107869118e-15,2.220446049250313e-16
R_amp1.0_T12.0,R,1.0,12.0,6.0,0.8333333333333334,0.007370613883670197,0.05949804216542284,0.17760557466949967,10.028745597781153,1.0650397968555463,1.065999683444173,6.661338147750939e-16,0.0,0,0,1.3642420526593924e-12,0.6549011290706134,0.0,-0.11422254490881545,4.440892098500626e-16,0.0,2.609024107869118e-15,2.220446049250313e-16
R_amp1.0_T12.0,R,1.0,12.0,6.050000000000001,0.8333333333333334,0.007370613883670197,0.05949804216542284,0.17760557466949967,10.028716889483707,1.0650406836500703,1.0659994002933804,8.881784197001252e-16,0.0,0,0,1.3642420526593924e-12,0.6549011290706134,0.0,-0.11422254487192518,4.440892098500626e-16,0.0,2.609024107869118e-15,2.220446049250313e-16
R_amp1.0_T12.0,R,1.0,12.0,6.1000000000000005,0.8333333333333334,0.007370613883670197,0.05949804216542284,0.17760557466949967,10.028688215762134,1.0650415583526254,1.0659991170139187,6.661338147750939e-16,0.0,0,0,1.3642420526593924e-12,0.6549011290706134,0.0,-0.11422254483503513,4.440892098500626e-16,0.0,2.609024107869118e-15,2.220446049250313e-16
R_amp1.0_T12.0,R,1.0,12.0,6.15,0.8333333333333334,0.007370613883670197,0.05949804216542284,0.17760557466949967,10.028659576219333,1.0650424213057699,1.0659988336059487,8.881784197001252e-16,0.0,0,0,1.3642420526593924e-12,0.6549011290706134,0.0,-0.11422254479814486,4.440892098500626e-16,0.0,2.609024107869118e-15,2.220446049250313e-16
R_amp1.0_T12.0,R,1.0,12.0,6.2,0.8333333333333334,0.007370613883670197,0.05949804216542284,0.17760557466949967,10.028630970469825,1.0650432728421175,1.0659985500696567,8.881784197001252e-16,0.0,0,0,1.3642420526593924e-12,0.6549011290706134,0.0,-0.11422254476103122,4.440892098500626e-16,0.0,2.609024107869118e-15,2.220446049250313e-16
R_amp1.0_T12.0,R,1.0,12.0,6.25,0.8333333333333334,0.007370613883670197,0.05949804216542284,0.17760557466949967,10.028602398139428,1.065044113284646,1.0659982664052554,8.881784197001252e-16,0.0,0,0,1.3642420526593924e-12,0.6549011290706134,0.0,-0.11422254472391757,4.440892098500626e-16,0.0,2.609024107869118e-15,2.220446049250313e-16
R_amp1.0_T12.0,R,1.0,12.0,6.300000000000001,0.8333333333333334,0.007370613883670197,0.05949804216542284,0.17760557466949967,10.02857385886492,1.065044942946995,1.0659979826129828,8.881784197001252e-16,0.0,0,0,1.3642420526593924e-12,0.6549011290706134,0.0,-0.11422254468680415,4.440892098500626e-16,0.0,2.609024107869118e-15,2.220446049250313e-16
R_amp1.0_T12.0,R,1.0,12.0,6.3500000000000005,0.8333333333333334,0.007370613883670197,0.05949804216542284,0.17760557466949967,10.028545352293722,1.0650457621337492,1.0659976986931015,8.881784197001252e-16,0.0,0,0,1.3642420526593924e-12,0.6549011290706134,0.0,-0.11422254465013748,4.440892098500626e-16,0.0,2.609024107869118e-15,2.220446049250313e-16
R_amp1.0_T12.0,R,1.0,12.0,6.4,0.8333333333333334,0.007370613883670197,0.05949804216542284,0.17760557466949967,10.028516878083593,1.065046571140717,1.065997414645899,8.881784197001252e-16,0.0,0,0,9.094947017729282e-13,0.6549011290706134,0.0,-0.11422254461369441,4.440892098500626e-16,0.0,2.609024107869118e-15,2.220446049250313e-16
R_amp1.0_T12.0,R,1.0,12.0,6.45,0.8333333333333334,0.007370613883670197,0.05949804216542284,0.17760557466949967,10.028488435902329,1.065047370255199,1.0659971304716853,8.881784197001252e-16,0.0,0,0,9.094947017729282e-13,0.6549011290706134,0.0,-0.11422254457680436,4.440892098500626e-16,0.0,2.609024107869118e-15,2.220446049250313e-16
R_amp1.0_T12.0,R,1.0,12.0,6.5,0.8333333333333334,0.007370613883670197,0.05949804216542284,0.17760557466949967,10.02846002542747,1.0650481597562411,1.0659968461707956,8.881784197001252e-16,0.0,0,0,9.094947017729282e-13,0.6549011290706134,0.0,-0.11422254453991432,4.440892098500626e-16,0.0,2.609024107869118e-15,2.220446049250313e-16
R_amp1.0_T12.0,R,1.0,12.0,6.550000000000001,0.8333333333333334,0.007370613883670197,0.05949804216542284,0.17760557466949967,10.028431646346027,1.0650489399148906,1.0659965617435874,8.881784197001252e-16,0.0,0,0,9.094947017729282e-13,0.6549011290706134,0.0,-0.11422254450324787,4.440892098500626e-16,0.0,2.609024107869118e-15,2.220446049250313e-16
R_amp1.0_T12.0,R,1.0,12.0,6.6000000000000005,0.8333333333333334,0.007370613883670197,0.05949804216542284,0.17760557466949967,10.028403298354199,1.0650497109944308,1.0659962771904403,8.881784197001252e-16,0.0,0,0,9.094947017729282e-13,0.6549011290706134,0.0,-0.1142225444665812,4.440892098500626e-16,0.0,2.609024107869118e-15,2.220446049250313e-16
R_amp1.0_T12.0,R,1.0,12.0,6.65,0.8333333333333334,0.007370613883670197,0.05949804216542284,0.17760557466949967,10.028374981157125,1.0650504732506176,1.0659959925117573,6.661338147750939e-16,0.0,0,0,1.3642420526593924e-12,0.6549011290706134,0.0,-0.11422254443013835,2.220446049250313e-16,0.0,2.609024107869118e-15,2.220446049250313e-16
R_amp1.0_T12.0,R,1.0,12.0,6.7,0.8333333333333334,0.007370613883670197,0.05949804216542284,0.17760557466949967,10.028346694468603,1.0650512269319035,1.065995707707962,8.881784197001252e-16,0.0,0,0,1.3642420526593924e-12,0.6549011290706134,0.0,-0.1142225443934719,4.440892098500626e-16,0.0,2.609024107869118e-15,2.220446049250313e-16
R_amp1.0_T12.0,R,1.0,12.0,6.75,0.8333333333333334,0.007370613883670197,0.05949804216542284,0.17760557466949967,10.028318438010864,1.0650519722796552,1.0659954227795012,8.881784197001252e-16,0.0,0,0,9.094947017729282e-13,0.6549011290706134,0.0,-0.11422254435702883,2.220446049250313e-16,0.0,2.609024107869118e-15,2.220446049250313e-16
R_amp1.0_T12.0,R,1.0,12.0,6.800000000000001,0.8333333333333334,0.007370613883670197,0.05949804216542284,0.17760557466949967,10.028290211514317,1.0650527095283642,1.0659951377268428,8.881784197001252e-16,0.0,0,0,9.094947017729282e-13,0.6549011290706134,0.0,-0.11422254432058598,4.440892098500626e-16,0.0,2.609024107869118e-15,2.220446049250313e-16
R_amp1.0_T12.0,R,1.0,12.0,6.8500000000000005,0.8333333333333334,0.007370613883670197,0.05949804216542284,0.17760557466949967,10.028262014717324,1.0650534389058517,1.0659948525504748,8.881784197001252e-16,0.0,0,0,9.094947017729282e-13,0.6549011290706134,0.0,-0.11422254428436651,4.440892098500626e-16,0.0,2.609024107869118e-15,2.220446049250313e-16
R_amp1.0_T12.0,R,1.0,12.0,6.9,0.8333333333333334,0.007370613883670197,0.05949804216542284,0.17760557466949967,10.028233847365957,1.0650541606334643,1.0659945672509072,8.881784197001252e-16,0.0,0,0,1.3642420526593924e-12,0.6549011290706134,0.0,-0.11422254424770006,4.440892098500626e-16,0.0,2.609024107869118e-15,2.220446049250313e-16
R_amp1.0_T12.0,R,1.0,12.0,6.95,0.8333333333333334,0.007370613883670197,0.05949804216542284,0.17760557466949967,10.0282057092138,1.0650548749262672,1.0659942818286687,8.881784197001252e-16,0.0,0,0,9.094947017729282e-13,0.6549011290706134,0.0,-0.114222544211257,4.440892098500626e-16,0.0,2.609024107869118e-15,2.220446049250313e-16
R_amp1.0_T12.0,R,1.0,12.0,7.0,0.8333333333333334,0.007370613883670197,0.05949804216542284,0.17760557466949967,10.028177600021714,1.0650555819932261,1.06599399628431,8.881784197001252e-16,0.0,0,0,9.094947017729282e-13,0.6549011290706134,0.0,-0.11422254417481414,4.440892098500626e-16,0.0,2.609024107869118e-15,2.220446049250313e-16
R_amp1.0_T12.0,R,1.0,12.0,7.050000000000001,0.8333333333333334,0.007370613883670197,0.05949804216542284,0.17760557466949967,10.02814951955764,1.0650562820373877,1.0659937106184016,8.881784197001252e-16,0.0,0,0,1.3642420526593924e-12,0.6549011290706134,0.0,-0.11422254413814747,4.440892098500626e-16,0.0,2.609024107869118e-15,2.220446049250313e-16
R_amp1.0_T12.0,R,1.0,12.0,7.1000000000000005,0.8333333333333334,0.007370613883670197,0.05949804216542284,0.17760557466949967,10.028121467596394,1.0650569752560515,1.0659934248315328,8.881784197001252e-16,0.0,0,0,1.3642420526593924e-12,0.6549011290706134,0.0,-0.11422254410148125,4.440892098500626e-16,0.0,2.609024107869118e-15,2.220446049250313e-16
R_amp1.0_T12.0,R,1.0,12.0,7.15,0.8333333333333334,0.007370613883670197,0.05949804216542284,0.17760557466949967,10.02809344391947,1.065057661840939,1.0659931389243136,8.881784197001252e-16,0.0,0,0,9.094947017729282e-13,0.6549011290706134,0.0,-0.11422254406503818,4.440892098500626e-16,0.0,2.609024107869118e-15,2.220446049250313e-16
R_amp1.0_T12.0,R,1.0,12.0,7.2,0.8333333333333334,0.007370613883670197,0.05949804216542284,0.17760557466949967,10.028065448314852,1.0650583419783564,1.065992852897372,8.881784197001252e-16,0.0,0,0,9.094947017729282e-13,0.6549011290706134,0.0,-0.11422254402837151,4.440892098500626e-16,0.0,2.609024107869118e-15,2.220446049250313e-16
R_amp1.0_T12.0,R,1.0,12.0,7.25,0.8333333333333334,0.007370613883670197,0.05949804216542284,0.17760557466949967,10.028037480576828,1.0650590158493507,1.0659925667513552,8.881784197001252e-16,0.0,0,0,9.094947017729282e-13,0.6549011290706134,0.0,-0.11422254399192888,4.440892098500626e-16,0.0,2.609024107869118e-15,2.220446049250313e-16
R_amp1.0_T12.0,R,1.0,12.0,7.300000000000001,0.8333333333333334,0.007370613883670197,0.05949804216542284,0.17760557466949967,10.02800954050581,1.065059683629862,1.0659922804869306,8.881784197001252e-16,0.0,0,0,9.094947017729282e-13,0.6549011290706134,0.0,-0.11422254395593301,4.440892098500626e-16,0.0,2.609024107869118e-15,2.220446049250313e-16
R_amp1.0_T12.0,R,1.0,12.0,7.3500000000000005,0.8333333333333334,0.007370613883670197,0.05949804216542284,0.17760557466949967,10.027981627908161,1.0650603454908727,1.0659919941047822,8.881784197001252e-16,0.0,0,0,9.094947017729282e-13,0.6549011290706134,0.0,-0.11422254392016051,4.440892098500626e-16,0.0,2.609024107869118e-15,2.220446049250313e-16
R_amp1.0_T12.0,R,1.0,12.0,7.4,0.8333333333333334,0.007370613883670197,0.05949804216542284,0.17760557466949967,10.027953742596022,1.0650610015985487,1.0659917076056133,8.881784197001252e-16,0.0,0,0,9.094947017729282e-13,0.6549011290706134,0.0,-0.11422254388371789,4.440892098500626e-16,0.0,2.609024107869118e-15,2.220446049250313e-16
R_amp1.0_T12.0,R,1.0,12.0,7.45,0.8333333333333334,0.007370613883670197,0.05949804216542284,0.17760557466949967,10.027925884387152,1.0650616521143805,1.0659914209901453,8.881784197001252e-16,0.0,0,0,9.094947017729282e-13,0.6549011290706134,0.0,-0.11422254384727482,4.440892098500626e-16,0.0,2.609024107869118e-15,2.220446049250313e-16
R_amp1.0_T12.0,R,1.0,12.0,7.5,0.8333333333333334,0.007370613883670197,0.05949804216542284,0.17760557466949967,10.027898053104765,1.0650622971953143,1.065991134259117,8.881784197001252e-16,0.0,0,0,9.094947017729282e-13,0.6549011290706134,0.0,-0.11422254381127894,4.440892098500626e-16,0.0,2.609024107869118e-15,2.220446049250313e-16
R_amp1.0_T12.0,R,1.0,12.0,7.550000000000001,0.8333333333333334,0.007370613883670197,0.05949804216542284,0.17760557466949967,10.02787024857738,1.0650629369938858,1.0659908474132855,8.881784197001252e-16,0.0,0,0,9.094947017729282e-13,0.6549011290706134,0.0,-0.11422254377528329,4.440892098500626e-16,0.0,2.609024107869118e-15,2.220446049250313e-16
R_amp1.0_T12.0,R,1.0,12.0,7.6000000000000005,0.8333333333333334,0.007370613883670197,0.05949804216542284,0.17760557466949967,10.027842470638664,1.0650635716583448,1.0659905604534246,8.881784197001252e-16,0.0,0,0,1.3642420526593924e-12,0.6549011290706134,0.0,-0.11422254373884022,4.440892098500626e-16,0.0,2.609024107869118e-15,2.220446049250313e-16
R_amp1.0_T12.0,R,1.0,12.0,7.65,0.8333333333333334,0.007370613883670197,0.05949804216542284,0.17760557466949967,10.027814719127289,1.0650642013327767,1.0659902733803257,8.881784197001252e-16,0.0,0,0,9.094947017729282e-13,0.6549011290706134,0.0,-0.11422254370284435,4.440892098500626e-16,0.0,2.609024107869118e-15,2.220446049250313e-16
R_amp1.0_T12.0,R,1.0,12.0,7.7,0.8333333333333334,0.007370613883670197,0.05949804216542284,0.17760557466949967,10.027786993886782,1.0650648261572253,1.065989986194797,8.881784197001252e-16,0.0,0,0,9.094947017729282e-13,0.6549011290706134,0.0,-0.1142225436670723,4.440892098500626e-16,0.0,2.609024107869118e-15,2.220446049250313e-16
R_amp1.0_T12.0,R,1.0,12.0,7.75,0.8333333333333334,0.007370613883670197,0.05949804216542284,0.17760557466949967,10.027759294765406,1.065065446267803,1.065989698897663,8.881784197001252e-16,0.0,0,0,9.094947017729282e-13,0.6549011290706134,0.0,-0.11422254363085282,4.440892098500626e-16,0.0,2.609024107869118e-15,2.220446049250313e-16
R_amp1.0_T12.0,R,1.0,12.0,7.800000000000001,0.8333333333333334,0.007370613883670197,0.05949804216542284,0.17760557466949967,10.027731621616002,1.0650660617968046,1.0659894114897652,1.1102230246251565e-15,0.0,0,0,9.094947017729282e-13,0.6549011290706134,0.0,-0.11422254359508055,4.440892098500626e-16,0.0,2.609024107869118e-15,2.220446049250313e-16
R_amp1.0_T12.0,R,1.0,12.0,7.8500000000000005,0.8333333333333334,0.007370613883670197,0.05949804216542284,0.17760557466949967,10.027703974295878,1.0650666728728164,1.065989123971962,8.881784197001252e-16,0.0,0,0,1.3642420526593924e-12,0.6549011290706134,0.0,-0.1142225435597557,4.440892098500626e-16,0.0,2.609024107869118e-15,2.220446049250313e-16
R_amp1.0_T12.0,R,1.0,12.0,7.9,0.8333333333333334,0.007370613883670197,0.05949804216542284,0.17760557466949967,10.027676352666667,1.0650672796208212,1.0659888363451269,8.881784197001252e-16,0.0,0,0,9.094947017729282e-13,0.6549011290706134,0.0,-0.11422254352375982,4.440892098500626e-16,0.0,2.609024107869118e-15,2.220446049250313e-16
R_amp1.0_T12.0,R,1.0,12.0,7.95,0.8333333333333334,0.007370613883670197,0.05949804216542284,0.17760557466949967,10.027648756594216,1.0650678821623003,1.065988548610149,8.881784197001252e-16,0.0,0,0,9.094947017729282e-13,0.6549011290706134,0.0,-0.11422254348776417,4.440892098500626e-16,0.0,2.609024107869118e-15,2.220446049250313e-16
R_amp1.0_T12.0,R,1.0,12.0,8.0,0.8333333333333334,0.007370613883670197,0.05949804216542284,0.17760557466949967,10.027621185948455,1.065068480615331,1.065988260767933,8.881784197001252e-16,0.0,0,0,9.094947017729282e-13,0.6549011290706134,0.0,-0.1142225434519919,2.220446049250313e-16,0.0,2.609024107869118e-15,2.220446049250313e-16
R_amp1.0_T12.0,R,1.0,12.0,8.05,0.8333333333333334,0.007370613883670197,0.05949804216542284,0.17760557466949967,10.027593640603289,1.0650690750946843,1.0659879728194002,8.881784197001252e-16,0.0,0,0,1.3642420526593924e-12,0.6549011290706134,0.0,-0.114222543416443,4.440892098500626e-16,0.0,2.609024107869118e-15,2.220446049250313e-16
R_amp1.0_T12.0,R,1.0,12.0,8.1,0.8333333333333334,0.007370613883670197,0.05949804216542284,0.17760557466949967,10.02756612043649,1.0650696657119167,1.0659876847654859,8.881784197001252e-16,0.0,0,0,1.3642420526593924e-12,0.6549011290706134,0.0,-0.11422254338089455,4.440892098500626e-16,0.0,2.609024107869118e-15,2.220446049250313e-16
R_amp1.0_T12.0,R,1.0,12.0,8.15,0.8333333333333334,0.007370613883670197,0.05949804216542284,0.17760557466949967,10.027538625329566,1.0650702525754634,1.06598739660714,1.1102230246251565e-15,0.0,0,0,9.094947017729282e-13,0.6549011290706134,0.0,-0.11422254334579285,4.440892098500626e-16,0.0,2.609024107869118e-15,2.220446049250313e-16
R_amp1.0_T12.0,R,1.0,12.0,8.200000000000001,0.8333333333333334,0.007370613883670197,0.05949804216542284,0.17760557466949967,10.02751115516767,1.0650708357907208,1.0659871083453283,8.881784197001252e-16,0.0,0,0,9.094947017729282e-13,0.6549011290706134,0.0,-0.114222543310468,4.440892098500626e-16,0.0,2.609024107869118e-15,2.220446049250313e-16
R_amp1.0_T12.0,R,1.0,12.0,8.25,0.8333333333333334,0.007370613883670197,0.05949804216542284,0.17760557466949967,10.027483709839501,1.065071415460138,1.0659868199810303,8.881784197001252e-16,0.0,0,0,9.094947017729282e-13,0.6549011290706134,0.0,-0.1142225432753663,2.220446049250313e-16,0.0,2.609024107869118e-15,2.220446049250313e-16
R_amp1.0_T12.0,R,1.0,12.0,8.3,0.8333333333333334,0.007370613883670197,0.05949804216542284,0.17760557466949967,10.027456289237191,1.065071991683296,1.065986531515239,8.881784197001252e-16,0.0,0,0,9.094947017729282e-13,0.6549011290706134,0.0,-0.11422254324004144,2.220446049250313e-16,0.0,2.609024107869118e-15,2.220446049250313e-16
R_amp1.0_T12.0,R,1.0,12.0,8.35,0.8333333333333334,0.007370613883670197,0.05949804216542284,0.17760557466949967,10.02742889325621,1.065072564556987,1.0659862429489624,8.881784197001252e-16,0.0,0,0,9.094947017729282e-13,0.6549011290706134,0.0,-0.11422254320493974,4.440892098500626e-16,0.0,2.609024107869118e-15,2.220446049250313e-16
R_amp1.0_T12.0,R,1.0,12.0,8.4,0.8333333333333334,0.007370613883670197,0.05949804216542284,0.17760557466949967,10.027401521795273,1.0650731341752935,1.0659859542832222,8.881784197001252e-16,0.0,0,0,1.3642420526593924e-12,0.6549011290706134,0.0,-0.11422254317050906,4.440892098500626e-16,0.0,2.609024107869118e-15,2.220446049250313e-16
R_amp1.0_T12.0,R,1.0,12.0,8.450000000000001,0.8333333333333334,0.007370613883670197,0.05949804216542284,0.17760557466949967,10.027374174756245,1.0650737006296664,1.0659856655190534,8.881784197001252e-16,0.0,0,0,9.094947017729282e-13,0.6549011290706134,0.0,-0.1142225431351842,4.440892098500626e-16,0.0,2.609024107869118e-15,2.220446049250313e-16
R_amp1.0_T12.0,R,1.0,12.0,8.5,0.8333333333333334,0.007370613883670197,0.05949804216542284,0.17760557466949967,10.027346852044055,1.0650742640089952,1.0659853766575034,1.1102230246251565e-15,0.0,0,0,9.094947017729282e-13,0.6549011290706134,0.0,-0.1142225431007533,4.440892098500626e-16,0.0,2.609024107869118e-15,2.220446049250313e-16
R_amp1.0_T12.0,R,1.0,12.0,8.55,0.8333333333333334,0.007370613883670197,0.05949804216542284,0.17760557466949967,10.027319553566596,1.0650748243996797,1.0659850876996337,1.1102230246251565e-15,0.0,0,0,9.094947017729282e-13,0.6549011290706134,0.0,-0.11422254306587543,4.440892098500626e-16,0.0,2.609024107869118e-15,2.220446049250313e-16
R_amp1.0_T12.0,R,1.0,12.0,8.6,0.8333333333333334,0.007370613883670197,0.05949804216542284,0.17760557466949967,10.027292279234661,1.0650753818857002,1.0659847986465179,1.1102230246251565e-15,0.0,0,0,1.3642420526593924e-12,0.6549011290706134,0.0,-0.11422254303144452,4.440892098500626e-16,0.0,2.609024107869118e-15,2.220446049250313e-16
R_amp1.0_T12.0,R,1.0,12.0,8.65,0.8333333333333334,0.007370613883670197,0.05949804216542284,0.17760557466949967,10.02726502896184,1.0650759365486842,1.0659845094992428,1.1102230246251565e-15,0.0,0,0,9.094947017729282e-13,0.6549011290706134,0.0,-0.11422254299723744,4.440892098500626e-16,0.0,2.609024107869118e-15,2.220446049250313e-16
R_amp1.0_T12.0,R,1.0,12.0,8.700000000000001,0.8333333333333334,0.007370613883670197,0.05949804216542284,0.17760557466949967,10.027237802664452,1.065076488467974,1.065984220258907,1.1102230246251565e-15,0.0,0,0,9.094947017729282e-13,0.6549011290706134,0.0,-0.11422254296280676,4.440892098500626e-16,0.0,2.609024107869118e-15,2.220446049250313e-16
R_amp1.0_T12.0,R,1.0,12.0,8.75,0.8333333333333334,0.007370613883670197,0.05949804216542284,0.17760557466949967,10.027210600261455,1.0650770377206862,1.0659839309266212,1.3322676295501878e-15,0.0,0,0,9.094947017729282e-13,0.6549011290706134,0.0,-0.11422254292882306,4.440892098500626e-16,0.0,2.609024107869118e-15,2.220446049250313e-16
R_amp1.0_T12.0,R,1.0,12.0,8.8,0.8333333333333334,0.007370613883670197,0.05949804216542284,0.17760557466949967,10.027183421674383,1.0650775843817757,1.0659836415035078,1.1102230246251565e-15,0.0,0,0,1.3642420526593924e-12,0.6549011290706134,0.0,-0.11422254289528655,2.220446049250313e-16,0.0,2.609024107869118e-15,2.220446049250313e-16
R_amp1.0_T12.0,R,1.0,12.0,8.85,0.8333333333333334,0.007370613883670197,0.05949804216542284,0.17760557466949967,10.027156266827262,1.0650781285240947,1.0659833519907014,1.1102230246251565e-15,0.0,0,0,9.094947017729282e-13,0.6549011290706134,0.0,-0.11422254286107947,4.440892098500626e-16,0.0,2.609024107869118e-15,2.220446049250313e-16
R_amp1.0_T12.0,R,1.0,12.0,8.9,0.8333333333333334,0.007370613883670197,0.05949804216542284,0.17760557466949967,10.027129135646542,1.0650786702184531,1.065983062389347,1.1102230246251565e-15,0.0,0,0,9.094947017729282e-13,0.6549011290706134,0.0,-0.11422254282754318,4.440892098500626e-16,0.0,2.609024107869118e-15,2.220446049250313e-16
R_amp1.0_T12.0,R,1.0,12.0,8.950000000000001,0.8333333333333334,0.007370613883670197,0.05949804216542284,0.17760557466949967,10.027102028061027,1.0650792095336707,1.0659827727006017,1.3322676295501878e-15,0.0,0,0,9.094947017729282e-13,0.6549011290706134,0.0,-0.11422254279400668,4.440892098500626e-16,0.0,2.609024107869118e-15,2.220446049250313e-16
R_amp1.0_T12.0,R,1.0,12.0,9.0,0.8333333333333334,0.007370613883670197,0.05949804216542284,0.17760557466949967,10.027074944001809,1.065079746536637,1.0659824829256326,1.3322676295501878e-15,0.0,0,0,9.094947017729282e-13,0.6549011290706134,0.0,-0.11422254276024657,4.440892098500626e-16,0.0,2.609024107869118e-15,2.220446049250313e-16
R_amp1.0_T12.0,R,1.0,12.0,9.05,0.8333333333333334,0.007370613883670197,0.05949804216542284,0.17760557466949967,10.027047883402194,1.065080281292361,1.0659821930656177,1.1102230246251565e-15,0.0,0,0,9.094947017729282e-13,0.6549011290706134,0.0,-0.11422254272693366,4.440892098500626e-16,0.0,2.609024107869118e-15,2.220446049250313e-16
R_amp1.0_T12.0,R,1.0,12.0,9.1,0.8333333333333334,0.007370613883670197,0.05949804216542284,0.17760557466949967,10.027020846197644,1.0650808138640233,1.0659819031217457,1.3322676295501878e-15,0.0,0,0,1.3642420526593924e-12,0.6549011290706134,0.0,-0.11422254269339716,2.220446049250313e-16,0.0,2.609024107869118e-15,2.220446049250313e-16
R_amp1.0_T12.0,R,1.0,12.0,9.15,0.8333333333333334,0.007370613883670197,0.05949804216542284,0.17760557466949967,10.026993832325712,1.0650813443130296,1.0659816130952149,1.3322676295501878e-15,0.0,0,0,9.094947017729282e-13,0.6549011290706134,0.0,-0.11422254266053145,4.440892098500626e-16,0.0,2.609024107869118e-15,2.220446049250313e-16
R_amp1.0_T12.0,R,1.0,12.0,9.200000000000001,0.8333333333333334,0.007370613883670197,0.05949804216542284,0.17760557466949967,10.026966841725987,1.0650818726990545,1.0659813229872337,1.3322676295501878e-15,0.0,0,0,9.094947017729282e-13,0.6549011290706134,0.0,-0.11422254262721876,4.440892098500626e-16,0.0,2.609024107869118e-15,2.220446049250313e-16
R_amp1.0_T12.0,R,1.0,12.0,9.25,0.8333333333333334,0.007370613883670197,0.05949804216542284,0.17760557466949967,10.026939874340023,1.0650823990800937,1.0659810327990207,1.3322676295501878e-15,0.0,0,0,9.094947017729282e-13,0.6549011290706134,0.0,-0.11422254259435305,4.440892098500626e-16,0.0,2.609024107869118e-15,2.220446049250313e-16
R_amp1.0_T12.0,R,1.0,12.0,9.3,0.8333333333333334,0.007370613883670197,0.05949804216542284,0.17760557466949967,10.02691293011129,1.0650829235125068,1.0659807425318033,1.3322676295501878e-15,0.0,0,0,1.3642420526593924e-12,0.6549011290706134,0.0,-0.11422254256171072,4.440892098500626e-16,0.0,2.609024107869118e-15,2.220446049250313e-16
R_amp1.0_T12.0,R,1.0,12.0,9.35,0.8333333333333334,0.007370613883670197,0.05949804216542284,0.17760557466949967,10.026886008985118,1.0650834460510652,1.0659804521868184,1.3322676295501878e-15,0.0,0,0,9.094947017729282e-13,0.6549011290706134,0.0,-0.1142225425292922,4.440892098500626e-16,0.0,2.609024107869118e-15,2.220446049250313e-16
R_amp1.0_T12.0,R,1.0,12.0,9.4,0.8333333333333334,0.007370613883670197,0.05949804216542284,0.17760557466949967,10.026859110908637,1.0650839667489929,1.0659801617653115,1.3322676295501878e-15,0.0,0,0,1.3642420526593924e-12,0.6549011290706134,0.0,-0.11422254249687369,4.440892098500626e-16,0.0,2.609024107869118e-15,2.220446049250313e-16
R_amp1.0_T12.0,R,1.0,12.0,9.450000000000001,0.8333333333333334,0.007370613883670197,0.05949804216542284,0.17760557466949967,10.026832235830732,1.065084485658011,1.065979871268537,1.1102230246251565e-15,0.0,0,0,9.094947017729282e-13,0.6549011290706134,0.0,-0.11422254246490215,0.0,0.0,2.609024107869118e-15,2.220446049250313e-16
R_amp1.0_T12.0,R,1.0,12.0,9.5,0.8333333333333334,0.007370613883670197,0.05949804216542284,0.17760557466949967,10.02680538370198,1.0650850028283776,1.0659795806977586,1.3322676295501878e-15,0.0,0,0,1.3642420526593924e-12,0.6549011290706134,0.0,-0.11422254243337782,4.440892098500626e-16,0.0,2.609024107869118e-15,2.220446049250313e-16
R_amp1.0_T12.0,R,1.0,12.0,9.55,0.8333333333333334,0.007370613883670197,0.05949804216542284,0.17760557466949967,10.02677855447461,1.065085518308929,1.0659792900542464,1.3322676295501878e-15,0.0,0,0,1.3642420526593924e-12,0.6549011290706134,0.0,-0.1142225424016301,4.440892098500626e-16,0.0,2.609024107869118e-15,2.220446049250313e-16
R_amp1.0_T12.0,R,1.0,12.0,9.600000000000001,0.8333333333333334,0.007370613883670197,0.05949804216542284,0.17760557466949967,10.026751748102452,1.0650860321471172,1.06597899933928,1.3322676295501878e-15,0.0,0,0,1.3642420526593924e-12,0.6549011290706134,0.0,-0.11422254237032958,4.440892098500626e-16,0.0,2.609024107869118e-15,2.220446049250313e-16
R_amp1.0_T12.0,R,1.0,12.0,9.65,0.8333333333333334,0.007370613883670197,0.05949804216542284,0.17760557466949967,10.026724964540888,1.0650865443890485,1.065978708554147,1.3322676295501878e-15,0.0,0,0,1.3642420526593924e-12,0.6549011290706134,0.0,-0.11422254233902884,4.440892098500626e-16,0.0,2.609024107869118e-15,2.220446049250313e-16
R_amp1.0_T12.0,R,1.0,12.0,9.700000000000001,0.8333333333333334,0.007370613883670197,0.05949804216542284,0.17760557466949967,10.026698203746804,1.0650870550795206,1.0659784177001415,1.3322676295501878e-15,0.0,0,0,9.094947017729282e-13,0.6549011290706134,0.0,-0.11422254230817508,4.440892098500626e-16,0.0,2.609024107869118e-15,2.220446049250313e-16
R_amp1.0_T12.0,R,1.0,12.0,9.75,0.8333333333333334,0.007370613883670197,0.05949804216542284,0.17760557466949967,10.026671465678543,1.0650875642620594,1.065978126778565,1.3322676295501878e-15,0.0,0,0,9.094947017729282e-13,0.6549011290706134,0.0,-0.11422254227732154,4.440892098500626e-16,0.0,2.609024107869118e-15,2.220446049250313e-16
R_amp1.0_T12.0,R,1.0,12.0,9.8,0.8333333333333334,0.007370613883670197,0.05949804216542284,0.17760557466949967,10.026644750295876,1.0650880719789502,1.065977835790727,1.3322676295501878e-15,0.0,0,0,1.3642420526593924e-12,0.6549011290706134,0.0,-0.11422254224691542,2.220446049250313e-16,0.0,2.609024107869118e-15,2.220446049250313e-16
R_amp1.0_T12.0,R,1.0,12.0,9.850000000000001,0.8333333333333334,0.007370613883670197,0.05949804216542284,0.17760557466949967,10.02661805755994,1.0650885782712751,1.065977544737943,1.1102230246251565e-15,0.0,0,0,9.094947017729282e-13,0.6549011290706134,0.0,-0.11422254221673245,2.220446049250313e-16,0.0,2.609024107869118e-15,2.220446049250313e-16
R_amp1.0_T12.0,R,1.0,12.0,9.9,0.8333333333333334,0.007370613883670197,0.05949804216542284,0.17760557466949967,10.02659138743321,1.0650890831789437,1.065977253621536,1.3322676295501878e-15,0.0,0,0,1.3642420526593924e-12,0.6549011290706134,0.0,-0.1142225421872205,4.440892098500626e-16,0.0,2.609024107869118e-15,2.220446049250313e-16
R_amp1.0_T12.0,R,1.0,12.0,9.950000000000001,0.8333333333333334,0.007370613883670197,0.05949804216542284,0.17760557466949967,10.02656473987945,1.0650895867407266,1.0659769624428348,1.3322676295501878e-15,0.0,0,0,9.094947017729282e-13,0.6549011290706134,0.0,-0.11422254215726113,4.440892098500626e-16,0.0,2.609024107869118e-15,2.220446049250313e-16
R_amp1.0_T12.0,R,1.0,12.0,10.0,0.8333333333333334,0.007370613883670197,0.05949804216542284,0.17760557466949967,10.026538114863685,1.065090088994285,1.0659766712031746,1.3322676295501878e-15,0.0,0,0,9.094947017729282e-13,0.6549011290706134,0.0,-0.11422254212797278,4.440892098500626e-16,0.0,2.609024107869118e-15,2.220446049250313e-16
R_amp1.0_T12.0,R,1.0,12.0,10.05,0.8333333333333334,0.007370613883670197,0.05949804216542284,0.17760557466949967,10.026511512352151,1.0650905899762022,1.0659763799038966,1.3322676295501878e-15,0.0,0,0,9.094947017729282e-13,0.6549011290706134,0.0,-0.11422254209890759,4.440892098500626e-16,0.0,2.609024107869118e-15,2.220446049250313e-16
R_amp1.0_T12.0,R,1.0,12.0,10.100000000000001,0.8333333333333334,0.007370613883670197,0.05949804216542284,0.17760557466949967,10.02648493231226,1.0650910897220125,1.065976088546348,1.3322676295501878e-15,0.0,0,0,9.094947017729282e-13,0.6549011290706134,0.0,-0.11422254207006644,4.440892098500626e-16,0.0,2.609024107869118e-15,2.220446049250313e-16
R_amp1.0_T12.0,R,1.0,12.0,10.15,0.8333333333333334,0.007370613883670197,0.05949804216542284,0.17760557466949967,10.026458374712576,1.0650915882662302,1.0659757971318804,1.3322676295501878e-15,0.0,0,0,1.3642420526593924e-12,0.6549011290706134,0.0,-0.11422254204144866,4.440892098500626e-16,0.0,2.609024107869118e-15,2.220446049250313e-16
R_amp1.0_T12.0,R,1.0,12.0,10.200000000000001,0.8333333333333334,0.007370613883670197,0.05949804216542284,0.17760557466949967,10.026431839522765,1.0650920856423747,1.0659755056618527,1.3322676295501878e-15,0.0,0,0,1.3642420526593924e-12,0.6549011290706134,0.0,-0.11422254201327808,4.440892098500626e-16,0.0,2.609024107869118e-15,2.220446049250313e-16
R_amp1.0_T12.0,R,1.0,12.0,10.25,0.8333333333333334,0.007370613883670197,0.05949804216542284,0.17760557466949967,10.026405326713569,1.0650925818830026,1.0659752141376273,1.3322676295501878e-15,0.0,0,0,9.094947017729282e-13,0.6549011290706134,0.0,-0.1142225419853311,4.440892098500626e-16,0.0,2.609024107869118e-15,2.220446049250313e-16
R_amp1.0_T12.0,R,1.0,12.0,10.3,0.8333333333333334,0.007370613883670197,0.05949804216542284,0.17760557466949967,10.026378836256768,1.065093077019729,1.0659749225605721,1.3322676295501878e-15,0.0,0,0,9.094947017729282e-13,0.6549011290706134,0.0,-0.11422254195783088,0.0,0.0,2.609024107869118e-15,2.220446049250313e-16
R_amp1.0_T12.0,R,1.0,12.0,10.350000000000001,0.8333333333333334,0.007370613883670197,0.05949804216542284,0.17760557466949967,10.026352368125156,1.0650935710832563,1.0659746309320606,1.3322676295501878e-15,0.0,0,0,9.094947017729282e-13,0.6549011290706134,0.0,-0.1142225419303311,4.440892098500626e-16,0.0,2.609024107869118e-15,2.220446049250313e-16
R_amp1.0_T12.0,R,1.0,12.0,10.4,0.8333333333333334,0.007370613883670197,0.05949804216542284,0.17760557466949967,10.026325922292504,1.0650940641033966,1.0659743392534682,1.3322676295501878e-15,0.0,0,0,9.094947017729282e-13,0.6549011290706134,0.0,-0.1142225419035019,4.440892098500626e-16,0.0,2.609024107869118e-15,2.220446049250313e-16
R_amp1.0_T12.0,R,1.0,12.0,10.450000000000001,0.8333333333333334,0.007370613883670197,0.05949804216542284,0.17760557466949967,10.026299498733522,1.0650945561090996,1.0659740475261774,1.3322676295501878e-15,0.0,0,0,9.094947017729282e-13,0.6549011290706134,0.0,-0.11422254187734371,4.440892098500626e-16,0.0,2.609024107869118e-15,2.220446049250313e-16
R_amp1.0_T12.0,R,1.0,12.0,10.5,0.8333333333333334,0.007370613883670197,0.05949804216542284,0.17760557466949967,10.026273097423847,1.06509504712847,1.0659737557515736,1.3322676295501878e-15,0.0,0,0,9.094947017729282e-13,0.6549011290706134,0.0,-0.11422254185163228,2.220446049250313e-16,0.0,2.609024107869118e-15,2.220446049250313e-16
R_amp1.0_T12.0,R,1.0,12.0,10.55,0.8333333333333334,0.007370613883670197,0.05949804216542284,0.17760557466949967,10.026246718339994,1.0650955371887962,1.0659734639310456,1.3322676295501878e-15,0.0,0,0,1.3642420526593924e-12,0.6549011290706134,0.0,-0.11422254182592106,4.440892098500626e-16,0.0,2.609024107869118e-15,2.220446049250313e-16
R_amp1.0_T12.0,R,1.0,12.0,10.600000000000001,0.8333333333333334,0.007370613883670197,0.05949804216542284,0.17760557466949967,10.026220361459352,1.0650960263165707,1.0659731720659877,1.3322676295501878e-15,0.0,0,0,9.094947017729282e-13,0.6549011290706134,0.0,-0.11422254180088065,4.440892098500626e-16,0.0,2.609024107869118e-15,2.220446049250313e-16
R_amp1.0_T12.0,R,1.0,12.0,10.65,0.8333333333333334,0.007370613883670197,0.05949804216542284,0.17760557466949967,10.026194026760127,1.0650965145375109,1.0659728801577955,1.3322676295501878e-15,0.0,0,0,9.094947017729282e-13,0.6549011290706134,0.0,-0.11422254177628699,4.440892098500626e-16,0.0,2.609024107869118e-15,2.220446049250313e-16
R_amp1.0_T12.0,R,1.0,12.0,10.700000000000001,0.8333333333333334,0.007370613883670197,0.05949804216542284,0.17760557466949967,10.026167714221348,1.0650970018765804,1.0659725882078686,1.3322676295501878e-15,0.0,0,0,9.094947017729282e-13,0.6549011290706134,0.0,-0.11422254175236457,4.440892098500626e-16,0.0,2.609024107869118e-15,2.220446049250313e-16
R_amp1.0_T12.0,R,1.0,12.0,10.75,0.8333333333333334,0.007370613883670197,0.05949804216542284,0.17760557466949967,10.026141423822812,1.0650974883580087,1.0659722962176106,1.3322676295501878e-15,0.0,0,0,9.094947017729282e-13,0.6549011290706134,0.0,-0.1142225417288889,4.440892098500626e-16,0.0,2.609024107869118e-15,2.220446049250313e-16
R_amp1.0_T12.0,R,1.0,12.0,10.8,0.8333333333333334,0.007370613883670197,0.05949804216542284,0.17760557466949967,10.026115155545074,1.0650979740053137,1.0659720041884273,1.3322676295501878e-15,0.0,0,0,9.094947017729282e-13,0.6549011290706134,0.0,-0.11422254170608404,4.440892098500626e-16,0.0,2.609024107869118e-15,2.220446049250313e-16
R_amp1.0_T12.0,R,1.0,12.0,10.850000000000001,0.8333333333333334,0.007370613883670197,0.05949804216542284,0.17760557466949967,10.026088909369424,1.065098458841319,1.0659717121217267,1.3322676295501878e-15,0.0,0,0,9.094947017729282e-13,0.6549011290706134,0.0,-0.11422254168372636,4.440892098500626e-16,0.0,2.609024107869118e-15,2.220446049250313e-16
R_amp1.0_T12.0,R,1.0,12.0,10.9,0.8333333333333334,0.007370613883670197,0.05949804216542284,0.17760557466949967,10.026062685277855,1.0650989428881723,1.0659714200189203,1.3322676295501878e-15,0.0,0,0,1.3642420526593924e-12,0.6549011290706134,0.0,-0.11422254166159251,4.440892098500626e-16,0.0,2.609024107869118e-15,2.220446049250313e-16
R_amp1.0_T12.0,R,1.0,12.0,10.950000000000001,0.8333333333333334,0.007370613883670197,0.05949804216542284,0.17760557466949967,10.026036483253048,1.0650994261673659,1.0659711278814221,1.3322676295501878e-15,0.0,0,0,9.094947017729282e-13,0.6549011290706134,0.0,-0.11422254164057621,4.440892098500626e-16,0.0,2.609024107869118e-15,2.220446049250313e-16
R_amp1.0_T12.0,R,1.0,12.0,11.0,0.8333333333333334,0.007370613883670197,0.05949804216542284,0.17760557466949967,10.026010303278346,1.065099908699753,1.065970835710647,1.3322676295501878e-15,0.0,0,0,9.094947017729282e-13,0.6549011290706134,0.0,-0.11422254161955991,2.220446049250313e-16,0.0,2.609024107869118e-15,2.220446049250313e-16
R_amp1.0_T12.0,R,1.0,12.0,11.05,0.8333333333333334,0.007370613883670197,0.05949804216542284,0.17760557466949967,10.02598414533772,1.0651003905055645,1.065970543508013,1.3322676295501878e-15,0.0,0,0,9.094947017729282e-13,0.6549011290706134,0.0,-0.11422254159943801,2.220446049250313e-16,0.0,2.609024107869118e-15,2.220446049250313e-16
R_amp1.0_T12.0,R,1.0,12.0,11.100000000000001,0.8333333333333334,0.007370613883670197,0.05949804216542284,0.17760557466949967,10.025958009415778,1.065100871604427,1.065970251274939,1.3322676295501878e-15,0.0,0,0,1.3642420526593924e-12,0.6549011290706134,0.0,-0.11422254157998712,4.440892098500626e-16,0.0,2.609024107869118e-15,2.220446049250313e-16
R_amp1.0_T12.0,R,1.0,12.0,11.15,0.8333333333333334,0.007370613883670197,0.05949804216542284,0.17760557466949967,10.025931895497713,1.0651013520153807,1.0659699590128462,1.3322676295501878e-15,0.0,0,0,9.094947017729282e-13,0.6549011290706134,0.0,-0.11422254156120659,4.440892098500626e-16,0.0,2.609024107869118e-15,2.220446049250313e-16
R_amp1.0_T12.0,R,1.0,12.0,11.200000000000001,0.8333333333333334,0.007370613883670197,0.05949804216542284,0.17760557466949967,10.025905803569298,1.06510183175689,1.0659696667231577,1.3322676295501878e-15,0.0,0,0,1.3642420526593924e-12,0.6549011290706134,0.0,-0.11422254154309686,4.440892098500626e-16,0.0,2.609024107869118e-15,2.220446049250313e-16
R_amp1.0_T12.0,R,1.0,12.0,11.25,0.8333333333333334,0.007370613883670197,0.05949804216542284,0.17760557466949967,10.025879733616868,1.0651023108468656,1.0659693744072969,1.3322676295501878e-15,0.0,0,0,9.094947017729282e-13,0.6549011290706134,0.0,-0.11422254152543454,4.440892098500626e-16,0.0,2.609024107869118e-15,2.220446049250313e-16
R_amp1.0_T12.0,R,1.0,12.0,11.3,0.8333333333333334,0.007370613883670197,0.05949804216542284,0.17760557466949967,10.025853685627293,1.0651027893026748,1.065969082066689,1.3322676295501878e-15,0.0,0,0,9.094947017729282e-13,0.6549011290706134,0.0,-0.11422254150866618,4.440892098500626e-16,0.0,2.609024107869118e-15,2.220446049250313e-16
R_amp1.0_T12.0,R,1.0,12.0,11.350000000000001,0.8333333333333334,0.007370613883670197,0.05949804216542284,0.17760557466949967,10.025827659587964,1.06510326714116,1.0659687897027594,1.3322676295501878e-15,0.0,0,0,9.094947017729282e-13,0.6549011290706134,0.0,-0.1142225414927922,4.440892098500626e-16,0.0,2.609024107869118e-15,2.220446049250313e-16
R_amp1.0_T12.0,R,1.0,12.0,11.4,0.8333333333333334,0.007370613883670197,0.05949804216542284,0.17760557466949967,10.025801655486777,1.0651037443786475,1.0659684973169354,1.5543122344752192e-15,0.0,0,0,1.3642420526593924e-12,0.6549011290706134,0.0,-0.11422254147736544,4.440892098500626e-16,0.0,2.609024107869118e-15,2.220446049250313e-16
R_amp1.0_T12.0,R,1.0,12.0,11.450000000000001,0.8333333333333334,0.007370613883670197,0.05949804216542284,0.17760557466949967,10.025775673312111,1.06510422103097,1.0659682049106443,1.3322676295501878e-15,0.0,0,0,9.094947017729282e-13,0.6549011290706134,0.0,-0.11422254146260946,4.440892098500626e-16,0.0,2.609024107869118e-15,2.220446049250313e-16
R_amp1.0_T12.0,R,1.0,12.0,11.5,0.8333333333333334,0.007370613883670197,0.05949804216542284,0.17760557466949967,10.025749713052813,1.0651046971134728,1.0659679124853132,1.3322676295501878e-15,0.0,0,0,9.094947017729282e-13,0.6549011290706134,0.0,-0.11422254144919486,4.440892098500626e-16,0.0,2.609024107869118e-15,2.220446049250313e-16
R_amp1.0_T12.0,R,1.0,12.0,11.55,0.8333333333333334,0.007370613883670197,0.05949804216542284,0.17760557466949967,10.02572377469818,1.0651051726410279,1.0659676200423707,1.3322676295501878e-15,0.0,0,0,9.094947017729282e-13,0.6549011290706134,0.0,-0.11422254143622745,4.440892098500626e-16,0.0,2.609024107869118e-15,2.220446049250313e-16
R_amp1.0_T12.0,R,1.0,12.0,11.600000000000001,0.8333333333333334,0.007370613883670197,0.05949804216542284,0.17760557466949967,10.025697858237947,1.0651056476280498,1.0659673275832446,1.3322676295501878e-15,0.0,0,0,9.094947017729282e-13,0.6549011290706134,0.0,-0.11422254142460142,4.440892098500626e-16,0.0,2.609024107869118e-15,2.220446049250313e-16
R_amp1.0_T12.0,R,1.0,12.0,11.65,0.8333333333333334,0.007370613883670197,0.05949804216542284,0.17760557466949967,10.02567196366227,1.0651061220885065,1.065967035109364,1.3322676295501878e-15,0.0,0,0,9.094947017729282e-13,0.6549011290706134,0.0,-0.11422254141364618,2.220446049250313e-16,0.0,2.609024107869118e-15,2.220446049250313e-16
R_amp1.0_T12.0,R,1.0,12.0,11.700000000000001,0.8333333333333334,0.007370613883670197,0.05949804216542284,0.17760557466949967,10.025646090961708,1.0651065960359323,1.0659667426221557,1.3322676295501878e-15,0.0,0,0,1.3642420526593924e-12,0.6549011290706134,0.0,-0.11422254140336174,4.440892098500626e-16,0.0,2.609024107869118e-15,2.220446049250313e-16
R_amp1.0_T12.0,R,1.0,12.0,11.75,0.8333333333333334,0.007370613883670197,0.05949804216542284,0.17760557466949967,10.025620240127202,1.065107069483437,1.0659664501230486,1.5543122344752192e-15,0.0,0,0,9.094947017729282e-13,0.6549011290706134,0.0,-0.11422254139419508,4.440892098500626e-16,0.0,2.609024107869118e-15,2.220446049250313e-16
R_amp1.0_T12.0,R,1.0,12.0,11.8,0.8333333333333334,0.007370613883670197,0.05949804216542284,0.17760557466949967,10.025594411150081,1.0651075424437209,1.0659661576134698,1.5543122344752192e-15,0.0,0,0,9.094947017729282e-13,0.6549011290706134,0.0,-0.1142225413861464,2.220446049250313e-16,0.0,2.609024107869118e-15,2.220446049250313e-16
R_amp1.0_T12.0,R,1.0,12.0,11.850000000000001,0.8333333333333334,0.007370613883670197,0.05949804216542284,0.17760557466949967,10.025568604022025,1.065108014929085,1.0659658650948454,1.3322676295501878e-15,0.0,0,0,1.3642420526593924e-12,0.6549011290706134,0.0,-0.1142225413787683,2.220446049250313e-16,0.0,2.609024107869118e-15,2.220446049250313e-16
R_amp1.0_T12.0,R,1.0,12.0,11.9,0.8333333333333334,0.007370613883670197,0.05949804216542284,0.17760557466949967,10.025542818735072,1.0651084869514398,1.0659655725686021,1.5543122344752192e-15,0.0,0,0,9.094947017729282e-13,0.6549011290706134,0.0,-0.1142225413725082,4.440892098500626e-16,0.0,2.609024107869118e-15,2.220446049250313e-16
R_amp1.0_T12.0,R,1.0,12.0,11.950000000000001,0.8333333333333334,0.007370613883670197,0.05949804216542284,0.17760557466949967,10.025517055281583,1.0651089585223192,1.065965280036165,1.3322676295501878e-15,0.0,0,0,1.3642420526593924e-12,0.6549011290706134,0.0,-0.11422254136758947,4.440892098500626e-16,0.0,2.609024107869118e-15,2.220446049250313e-16
R_amp1.0_T12.0,R,1.0,12.0,12.0,0.8333333333333334,0.007370613883670197,0.05949804216542284,0.17760557466949967,10.025491313654246,1.065109429652888,1.0659649874989583,1.3322676295501878e-15,0.0,0,0,0.0,0.6549011290706134,0.0,-0.11422254136378873,4.440892098500626e-16,0.0,2.609024107869118e-15,2.220446049250313e-16
R_amp0.5_T12.0,R,0.5,12.0,0.0,0.8333333333333334,0.007370613883670197,0.05949804216542284,0.17760557466949967,10.000000002223675,1.0665672208064814,1.0651673298129456,0.0,0.0,0,0,9.094947017729282e-13,0.6549011290706134,0.0,-0.11370797887042094,4.440892098500626e-16,0.0,2.1094237467877974e-15,2.220446049250313e-16
R_amp0.5_T12.0,R,0.5,12.0,0.05,0.8333333333333334,0.007371107201563129,0.05949804216542284,0.17760557466949967,10.000056289725435,1.0665671235322318,1.0651672933919527,0.0,0.0,0,0,9.094947017729282e-13,0.6549011290706134,0.0,-0.1136585191398658,4.440892098500626e-16,0.0,2.220446049250313e-15,2.220446049250313e-16
R_amp0.5_T12.0,R,0.5,12.0,0.1,0.8333333333333334,0.007372585208341578,0.05949804216542284,0.17760557466949967,10.000112843266937,1.0665670333401935,1.0651672689799254,0.0,0.0,0,0,9.094947017729282e-13,0.6549011290706134,0.0,-0.1135105983606306,4.440892098500626e-16,0.0,2.1094237467877974e-15,2.220446049250313e-16
R_amp0.5_T12.0,R,0.5,12.0,0.15000000000000002,0.8333333333333334,0.0073750420709880245,0.05949804216542284,0.17760557466949967,10.000170154448899,1.0665668980095213,1.065167282617312,0.0,0.0,0,0,9.094947017729282e-13,0.6549011290706134,0.0,-0.11326482042412822,2.220446049250313e-16,0.0,2.1649348980190553e-15,2.220446049250313e-16
R_amp0.5_T12.0,R,0.5,12.0,0.2,0.8333333333333334,0.007378468093388039,0.05949804216542284,0.17760557466949967,10.000228709003139,1.0665666656617903,1.0651673601914895,0.0,0.0,0,0,9.094947017729282e-13,0.6549011290706134,0.0,-0.11292217542216654,2.220446049250313e-16,0.0,2.220446049250313e-15,2.220446049250313e-16
R_amp0.5_T12.0,R,0.5,12.0,0.25,0.8333333333333334,0.007382849754596408,0.05949804216542284,0.17760557466949967,10.000288984880857,1.066566284959921,1.0651675273340624,0.0,0.0,0,0,1.3642420526593924e-12,0.6549011290706134,0.0,-0.11248403573786514,4.440892098500626e-16,0.0,1.9984014443252818e-15,2.220446049250313e-16
R_amp0.5_T12.0,R,0.5,12.0,0.30000000000000004,0.8333333333333334,0.007388169762198134,0.05949804216542284,0.17760557466949967,10.000351450371635,1.066565705305189,1.065167809319305,0.0,0.0,0,0,1.3642420526593924e-12,0.6549011290706134,0.0,-0.11195215063089203,4.440892098500626e-16,0.0,1.6653345369377348e-15,2.220446049250313e-16
R_amp0.5_T12.0,R,0.5,12.0,0.35000000000000003,0.8333333333333334,0.007394407120553692,0.05949804216542284,0.17760557466949967,10.000416562260607,1.0665648770315328,1.0651682309641255,0.0,0.0,0,0,1.3642420526593924e-12,0.6549011290706134,0.0,-0.11132863933404846,4.440892098500626e-16,0.0,1.7763568394002505e-15,2.220446049250313e-16
R_amp0.5_T12.0,R,0.5,12.0,0.4,0.8333333333333334,0.007401537213659231,0.05949804216542284,0.17760557466949967,10.000484764030986,1.066563751596409,1.0651688165299193,0.0,0.0,0,0,1.3642420526593924e-12,0.6549011290706134,0.0,-0.11061598268948258,4.440892098500626e-16,0.0,1.6653345369377348e-15,2.220446049250313e-16
R_amp0.5_T12.0,R,0.5,12.0,0.45,0.8333333333333334,0.0074095319022946925,0.05949804216542284,0.17760557466949967,10.000556484119096,1.0665622817674334,1.0651695896266768,0.0,0.0,0,0,9.094947017729282e-13,0.6549011290706134,0.0,-0.10981701335633476,4.440892098500626e-16,0.0,1.6653345369377348e-15,2.220446049250313e-16
R_amp0.5_T12.0,R,0.5,12.0,0.5,0.8333333333333334,0.0074183596350764595,0.05949804216542284,0.17760557466949967,10.000632134228717,1.066560421804066,1.0651705731197167,0.0,0.0,0,0,9.094947017729282e-13,0.6549011290706134,0.0,-0.10893490463575617,4.440892098500626e-16,0.0,1.6653345369377348e-15,2.220446049250313e-16
R_amp0.5_T12.0,R,0.5,12.0,0.55,0.8333333333333334,0.00742798557297625,0.05949804216542284,0.17760557466949967,10.00071210771142,1.0665581276336147,1.0651717890393937,0.0,0.0,0,0,9.094947017729282e-13,0.6549011290706134,0.0,-0.10797315794281914,4.440892098500626e-16,0.0,1.6653345369377348e-15,2.220446049250313e-16
R_amp0.5_T12.0,R,0.5,12.0,0.6000000000000001,0.8333333333333334,0.007438371726814844,0.05949804216542284,0.17760557466949967,10.000796778019229,1.0665553570208521,1.0651732584941302,0.0,0.0,0,0,9.094947017729282e-13,0.6549011290706134,0.0,-0.10693558899122979,4.440892098500626e-16,0.0,1.6653345369377348e-15,2.220446049250313e-16
R_amp0.5_T12.0,R,0.5,12.0,0.65,0.8333333333333334,0.0074494771071880244,0.05949804216542284,0.17760557466949967,10.000886497235683,1.0665520697305677,1.065175001587114,0.0,0.0,0,0,9.094947017729282e-13,0.6549011290706134,0.0,-0.10582631273481735,4.440892098500626e-16,0.0,1.6653345369377348e-15,2.220446049250313e-16
R_amp0.5_T12.0,R,0.5,12.0,0.7000000000000001,0.8333333333333334,0.007461257886233024,0.05949804216542284,0.17760557466949967,10.000981594691115,1.0665482276823972,1.065177037336976,0.0,0.0,0,0,9.094947017729282e-13,0.6549011290706134,0.0,-0.10464972712519716,4.440892098500626e-16,0.0,1.6653345369377348e-15,2.220446049250313e-16
R_amp0.5_T12.0,R,0.5,12.0,0.75,0.8333333333333334,0.007473667570597078,0.05949804216542284,0.17760557466949967,10.001082375667526,1.0665437950973113,1.065179383602758,0.0,0.0,0,0,1.3642420526593924e-12,0.6549011290706134,0.0,-0.10341049575838679,4.440892098500626e-16,0.0,1.6653345369377348e-15,2.220446049250313e-16
R_amp0.5_T12.0,R,0.5,12.0,0.8,0.8333333333333334,0.007486657184925447,0.05949804216542284,0.17760557466949967,10.00118912019817,1.066538738635176,1.0651820570134716,0.0,0.0,0,0,9.094947017729282e-13,0.6549011290706134,0.0,-0.10211352946656715,4.440892098500626e-16,0.0,1.6653345369377348e-15,2.220446049250313e-16
R_amp0.5_T12.0,R,0.5,12.0,0.8500000000000001,0.8333333333333334,0.007500175465144768,0.05949804216542284,0.17760557466949967,10.001302081966582,1.0665330275228169,1.065185072902509,0.0,0.0,0,0,9.094947017729282e-13,0.6549011290706134,0.0,-0.10076396694081668,4.440892098500626e-16,0.0,1.6653345369377348e-15,2.220446049250313e-16
R_amp0.5_T12.0,R,0.5,12.0,0.9,0.8333333333333334,0.007514169060778929,0.05949804216542284,0.17760557466949967,10.001421487309283,1.0665266336720902,1.0651884452471743,0.0,0.0,0,0,9.094947017729282e-13,0.6549011290706134,0.0,-0.09936715444902378,4.440892098500626e-16,0.0,1.6653345369377348e-15,2.220446049250313e-16
R_amp0.5_T12.0,R,0.5,12.0,0.9500000000000001,0.8333333333333334,0.007528582745499027,0.05949804216542284,0.17760557466949967,10.001547534326201,1.066519531787468,1.0651921866135659,0.0,0.0,0,0,9.094947017729282e-13,0.6549011290706134,0.0,-0.09792862473754371,4.440892098500626e-16,0.0,1.6653345369377348e-15,2.220446049250313e-16
R_amp0.5_T12.0,R,0.5,12.0,1.0,0.8333333333333334,0.00754335963507646,0.05949804216542284,0.17760557466949967,10.001680392102163,1.0665116994627106,1.0651963081070255,0.0,0.0,0,0,1.3642420526593924e-12,0.6549011290706134,0.0,-0.09645407519544347,4.440892098500626e-16,0.0,1.6653345369377348e-15,2.220446049250313e-16
R_amp0.5_T12.0,R,0.5,12.0,1.05,0.8333333333333334,0.007558441411878983,0.05949804216542284,0.17760557466949967,10.001820200042598,1.0665031172662331,1.0652008193283482,0.0,0.0,0,0,1.3642420526593924e-12,0.6549011290706134,0.0,-0.09494934537115274,4.440892098500626e-16,0.0,1.6653345369377348e-15,2.220446049250313e-16
R_amp0.5_T12.0,R,0.5,12.0,1.1,0.8333333333333334,0.0075737685550237655,0.05949804216542284,0.17760557466949967,10.001967067326037,1.0664937688148228,1.0652057283359297,0.0,0.0,0,0,9.094947017729282e-13,0.6549011290706134,0.0,-0.09342039392452928,2.220446049250313e-16,0.0,1.6653345369377348e-15,2.220446049250313e-16
R_amp0.5_T12.0,R,0.5,12.0,1.1500000000000001,0.8333333333333334,0.007589280575279121,0.05949804216542284,0.17760557466949967,10.002121072475521,1.0664836408354001,1.065211041613992,2.220446049250313e-16,0.0,0,0,9.094947017729282e-13,0.6549011290706134,0.0,-0.09187327511254684,4.440892098500626e-16,0.0,1.6653345369377348e-15,2.220446049250313e-16
R_amp0.5_T12.0,R,0.5,12.0,1.2000000000000002,0.8333333333333334,0.007604916253787868,0.05949804216542284,0.17760557466949967,10.002282263050656,1.0664727232145865,1.0652167640470163,2.220446049250313e-16,0.0,0,0,1.3642420526593924e-12,0.6549011290706134,0.0,-0.09031411489527441,2.220446049250313e-16,0.0,1.6653345369377348e-15,2.220446049250313e-16
R_amp0.5_T12.0,R,0.5,12.0,1.25,0.8333333333333334,0.007620613883670197,0.05949804216542284,0.17760557466949967,10.002450655461455,1.066461009035861,1.0652228989004828,0.0,0.0,0,0,9.094947017729282e-13,0.6549011290706134,0.0,-0.0887490867594889,4.440892098500626e-16,0.0,1.6653345369377348e-15,2.220446049250313e-16
R_amp0.5_T12.0,R,0.5,12.0,1.3,0.8333333333333334,0.007636311513552525,0.05949804216542284,0.17760557466949967,10.002626234904767,1.0664484946041628,1.0652294478079947,0.0,0.0,0,0,9.094947017729282e-13,0.6549011290706134,0.0,-0.08718438735482659,2.220446049250313e-16,0.0,1.6653345369377348e-15,2.220446049250313e-16
R_amp0.5_T12.0,R,0.5,12.0,1.35,0.8333333333333334,0.007651947192061272,0.05949804216542284,0.17760557466949967,10.002808955423504,1.0664351794578373,1.065236410764832,0.0,0.0,0,0,9.094947017729282e-13,0.6549011290706134,0.0,-0.08562621203835286,4.440892098500626e-16,0.0,1.6653345369377348e-15,2.220446049250313e-16
R_amp0.5_T12.0,R,0.5,12.0,1.4000000000000001,0.8333333333333334,0.0076674592123166276,0.05949804216542284,0.17760557466949967,10.00299874008843,1.066421066367866,1.065243786127965,0.0,0.0,0,0,9.094947017729282e-13,0.6549011290706134,0.0,-0.08408073042561481,2.220446049250313e-16,0.0,1.6653345369377348e-15,2.220446049250313e-16
R_amp0.5_T12.0,R,0.5,12.0,1.4500000000000002,0.8333333333333334,0.007682786355461411,0.05949804216542284,0.17760557466949967,10.003195481301862,1.0664061613243878,1.0652515706225287,0.0,0.0,0,0,1.3642420526593924e-12,0.6549011290706134,0.0,-0.08255406203907079,4.440892098500626e-16,0.0,1.6653345369377348e-15,2.220446049250313e-16
R_amp0.5_T12.0,R,0.5,12.0,1.5,0.8333333333333334,0.007697868132263933,0.05949804216542284,0.17760557466949967,10.003399041222025,1.0663904735105605,1.065259759354725,2.220446049250313e-16,0.0,0,0,9.094947017729282e-13,0.6549011290706134,0.0,-0.08105225216029299,2.220446049250313e-16,0.0,1.6653345369377348e-15,2.220446049250313e-16
R_amp0.5_T12.0,R,0.5,12.0,1.55,0.8333333333333334,0.007712645021841366,0.05949804216542284,0.17760557466949967,10.003609252306452,1.0663740152638574,1.0652683458311119,0.0,0.0,0,0,9.094947017729282e-13,0.6549011290706134,0.0,-0.07958124797034061,4.440892098500626e-16,0.0,1.6653345369377348e-15,2.220446049250313e-16
R_amp0.5_T12.0,R,0.5,12.0,1.6,0.8333333333333334,0.007727058706561465,0.05949804216542284,0.17760557466949967,10.00382591797231,1.0663568020249568,1.0652773219841978,0.0,0.0,0,0,1.3642420526593924e-12,0.6549011290706134,0.0,-0.07814687507832652,4.440892098500626e-16,0.0,1.6653345369377348e-15,2.220446049250313e-16
R_amp0.5_T12.0,R,0.5,12.0,1.6500000000000001,0.8333333333333334,0.007741052302195625,0.05949804216542284,0.17760557466949967,10.004048813371034,1.0663388522744188,1.065286678204242,0.0,0.0,0,0,9.094947017729282e-13,0.6549011290706134,0.0,-0.07675481453088429,4.440892098500626e-16,0.0,1.6653345369377348e-15,2.220446049250313e-16
R_amp0.5_T12.0,R,0.5,12.0,1.7000000000000002,0.8333333333333334,0.007754570582414946,0.05949804216542284,0.17760557466949967,10.004277686274287,1.0663201874574069,1.0652964033771368,0.0,0.0,0,0,9.094947017729282e-13,0.6549011290706134,0.0,-0.07541058039292059,4.440892098500626e-16,0.0,1.6653345369377348e-15,2.220446049250313e-16
R_amp0.5_T12.0,R,0.5,12.0,1.75,0.8333333333333334,0.007767560196743315,0.05949804216542284,0.17760557466949967,10.004512258067752,1.0663008318967375,1.0653064849282239,2.220446049250313e-16,0.0,0,0,1.3642420526593924e-12,0.6549011290706134,0.0,-0.07411949798310702,4.440892098500626e-16,0.0,1.6653345369377348e-15,2.220446049250313e-16
R_amp0.5_T12.0,R,0.5,12.0,1.8,0.8333333333333334,0.007779969881107369,0.05949804216542284,0.17760557466949967,10.004752224848882,1.0662808126946193,1.0653169088718695,0.0,0.0,0,0,9.094947017729282e-13,0.6549011290706134,0.0,-0.07288668286019129,4.440892098500626e-16,0.0,1.6653345369377348e-15,2.220446049250313e-16
R_amp0.5_T12.0,R,0.5,12.0,1.85,0.8333333333333334,0.007791750660152369,0.05949804216542284,0.17760557466949967,10.004997258624314,1.0662601596234527,1.0653276598666053,2.220446049250313e-16,0.0,0,0,9.094947017729282e-13,0.6549011290706134,0.0,-0.07171702063182095,4.440892098500626e-16,0.0,1.6653345369377348e-15,2.220446049250313e-16
R_amp0.5_T12.0,R,0.5,12.0,1.9000000000000001,0.8333333333333334,0.0078028560405255494,0.05949804216542284,0.17760557466949967,10.005247008602236,1.066238905006132,1.0653387212756256,0.0,0.0,0,0,9.094947017729282e-13,0.6549011290706134,0.0,-0.07061514767466415,2.220446049250313e-16,0.0,1.6653345369377348e-15,2.220446049250313e-16
R_amp0.5_T12.0,R,0.5,12.0,1.9500000000000002,0.8333333333333334,0.007813242194364144,0.05949804216542284,0.17760557466949967,10.005501102574703,1.0662170835863252,1.0653500752323843,2.220446049250313e-16,0.0,0,0,1.3642420526593924e-12,0.6549011290706134,0.0,-0.06958543283495944,4.440892098500626e-16,0.0,1.6653345369377348e-15,2.220446049250313e-16
R_amp0.5_T12.0,R,0.5,12.0,2.0,0.8333333333333334,0.007822868132263934,0.05949804216542284,0.17760557466949967,10.005759148384428,1.0661947323892333,1.0653617027110565,4.440892098500626e-16,0.0,0,0,1.3642420526593924e-12,0.6549011290706134,0.0,-0.06863196018794038,4.440892098500626e-16,0.0,1.6653345369377348e-15,2.220446049250313e-16
R_amp0.5_T12.0,R,0.5,12.0,2.0500000000000003,0.8333333333333334,0.007831695865045701,0.05949804216542284,0.17760557466949967,10.00602073547031,1.0661718905733952,1.0653735836015734,2.220446049250313e-16,0.0,0,0,9.094947017729282e-13,0.6549011290706134,0.0,-0.06775851291881319,4.440892098500626e-16,0.0,1.6653345369377348e-15,2.220446049250313e-16
R_amp0.5_T12.0,R,0.5,12.0,2.1,0.8333333333333334,0.007839690553681163,0.05949804216542284,0.17760557466949967,10.00628543648568,1.0661485992741135,1.0653856967889377,0.0,0.0,0,0,9.094947017729282e-13,0.6549011290706134,0.0,-0.06696855839270688,2.220446049250313e-16,0.0,1.6653345369377348e-15,2.220446049250313e-16
R_amp0.5_T12.0,R,0.5,12.0,2.15,0.8333333333333334,0.007846820646786701,0.05949804216542284,0.17760557466949967,10.006552808982878,1.0661249014391256,1.0653980202365099,2.220446049250313e-16,0.0,0,0,9.094947017729282e-13,0.6549011290706134,0.0,-0.06626523447074839,4.440892098500626e-16,0.0,1.6653345369377348e-15,2.220446049250313e-16
R_amp0.5_T12.0,R,0.5,12.0,2.2,0.8333333333333334,0.00785305800514226,0.05949804216542284,0.17760557466949967,10.006822397157535,1.0661008416571682,1.0654105310729396,2.220446049250313e-16,0.0,0,0,9.094947017729282e-13,0.6549011290706134,0.0,-0.06565133712452176,2.220446049250313e-16,0.0,1.6653345369377348e-15,2.220446049250313e-16
R_amp0.5_T12.0,R,0.5,12.0,2.25,0.8333333333333334,0.007858378012743986,0.05949804216542284,0.17760557466949967,10.007093733645771,1.0660764659801227,1.0654232056823905,4.440892098500626e-16,0.0,0,0,1.3642420526593924e-12,0.6549011290706134,0.0,-0.06512930940296546,4.440892098500626e-16,0.0,1.6653345369377348e-15,2.220446049250313e-16
R_amp0.5_T12.0,R,0.5,12.0,2.3000000000000003,0.8333333333333334,0.007862759673952354,0.05949804216542284,0.17760557466949967,10.007366341367188,1.0660518217394215,1.0654360197977195,4.440892098500626e-16,0.0,0,0,1.3642420526593924e-12,0.6549011290706134,0.0,-0.06470123179106757,2.220446049250313e-16,0.0,1.6653345369377348e-15,2.220446049250313e-16
R_amp0.5_T12.0,R,0.5,12.0,2.35,0.8333333333333334,0.00786618569635237,0.05949804216542284,0.17760557466949967,10.007639735406412,1.0660269573574714,1.0654489485962246,2.220446049250313e-16,0.0,0,0,9.094947017729282e-13,0.6549011290706134,0.0,-0.06436881399780447,4.440892098500626e-16,0.0,1.6653345369377348e-15,2.220446049250313e-16
R_amp0.5_T12.0,R,0.5,12.0,2.4000000000000004,0.8333333333333334,0.007868642558998816,0.05949804216542284,0.17760557466949967,10.007913424925853,1.066001922154817,1.0654619667975989,2.220446049250313e-16,0.0,0,0,9.094947017729282e-13,0.6549011290706134,0.0,-0.06413338821004899,4.440892098500626e-16,0.0,1.6653345369377348e-15,2.220446049250313e-16
R_amp0.5_T12.0,R,0.5,12.0,2.45,0.8333333333333334,0.007870120565777265,0.05949804216542284,0.17760557466949967,10.008186915102055,1.065976766153813,1.0654750487636986,4.440892098500626e-16,0.0,0,0,9.094947017729282e-13,0.6549011290706134,0.0,-0.06399590383222753,4.440892098500626e-16,0.0,1.6653345369377348e-15,2.220446049250313e-16
R_amp0.5_T12.0,R,0.5,12.0,2.5,0.8333333333333334,0.007870613883670196,0.05949804216542284,0.17760557466949967,10.008459709078089,1.0659515398795811,1.0654881685997317,4.440892098500626e-16,0.0,0,0,9.094947017729282e-13,0.6549011290706134,0.0,-0.06395692374373918,4.440892098500626e-16,0.0,1.6653345369377348e-15,2.220446049250313e-16
R_amp0.5_T12.0,R,0.5,12.0,2.5500000000000003,0.8333333333333334,0.007870120565777265,0.05949804216542284,0.17760557466949967,10.00873130992424,1.0659262941590386,1.065501300256471,4.440892098500626e-16,0.0,0,0,1.3642420526593924e-12,0.6549011290706134,0.0,-0.06401662207292214,4.440892098500626e-16,0.0,1.6653345369377348e-15,2.220446049250313e-16
R_amp0.5_T12.0,R,0.5,12.0,2.6,0.8333333333333334,0.007868642558998816,0.05949804216542284,0.17760557466949967,10.009001222599286,1.0659010799187827,1.065514417633084,4.440892098500626e-16,0.0,0,0,1.3642420526593924e-12,0.6549011290706134,0.0,-0.06417478351497952,2.220446049250313e-16,0.0,1.6653345369377348e-15,2.220446049250313e-16
R_amp0.5_T12.0,R,0.5,12.0,2.6500000000000004,0.8333333333333334,0.00786618569635237,0.05949804216542284,0.17760557466949967,10.009268955904622,1.0658759479826434,1.0655274946801767,4.440892098500626e-16,0.0,0,0,1.3642420526593924e-12,0.6549011290706134,0.0,-0.06443080417611169,4.440892098500626e-16,0.0,1.6653345369377348e-15,2.220446049250313e-16
R_amp0.5_T12.0,R,0.5,12.0,2.7,0.8333333333333334,0.007862759673952354,0.05949804216542284,0.17760557466949967,10.009534024423516,1.065850948869679,1.065540505502649,4.440892098500626e-16,0.0,0,0,9.094947017729282e-13,0.6549011290706134,0.0,-0.06478369396183314,4.440892098500626e-16,0.0,1.6653345369377348e-15,2.220446049250313e-16
R_amp0.5_T12.0,R,0.5,12.0,2.75,0.8333333333333334,0.007858378012743986,0.05949804216542284,0.17760557466949967,10.009795950437818,1.0658261325934377,1.0655534244619447,4.440892098500626e-16,0.0,0,0,9.094947017729282e-13,0.6549011290706134,0.0,-0.0652320804811628,4.440892098500626e-16,0.0,1.6653345369377348e-15,2.220446049250313e-16
R_amp0.5_T12.0,R,0.5,12.0,2.8000000000000003,0.8333333333333334,0.00785305800514226,0.05949804216542284,0.17760557466949967,10.010054265814551,1.0658015484632488,1.0655662262773031,4.440892098500626e-16,0.0,0,0,9.094947017729282e-13,0.6549011290706134,0.0,-0.06577421446589948,4.440892098500626e-16,0.0,1.6653345369377348e-15,2.220446049250313e-16
R_amp0.5_T12.0,R,0.5,12.0,2.85,0.8333333333333334,0.007846820646786701,0.05949804216542284,0.17760557466949967,10.010308513854952,1.0657772448883436,1.0655788861256066,4.440892098500626e-16,0.0,0,0,9.094947017729282e-13,0.6549011290706134,0.0,-0.06640797667094733,4.440892098500626e-16,0.0,1.6653345369377348e-15,2.220446049250313e-16
R_amp0.5_T12.0,R,0.5,12.0,2.9000000000000004,0.8333333333333334,0.007839690553681163,0.05949804216542284,0.17760557466949967,10.01055825109859,1.0657532691855667,1.0655913797394292,4.440892098500626e-16,0.0,0,0,9.094947017729282e-13,0.6549011290706134,0.0,-0.06713088624128383,4.440892098500626e-16,0.0,1.6653345369377348e-15,2.220446049250313e-16
R_amp0.5_T12.0,R,0.5,12.0,2.95,0.8333333333333334,0.007831695865045701,0.05949804216542284,0.17760557466949967,10.01080304907544,1.0657296673914347,1.0656036835029044,4.440892098500626e-16,0.0,0,0,9.094947017729282e-13,0.6549011290706134,0.0,-0.06794011050146653,4.440892098500626e-16,0.0,1.6653345369377348e-15,2.220446049250313e-16
R_amp0.5_T12.0,R,0.5,12.0,3.0,0.8333333333333334,0.007822868132263934,0.05949804216542284,0.17760557466949967,10.01104249599899,1.0657064840792845,1.0656157745450245,4.440892098500626e-16,0.0,0,0,1.3642420526593924e-12,0.6549011290706134,0.0,-0.06883247613604371,4.440892098500626e-16,0.0,1.6653345369377348e-15,2.220446049250313e-16
R_amp0.5_T12.0,R,0.5,12.0,3.0500000000000003,0.8333333333333334,0.007813242194364144,0.05949804216542284,0.17760557466949967,10.011276198393617,1.0656837621822197,1.065627630830009,4.440892098500626e-16,0.0,0,0,1.3642420526593924e-12,0.6549011290706134,0.0,-0.0698044817123431,4.440892098500626e-16,0.0,1.6653345369377348e-15,2.220446049250313e-16
R_amp0.5_T12.0,R,0.5,12.0,3.1,0.8333333333333334,0.0078028560405255494,0.05949804216542284,0.17760557466949967,10.011503782649827,1.0656615428225593,1.0656392312443832,4.440892098500626e-16,0.0,0,0,9.094947017729282e-13,0.6549011290706134,0.0,-0.07085231149941174,4.440892098500626e-16,0.0,1.6653345369377348e-15,2.220446049250313e-16
R_amp0.5_T12.0,R,0.5,12.0,3.1500000000000004,0.8333333333333334,0.007791750660152369,0.05949804216542284,0.17760557466949967,10.011724896501146,1.0656398651484478,1.0656505556804223,4.440892098500626e-16,0.0,0,0,9.094947017729282e-13,0.6549011290706134,0.0,-0.07197185052950439,4.440892098500626e-16,0.0,1.6653345369377348e-15,2.220446049250313e-16
R_amp0.5_T12.0,R,0.5,12.0,3.2,0.8333333333333334,0.007779969881107369,0.05949804216542284,0.17760557466949967,10.01193921041681,1.065618766178279,1.0656615851156261,4.440892098500626e-16,0.0,0,0,1.3642420526593924e-12,0.6549011290706134,0.0,-0.07315870083535692,4.440892098500626e-16,0.0,1.6653345369377348e-15,2.220446049250313e-16
R_amp0.5_T12.0,R,0.5,12.0,3.25,0.8333333333333334,0.007767560196743315,0.05949804216542284,0.17760557466949967,10.012146418904704,1.0655982806535238,1.0656723016879197,4.440892098500626e-16,0.0,0,0,9.094947017729282e-13,0.6549011290706134,0.0,-0.07440819880834182,4.440892098500626e-16,0.0,1.6653345369377348e-15,2.220446049250313e-16
R_amp0.5_T12.0,R,0.5,12.0,3.3000000000000003,0.8333333333333334,0.007754570582414946,0.05949804216542284,0.17760557466949967,10.01234624171941,1.0655784409005578,1.0656826887662731,4.440892098500626e-16,0.0,0,0,1.3642420526593924e-12,0.6549011290706134,0.0,-0.07571543360477073,4.440892098500626e-16,0.0,1.6653345369377348e-15,2.220446049250313e-16
R_amp0.5_T12.0,R,0.5,12.0,3.35,0.8333333333333334,0.007741052302195625,0.05949804216542284,0.17760557466949967,10.012538424970487,1.0655592767020143,1.0656927310164628,4.440892098500626e-16,0.0,0,0,9.094947017729282e-13,0.6549011290706134,0.0,-0.07707526652614316,4.440892098500626e-16,0.0,1.6653345369377348e-15,2.220446049250313e-16
R_amp0.5_T12.0,R,0.5,12.0,3.4000000000000004,0.8333333333333334,0.007727058706561465,0.05949804216542284,0.17760557466949967,10.012722742126645,1.0655408151781753,1.065702414461719,4.440892098500626e-16,0.0,0,0,9.094947017729282e-13,0.6549011290706134,0.0,-0.0784823513006343,4.440892098500626e-16,0.0,1.6653345369377348e-15,2.220446049250313e-16
R_amp0.5_T12.0,R,0.5,12.0,3.45,0.8333333333333334,0.007712645021841366,0.05949804216542284,0.17760557466949967,10.012898994911758,1.0655230806788523,1.06571172653801,4.440892098500626e-16,0.0,0,0,9.094947017729282e-13,0.6549011290706134,0.0,-0.07993115518173255,4.440892098500626e-16,0.0,1.6653345369377348e-15,2.220446049250313e-16
R_amp0.5_T12.0,R,0.5,12.0,3.5,0.8333333333333334,0.007697868132263933,0.05949804216542284,0.17760557466949967,10.01306701408916,1.0655060946861905,1.0657206561437549,4.440892098500626e-16,0.0,0,0,9.094947017729282e-13,0.6549011290706134,0.0,-0.08141598078316381,4.440892098500626e-16,0.0,1.6653345369377348e-15,2.220446049250313e-16
R_amp0.5_T12.0,R,0.5,12.0,3.5500000000000003,0.8333333333333334,0.007682786355461411,0.05949804216542284,0.17760557466949967,10.01322666013112,1.0654898757287716,1.0657291936837554,4.440892098500626e-16,0.0,0,0,9.094947017729282e-13,0.6549011290706134,0.0,-0.08293098856677039,4.440892098500626e-16,0.0,1.6653345369377348e-15,2.220446049250313e-16
R_amp0.5_T12.0,R,0.5,12.0,3.6,0.8333333333333334,0.0076674592123166276,0.05949804216542284,0.17760557466949967,10.0133778237708,1.0654744393073412,1.065737331107187,4.440892098500626e-16,0.0,0,0,1.3642420526593924e-12,0.6549011290706134,0.0,-0.08447021988535708,4.440892098500626e-16,0.0,1.6653345369377348e-15,2.220446049250313e-16
R_amp0.5_T12.0,R,0.5,12.0,3.6500000000000004,0.8333333333333334,0.007651947192061272,0.05949804216542284,0.17760557466949967,10.013520426434473,1.065459797832462,1.065745061939485,4.440892098500626e-16,0.0,0,0,1.3642420526593924e-12,0.6549011290706134,0.0,-0.08602762050263668,4.440892098500626e-16,0.0,1.6653345369377348e-15,2.220446049250313e-16
R_amp0.5_T12.0,R,0.5,12.0,3.7,0.8333333333333334,0.007636311513552525,0.05949804216542284,0.17760557466949967,10.013654420552337,1.0654459605743316,1.0657523813080085,4.440892098500626e-16,0.0,0,0,9.094947017729282e-13,0.6549011290706134,0.0,-0.08759706448415905,4.440892098500626e-16,0.0,1.6653345369377348e-15,2.220446049250313e-16
R_amp0.5_T12.0,R,0.5,12.0,3.75,0.8333333333333334,0.007620613883670197,0.05949804216542284,0.17760557466949967,10.013779789746604,1.0654329336249542,1.0657592859613758,4.440892098500626e-16,0.0,0,0,9.094947017729282e-13,0.6549011290706134,0.0,-0.0891723783752909,2.220446049250313e-16,0.0,1.6653345369377348e-15,2.220446049250313e-16
R_amp0.5_T12.0,R,0.5,12.0,3.8000000000000003,0.8333333333333334,0.007604916253787869,0.05949804216542284,0.17760557466949967,10.013896548896167,1.0654207198728156,1.0657657742823974,4.440892098500626e-16,0.0,0,0,1.3642420526593924e-12,0.6549011290706134,0.0,-0.09074736556441643,4.440892098500626e-16,0.0,1.6653345369377348e-15,2.220446049250313e-16
R_amp0.5_T12.0,R,0.5,12.0,3.85,0.8333333333333334,0.007589280575279121,0.05949804216542284,0.17760557466949967,10.014004744077546,1.0654093189901621,1.0657718462945533,4.440892098500626e-16,0.0,0,0,9.094947017729282e-13,0.6549011290706134,0.0,-0.09231583073949357,4.440892098500626e-16,0.0,1.6653345369377348e-15,2.220446049250313e-16
R_amp0.5_T12.0,R,0.5,12.0,3.9000000000000004,0.8333333333333334,0.0075737685550237655,0.05949804216542284,0.17760557466949967,10.014104452382355,1.0653987274329282,1.0657775036619896,4.440892098500626e-16,0.0,0,0,1.3642420526593924e-12,0.6549011290706134,0.0,-0.09387160433700514,2.220446049250313e-16,0.0,1.6653345369377348e-15,2.220446049250313e-16
R_amp0.5_T12.0,R,0.5,12.0,3.95,0.8333333333333334,0.007558441411878983,0.05949804216542284,0.17760557466949967,10.01419578161202,1.0653889384533104,1.0657827496830368,4.440892098500626e-16,0.0,0,0,1.3642420526593924e-12,0.6549011290706134,0.0,-0.09540856689083888,4.440892098500626e-16,0.0,1.6653345369377348e-15,2.220446049250313e-16
R_amp0.5_T12.0,R,0.5,12.0,4.0,0.8333333333333334,0.00754335963507646,0.05949804216542284,0.17760557466949967,10.014278869850923,1.065379942124938,1.0657875892772686,4.440892098500626e-16,0.0,0,0,9.094947017729282e-13,0.6549011290706134,0.0,-0.09692067318565667,4.440892098500626e-16,0.0,1.6653345369377348e-15,2.220446049250313e-16
R_amp0.5_T12.0,R,0.5,12.0,4.05,0.8333333333333334,0.007528582745499028,0.05949804216542284,0.17760557466949967,10.014353884919704,1.0653717253805377,1.0657920289661633,4.440892098500626e-16,0.0,0,0,9.094947017729282e-13,0.6549011290706134,0.0,-0.09840197611045887,4.440892098500626e-16,0.0,1.6653345369377348e-15,2.220446049250313e-16
R_amp0.5_T12.0,R,0.5,12.0,4.1000000000000005,0.8333333333333334,0.007514169060778928,0.05949804216542284,0.17760557466949967,10.014421023710884,1.0653642720619545,1.065796076847434,4.440892098500626e-16,0.0,0,0,9.094947017729282e-13,0.6549011290706134,0.0,-0.09984665013199678,4.440892098500626e-16,0.0,1.6653345369377348e-15,2.220446049250313e-16
R_amp0.5_T12.0,R,0.5,12.0,4.15,0.8333333333333334,0.007500175465144768,0.05949804216542284,0.17760557466949967,10.014480511409426,1.0653575629823082,1.065799742563136,4.440892098500626e-16,0.0,0,0,1.1368683772161603e-12,0.6549011290706134,0.0,-0.10124901428682853,4.440892098500626e-16,0.0,1.6653345369377348e-15,2.220446049250313e-16
R_amp0.5_T12.0,R,0.5,12.0,4.2,0.8333333333333334,0.007486657184925447,0.05949804216542284,0.17760557466949967,10.014532600601338,1.0653515760000667,1.0658030372616767,4.440892098500626e-16,0.0,0,0,1.3642420526593924e-12,0.6549011290706134,0.0,-0.10260355459872605,4.440892098500626e-16,0.0,1.6653345369377348e-15,2.220446049250313e-16
R_amp0.5_T12.0,R,0.5,12.0,4.25,0.8333333333333334,0.007473667570597078,0.05949804216542284,0.17760557466949967,10.014577570273897,1.0653462861047258,1.0658059735538743,4.440892098500626e-16,0.0,0,0,1.3642420526593924e-12,0.6549011290706134,0.0,-0.10390494584111898,4.440892098500626e-16,0.0,1.6653345369377348e-15,2.220446049250313e-16
R_amp0.5_T12.0,R,0.5,12.0,4.3,0.8333333333333334,0.007461257886233024,0.05949804216542284,0.17760557466949967,10.014615724711419,1.0653416655137653,1.0658085654632483,4.440892098500626e-16,0.0,0,0,9.094947017729282e-13,0.6549011290706134,0.0,-0.10514807255384584,4.440892098500626e-16,0.0,1.6653345369377348e-15,2.220446049250313e-16
R_amp0.5_T12.0,R,0.5,12.0,4.3500000000000005,0.8333333333333334,0.0074494771071880244,0.05949804216542284,0.17760557466949967,10.014647392290978,1.0653376837805002,1.0658108283707306,4.440892098500626e-16,0.0,0,0,9.094947017729282e-13,0.6549011290706134,0.0,-0.10632804923203198,2.220446049250313e-16,0.0,1.6653345369377348e-15,2.220446049250313e-16
R_amp0.5_T12.0,R,0.5,12.0,4.4,0.8333333333333334,0.007438371726814844,0.05949804216542284,0.17760557466949967,10.014672924182877,1.0653343079123996,1.0658127789540184,4.440892098500626e-16,0.0,0,0,9.094947017729282e-13,0.6549011290706134,0.0,-0.10744023960544791,4.440892098500626e-16,0.0,1.6653345369377348e-15,2.220446049250313e-16
R_amp0.5_T12.0,R,0.5,12.0,4.45,0.8333333333333334,0.00742798557297625,0.05949804216542284,0.17760557466949967,10.014692692961003,1.0653315024994117,1.065814435121814,4.440892098500626e-16,0.0,0,0,1.3642420526593924e-12,0.6549011290706134,0.0,-0.1084802749372149,4.440892098500626e-16,0.0,1.6653345369377348e-15,2.220446049250313e-16
R_amp0.5_T12.0,R,0.5,12.0,4.5,0.8333333333333334,0.0074183596350764595,0.05949804216542284,0.17760557466949967,10.014707091128608,1.0653292298517854,1.0658158159432047,4.440892098500626e-16,0.0,0,0,9.094947017729282e-13,0.6549011290706134,0.0,-0.10944407126430655,4.440892098500626e-16,0.0,1.6653345369377348e-15,2.220446049250313e-16
R_amp0.5_T12.0,R,0.5,12.0,4.55,0.8333333333333334,0.007409531902294693,0.05949804216542284,0.17760557466949967,10.014716529565366,1.0653274501468495,1.06581694157247,4.440892098500626e-16,0.0,0,0,9.094947017729282e-13,0.6549011290706134,0.0,-0.11032784551626595,4.440892098500626e-16,0.0,1.6653345369377348e-15,2.220446049250313e-16
R_amp0.5_T12.0,R,0.5,12.0,4.6000000000000005,0.8333333333333334,0.007401537213659231,0.05949804216542284,0.17760557466949967,10.014721435901826,1.0653261215841727,1.065817833169606,4.440892098500626e-16,0.0,0,0,9.094947017729282e-13,0.6549011290706134,0.0,-0.11112813044473824,4.440892098500626e-16,0.0,1.6653345369377348e-15,2.220446049250313e-16
R_amp0.5_T12.0,R,0.5,12.0,4.65,0.8333333333333334,0.007394407120553692,0.05949804216542284,0.17760557466949967,10.014722252827802,1.0653252005484888,1.0658185128168887,4.440892098500626e-16,0.0,0,0,9.094947017729282e-13,0.6549011290706134,0.0,-0.11184178830686697,4.440892098500626e-16,0.0,1.9984014443252818e-15,2.220446049250313e-16
R_amp0.5_T12.0,R,0.5,12.0,4.7,0.8333333333333334,0.007388169762198134,0.05949804216542284,0.17760557466949967,10.01471943634128,1.0653246417797462,1.065819003431804,4.440892098500626e-16,0.0,0,0,9.094947017729282e-13,0.6549011290706134,0.0,-0.1124660232498722,4.440892098500626e-16,0.0,1.887379141862766e-15,2.220446049250313e-16
R_amp0.5_T12.0,R,0.5,12.0,4.75,0.8333333333333334,0.007382849754596408,0.05949804216542284,0.17760557466949967,10.014713453944925,1.0653243985496215,1.0658193286766866,4.440892098500626e-16,0.0,0,0,9.094947017729282e-13,0.6549011290706134,0.0,-0.11299839234318898,4.440892098500626e-16,0.0,1.9984014443252818e-15,2.220446049250313e-16
R_amp0.5_T12.0,R,0.5,12.0,4.800000000000001,0.8333333333333334,0.007378468093388039,0.05949804216542284,0.17760557466949967,10.014704782797182,1.0653244228437826,1.0658195128654295,4.440892098500626e-16,0.0,0,0,9.094947017729282e-13,0.6549011290706134,0.0,-0.11343681522127191,4.440892098500626e-16,0.0,2.220446049250313e-15,2.220446049250313e-16
R_amp0.5_T12.0,R,0.5,12.0,4.8500000000000005,0.8333333333333334,0.0073750420709880245,0.05949804216542284,0.17760557466949967,10.014693907825432,1.0653246655492017,1.0658195808676307,4.440892098500626e-16,0.0,0,0,9.094947017729282e-13,0.6549011290706134,0.0,-0.11377958229470231,4.440892098500626e-16,0.0,2.3314683517128287e-15,2.220446049250313e-16
R_amp0.5_T12.0,R,0.5,12.0,4.9,0.8333333333333334,0.007372585208341578,0.05949804216542284,0.17760557466949967,10.014681319808567,1.0653250766457651,1.0658195580105545,6.661338147750939e-16,0.0,0,0,1.3642420526593924e-12,0.6549011290706134,0.0,-0.11402536149488807,4.440892098500626e-16,0.0,2.55351295663786e-15,2.220446049250313e-16
R_amp0.5_T12.0,R,0.5,12.0,4.95,0.8333333333333334,0.007371107201563129,0.05949804216542284,0.17760557466949967,10.01466751343662,1.0653256054014348,1.0658194699792998,4.440892098500626e-16,0.0,0,0,9.094947017729282e-13,0.6549011290706134,0.0,-0.11417320353323879,4.440892098500626e-16,0.0,2.4424906541753444e-15,2.220446049250313e-16
R_amp0.5_T12.0,R,0.5,12.0,5.0,0.8333333333333334,0.007370613883670197,0.05949804216542284,0.17760557466949967,10.014652985355099,1.0653262005701822,1.0658193427155664,4.440892098500626e-16,0.0,0,0,1.3642420526593924e-12,0.6549011290706134,0.0,-0.11422254564684087,4.440892098500626e-16,0.0,2.609024107869118e-15,2.220446049250313e-16
R_amp0.5_T12.0,R,0.5,12.0,5.050000000000001,0.8333333333333334,0.007370613883670197,0.05949804216542284,0.17760557466949967,10.014638232201758,1.0653268105919134,1.065819202315419,4.440892098500626e-16,0.0,0,0,9.094947017729282e-13,0.6549011290706134,0.0,-0.11422254560995082,4.440892098500626e-16,0.0,2.609024107869118e-15,2.220446049250313e-16
R_amp0.5_T12.0,R,0.5,12.0,5.1000000000000005,0.8333333333333334,0.007370613883670197,0.05949804216542284,0.17760557466949967,10.01462350186468,1.0653274097928112,1.0658190618525083,4.440892098500626e-16,0.0,0,0,9.094947017729282e-13,0.6549011290706134,0.0,-0.11422254557306055,4.440892098500626e-16,0.0,2.609024107869118e-15,2.220446049250313e-16
R_amp0.5_T12.0,R,0.5,12.0,5.15,0.8333333333333334,0.007370613883670197,0.05949804216542284,0.17760557466949967,10.014608793983186,1.065327998487256,1.0658189213265608,4.440892098500626e-16,0.0,0,0,9.094947017729282e-13,0.6549011290706134,0.0,-0.1142225455363941,4.440892098500626e-16,0.0,2.609024107869118e-15,2.220446049250313e-16
R_amp0.5_T12.0,R,0.5,12.0,5.2,0.8333333333333334,0.007370613883670197,0.05949804216542284,0.17760557466949967,10.014594108207277,1.0653285769799152,1.0658187807373247,4.440892098500626e-16,0.0,0,0,9.094947017729282e-13,0.6549011290706134,0.0,-0.11422254549972766,4.440892098500626e-16,0.0,2.609024107869118e-15,2.220446049250313e-16
R_amp0.5_T12.0,R,0.5,12.0,5.25,0.8333333333333334,0.007370613883670197,0.05949804216542284,0.17760557466949967,10.014579444197292,1.0653291455660931,1.0658186400845682,4.440892098500626e-16,0.0,0,0,9.094947017729282e-13,0.6549011290706134,0.0,-0.11422254546283761,4.440892098500626e-16,0.0,2.609024107869118e-15,2.220446049250313e-16
R_amp0.5_T12.0,R,0.5,12.0,5.300000000000001,0.8333333333333334,0.007370613883670197,0.05949804216542284,0.17760557466949967,10.014564801623603,1.0653297045320496,1.0658184993680817,4.440892098500626e-16,0.0,0,0,9.094947017729282e-13,0.6549011290706134,0.0,-0.11422254542550037,4.440892098500626e-16,0.0,2.609024107869118e-15,2.220446049250313e-16
R_amp0.5_T12.0,R,0.5,12.0,5.3500000000000005,0.8333333333333334,0.007370613883670197,0.05949804216542284,0.17760557466949967,10.014550180166303,1.0653302541553178,1.0658183585876773,4.440892098500626e-16,0.0,0,0,9.094947017729282e-13,0.6549011290706134,0.0,-0.1142225453886101,4.440892098500626e-16,0.0,2.609024107869118e-15,2.220446049250313e-16
R_amp0.5_T12.0,R,0.5,12.0,5.4,0.8333333333333334,0.007370613883670197,0.05949804216542284,0.17760557466949967,10.014535579514904,1.0653307947050028,1.0658182177431872,4.440892098500626e-16,0.0,0,0,1.3642420526593924e-12,0.6549011290706134,0.0,-0.11422254535194365,4.440892098500626e-16,0.0,2.609024107869118e-15,2.220446049250313e-16
R_amp0.5_T12.0,R,0.5,12.0,5.45,0.8333333333333334,0.007370613883670197,0.05949804216542284,0.17760557466949967,10.014520999368063,1.0653313264420685,1.065818076834464,6.661338147750939e-16,0.0,0,0,9.094947017729282e-13,0.6549011290706134,0.0,-0.1142225453152772,4.440892098500626e-16,0.0,2.609024107869118e-15,2.220446049250313e-16
R_amp0.5_T12.0,R,0.5,12.0,5.5,0.8333333333333334,0.007370613883670197,0.05949804216542284,0.17760557466949967,10.014506439433298,1.0653318496196111,1.0658179358613804,4.440892098500626e-16,0.0,0,0,9.094947017729282e-13,0.6549011290706134,0.0,-0.11422254527838716,4.440892098500626e-16,0.0,2.609024107869118e-15,2.220446049250313e-16
R_amp0.5_T12.0,R,0.5,12.0,5.550000000000001,0.8333333333333334,0.007370613883670197,0.05949804216542284,0.17760557466949967,10.01449189942672,1.0653323644831236,1.065817794823828,4.440892098500626e-16,0.0,0,0,1.3642420526593924e-12,0.6549011290706134,0.0,-0.11422254524149689,4.440892098500626e-16,0.0,2.609024107869118e-15,2.220446049250313e-16
R_amp0.5_T12.0,R,0.5,12.0,5.6000000000000005,0.8333333333333334,0.007370613883670197,0.05949804216542284,0.17760557466949967,10.014477379072776,1.0653328712707488,1.065817653721718,4.440892098500626e-16,0.0,0,0,9.094947017729282e-13,0.6549011290706134,0.0,-0.11422254520483044,4.440892098500626e-16,0.0,2.609024107869118e-15,2.220446049250313e-16
R_amp0.5_T12.0,R,0.5,12.0,5.65,0.8333333333333334,0.007370613883670197,0.05949804216542284,0.17760557466949967,10.014462878104007,1.0653333702135228,1.0658175125549785,4.440892098500626e-16,0.0,0,0,1.3642420526593924e-12,0.6549011290706134,0.0,-0.11422254516771657,4.440892098500626e-16,0.0,2.609024107869118e-15,2.220446049250313e-16
R_amp0.5_T12.0,R,0.5,12.0,5.7,0.8333333333333334,0.007370613883670197,0.05949804216542284,0.17760557466949967,10.014448396260795,1.065333861535606,1.065817371323555,6.661338147750939e-16,0.0,0,0,1.3642420526593924e-12,0.6549011290706134,0.0,-0.11422254513082675,4.440892098500626e-16,0.0,2.609024107869118e-15,2.220446049250313e-16
R_amp0.5_T12.0,R,0.5,12.0,5.75,0.8333333333333334,0.007370613883670197,0.05949804216542284,0.17760557466949967,10.014433933291135,1.0653343454545097,1.0658172300274118,4.440892098500626e-16,0.0,0,0,9.094947017729282e-13,0.6549011290706134,0.0,-0.1142225450937131,4.440892098500626e-16,0.0,2.609024107869118e-15,2.220446049250313e-16
R_amp0.5_T12.0,R,0.5,12.0,5.800000000000001,0.8333333333333334,0.007370613883670197,0.05949804216542284,0.17760557466949967,10.01441948895041,1.0653348221813093,1.0658170886665275,6.661338147750939e-16,0.0,0,0,1.3642420526593924e-12,0.6549011290706134,0.0,-0.11422254505704643,4.440892098500626e-16,0.0,2.609024107869118e-15,2.220446049250313e-16
R_amp0.5_T12.0,R,0.5,12.0,5.8500000000000005,0.8333333333333334,0.007370613883670197,0.05949804216542284,0.17760557466949967,10.014405063001167,1.065335291920852,1.0658169472408987,4.440892098500626e-16,0.0,0,0,9.094947017729282e-13,0.6549011290706134,0.0,-0.11422254502015639,4.440892098500626e-16,0.0,2.609024107869118e-15,2.220446049250313e-16
R_amp0.5_T12.0,R,0.5,12.0,5.9,0.8333333333333334,0.007370613883670197,0.05949804216542284,0.17760557466949967,10.014390655212914,1.0653357548719582,1.065816805750536,8.881784197001252e-16,0.0,0,0,1.3642420526593924e-12,0.6549011290706134,0.0,-0.11422254498304252,4.440892098500626e-16,0.0,2.609024107869118e-15,2.220446049250313e-16
R_amp0.5_T12.0,R,0.5,12.0,5.95,0.8333333333333334,0.007370613883670197,0.05949804216542284,0.17760557466949967,10.014376265361907,1.0653362112276101,1.0658166641954652,4.440892098500626e-16,0.0,0,0,9.094947017729282e-13,0.6549011290706134,0.0,-0.11422254494592887,2.220446049250313e-16,0.0,2.609024107869118e-15,2.220446049250313e-16
R_amp0.5_T12.0,R,0.5,12.0,6.0,0.8333333333333334,0.007370613883670197,0.05949804216542284,0.17760557466949967,10.014361893230957,1.0653366611751391,1.0658165225757275,4.440892098500626e-16,0.0,0,0,1.3642420526593924e-12,0.6549011290706134,0.0,-0.11422254490881545,4.440892098500626e-16,0.0,2.609024107869118e-15,2.220446049250313e-16
R_amp0.5_T12.0,R,0.5,12.0,6.050000000000001,0.8333333333333334,0.007370613883670197,0.05949804216542284,0.17760557466949967,10.01434753860923,1.0653371048964027,1.0658163808913779,8.881784197001252e-16,0.0,0,0,1.3642420526593924e-12,0.6549011290706134,0.0,-0.11422254487192518,4.440892098500626e-16,0.0,2.609024107869118e-15,2.220446049250313e-16
R_amp0.5_T12.0,R,0.5,12.0,6.1000000000000005,0.8333333333333334,0.007370613883670197,0.05949804216542284,0.17760557466949967,10.014333201292077,1.065337542567956,1.0658162391424848,4.440892098500626e-16,0.0,0,0,1.3642420526593924e-12,0.6549011290706134,0.0,-0.11422254483503513,4.440892098500626e-16,0.0,2.609024107869118e-15,2.220446049250313e-16
R_amp0.5_T12.0,R,0.5,12.0,6.15,0.8333333333333334,0.007370613883670197,0.05949804216542284,0.17760557466949967,10.014318881080829,1.0653379743612188,1.0658160973291315,6.661338147750939e-16,0.0,0,0,1.3642420526593924e-12,0.6549011290706134,0.0,-0.11422254479814486,4.440892098500626e-16,0.0,2.609024107869118e-15,2.220446049250313e-16
R_amp0.5_T12.0,R,0.5,12.0,6.2,0.8333333333333334,0.007370613883670197,0.05949804216542284,0.17760557466949967,10.014304577782642,1.0653384004426318,1.0658159554514137,8.881784197001252e-16,0.0,0,0,1.3642420526593924e-12,0.6549011290706134,0.0,-0.11422254476103122,4.440892098500626e-16,0.0,2.609024107869118e-15,2.220446049250313e-16
R_amp0.5_T12.0,R,0.5,12.0,6.25,0.8333333333333334,0.007370613883670197,0.05949804216542284,0.17760557466949967,10.014290291210328,1.0653388209738135,1.065815813509439,8.881784197001252e-16,0.0,0,0,1.3642420526593924e-12,0.6549011290706134,0.0,-0.11422254472391757,4.440892098500626e-16,0.0,2.609024107869118e-15,2.220446049250313e-16
R_amp0.5_T12.0,R,0.5,12.0,6.300000000000001,0.8333333333333334,0.007370613883670197,0.05949804216542284,0.17760557466949967,10.014276021182171,1.0653392361117087,1.0658156715033305,6.661338147750939e-16,0.0,0,0,1.3642420526593924e-12,0.6549011290706134,0.0,-0.11422254468680415,4.440892098500626e-16,0.0,2.609024107869118e-15,2.220446049250313e-16
R_amp0.5_T12.0,R,0.5,12.0,6.3500000000000005,0.8333333333333334,0.007370613883670197,0.05949804216542284,0.17760557466949967,10.014261767521798,1.0653396460087297,1.0658155294332208,8.881784197001252e-16,0.0,0,0,1.3642420526593924e-12,0.6549011290706134,0.0,-0.11422254465013748,4.440892098500626e-16,0.0,2.609024107869118e-15,2.220446049250313e-16
R_amp0.5_T12.0,R,0.5,12.0,6.4,0.8333333333333334,0.007370613883670197,0.05949804216542284,0.17760557466949967,10.01424753005799,1.0653400508128958,1.0658153872992566,8.881784197001252e-16,0.0,0,0,9.094947017729282e-13,0.6549011290706134,0.0,-0.11422254461369441,4.440892098500626e-16,0.0,2.609024107869118e-15,2.220446049250313e-16
R_amp0.5_T12.0,R,0.5,12.0,6.45,0.8333333333333334,0.007370613883670197,0.05949804216542284,0.17760557466949967,10.014233308624565,1.0653404506679687,1.0658152451015954,8.881784197001252e-16,0.0,0,0,9.094947017729282e-13,0.6549011290706134,0.0,-0.11422254457680436,4.440892098500626e-16,0.0,2.609024107869118e-15,2.220446049250313e-16
R_amp0.5_T12.0,R,0.5,12.0,6.5,0.8333333333333334,0.007370613883670197,0.05949804216542284,0.17760557466949967,10.014219103060208,1.0653408457135782,1.0658151028404075,8.881784197001252e-16,0.0,0,0,9.094947017729282e-13,0.6549011290706134,0.0,-0.11422254453991432,4.440892098500626e-16,0.0,2.609024107869118e-15,2.220446049250313e-16
R_amp0.5_T12.0,R,0.5,12.0,6.550000000000001,0.8333333333333334,0.007370613883670197,0.05949804216542284,0.17760557466949967,10.01420491320835,1.0653412360853507,1.065814960515873,8.881784197001252e-16,0.0,0,0,9.094947017729282e-13,0.6549011290706134,0.0,-0.11422254450324787,4.440892098500626e-16,0.0,2.609024107869118e-15,2.220446049250313e-16
R_amp0.5_T12.0,R,0.5,12.0,6.6000000000000005,0.8333333333333334,0.007370613883670197,0.05949804216542284,0.17760557466949967,10.014190738917012,1.0653416219150273,1.0658148181281857,8.881784197001252e-16,0.0,0,0,9.094947017729282e-13,0.6549011290706134,0.0,-0.1142225444665812,4.440892098500626e-16,0.0,2.609024107869118e-15,2.220446049250313e-16
R_amp0.5_T12.0,R,0.5,12.0,6.65,0.8333333333333334,0.007370613883670197,0.05949804216542284,0.17760557466949967,10.01417658003869,1.065342003330581,1.065814675677549,8.881784197001252e-16,0.0,0,0,1.3642420526593924e-12,0.6549011290706134,0.0,-0.11422254443013835,2.220446049250313e-16,0.0,2.609024107869118e-15,2.220446049250313e-16
R_amp0.5_T12.0,R,0.5,12.0,6.7,0.8333333333333334,0.007370613883670197,0.05949804216542284,0.17760557466949967,10.014162436430222,1.0653423804563305,1.0658145331641773,8.881784197001252e-16,0.0,0,0,1.3642420526593924e-12,0.6549011290706134,0.0,-0.1142225443934719,4.440892098500626e-16,0.0,2.609024107869118e-15,2.220446049250313e-16
R_amp0.5_T12.0,R,0.5,12.0,6.75,0.8333333333333334,0.007370613883670197,0.05949804216542284,0.17760557466949967,10.014148307952649,1.0653427534130464,1.0658143905882964,8.881784197001252e-16,0.0,0,0,9.094947017729282e-13,0.6549011290706134,0.0,-0.11422254435702883,2.220446049250313e-16,0.0,2.609024107869118e-15,2.220446049250313e-16
R_amp0.5_T12.0,R,0.5,12.0,6.800000000000001,0.8333333333333334,0.007370613883670197,0.05949804216542284,0.17760557466949967,10.01413419447112,1.0653431223180596,1.0658142479501431,8.881784197001252e-16,0.0,0,0,9.094947017729282e-13,0.6549011290706134,0.0,-0.11422254432058598,4.440892098500626e-16,0.0,2.609024107869118e-15,2.220446049250313e-16
R_amp0.5_T12.0,R,0.5,12.0,6.8500000000000005,0.8333333333333334,0.007370613883670197,0.05949804216542284,0.17760557466949967,10.01412009585475,1.065343487285363,1.065814105249964,8.881784197001252e-16,0.0,0,0,9.094947017729282e-13,0.6549011290706134,0.0,-0.11422254428436651,4.440892098500626e-16,0.0,2.609024107869118e-15,2.220446049250313e-16
R_amp0.5_T12.0,R,0.5,12.0,6.9,0.8333333333333334,0.007370613883670197,0.05949804216542284,0.17760557466949967,10.014106011976523,1.0653438484257083,1.0658139624880165,8.881784197001252e-16,0.0,0,0,1.3642420526593924e-12,0.6549011290706134,0.0,-0.11422254424770006,4.440892098500626e-16,0.0,2.609024107869118e-15,2.220446049250313e-16
R_amp0.5_T12.0,R,0.5,12.0,6.95,0.8333333333333334,0.007370613883670197,0.05949804216542284,0.17760557466949967,10.01409194271317,1.0653442058467046,1.0658138196645675,8.881784197001252e-16,0.0,0,0,9.094947017729282e-13,0.6549011290706134,0.0,-0.114222544211257,4.440892098500626e-16,0.0,2.609024107869118e-15,2.220446049250313e-16
R_amp0.5_T12.0,R,0.5,12.0,7.0,0.8333333333333334,0.007370613883670197,0.05949804216542284,0.17760557466949967,10.014077887945072,1.0653445596529074,1.0658136767798947,8.881784197001252e-16,0.0,0,0,9.094947017729282e-13,0.6549011290706134,0.0,-0.11422254417481414,4.440892098500626e-16,0.0,2.609024107869118e-15,2.220446049250313e-16
R_amp0.5_T12.0,R,0.5,12.0,7.050000000000001,0.8333333333333334,0.007370613883670197,0.05949804216542284,0.17760557466949967,10.014063847556152,1.0653449099459105,1.0658135338342865,8.881784197001252e-16,0.0,0,0,1.3642420526593924e-12,0.6549011290706134,0.0,-0.11422254413814747,4.440892098500626e-16,0.0,2.609024107869118e-15,2.220446049250313e-16
R_amp0.5_T12.0,R,0.5,12.0,7.1000000000000005,0.8333333333333334,0.007370613883670197,0.05949804216542284,0.17760557466949967,10.014049821433765,1.0653452568244306,1.0658133908280396,8.881784197001252e-16,0.0,0,0,1.3642420526593924e-12,0.6549011290706134,0.0,-0.11422254410148125,4.440892098500626e-16,0.0,2.609024107869118e-15,2.220446049250313e-16
R_amp0.5_T12.0,R,0.5,12.0,7.15,0.8333333333333334,0.007370613883670197,0.05949804216542284,0.17760557466949967,10.014035809468613,1.0653456003843937,1.0658132477614624,8.881784197001252e-16,0.0,0,0,9.094947017729282e-13,0.6549011290706134,0.0,-0.11422254406503818,4.440892098500626e-16,0.0,2.609024107869118e-15,2.220446049250313e-16
R_amp0.5_T12.0,R,0.5,12.0,7.2,0.8333333333333334,0.007370613883670197,0.05949804216542284,0.17760557466949967,10.014021811554649,1.0653459407190158,1.065813104634871,8.881784197001252e-16,0.0,0,0,9.094947017729282e-13,0.6549011290706134,0.0,-0.11422254402837151,4.440892098500626e-16,0.0,2.609024107869118e-15,2.220446049250313e-16
R_amp0.5_T12.0,R,0.5,12.0,7.25,0.8333333333333334,0.007370613883670197,0.05949804216542284,0.17760557466949967,10.014007827588973,1.0653462779188807,1.0658129614485912,8.881784197001252e-16,0.0,0,0,9.094947017729282e-13,0.6549011290706134,0.0,-0.11422254399192888,4.440892098500626e-16,0.0,2.609024107869118e-15,2.220446049250313e-16
R_amp0.5_T12.0,R,0.5,12.0,7.300000000000001,0.8333333333333334,0.007370613883670197,0.05949804216542284,0.17760557466949967,10.01399385747175,1.065346612072016,1.06581281820296,8.881784197001252e-16,0.0,0,0,9.094947017729282e-13,0.6549011290706134,0.0,-0.11422254395593301,4.440892098500626e-16,0.0,2.609024107869118e-15,2.220446049250313e-16
R_amp0.5_T12.0,R,0.5,12.0,7.3500000000000005,0.8333333333333334,0.007370613883670197,0.05949804216542284,0.17760557466949967,10.013979901106122,1.0653469432639695,1.065812674898322,8.881784197001252e-16,0.0,0,0,9.094947017729282e-13,0.6549011290706134,0.0,-0.11422254392016051,4.440892098500626e-16,0.0,2.609024107869118e-15,2.220446049250313e-16
R_amp0.5_T12.0,R,0.5,12.0,7.4,0.8333333333333334,0.007370613883670197,0.05949804216542284,0.17760557466949967,10.013965958398124,1.0653472715778771,1.065812531535031,8.881784197001252e-16,0.0,0,0,9.094947017729282e-13,0.6549011290706134,0.0,-0.11422254388371789,4.440892098500626e-16,0.0,2.609024107869118e-15,2.220446049250313e-16
R_amp0.5_T12.0,R,0.5,12.0,7.45,0.8333333333333334,0.007370613883670197,0.05949804216542284,0.17760557466949967,10.013952029256604,1.0653475970945365,1.065812388113451,8.881784197001252e-16,0.0,0,0,9.094947017729282e-13,0.6549011290706134,0.0,-0.11422254384727482,4.440892098500626e-16,0.0,2.609024107869118e-15,2.220446049250313e-16
R_amp0.5_T12.0,R,0.5,12.0,7.5,0.8333333333333334,0.007370613883670197,0.05949804216542284,0.17760557466949967,10.013938113593134,1.06534791989247,1.0658122446339533,8.881784197001252e-16,0.0,0,0,9.094947017729282e-13,0.6549011290706134,0.0,-0.11422254381127894,4.440892098500626e-16,0.0,2.609024107869118e-15,2.220446049250313e-16
R_amp0.5_T12.0,R,0.5,12.0,7.550000000000001,0.8333333333333334,0.007370613883670197,0.05949804216542284,0.17760557466949967,10.013924211321946,1.0653482400479934,1.065812101096919,8.881784197001252e-16,0.0,0,0,9.094947017729282e-13,0.6549011290706134,0.0,-0.11422254377528329,4.440892098500626e-16,0.0,2.609024107869118e-15,2.220446049250313e-16
R_amp0.5_T12.0,R,0.5,12.0,7.6000000000000005,0.8333333333333334,0.007370613883670197,0.05949804216542284,0.17760557466949967,10.013910322359836,1.0653485576352772,1.0658119575027385,8.881784197001252e-16,0.0,0,0,1.3642420526593924e-12,0.6549011290706134,0.0,-0.11422254373884022,4.440892098500626e-16,0.0,2.609024107869118e-15,2.220446049250313e-16
R_amp0.5_T12.0,R,0.5,12.0,7.65,0.8333333333333334,0.007370613883670197,0.05949804216542284,0.17760557466949967,10.013896446626116,1.065348872726409,1.06581181385181,8.881784197001252e-16,0.0,0,0,9.094947017729282e-13,0.6549011290706134,0.0,-0.11422254370284435,4.440892098500626e-16,0.0,2.609024107869118e-15,2.220446049250313e-16
R_amp0.5_T12.0,R,0.5,12.0,7.7,0.8333333333333334,0.007370613883670197,0.05949804216542284,0.17760557466949967,10.013882584042525,1.0653491853914536,1.0658116701445393,8.881784197001252e-16,0.0,0,0,9.094947017729282e-13,0.6549011290706134,0.0,-0.1142225436670723,4.440892098500626e-16,0.0,2.609024107869118e-15,2.220446049250313e-16
R_amp0.5_T12.0,R,0.5,12.0,7.75,0.8333333333333334,0.007370613883670197,0.05949804216542284,0.17760557466949967,10.013868734533165,1.0653494956985077,1.065811526381342,8.881784197001252e-16,0.0,0,0,9.094947017729282e-13,0.6549011290706134,0.0,-0.11422254363085282,4.440892098500626e-16,0.0,2.609024107869118e-15,2.220446049250313e-16
R_amp0.5_T12.0,R,0.5,12.0,7.800000000000001,0.8333333333333334,0.007370613883670197,0.05949804216542284,0.17760557466949967,10.013854898024432,1.065349803713758,1.0658113825626412,8.881784197001252e-16,0.0,0,0,9.094947017729282e-13,0.6549011290706134,0.0,-0.11422254359508055,4.440892098500626e-16,0.0,2.609024107869118e-15,2.220446049250313e-16
R_amp0.5_T12.0,R,0.5,12.0,7.8500000000000005,0.8333333333333334,0.007370613883670197,0.05949804216542284,0.17760557466949967,10.013841074444958,1.0653501095015354,1.0658112386888692,8.881784197001252e-16,0.0,0,0,1.3642420526593924e-12,0.6549011290706134,0.0,-0.1142225435597557,4.440892098500626e-16,0.0,2.609024107869118e-15,2.220446049250313e-16
R_amp0.5_T12.0,R,0.5,12.0,7.9,0.8333333333333334,0.007370613883670197,0.05949804216542284,0.17760557466949967,10.013827263725538,1.065350413124368,1.0658110947604649,8.881784197001252e-16,0.0,0,0,9.094947017729282e-13,0.6549011290706134,0.0,-0.11422254352375982,4.440892098500626e-16,0.0,2.609024107869118e-15,2.220446049250313e-16
R_amp0.5_T12.0,R,0.5,12.0,7.95,0.8333333333333334,0.007370613883670197,0.05949804216542284,0.17760557466949967,10.013813465799071,1.0653507146430314,1.065810950777876,8.881784197001252e-16,0.0,0,0,9.094947017729282e-13,0.6549011290706134,0.0,-0.11422254348776417,4.440892098500626e-16,0.0,2.609024107869118e-15,2.220446049250313e-16
R_amp0.5_T12.0,R,0.5,12.0,8.0,0.8333333333333334,0.007370613883670197,0.05949804216542284,0.17760557466949967,10.013799680600505,1.0653510141165985,1.0658108067415566,8.881784197001252e-16,0.0,0,0,9.094947017729282e-13,0.6549011290706134,0.0,-0.1142225434519919,2.220446049250313e-16,0.0,2.609024107869118e-15,2.220446049250313e-16
R_amp0.5_T12.0,R,0.5,12.0,8.05,0.8333333333333334,0.007370613883670197,0.05949804216542284,0.17760557466949967,10.013785908066772,1.065351311602486,1.0658106626519706,8.881784197001252e-16,0.0,0,0,1.3642420526593924e-12,0.6549011290706134,0.0,-0.114222543416443,4.440892098500626e-16,0.0,2.609024107869118e-15,2.220446049250313e-16
R_amp0.5_T12.0,R,0.5,12.0,8.1,0.8333333333333334,0.007370613883670197,0.05949804216542284,0.17760557466949967,10.013772148136745,1.065351607156504,1.0658105185095885,8.881784197001252e-16,0.0,0,0,1.3642420526593924e-12,0.6549011290706134,0.0,-0.11422254338089455,4.440892098500626e-16,0.0,2.609024107869118e-15,2.220446049250313e-16
R_amp0.5_T12.0,R,0.5,12.0,8.15,0.8333333333333334,0.007370613883670197,0.05949804216542284,0.17760557466949967,10.01375840075115,1.0653519008328995,1.065810374314887,8.881784197001252e-16,0.0,0,0,9.094947017729282e-13,0.6549011290706134,0.0,-0.11422254334579285,4.440892098500626e-16,0.0,2.609024107869118e-15,2.220446049250313e-16
R_amp0.5_T12.0,R,0.5,12.0,8.200000000000001,0.8333333333333334,0.007370613883670197,0.05949804216542284,0.17760557466949967,10.01374466585256,1.0653521926843996,1.065810230068353,8.881784197001252e-16,0.0,0,0,9.094947017729282e-13,0.6549011290706134,0.0,-0.114222543310468,4.440892098500626e-16,0.0,2.609024107869118e-15,2.220446049250313e-16
R_amp0.5_T12.0,R,0.5,12.0,8.25,0.8333333333333334,0.007370613883670197,0.05949804216542284,0.17760557466949967,10.013730943385305,1.0653524827622565,1.0658100857704773,8.881784197001252e-16,0.0,0,0,9.094947017729282e-13,0.6549011290706134,0.0,-0.1142225432753663,2.220446049250313e-16,0.0,2.609024107869118e-15,2.220446049250313e-16
R_amp0.5_T12.0,R,0.5,12.0,8.3,0.8333333333333334,0.007370613883670197,0.05949804216542284,0.17760557466949967,10.013717233295427,1.0653527711162878,1.0658099414217599,8.881784197001252e-16,0.0,0,0,9.094947017729282e-13,0.6549011290706134,0.0,-0.11422254324004144,2.220446049250313e-16,0.0,2.609024107869118e-15,2.220446049250313e-16
R_amp0.5_T12.0,R,0.5,12.0,8.35,0.8333333333333334,0.007370613883670197,0.05949804216542284,0.17760557466949967,10.01370353553066,1.0653530577949137,1.0658097970227078,8.881784197001252e-16,0.0,0,0,9.094947017729282e-13,0.6549011290706134,0.0,-0.11422254320493974,4.440892098500626e-16,0.0,2.609024107869118e-15,2.220446049250313e-16
R_amp0.5_T12.0,R,0.5,12.0,8.4,0.8333333333333334,0.007370613883670197,0.05949804216542284,0.17760557466949967,10.01368985004034,1.0653533428452007,1.0658096525738339,8.881784197001252e-16,0.0,0,0,1.3642420526593924e-12,0.6549011290706134,0.0,-0.11422254317050906,4.440892098500626e-16,0.0,2.609024107869118e-15,2.220446049250313e-16
R_amp0.5_T12.0,R,0.5,12.0,8.450000000000001,0.8333333333333334,0.007370613883670197,0.05949804216542284,0.17760557466949967,10.013676176775393,1.065353626312897,1.0658095080756582,8.881784197001252e-16,0.0,0,0,9.094947017729282e-13,0.6549011290706134,0.0,-0.1142225431351842,4.440892098500626e-16,0.0,2.609024107869118e-15,2.220446049250313e-16
R_amp0.5_T12.0,R,0.5,12.0,8.5,0.8333333333333334,0.007370613883670197,0.05949804216542284,0.17760557466949967,10.013662515688265,1.065353908242471,1.0658093635287071,8.881784197001252e-16,0.0,0,0,9.094947017729282e-13,0.6549011290706134,0.0,-0.1142225431007533,4.440892098500626e-16,0.0,2.609024107869118e-15,2.220446049250313e-16
R_amp0.5_T12.0,R,0.5,12.0,8.55,0.8333333333333334,0.007370613883670197,0.05949804216542284,0.17760557466949967,10.0136488667329,1.0653541886771432,1.0658092189335142,8.881784197001252e-16,0.0,0,0,9.094947017729282e-13,0.6549011290706134,0.0,-0.11422254306587543,4.440892098500626e-16,0.0,2.609024107869118e-15,2.220446049250313e-16
R_amp0.5_T12.0,R,0.5,12.0,8.6,0.8333333333333334,0.007370613883670197,0.05949804216542284,0.17760557466949967,10.013635229864677,1.0653544676589248,1.065809074290619,8.881784197001252e-16,0.0,0,0,1.3642420526593924e-12,0.6549011290706134,0.0,-0.11422254303144452,4.440892098500626e-16,0.0,2.609024107869118e-15,2.220446049250313e-16
R_amp0.5_T12.0,R,0.5,12.0,8.65,0.8333333333333334,0.007370613883670197,0.05949804216542284,0.17760557466949967,10.013621605040385,1.0653547452286487,1.0658089296005673,8.881784197001252e-16,0.0,0,0,9.094947017729282e-13,0.6549011290706134,0.0,-0.11422254299723744,4.440892098500626e-16,0.0,2.609024107869118e-15,2.220446049250313e-16
R_amp0.5_T12.0,R,0.5,12.0,8.700000000000001,0.8333333333333334,0.007370613883670197,0.05949804216542284,0.17760557466949967,10.01360799221817,1.0653550214260061,1.0658087848639108,8.881784197001252e-16,0.0,0,0,9.094947017729282e-13,0.6549011290706134,0.0,-0.11422254296280676,4.440892098500626e-16,0.0,2.609024107869118e-15,2.220446049250313e-16
R_amp0.5_T12.0,R,0.5,12.0,8.75,0.8333333333333334,0.007370613883670197,0.05949804216542284,0.17760557466949967,10.013594391357508,1.065355296289573,1.0658086400812077,8.881784197001252e-16,0.0,0,0,9.094947017729282e-13,0.6549011290706134,0.0,-0.11422254292882306,4.440892098500626e-16,0.0,2.609024107869118e-15,2.220446049250313e-16
R_amp0.5_T12.0,R,0.5,12.0,8.8,0.8333333333333334,0.007370613883670197,0.05949804216542284,0.17760557466949967,10.01358080241915,1.065355569856844,1.0658084952530218,8.881784197001252e-16,0.0,0,0,1.3642420526593924e-12,0.6549011290706134,0.0,-0.11422254289528655,2.220446049250313e-16,0.0,2.609024107869118e-15,2.220446049250313e-16
R_amp0.5_T12.0,R,0.5,12.0,8.85,0.8333333333333334,0.007370613883670197,0.05949804216542284,0.17760557466949967,10.013567225365108,1.0653558421642624,1.0658083503799234,8.881784197001252e-16,0.0,0,0,9.094947017729282e-13,0.6549011290706134,0.0,-0.11422254286107947,4.440892098500626e-16,0.0,2.609024107869118e-15,2.220446049250313e-16
R_amp0.5_T12.0,R,0.5,12.0,8.9,0.8333333333333334,0.007370613883670197,0.05949804216542284,0.17760557466949967,10.013553660158596,1.065356113247249,1.0658082054624864,8.881784197001252e-16,0.0,0,0,9.094947017729282e-13,0.6549011290706134,0.0,-0.11422254282754318,4.440892098500626e-16,0.0,2.609024107869118e-15,2.220446049250313e-16
R_amp0.5_T12.0,R,0.5,12.0,8.950000000000001,0.8333333333333334,0.007370613883670197,0.05949804216542284,0.17760557466949967,10.013540106764012,1.0653563831402282,1.0658080605012934,8.881784197001252e-16,0.0,0,0,9.094947017729282e-13,0.6549011290706134,0.0,-0.11422254279400668,4.440892098500626e-16,0.0,2.609024107869118e-15,2.220446049250313e-16
R_amp0.5_T12.0,R,0.5,12.0,9.0,0.8333333333333334,0.007370613883670197,0.05949804216542284,0.17760557466949967,10.01352656514689,1.0653566518766606,1.0658079154969293,8.881784197001252e-16,0.0,0,0,9.094947017729282e-13,0.6549011290706134,0.0,-0.11422254276024657,4.440892098500626e-16,0.0,2.609024107869118e-15,2.220446049250313e-16
R_amp0.5_T12.0,R,0.5,12.0,9.05,0.8333333333333334,0.007370613883670197,0.05949804216542284,0.17760557466949967,10.013513035273878,1.0653569194890644,1.0658077704499864,1.1102230246251565e-15,0.0,0,0,9.094947017729282e-13,0.6549011290706134,0.0,-0.11422254272693366,4.440892098500626e-16,0.0,2.609024107869118e-15,2.220446049250313e-16
R_amp0.5_T12.0,R,0.5,12.0,9.1,0.8333333333333334,0.007370613883670197,0.05949804216542284,0.17760557466949967,10.013499517112704,1.0653571860090427,1.0658076253610616,8.881784197001252e-16,0.0,0,0,1.3642420526593924e-12,0.6549011290706134,0.0,-0.11422254269339716,2.220446049250313e-16,0.0,2.609024107869118e-15,2.220446049250313e-16
R_amp0.5_T12.0,R,0.5,12.0,9.15,0.8333333333333334,0.007370613883670197,0.05949804216542284,0.17760557466949967,10.013486010632139,1.065357451467312,1.0658074802307562,1.1102230246251565e-15,0.0,0,0,9.094947017729282e-13,0.6549011290706134,0.0,-0.11422254266053145,4.440892098500626e-16,0.0,2.609024107869118e-15,2.220446049250313e-16
R_amp0.5_T12.0,R,0.5,12.0,9.200000000000001,0.8333333333333334,0.007370613883670197,0.05949804216542284,0.17760557466949967,10.013472515801968,1.0653577158937213,1.0658073350596773,8.881784197001252e-16,0.0,0,0,9.094947017729282e-13,0.6549011290706134,0.0,-0.11422254262721876,4.440892098500626e-16,0.0,2.609024107869118e-15,2.220446049250313e-16
R_amp0.5_T12.0,R,0.5,12.0,9.25,0.8333333333333334,0.007370613883670197,0.05949804216542284,0.17760557466949967,10.013459032592968,1.0653579793172805,1.0658071898484365,8.881784197001252e-16,0.0,0,0,9.094947017729282e-13,0.6549011290706134,0.0,-0.11422254259435305,4.440892098500626e-16,0.0,2.609024107869118e-15,2.220446049250313e-16
R_amp0.5_T12.0,R,0.5,12.0,9.3,0.8333333333333334,0.007370613883670197,0.05949804216542284,0.17760557466949967,10.013445560976864,1.0653582417661798,1.0658070445976506,1.1102230246251565e-15,0.0,0,0,1.3642420526593924e-12,0.6549011290706134,0.0,-0.11422254256171072,4.440892098500626e-16,0.0,2.609024107869118e-15,2.220446049250313e-16
R_amp0.5_T12.0,R,0.5,12.0,9.35,0.8333333333333334,0.007370613883670197,0.05949804216542284,0.17760557466949967,10.01343210092632,1.0653585032678157,1.06580689930794,8.881784197001252e-16,0.0,0,0,9.094947017729282e-13,0.6549011290706134,0.0,-0.1142225425292922,4.440892098500626e-16,0.0,2.609024107869118e-15,2.220446049250313e-16
R_amp0.5_T12.0,R,0.5,12.0,9.4,0.8333333333333334,0.007370613883670197,0.05949804216542284,0.17760557466949967,10.013418652414895,1.065358763848811,1.0658067539799303,8.881784197001252e-16,0.0,0,0,1.3642420526593924e-12,0.6549011290706134,0.0,-0.11422254249687369,4.440892098500626e-16,0.0,2.609024107869118e-15,2.220446049250313e-16
R_amp0.5_T12.0,R,0.5,12.0,9.450000000000001,0.8333333333333334,0.007370613883670197,0.05949804216542284,0.17760557466949967,10.013405215417027,1.0653590235350352,1.0658066086142512,1.1102230246251565e-15,0.0,0,0,9.094947017729282e-13,0.6549011290706134,0.0,-0.11422254246490215,0.0,0.0,2.609024107869118e-15,2.220446049250313e-16
R_amp0.5_T12.0,R,0.5,12.0,9.5,0.8333333333333334,0.007370613883670197,0.05949804216542284,0.17760557466949967,10.013391789908002,1.0653592823516265,1.065806463211537,1.1102230246251565e-15,0.0,0,0,1.3642420526593924e-12,0.6549011290706134,0.0,-0.11422254243337782,4.440892098500626e-16,0.0,2.609024107869118e-15,2.220446049250313e-16
R_amp0.5_T12.0,R,0.5,12.0,9.55,0.8333333333333334,0.007370613883670197,0.05949804216542284,0.17760557466949967,10.013378375863933,1.065359540323012,1.0658063177724255,1.1102230246251565e-15,0.0,0,0,1.3642420526593924e-12,0.6549011290706134,0.0,-0.1142225424016301,4.440892098500626e-16,0.0,2.609024107869118e-15,2.220446049250313e-16
R_amp0.5_T12.0,R,0.5,12.0,9.600000000000001,0.8333333333333334,0.007370613883670197,0.05949804216542284,0.17760557466949967,10.013364973261726,1.0653597974729263,1.0658061722975591,1.1102230246251565e-15,0.0,0,0,1.3642420526593924e-12,0.6549011290706134,0.0,-0.11422254237032958,4.440892098500626e-16,0.0,2.609024107869118e-15,2.220446049250313e-16
R_amp0.5_T12.0,R,0.5,12.0,9.65,0.8333333333333334,0.007370613883670197,0.05949804216542284,0.17760557466949967,10.013351582079071,1.0653600538244299,1.0658060267875835,8.881784197001252e-16,0.0,0,0,1.3642420526593924e-12,0.6549011290706134,0.0,-0.11422254233902884,4.440892098500626e-16,0.0,2.609024107869118e-15,2.220446049250313e-16
R_amp0.5_T12.0,R,0.5,12.0,9.700000000000001,0.8333333333333334,0.007370613883670197,0.05949804216542284,0.17760557466949967,10.013338202294406,1.0653603093999293,1.0658058812431488,8.881784197001252e-16,0.0,0,0,9.094947017729282e-13,0.6549011290706134,0.0,-0.11422254230817508,4.440892098500626e-16,0.0,2.609024107869118e-15,2.220446049250313e-16
R_amp0.5_T12.0,R,0.5,12.0,9.75,0.8333333333333334,0.007370613883670197,0.05949804216542284,0.17760557466949967,10.013324833886905,1.0653605642211943,1.0658057356649082,1.1102230246251565e-15,0.0,0,0,9.094947017729282e-13,0.6549011290706134,0.0,-0.11422254227732154,4.440892098500626e-16,0.0,2.609024107869118e-15,2.220446049250313e-16
R_amp0.5_T12.0,R,0.5,12.0,9.8,0.8333333333333334,0.007370613883670197,0.05949804216542284,0.17760557466949967,10.013311476836444,1.0653608183093748,1.0658055900535186,1.1102230246251565e-15,0.0,0,0,1.3642420526593924e-12,0.6549011290706134,0.0,-0.11422254224691542,2.220446049250313e-16,0.0,2.609024107869118e-15,2.220446049250313e-16
R_amp0.5_T12.0,R,0.5,12.0,9.850000000000001,0.8333333333333334,0.007370613883670197,0.05949804216542284,0.17760557466949967,10.013298131123591,1.0653610716850184,1.0658054444096408,1.3322676295501878e-15,0.0,0,0,9.094947017729282e-13,0.6549011290706134,0.0,-0.11422254221673245,2.220446049250313e-16,0.0,2.609024107869118e-15,2.220446049250313e-16
R_amp0.5_T12.0,R,0.5,12.0,9.9,0.8333333333333334,0.007370613883670197,0.05949804216542284,0.17760557466949967,10.013284796729579,1.0653613243680848,1.0658052987339381,1.1102230246251565e-15,0.0,0,0,1.3642420526593924e-12,0.6549011290706134,0.0,-0.1142225421872205,4.440892098500626e-16,0.0,2.609024107869118e-15,2.220446049250313e-16
R_amp0.5_T12.0,R,0.5,12.0,9.950000000000001,0.8333333333333334,0.007370613883670197,0.05949804216542284,0.17760557466949967,10.01327147363629,1.0653615763779658,1.0658051530270785,1.1102230246251565e-15,0.0,0,0,9.094947017729282e-13,0.6549011290706134,0.0,-0.11422254215726113,4.440892098500626e-16,0.0,2.609024107869118e-15,2.220446049250313e-16
R_amp0.5_T12.0,R,0.5,12.0,10.0,0.8333333333333334,0.007370613883670197,0.05949804216542284,0.17760557466949967,10.013258161826235,1.065361827733497,1.0658050072897312,1.1102230246251565e-15,0.0,0,0,9.094947017729282e-13,0.6549011290706134,0.0,-0.11422254212797278,4.440892098500626e-16,0.0,2.609024107869118e-15,2.220446049250313e-16
R_amp0.5_T12.0,R,0.5,12.0,10.05,0.8333333333333334,0.007370613883670197,0.05949804216542284,0.17760557466949967,10.013244861282521,1.065362078452975,1.0658048615225693,1.3322676295501878e-15,0.0,0,0,9.094947017729282e-13,0.6549011290706134,0.0,-0.11422254209890759,4.440892098500626e-16,0.0,2.609024107869118e-15,2.220446049250313e-16
R_amp0.5_T12.0,R,0.5,12.0,10.100000000000001,0.8333333333333334,0.007370613883670197,0.05949804216542284,0.17760557466949967,10.013231571988861,1.0653623285541716,1.0658047157262691,1.1102230246251565e-15,0.0,0,0,9.094947017729282e-13,0.6549011290706134,0.0,-0.11422254207006644,4.440892098500626e-16,0.0,2.609024107869118e-15,2.220446049250313e-16
R_amp0.5_T12.0,R,0.5,12.0,10.15,0.8333333333333334,0.007370613883670197,0.05949804216542284,0.17760557466949967,10.01321829392953,1.0653625780543488,1.0658045699015086,1.1102230246251565e-15,0.0,0,0,1.3642420526593924e-12,0.6549011290706134,0.0,-0.11422254204144866,4.440892098500626e-16,0.0,2.609024107869118e-15,2.220446049250313e-16
R_amp0.5_T12.0,R,0.5,12.0,10.200000000000001,0.8333333333333334,0.007370613883670197,0.05949804216542284,0.17760557466949967,10.01320502708936,1.0653628269702697,1.0658044240489704,1.1102230246251565e-15,0.0,0,0,1.3642420526593924e-12,0.6549011290706134,0.0,-0.11422254201327808,4.440892098500626e-16,0.0,2.609024107869118e-15,2.220446049250313e-16
R_amp0.5_T12.0,R,0.5,12.0,10.25,0.8333333333333334,0.007370613883670197,0.05949804216542284,0.17760557466949967,10.013191771453716,1.0653630753182177,1.0658042781693373,1.3322676295501878e-15,0.0,0,0,9.094947017729282e-13,0.6549011290706134,0.0,-0.1142225419853311,4.440892098500626e-16,0.0,2.609024107869118e-15,2.220446049250313e-16
R_amp0.5_T12.0,R,0.5,12.0,10.3,0.8333333333333334,0.007370613883670197,0.05949804216542284,0.17760557466949967,10.013178527008488,1.0653633231140032,1.0658041322632958,1.1102230246251565e-15,0.0,0,0,9.094947017729282e-13,0.6549011290706134,0.0,-0.11422254195783088,0.0,0.0,2.609024107869118e-15,2.220446049250313e-16
R_amp0.5_T12.0,R,0.5,12.0,10.350000000000001,0.8333333333333334,0.007370613883670197,0.05949804216542284,0.17760557466949967,10.013165293740071,1.0653635703729805,1.0658039863315354,1.3322676295501878e-15,0.0,0,0,9.094947017729282e-13,0.6549011290706134,0.0,-0.1142225419303311,4.440892098500626e-16,0.0,2.609024107869118e-15,2.220446049250313e-16
R_amp0.5_T12.0,R,0.5,12.0,10.4,0.8333333333333334,0.007370613883670197,0.05949804216542284,0.17760557466949967,10.013152071635343,1.0653638171100586,1.0658038403747467,1.3322676295501878e-15,0.0,0,0,9.094947017729282e-13,0.6549011290706134,0.0,-0.1142225419035019,4.440892098500626e-16,0.0,2.609024107869118e-15,2.220446049250313e-16
R_amp0.5_T12.0,R,0.5,12.0,10.450000000000001,0.8333333333333334,0.007370613883670197,0.05949804216542284,0.17760557466949967,10.013138860681664,1.0653640633397166,1.065803694393622,1.3322676295501878e-15,0.0,0,0,9.094947017729282e-13,0.6549011290706134,0.0,-0.11422254187734371,4.440892098500626e-16,0.0,2.609024107869118e-15,2.220446049250313e-16
R_amp0.5_T12.0,R,0.5,12.0,10.5,0.8333333333333334,0.007370613883670197,0.05949804216542284,0.17760557466949967,10.013125660866844,1.0653643090760083,1.0658035483888577,1.3322676295501878e-15,0.0,0,0,9.094947017729282e-13,0.6549011290706134,0.0,-0.11422254185163228,2.220446049250313e-16,0.0,2.609024107869118e-15,2.220446049250313e-16
R_amp0.5_T12.0,R,0.5,12.0,10.55,0.8333333333333334,0.007370613883670197,0.05949804216542284,0.17760557466949967,10.013112472179143,1.0653645543325807,1.06580340236115,1.3322676295501878e-15,0.0,0,0,1.3642420526593924e-12,0.6549011290706134,0.0,-0.11422254182592106,4.440892098500626e-16,0.0,2.609024107869118e-15,2.220446049250313e-16
R_amp0.5_T12.0,R,0.5,12.0,10.600000000000001,0.8333333333333334,0.007370613883670197,0.05949804216542284,0.17760557466949967,10.013099294607247,1.0653647991226822,1.0658032563111988,1.3322676295501878e-15,0.0,0,0,9.094947017729282e-13,0.6549011290706134,0.0,-0.11422254180088065,4.440892098500626e-16,0.0,2.609024107869118e-15,2.220446049250313e-16
R_amp0.5_T12.0,R,0.5,12.0,10.65,0.8333333333333334,0.007370613883670197,0.05949804216542284,0.17760557466949967,10.013086128140262,1.0653650434591735,1.0658031102397034,1.3322676295501878e-15,0.0,0,0,9.094947017729282e-13,0.6549011290706134,0.0,-0.11422254177628699,4.440892098500626e-16,0.0,2.609024107869118e-15,2.220446049250313e-16
R_amp0.5_T12.0,R,0.5,12.0,10.700000000000001,0.8333333333333334,0.007370613883670197,0.05949804216542284,0.17760557466949967,10.013072972767693,1.0653652873545387,1.065802964147367,1.3322676295501878e-15,0.0,0,0,9.094947017729282e-13,0.6549011290706134,0.0,-0.11422254175236457,4.440892098500626e-16,0.0,2.609024107869118e-15,2.220446049250313e-16
R_amp0.5_T12.0,R,0.5,12.0,10.75,0.8333333333333334,0.007370613883670197,0.05949804216542284,0.17760557466949967,10.01305982847944,1.0653655308208934,1.0658028180348933,1.3322676295501878e-15,0.0,0,0,9.094947017729282e-13,0.6549011290706134,0.0,-0.1142225417288889,4.440892098500626e-16,0.0,2.609024107869118e-15,2.220446049250313e-16
R_amp0.5_T12.0,R,0.5,12.0,10.8,0.8333333333333334,0.007370613883670197,0.05949804216542284,0.17760557466949967,10.013046695265778,1.0653657738699986,1.0658026719029876,1.3322676295501878e-15,0.0,0,0,9.094947017729282e-13,0.6549011290706134,0.0,-0.11422254170608404,4.440892098500626e-16,0.0,2.609024107869118e-15,2.220446049250313e-16
R_amp0.5_T12.0,R,0.5,12.0,10.850000000000001,0.8333333333333334,0.007370613883670197,0.05949804216542284,0.17760557466949967,10.013033573117346,1.0653660165132672,1.0658025257523565,1.3322676295501878e-15,0.0,0,0,9.094947017729282e-13,0.6549011290706134,0.0,-0.11422254168372636,4.440892098500626e-16,0.0,2.609024107869118e-15,2.220446049250313e-16
R_amp0.5_T12.0,R,0.5,12.0,10.9,0.8333333333333334,0.007370613883670197,0.05949804216542284,0.17760557466949967,10.013020462025139,1.065366258761774,1.0658023795837082,1.3322676295501878e-15,0.0,0,0,1.3642420526593924e-12,0.6549011290706134,0.0,-0.11422254166159251,4.440892098500626e-16,0.0,2.609024107869118e-15,2.220446049250313e-16
R_amp0.5_T12.0,R,0.5,12.0,10.950000000000001,0.8333333333333334,0.007370613883670197,0.05949804216542284,0.17760557466949967,10.013007361980495,1.0653665006262663,1.065802233397751,1.3322676295501878e-15,0.0,0,0,9.094947017729282e-13,0.6549011290706134,0.0,-0.11422254164057621,4.440892098500626e-16,0.0,2.609024107869118e-15,2.220446049250313e-16
R_amp0.5_T12.0,R,0.5,12.0,11.0,0.8333333333333334,0.007370613883670197,0.05949804216542284,0.17760557466949967,10.01299427297508,1.0653667421171715,1.0658020871951956,1.3322676295501878e-15,0.0,0,0,9.094947017729282e-13,0.6549011290706134,0.0,-0.11422254161955991,2.220446049250313e-16,0.0,2.609024107869118e-15,2.220446049250313e-16
R_amp0.5_T12.0,R,0.5,12.0,11.05,0.8333333333333334,0.007370613883670197,0.05949804216542284,0.17760557466949967,10.01298119500088,1.0653669832446058,1.0658019409767534,1.3322676295501878e-15,0.0,0,0,9.094947017729282e-13,0.6549011290706134,0.0,-0.11422254159943801,2.220446049250313e-16,0.0,2.609024107869118e-15,2.220446049250313e-16
R_amp0.5_T12.0,R,0.5,12.0,11.100000000000001,0.8333333333333334,0.007370613883670197,0.05949804216542284,0.17760557466949967,10.012968128050192,1.0653672240183831,1.0658017947431357,1.3322676295501878e-15,0.0,0,0,1.3642420526593924e-12,0.6549011290706134,0.0,-0.11422254157998712,4.440892098500626e-16,0.0,2.609024107869118e-15,2.220446049250313e-16
R_amp0.5_T12.0,R,0.5,12.0,11.15,0.8333333333333334,0.007370613883670197,0.05949804216542284,0.17760557466949967,10.01295507211561,1.0653674644480238,1.0658016484950554,1.3322676295501878e-15,0.0,0,0,9.094947017729282e-13,0.6549011290706134,0.0,-0.11422254156120659,4.440892098500626e-16,0.0,2.609024107869118e-15,2.220446049250313e-16
R_amp0.5_T12.0,R,0.5,12.0,11.200000000000001,0.8333333333333334,0.007370613883670197,0.05949804216542284,0.17760557466949967,10.012942027190018,1.0653677045427605,1.0658015022332266,1.3322676295501878e-15,0.0,0,0,1.3642420526593924e-12,0.6549011290706134,0.0,-0.11422254154309686,4.440892098500626e-16,0.0,2.609024107869118e-15,2.220446049250313e-16
R_amp0.5_T12.0,R,0.5,12.0,11.25,0.8333333333333334,0.007370613883670197,0.05949804216542284,0.17760557466949967,10.012928993266577,1.0653679443115482,1.0658013559583632,1.3322676295501878e-15,0.0,0,0,9.094947017729282e-13,0.6549011290706134,0.0,-0.11422254152543454,4.440892098500626e-16,0.0,2.609024107869118e-15,2.220446049250313e-16
R_amp0.5_T12.0,R,0.5,12.0,11.3,0.8333333333333334,0.007370613883670197,0.05949804216542284,0.17760557466949967,10.012915970338721,1.065368183763071,1.06580120967118,1.3322676295501878e-15,0.0,0,0,9.094947017729282e-13,0.6549011290706134,0.0,-0.11422254150866618,4.440892098500626e-16,0.0,2.609024107869118e-15,2.220446049250313e-16
R_amp0.5_T12.0,R,0.5,12.0,11.350000000000001,0.8333333333333334,0.007370613883670197,0.05949804216542284,0.17760557466949967,10.012902958400137,1.06536842290575,1.065801063372392,1.3322676295501878e-15,0.0,0,0,9.094947017729282e-13,0.6549011290706134,0.0,-0.1142225414927922,4.440892098500626e-16,0.0,2.609024107869118e-15,2.220446049250313e-16
R_amp0.5_T12.0,R,0.5,12.0,11.4,0.8333333333333334,0.007370613883670197,0.05949804216542284,0.17760557466949967,10.012889957444777,1.0653686617477476,1.0658009170627156,1.3322676295501878e-15,0.0,0,0,1.3642420526593924e-12,0.6549011290706134,0.0,-0.11422254147736544,4.440892098500626e-16,0.0,2.609024107869118e-15,2.220446049250313e-16
R_amp0.5_T12.0,R,0.5,12.0,11.450000000000001,0.8333333333333334,0.007370613883670197,0.05949804216542284,0.17760557466949967,10.012876967466816,1.0653689002969797,1.0658007707428658,1.3322676295501878e-15,0.0,0,0,9.094947017729282e-13,0.6549011290706134,0.0,-0.11422254146260946,4.440892098500626e-16,0.0,2.609024107869118e-15,2.220446049250313e-16
R_amp0.5_T12.0,R,0.5,12.0,11.5,0.8333333333333334,0.007370613883670197,0.05949804216542284,0.17760557466949967,10.012863988460682,1.0653691385611201,1.065800624413559,1.3322676295501878e-15,0.0,0,0,9.094947017729282e-13,0.6549011290706134,0.0,-0.11422254144919486,4.440892098500626e-16,0.0,2.609024107869118e-15,2.220446049250313e-16
R_amp0.5_T12.0,R,0.5,12.0,11.55,0.8333333333333334,0.007370613883670197,0.05949804216542284,0.17760557466949967,10.012851020421014,1.0653693765476029,1.065800478075511,1.3322676295501878e-15,0.0,0,0,9.094947017729282e-13,0.6549011290706134,0.0,-0.11422254143622745,4.440892098500626e-16,0.0,2.609024107869118e-15,2.220446049250313e-16
R_amp0.5_T12.0,R,0.5,12.0,11.600000000000001,0.8333333333333334,0.007370613883670197,0.05949804216542284,0.17760557466949967,10.012838063342677,1.0653696142636346,1.0658003317294389,1.3322676295501878e-15,0.0,0,0,9.094947017729282e-13,0.6549011290706134,0.0,-0.11422254142460142,4.440892098500626e-16,0.0,2.609024107869118e-15,2.220446049250313e-16
R_amp0.5_T12.0,R,0.5,12.0,11.65,0.8333333333333334,0.007370613883670197,0.05949804216542284,0.17760557466949967,10.012825117220743,1.0653698517161994,1.0658001853760588,1.3322676295501878e-15,0.0,0,0,9.094947017729282e-13,0.6549011290706134,0.0,-0.11422254141364618,2.220446049250313e-16,0.0,2.609024107869118e-15,2.220446049250313e-16
R_amp0.5_T12.0,R,0.5,12.0,11.700000000000001,0.8333333333333334,0.007370613883670197,0.05949804216542284,0.17760557466949967,10.012812182050485,1.0653700889120628,1.0658000390160864,1.3322676295501878e-15,0.0,0,0,1.3642420526593924e-12,0.6549011290706134,0.0,-0.11422254140336174,4.440892098500626e-16,0.0,2.609024107869118e-15,2.220446049250313e-16
R_amp0.5_T12.0,R,0.5,12.0,11.75,0.8333333333333334,0.007370613883670197,0.05949804216542284,0.17760557466949967,10.012799257827371,1.0653703258577798,1.0657998926502386,1.3322676295501878e-15,0.0,0,0,9.094947017729282e-13,0.6549011290706134,0.0,-0.11422254139419508,4.440892098500626e-16,0.0,2.609024107869118e-15,2.220446049250313e-16
R_amp0.5_T12.0,R,0.5,12.0,11.8,0.8333333333333334,0.007370613883670197,0.05949804216542284,0.17760557466949967,10.01278634454706,1.0653705625596983,1.0657997462792306,1.3322676295501878e-15,0.0,0,0,9.094947017729282e-13,0.6549011290706134,0.0,-0.1142225413861464,2.220446049250313e-16,0.0,2.609024107869118e-15,2.220446049250313e-16
R_amp0.5_T12.0,R,0.5,12.0,11.850000000000001,0.8333333333333334,0.007370613883670197,0.05949804216542284,0.17760557466949967,10.012773442205386,1.0653707990239694,1.065799599903778,1.3322676295501878e-15,0.0,0,0,1.3642420526593924e-12,0.6549011290706134,0.0,-0.1142225413787683,2.220446049250313e-16,0.0,2.609024107869118e-15,2.220446049250313e-16
R_amp0.5_T12.0,R,0.5,12.0,11.9,0.8333333333333334,0.007370613883670197,0.05949804216542284,0.17760557466949967,10.012760550798363,1.065371035256546,1.0657994535245963,1.3322676295501878e-15,0.0,0,0,9.094947017729282e-13,0.6549011290706134,0.0,-0.1142225413725082,4.440892098500626e-16,0.0,2.609024107869118e-15,2.220446049250313e-16
R_amp0.5_T12.0,R,0.5,12.0,11.950000000000001,0.8333333333333334,0.007370613883670197,0.05949804216542284,0.17760557466949967,10.012747670322163,1.0653712712631944,1.0657993071424,1.3322676295501878e-15,0.0,0,0,1.3642420526593924e-12,0.6549011290706134,0.0,-0.11422254136758947,4.440892098500626e-16,0.0,2.609024107869118e-15,2.220446049250313e-16
R_amp0.5_T12.0,R,0.5,12.0,12.0,0.8333333333333334,0.007370613883670197,0.05949804216542284,0.17760557466949967,10.012734800773131,1.0653715070494958,1.0657991607579036,1.3322676295501878e-15,0.0,0,0,0.0,0.6549011290706134,0.0,-0.11422254136378873,4.440892098500626e-16,0.0,2.609024107869118e-15,2.220446049250313e-16
R_amp0.25_T12.0,R,0.25,12.0,0.0,0.8333333333333334,0.007370613883670197,0.05949804216542284,0.17760557466949967,10.000000002223675,1.0661002376625885,1.0654003617806533,0.0,0.0,0,0,9.094947017729282e-13,0.6549011290706134,0.0,-0.11396511151015565,4.440892098500626e-16,0.0,2.609024107869118e-15,2.220446049250313e-16
R_amp0.25_T12.0,R,0.25,12.0,0.05,0.8333333333333334,0.0073708605426166625,0.05949804216542284,0.17760557466949967,10.00002814391571,1.066100189100305,1.0654003435528288,0.0,0.0,0,0,1.3642420526593924e-12,0.6549011290706134,0.0,-0.11394038159847897,4.440892098500626e-16,0.0,2.4980018054066022e-15,2.220446049250313e-16
R_amp0.25_T12.0,R,0.25,12.0,0.1,0.8333333333333334,0.007371599546005887,0.05949804216542284,0.17760557466949967,10.000056418629534,1.0661001440780429,1.0654003313307978,0.0,0.0,0,0,9.094947017729282e-13,0.6549011290706134,0.0,-0.11386642116879142,0.0,0.0,2.1649348980190553e-15,2.220446049250313e-16
R_amp0.25_T12.0,R,0.25,12.0,0.15000000000000002,0.8333333333333334,0.007372827977329111,0.05949804216542284,0.17760557466949967,10.000085072162651,1.0661000764967512,1.0654003381376835,0.0,0.0,0,0,9.094947017729282e-13,0.6549011290706134,0.0,-0.11374353217851674,2.220446049250313e-16,0.0,2.275957200481571e-15,2.220446049250313e-16
R_amp0.25_T12.0,R,0.25,12.0,0.2,0.8333333333333334,0.007374540988529118,0.05949804216542284,0.17760557466949967,10.000114347376213,1.0660999604285173,1.0654003769200486,0.0,0.0,0,0,9.094947017729282e-13,0.6549011290706134,0.0,-0.11357220968515747,4.440892098500626e-16,0.0,2.1649348980190553e-15,2.220446049250313e-16
R_amp0.25_T12.0,R,0.25,12.0,0.25,0.8333333333333334,0.007376731819133303,0.05949804216542284,0.17760557466949967,10.00014448323903,1.066099770215978,1.0654004604965324,0.0,0.0,0,0,9.094947017729282e-13,0.6549011290706134,0.0,-0.11335313989185569,4.440892098500626e-16,0.0,2.1094237467877974e-15,2.220446049250313e-16
R_amp0.25_T12.0,R,0.25,12.0,0.30000000000000004,0.8333333333333334,0.007379391822934165,0.05949804216542284,0.17760557466949967,10.000175713886938,1.0660994805707669,1.0654006015070538,0.0,0.0,0,0,9.094947017729282e-13,0.6549011290706134,0.0,-0.11308719744000362,4.440892098500626e-16,0.0,2.1094237467877974e-15,2.220446049250313e-16
R_amp0.25_T12.0,R,0.25,12.0,0.35000000000000003,0.8333333333333334,0.007382510502111944,0.05949804216542284,0.17760557466949967,10.00020826770118,1.066099066670608,1.065400812362779,0.0,0.0,0,0,9.094947017729282e-13,0.6549011290706134,0.0,-0.11277544195696887,4.440892098500626e-16,0.0,2.1649348980190553e-15,2.220446049250313e-16
R_amp0.25_T12.0,R,0.25,12.0,0.4,0.8333333333333334,0.007386075548664714,0.05949804216542284,0.17760557466949967,10.00024236640946,1.0660985042546787,1.0654011051970251,2.220446049250313e-16,0.0,0,0,9.094947017729282e-13,0.6549011290706134,0.0,-0.11241911387463865,4.440892098500626e-16,0.0,2.1649348980190553e-15,2.220446049250313e-16
R_amp0.25_T12.0,R,0.25,12.0,0.45,0.8333333333333334,0.007390072892982445,0.05949804216542284,0.17760557466949967,10.000278224213204,1.0660977697168603,1.065401491817299,2.220446049250313e-16,0.0,0,0,1.3642420526593924e-12,0.6549011290706134,0.0,-0.11201962953356781,4.440892098500626e-16,0.0,1.7763568394002505e-15,2.220446049250313e-16
R_amp0.25_T12.0,R,0.25,12.0,0.5,0.8333333333333334,0.007394486759373329,0.05949804216542284,0.17760557466949967,10.000316046944477,1.0660968401965083,1.0654019836586401,2.220446049250313e-16,0.0,0,0,9.094947017729282e-13,0.6549011290706134,0.0,-0.1115785755939136,4.440892098500626e-16,0.0,1.6653345369377348e-15,2.220446049250313e-16
R_amp0.25_T12.0,R,0.25,12.0,0.55,0.8333333333333334,0.007399299728323223,0.05949804216542284,0.17760557466949967,10.000356031255855,1.0660956936663792,1.065402591738458,0.0,0.0,0,0,9.094947017729282e-13,0.6549011290706134,0.0,-0.11109770277350628,4.440892098500626e-16,0.0,1.6653345369377348e-15,2.220446049250313e-16
R_amp0.25_T12.0,R,0.25,12.0,0.6000000000000001,0.8333333333333334,0.007404492805242521,0.05949804216542284,0.17760557466949967,10.000398363846493,1.066094309017367,1.0654033266130245,2.220446049250313e-16,0.0,0,0,1.3642420526593924e-12,0.6549011290706134,0.0,-0.11057891893806882,4.440892098500626e-16,0.0,1.6653345369377348e-15,2.220446049250313e-16
R_amp0.25_T12.0,R,0.25,12.0,0.65,0.8333333333333334,0.007410045495429111,0.05949804216542284,0.17760557466949967,10.00044322072739,1.066092666139701,1.0654041983358047,2.220446049250313e-16,0.0,0,0,1.3642420526593924e-12,0.6549011290706134,0.0,-0.11002428157251343,4.440892098500626e-16,0.0,1.6653345369377348e-15,2.220446049250313e-16
R_amp0.25_T12.0,R,0.25,12.0,0.7000000000000001,0.8333333333333334,0.0074159358849516105,0.05949804216542284,0.17760557466949967,10.000490766528756,1.06609074600029,1.065405216417774,2.220446049250313e-16,0.0,0,0,9.094947017729282e-13,0.6549011290706134,0.0,-0.10943598966065649,4.440892098500626e-16,0.0,1.6653345369377348e-15,2.220446049250313e-16
R_amp0.25_T12.0,R,0.25,12.0,0.75,0.8333333333333334,0.007422140727133638,0.05949804216542284,0.17760557466949967,10.000541153852227,1.066088530715896,1.0654063897898876,0.0,0.0,0,0,9.094947017729282e-13,0.6549011290706134,0.0,-0.10881637500706343,4.440892098500626e-16,0.0,1.6653345369377348e-15,2.220446049250313e-16
R_amp0.25_T12.0,R,0.25,12.0,0.8,0.8333333333333334,0.007428635534297822,0.05949804216542284,0.17760557466949967,10.00059452267047,1.0660860036218431,1.0654077267678386,2.220446049250313e-16,0.0,0,0,1.3642420526593924e-12,0.6549011290706134,0.0,-0.10816789303448782,4.440892098500626e-16,0.0,1.6653345369377348e-15,2.220446049250313e-16
R_amp0.25_T12.0,R,0.25,12.0,0.8500000000000001,0.8333333333333334,0.007435394674407483,0.05949804216542284,0.17760557466949967,10.000650999776536,1.0660831493359928,1.0654092350192501,0.0,0.0,0,0,9.094947017729282e-13,0.6549011290706134,0.0,-0.10749311309310494,4.440892098500626e-16,0.0,1.6653345369377348e-15,2.220446049250313e-16
R_amp0.25_T12.0,R,0.25,12.0,0.9,0.8333333333333334,0.007442391472224563,0.05949804216542284,0.17760557466949967,10.000710698285115,1.0660799538177184,1.0654109215334269,2.220446049250313e-16,0.0,0,0,1.3642420526593924e-12,0.6549011290706134,0.0,-0.10679470832124904,4.440892098500626e-16,0.0,1.6653345369377348e-15,2.220446049250313e-16
R_amp0.25_T12.0,R,0.25,12.0,0.9500000000000001,0.8333333333333334,0.007449598314584612,0.05949804216542284,0.17760557466949967,10.000773717187709,1.0660764044216524,1.0654127925937822,2.220446049250313e-16,0.0,0,0,9.094947017729282e-13,0.6549011290706134,0.0,-0.10607544509489575,4.440892098500626e-16,0.0,1.6653345369377348e-15,2.220446049250313e-16
R_amp0.25_T12.0,R,0.25,12.0,1.0,0.8333333333333334,0.007456986759373329,0.05949804216542284,0.17760557466949967,10.000840140963396,1.0660724899459773,1.065414853753056,2.220446049250313e-16,0.0,0,0,9.094947017729282e-13,0.6549011290706134,0.0,-0.10533817211190044,4.440892098500626e-16,0.0,1.6653345369377348e-15,2.220446049250313e-16
R_amp0.25_T12.0,R,0.25,12.0,1.05,0.8333333333333334,0.0074645276477745895,0.05949804216542284,0.17760557466949967,10.000910039246794,1.066068200675078,1.0654171098114116,2.220446049250313e-16,0.0,0,0,9.094947017729282e-13,0.6549011290706134,0.0,-0.1045858091464098,4.440892098500626e-16,0.0,1.6653345369377348e-15,2.220446049250313e-16
R_amp0.25_T12.0,R,0.25,12.0,1.1,0.8333333333333334,0.007472191219346981,0.05949804216542284,0.17760557466949967,10.000983466554477,1.066063528416377,1.0654195647975044,2.220446049250313e-16,0.0,0,0,9.094947017729282e-13,0.6549011290706134,0.0,-0.10382133552913708,4.440892098500626e-16,0.0,1.6653345369377348e-15,2.220446049250313e-16
R_amp0.25_T12.0,R,0.25,12.0,1.1500000000000001,0.8333333333333334,0.007479947229474659,0.05949804216542284,0.17760557466949967,10.001060462070935,1.0660584665312038,1.0654222219525937,2.220446049250313e-16,0.0,0,0,9.094947017729282e-13,0.6549011290706134,0.0,-0.10304777838662815,4.440892098500626e-16,0.0,1.6653345369377348e-15,2.220446049250313e-16
R_amp0.25_T12.0,R,0.25,12.0,1.2000000000000002,0.8333333333333334,0.007487765068729032,0.05949804216542284,0.17760557466949967,10.00114104949495,1.0660530099595715,1.065425083717762,2.220446049250313e-16,0.0,0,0,9.094947017729282e-13,0.6549011290706134,0.0,-0.10226820069726772,4.440892098500626e-16,0.0,1.6653345369377348e-15,2.220446049250313e-16
R_amp0.25_T12.0,R,0.25,12.0,1.25,0.8333333333333334,0.007495613883670197,0.05949804216542284,0.17760557466949967,10.001225236946949,1.0660471552387714,1.0654281517242867,2.220446049250313e-16,0.0,0,0,9.094947017729282e-13,0.6549011290706134,0.0,-0.10148568920152345,4.440892098500626e-16,0.0,1.6653345369377348e-15,2.220446049250313e-16
R_amp0.25_T12.0,R,0.25,12.0,1.3,0.8333333333333334,0.007503462698611361,0.05949804216542284,0.17760557466949967,10.001313016937711,1.066040900515688,1.0654314267872136,0.0,0.0,0,0,1.3642420526593924e-12,0.6549011290706134,0.0,-0.10070334221901489,4.440892098500626e-16,0.0,1.6653345369377348e-15,2.220446049250313e-16
R_amp0.25_T12.0,R,0.25,12.0,1.35,0.8333333333333334,0.007511280537865735,0.05949804216542284,0.17760557466949967,10.001404366398589,1.0660342455528082,1.0654349089021422,2.220446049250313e-16,0.0,0,0,9.094947017729282e-13,0.6549011290706134,0.0,-0.099924257423599,4.440892098500626e-16,0.0,1.6653345369377348e-15,2.220446049250313e-16
R_amp0.25_T12.0,R,0.25,12.0,1.4000000000000001,0.8333333333333334,0.007519036547993413,0.05949804216542284,0.17760557466949967,10.001499246773076,1.0660271917278816,1.065438597245247,4.440892098500626e-16,0.0,0,0,9.094947017729282e-13,0.6549011290706134,0.0,-0.09915151961532365,2.220446049250313e-16,0.0,1.6653345369377348e-15,2.220446049250313e-16
R_amp0.25_T12.0,R,0.25,12.0,1.4500000000000002,0.8333333333333334,0.007526700119565803,0.05949804216542284,0.17760557466949967,10.001597604169408,1.0660197420272313,1.065442490176531,2.220446049250313e-16,0.0,0,0,9.094947017729282e-13,0.6549011290706134,0.0,-0.0983881885488953,4.440892098500626e-16,0.0,1.6653345369377348e-15,2.220446049250313e-16
R_amp0.25_T12.0,R,0.25,12.0,1.5,0.8333333333333334,0.007534241007967065,0.05949804216542284,0.17760557466949967,10.001699369573553,1.066011901032754,1.0654465852462995,2.220446049250313e-16,0.0,0,0,9.094947017729282e-13,0.6549011290706134,0.0,-0.09763728685665884,4.440892098500626e-16,0.0,1.6653345369377348e-15,2.220446049250313e-16
R_amp0.25_T12.0,R,0.25,12.0,1.55,0.8333333333333334,0.007541629452755782,0.05949804216542284,0.17760557466949967,10.001804459121798,1.0660036749026436,1.0654508792048238,2.220446049250313e-16,0.0,0,0,1.3642420526593924e-12,0.6549011290706134,0.0,-0.09690178811912875,4.440892098500626e-16,0.0,1.6653345369377348e-15,2.220446049250313e-16
R_amp0.25_T12.0,R,0.25,12.0,1.6,0.8333333333333334,0.007548836295115831,0.05949804216542284,0.17760557466949967,10.00191277443184,1.065995071345921,1.0654553680151655,0.0,0.0,0,0,9.094947017729282e-13,0.6549011290706134,0.0,-0.09618460513129468,4.440892098500626e-16,0.0,1.6653345369377348e-15,2.220446049250313e-16
R_amp0.25_T12.0,R,0.25,12.0,1.6500000000000001,0.8333333333333334,0.007555833092932911,0.05949804216542284,0.17760557466949967,10.002024202991091,1.0659860995908705,1.0654600468691031,2.220446049250313e-16,0.0,0,0,1.3642420526593924e-12,0.6549011290706134,0.0,-0.09548857840568759,2.220446049250313e-16,0.0,1.6653345369377348e-15,2.220446049250313e-16
R_amp0.25_T12.0,R,0.25,12.0,1.7000000000000002,0.8333333333333334,0.007562592233042571,0.05949804216542284,0.17760557466949967,10.002138618600652,1.0659767703475023,1.065464910206103,2.220446049250313e-16,0.0,0,0,9.094947017729282e-13,0.6549011290706134,0.0,-0.0948164649632166,4.440892098500626e-16,0.0,1.6653345369377348e-15,2.220446049250313e-16
R_amp0.25_T12.0,R,0.25,12.0,1.75,0.8333333333333334,0.007569087040206756,0.05949804216542284,0.17760557466949967,10.002255881873253,1.0659670957641847,1.0654699517352573,4.440892098500626e-16,0.0,0,0,9.094947017729282e-13,0.6549011290706134,0.0,-0.09417092745137534,4.440892098500626e-16,0.0,1.6653345369377348e-15,2.220446049250313e-16
R_amp0.25_T12.0,R,0.25,12.0,1.8,0.8333333333333334,0.007575291882388783,0.05949804216542284,0.17760557466949967,10.002375840783174,1.0659570893786317,1.0654751644601061,4.440892098500626e-16,0.0,0,0,9.094947017729282e-13,0.6549011290706134,0.0,-0.09355452363662753,4.440892098500626e-16,0.0,1.6653345369377348e-15,2.220446049250313e-16
R_amp0.25_T12.0,R,0.25,12.0,1.85,0.8333333333333334,0.007581182271911283,0.05949804216542284,0.17760557466949967,10.00249833126595,1.0659467660634223,1.0654805407062389,4.440892098500626e-16,0.0,0,0,9.094947017729282e-13,0.6549011290706134,0.0,-0.09296969631006369,4.440892098500626e-16,0.0,1.6653345369377348e-15,2.220446049250313e-16
R_amp0.25_T12.0,R,0.25,12.0,1.9000000000000001,0.8333333333333334,0.007586734962097873,0.05949804216542284,0.17760557466949967,10.002623177865626,1.0659361419662738,1.0654860721515762,4.440892098500626e-16,0.0,0,0,9.094947017729282e-13,0.6549011290706134,0.0,-0.0924187636469167,4.440892098500626e-16,0.0,1.6653345369377348e-15,2.220446049250313e-16
R_amp0.25_T12.0,R,0.25,12.0,1.9500000000000002,0.8333333333333334,0.00759192803901717,0.05949804216542284,0.17760557466949967,10.002750194426849,1.0659252344453063,1.0654917498592047,4.440892098500626e-16,0.0,0,0,9.094947017729282e-13,0.6549011290706134,0.0,-0.09190391005740994,4.440892098500626e-16,0.0,1.6653345369377348e-15,2.220446049250313e-16
R_amp0.25_T12.0,R,0.25,12.0,2.0,0.8333333333333334,0.007596741007967065,0.05949804216542284,0.17760557466949967,10.002879184829233,1.065914061999547,1.0654975643126412,4.440892098500626e-16,0.0,0,0,9.094947017729282e-13,0.6549011290706134,0.0,-0.09142717756536878,4.440892098500626e-16,0.0,1.6653345369377348e-15,2.220446049250313e-16
R_amp0.25_T12.0,R,0.25,12.0,2.0500000000000003,0.8333333333333334,0.007601154874357949,0.05949804216542284,0.17760557466949967,10.003009943761004,1.065902644194959,1.0655035054533797,4.440892098500626e-16,0.0,0,0,9.094947017729282e-13,0.6549011290706134,0.0,-0.09099045775073433,4.440892098500626e-16,0.0,1.6653345369377348e-15,2.220446049250313e-16
R_amp0.25_T12.0,R,0.25,12.0,2.1,0.8333333333333334,0.00760515221867568,0.05949804216542284,0.17760557466949967,10.003142257528912,1.0658910015862704,1.0655095627205857,4.440892098500626e-16,0.0,0,0,1.3642420526593924e-12,0.6549011290706134,0.0,-0.09059548428321285,4.440892098500626e-16,0.0,1.6653345369377348e-15,2.220446049250313e-16
R_amp0.25_T12.0,R,0.25,12.0,2.15,0.8333333333333334,0.0076087172652284495,0.05949804216542284,0.17760557466949967,10.003275904901269,1.0658791556349292,1.0655157250927676,4.440892098500626e-16,0.0,0,0,1.3642420526593924e-12,0.6549011290706134,0.0,-0.09024382608044013,4.440892098500626e-16,0.0,1.6653345369377348e-15,2.220446049250313e-16
R_amp0.25_T12.0,R,0.25,12.0,2.2,0.8333333333333334,0.0076118359444062285,0.05949804216542284,0.17760557466949967,10.003410657980703,1.065867128623499,1.065521981131272,2.220446049250313e-16,0.0,0,0,1.3642420526593924e-12,0.6549011290706134,0.0,-0.08993688111578169,4.440892098500626e-16,0.0,1.6653345369377348e-15,2.220446049250313e-16
R_amp0.25_T12.0,R,0.25,12.0,2.25,0.8333333333333334,0.007614495948207091,0.05949804216542284,0.17760557466949967,10.003546283103294,1.065854943566833,1.065528319025423,4.440892098500626e-16,0.0,0,0,1.3642420526593924e-12,0.6549011290706134,0.0,-0.08967587090235685,4.440892098500626e-16,0.0,1.6653345369377348e-15,2.220446049250313e-16
R_amp0.25_T12.0,R,0.25,12.0,2.3000000000000003,0.8333333333333334,0.007616686778811276,0.05949804216542284,0.17760557466949967,10.003682541760465,1.0658426241203756,1.065534726639136,4.440892098500626e-16,0.0,0,0,9.094947017729282e-13,0.6549011290706134,0.0,-0.08946183567138832,4.440892098500626e-16,0.0,1.6653345369377348e-15,2.220446049250313e-16
R_amp0.25_T12.0,R,0.25,12.0,2.35,0.8333333333333334,0.007618399790011283,0.05949804216542284,0.17760557466949967,10.003819191540053,1.0658301944859578,1.0655411915588164,4.440892098500626e-16,0.0,0,0,9.094947017729282e-13,0.6549011290706134,0.0,-0.08929563026719278,4.440892098500626e-16,0.0,1.6653345369377348e-15,2.220446049250313e-16
R_amp0.25_T12.0,R,0.25,12.0,2.4000000000000004,0.8333333333333334,0.007619628221334506,0.05949804216542284,0.17760557466949967,10.003955987082836,1.0658176793154635,1.0655477011423504,4.440892098500626e-16,0.0,0,0,9.094947017729282e-13,0.6549011290706134,0.0,-0.0891779207720198,4.440892098500626e-16,0.0,1.6653345369377348e-15,2.220446049250313e-16
R_amp0.25_T12.0,R,0.25,12.0,2.45,0.8333333333333334,0.00762036722472373,0.05949804216542284,0.17760557466949967,10.004092681050727,1.0658051036127258,1.0655542425690099,4.440892098500626e-16,0.0,0,0,9.094947017729282e-13,0.6549011290706134,0.0,-0.08910918188069439,4.440892098500626e-16,0.0,1.6653345369377348e-15,2.220446049250313e-16
R_amp0.25_T12.0,R,0.25,12.0,2.5,0.8333333333333334,0.007620613883670197,0.05949804216542284,0.17760557466949967,10.004229025102845,1.0657924926340638,1.0655608028900545,4.440892098500626e-16,0.0,0,0,9.094947017729282e-13,0.6549011290706134,0.0,-0.0890896950237492,4.440892098500626e-16,0.0,1.6653345369377348e-15,2.220446049250313e-16
R_amp0.25_T12.0,R,0.25,12.0,2.5500000000000003,0.8333333333333334,0.00762036722472373,0.05949804216542284,0.17760557466949967,10.0043647708756,1.065779871787837,1.0655673690798517,4.440892098500626e-16,0.0,0,0,9.094947017729282e-13,0.6549011290706134,0.0,-0.08911954725888194,2.220446049250313e-16,0.0,1.6653345369377348e-15,2.220446049250313e-16
R_amp0.25_T12.0,R,0.25,12.0,2.6,0.8333333333333334,0.007619628221334506,0.05949804216542284,0.17760557466949967,10.00449967096294,1.0657672665334172,1.0655739280872942,4.440892098500626e-16,0.0,0,0,9.094947017729282e-13,0.6549011290706134,0.0,-0.08919863092657132,4.440892098500626e-16,0.0,1.6653345369377348e-15,2.220446049250313e-16
R_amp0.25_T12.0,R,0.25,12.0,2.6500000000000004,0.8333333333333334,0.007618399790011283,0.05949804216542284,0.17760557466949967,10.004633479892844,1.0657547022799834,1.0655804668873259,4.440892098500626e-16,0.0,0,0,1.3642420526593924e-12,0.6549011290706134,0.0,-0.08932664407561175,4.440892098500626e-16,0.0,1.6653345369377348e-15,2.220446049250313e-16
R_amp0.25_T12.0,R,0.25,12.0,2.7,0.8333333333333334,0.007616686778811276,0.05949804216542284,0.17760557466949967,10.004765955096303,1.065742204285522,1.0655869725323657,2.220446049250313e-16,0.0,0,0,9.094947017729282e-13,0.6549011290706134,0.0,-0.08950309165302595,4.440892098500626e-16,0.0,1.6653345369377348e-15,2.220446049250313e-16
R_amp0.25_T12.0,R,0.25,12.0,2.75,0.8333333333333334,0.007614495948207091,0.05949804216542284,0.17760557466949967,10.004896857864832,1.0657297975564477,1.0655934322034297,4.440892098500626e-16,0.0,0,0,9.094947017729282e-13,0.6549011290706134,0.0,-0.08972728746119296,4.440892098500626e-16,0.0,1.6653345369377348e-15,2.220446049250313e-16
R_amp0.25_T12.0,R,0.25,12.0,2.8000000000000003,0.8333333333333334,0.0076118359444062285,0.05949804216542284,0.17760557466949967,10.005025954292853,1.065717506748228,1.0655998332607473,4.440892098500626e-16,0.0,0,0,9.094947017729282e-13,0.6549011290706134,0.0,-0.08999835686301072,4.440892098500626e-16,0.0,1.6653345369377348e-15,2.220446049250313e-16
R_amp0.25_T12.0,R,0.25,12.0,2.85,0.8333333333333334,0.0076087172652284495,0.05949804216542284,0.17760557466949967,10.005153016201145,1.0657053560674106,1.0656061632936709,4.440892098500626e-16,0.0,0,0,1.3642420526593924e-12,0.6549011290706134,0.0,-0.09031524023507687,4.440892098500626e-16,0.0,1.6653345369377348e-15,2.220446049250313e-16
R_amp0.25_T12.0,R,0.25,12.0,2.9000000000000004,0.8333333333333334,0.00760515221867568,0.05949804216542284,0.17760557466949967,10.005277822037762,1.0656933691754271,1.0656124101696907,4.440892098500626e-16,0.0,0,0,9.094947017729282e-13,0.6549011290706134,0.0,-0.09067669714893345,4.440892098500626e-16,0.0,1.6653345369377348e-15,2.220446049250313e-16
R_amp0.25_T12.0,R,0.25,12.0,2.95,0.8333333333333334,0.007601154874357949,0.05949804216542284,0.17760557466949967,10.005400157752806,1.0656815690945745,1.0656185620823444,2.220446049250313e-16,0.0,0,0,1.3642420526593924e-12,0.6549011290706134,0.0,-0.091081311267603,4.440892098500626e-16,0.0,1.6653345369377348e-15,2.220446049250313e-16
R_amp0.25_T12.0,R,0.25,12.0,3.0,0.8333333333333334,0.007596741007967065,0.05949804216542284,0.17760557466949967,10.005519817643645,1.0656699781165122,1.0656246075978513,2.220446049250313e-16,0.0,0,0,1.3642420526593924e-12,0.6549011290706134,0.0,-0.0915274959342236,4.440892098500626e-16,0.0,1.6653345369377348e-15,2.220446049250313e-16
R_amp0.25_T12.0,R,0.25,12.0,3.0500000000000003,0.8333333333333334,0.00759192803901717,0.05949804216542284,0.17760557466949967,10.005636605167204,1.0656586177136673,1.06563053570027,4.440892098500626e-16,0.0,0,0,1.3642420526593924e-12,0.6549011290706134,0.0,-0.09201350043489076,4.440892098500626e-16,0.0,1.6653345369377348e-15,2.220446049250313e-16
R_amp0.25_T12.0,R,0.25,12.0,3.1,0.8333333333333334,0.007586734962097873,0.05949804216542284,0.17760557466949967,10.005750333716112,1.0656475084538692,1.0656363358350163,4.440892098500626e-16,0.0,0,0,1.3642420526593924e-12,0.6549011290706134,0.0,-0.09253741690733475,0.0,0.0,1.6653345369377348e-15,2.220446049250313e-16
R_amp0.25_T12.0,R,0.25,12.0,3.1500000000000004,0.8333333333333334,0.007581182271911283,0.05949804216542284,0.17760557466949967,10.005860827355656,1.0656366699185655,1.065641997950555,4.440892098500626e-16,0.0,0,0,9.094947017729282e-13,0.6549011290706134,0.0,-0.09309718787076227,4.440892098500626e-16,0.0,1.6653345369377348e-15,2.220446049250313e-16
R_amp0.25_T12.0,R,0.25,12.0,3.2,0.8333333333333334,0.007575291882388783,0.05949804216542284,0.17760557466949967,10.00596792151861,1.0656261206249353,1.0656475125381126,4.440892098500626e-16,0.0,0,0,9.094947017729282e-13,0.6549011290706134,0.0,-0.09369061434638559,4.440892098500626e-16,0.0,1.6653345369377348e-15,2.220446049250313e-16
R_amp0.25_T12.0,R,0.25,12.0,3.25,0.8333333333333334,0.007569087040206756,0.05949804216542284,0.17760557466949967,10.006071463655164,1.0656158779522036,1.065652870669247,4.440892098500626e-16,0.0,0,0,9.094947017729282e-13,0.6549011290706134,0.0,-0.09431536453469991,4.440892098500626e-16,0.0,1.6653345369377348e-15,2.220446049250313e-16
R_amp0.25_T12.0,R,0.25,12.0,3.3000000000000003,0.8333333333333334,0.007562592233042571,0.05949804216542284,0.17760557466949967,10.006171313835418,1.0656059580724508,1.0656580640311266,4.440892098500626e-16,0.0,0,0,1.3642420526593924e-12,0.6549011290706134,0.0,-0.09496898301873524,4.440892098500626e-16,0.0,1.6653345369377348e-15,2.220446049250313e-16
R_amp0.25_T12.0,R,0.25,12.0,3.35,0.8333333333333334,0.007555833092932911,0.05949804216542284,0.17760557466949967,10.00626734530205,1.0655963758861837,1.0656630849593847,4.440892098500626e-16,0.0,0,0,9.094947017729282e-13,0.6549011290706134,0.0,-0.09564890045551477,4.440892098500626e-16,0.0,1.6653345369377348e-15,2.220446049250313e-16
R_amp0.25_T12.0,R,0.25,12.0,3.4000000000000004,0.8333333333333334,0.007548836295115831,0.05949804216542284,0.17760557466949967,10.006359444970897,1.0655871449629215,1.06566792646841,4.440892098500626e-16,0.0,0,0,9.094947017729282e-13,0.6549011290706134,0.0,-0.09635244371443719,2.220446049250313e-16,0.0,1.6653345369377348e-15,2.220446049250313e-16
R_amp0.25_T12.0,R,0.25,12.0,3.45,0.8333333333333334,0.007541629452755782,0.05949804216542284,0.17760557466949967,10.006447513877617,1.0655782774870373,1.0656725822789623,4.440892098500626e-16,0.0,0,0,9.094947017729282e-13,0.6549011290706134,0.0,-0.0970768464289331,4.440892098500626e-16,0.0,1.6653345369377348e-15,2.220446049250313e-16
R_amp0.25_T12.0,R,0.25,12.0,3.5,0.8333333333333334,0.007534241007967065,0.05949804216542284,0.17760557466949967,10.006531467568447,1.0655697842090537,1.0656770468429984,4.440892098500626e-16,0.0,0,0,9.094947017729282e-13,0.6549011290706134,0.0,-0.09781925991223983,4.440892098500626e-16,0.0,1.6653345369377348e-15,2.220446049250313e-16
R_amp0.25_T12.0,R,0.25,12.0,3.5500000000000003,0.8333333333333334,0.007526700119565803,0.05949804216542284,0.17760557466949967,10.00661123643372,1.065561674402597,1.0656813153656142,4.440892098500626e-16,0.0,0,0,9.094947017729282e-13,0.6549011290706134,0.0,-0.09857676440188934,4.440892098500626e-16,0.0,1.6653345369377348e-15,2.220446049250313e-16
R_amp0.25_T12.0,R,0.25,12.0,3.6,0.8333333333333334,0.007519036547993413,0.05949804216542284,0.17760557466949967,10.006686765982657,1.0655539558271672,1.0656853838240106,4.440892098500626e-16,0.0,0,0,9.094947017729282e-13,0.6549011290706134,0.0,-0.09934638058145717,2.220446049250313e-16,0.0,1.6653345369377348e-15,2.220446049250313e-16
R_amp0.25_T12.0,R,0.25,12.0,3.6500000000000004,0.8333333333333334,0.007511280537865735,0.05949804216542284,0.17760557466949967,10.006758017058456,1.0655466346968758,1.065689248983416,4.440892098500626e-16,0.0,0,0,1.3642420526593924e-12,0.6549011290706134,0.0,-0.10012508133907172,4.440892098500626e-16,0.0,1.6653345369377348e-15,2.220446049250313e-16
R_amp0.25_T12.0,R,0.25,12.0,3.7,0.8333333333333334,0.007503462698611361,0.05949804216542284,0.17760557466949967,10.006824965992724,1.0655397156552764,1.0656929084098952,4.440892098500626e-16,0.0,0,0,1.3642420526593924e-12,0.6549011290706134,0.0,-0.10090980371365177,4.440892098500626e-16,0.0,1.6653345369377348e-15,2.220446049250313e-16
R_amp0.25_T12.0,R,0.25,12.0,3.75,0.8333333333333334,0.007495613883670197,0.05949804216542284,0.17760557466949967,10.006887604698722,1.0655332017563737,1.0656963604799965,4.440892098500626e-16,0.0,0,0,9.094947017729282e-13,0.6549011290706134,0.0,-0.10169746098422694,4.440892098500626e-16,0.0,1.6653345369377348e-15,2.220446049250313e-16
R_amp0.25_T12.0,R,0.25,12.0,3.8000000000000003,0.8333333333333334,0.007487765068729032,0.05949804216542284,0.17760557466949967,10.00694594070302,1.0655270944518984,1.0656996043872047,4.440892098500626e-16,0.0,0,0,1.3642420526593924e-12,0.6549011290706134,0.0,-0.10248495485130271,4.440892098500626e-16,0.0,1.6653345369377348e-15,2.220446049250313e-16
R_amp0.25_T12.0,R,0.25,12.0,3.85,0.8333333333333334,0.007479947229474659,0.05949804216542284,0.17760557466949967,10.006999997115393,1.0655213935848917,1.0657026401451613,4.440892098500626e-16,0.0,0,0,9.094947017729282e-13,0.6549011290706134,0.0,-0.10326918766446513,4.440892098500626e-16,0.0,1.6653345369377348e-15,2.220446049250313e-16
R_amp0.25_T12.0,R,0.25,12.0,3.9000000000000004,0.8333333333333334,0.007472191219346981,0.05949804216542284,0.17760557466949967,10.007049812537172,1.0655160973896205,1.0657054685876521,4.440892098500626e-16,0.0,0,0,9.094947017729282e-13,0.6549011290706134,0.0,-0.10404707464774354,4.440892098500626e-16,0.0,1.6653345369377348e-15,2.220446049250313e-16
R_amp0.25_T12.0,R,0.25,12.0,3.95,0.8333333333333334,0.0074645276477745895,0.05949804216542284,0.17760557466949967,10.007095440908287,1.0655112024978295,1.065708091365359,4.440892098500626e-16,0.0,0,0,9.094947017729282e-13,0.6549011290706134,0.0,-0.10481555607337589,2.220446049250313e-16,0.0,1.6653345369377348e-15,2.220446049250313e-16
R_amp0.25_T12.0,R,0.25,12.0,4.0,0.8333333333333334,0.007456986759373329,0.05949804216542284,0.17760557466949967,10.007136951293747,1.0655067039512973,1.065710510939381,4.440892098500626e-16,0.0,0,0,9.094947017729282e-13,0.6549011290706134,0.0,-0.10557160933815424,4.440892098500626e-16,0.0,1.6653345369377348e-15,2.220446049250313e-16
R_amp0.25_T12.0,R,0.25,12.0,4.05,0.8333333333333334,0.007449598314584612,0.05949804216542284,0.17760557466949967,10.007174427610252,1.065502595220658,1.065712730571561,4.440892098500626e-16,0.0,0,0,1.3642420526593924e-12,0.6549011290706134,0.0,-0.1063122608910998,4.440892098500626e-16,0.0,1.6653345369377348e-15,2.220446049250313e-16
R_amp0.25_T12.0,R,0.25,12.0,4.1000000000000005,0.8333333333333334,0.007442391472224563,0.05949804216542284,0.17760557466949967,10.007207968294164,1.0654988682303947,1.0657147543116507,4.440892098500626e-16,0.0,0,0,1.3642420526593924e-12,0.6549011290706134,0.0,-0.10703459797050074,4.440892098500626e-16,0.0,1.6653345369377348e-15,2.220446049250313e-16
R_amp0.25_T12.0,R,0.25,12.0,4.15,0.8333333333333334,0.007435394674407483,0.05949804216542284,0.17760557466949967,10.007237685912035,1.0654955133899267,1.0657165869813667,4.440892098500626e-16,0.0,0,0,1.3642420526593924e-12,0.6549011290706134,0.0,-0.10773578009681217,4.440892098500626e-16,0.0,1.6653345369377348e-15,2.220446049250313e-16
R_amp0.25_T12.0,R,0.25,12.0,4.2,0.8333333333333334,0.007428635534297822,0.05949804216542284,0.17760557466949967,10.0072637067153,1.0654925196306548,1.0657182341553955,4.440892098500626e-16,0.0,0,0,1.3642420526593924e-12,0.6549011290706134,0.0,-0.10841305028650106,4.440892098500626e-16,0.0,1.6653345369377348e-15,2.220446049250313e-16
R_amp0.25_T12.0,R,0.25,12.0,4.25,0.8333333333333334,0.007422140727133638,0.05949804216542284,0.17760557466949967,10.007286170140887,1.065489874448818,1.0657197021394331,4.440892098500626e-16,0.0,0,0,9.094947017729282e-13,0.6549011290706134,0.0,-0.10906374592846091,4.440892098500626e-16,0.0,1.6653345369377348e-15,2.220446049250313e-16
R_amp0.25_T12.0,R,0.25,12.0,4.3,0.8333333333333334,0.0074159358849516105,0.05949804216542284,0.17760557466949967,10.007305228259696,1.0654875639540013,1.065720997945336,4.440892098500626e-16,0.0,0,0,1.3642420526593924e-12,0.6549011290706134,0.0,-0.10968530929541043,4.440892098500626e-16,0.0,1.6653345369377348e-15,2.220446049250313e-16
R_amp0.25_T12.0,R,0.25,12.0,4.3500000000000005,0.8333333333333334,0.007410045495429111,0.05949804216542284,0.17760557466949967,10.007321045175164,1.065485572923092,1.0657221292634862,4.440892098500626e-16,0.0,0,0,9.094947017729282e-13,0.6549011290706134,0.0,-0.11027529763710309,2.220446049250313e-16,0.0,1.6653345369377348e-15,2.220446049250313e-16
R_amp0.25_T12.0,R,0.25,12.0,4.4,0.8333333333333334,0.007404492805242521,0.05949804216542284,0.17760557466949967,10.00733379637428,1.0654838848594772,1.0657231044324802,4.440892098500626e-16,0.0,0,0,9.094947017729282e-13,0.6549011290706134,0.0,-0.11083139282034504,4.440892098500626e-16,0.0,1.6653345369377348e-15,2.220446049250313e-16
R_amp0.25_T12.0,R,0.25,12.0,4.45,0.8333333333333334,0.007399299728323223,0.05949804216542284,0.17760557466949967,10.007343668033608,1.065482482057252,1.0657239324062613,4.440892098500626e-16,0.0,0,0,9.094947017729282e-13,0.6549011290706134,0.0,-0.11135141047813035,4.440892098500626e-16,0.0,1.6653345369377348e-15,2.220446049250313e-16
R_amp0.25_T12.0,R,0.25,12.0,4.5,0.8333333333333334,0.007394486759373329,0.05949804216542284,0.17760557466949967,10.007350856283107,1.065481345670177,1.0657246227188222,4.440892098500626e-16,0.0,0,0,1.3642420526593924e-12,0.6549011290706134,0.0,-0.11183330863011465,2.220446049250313e-16,0.0,1.887379141862766e-15,2.220446049250313e-16
R_amp0.25_T12.0,R,0.25,12.0,4.55,0.8333333333333334,0.007390072892982445,0.05949804216542284,0.17760557466949967,10.007355566430597,1.0654804557851172,1.0657251854466228,4.440892098500626e-16,0.0,0,0,1.3642420526593924e-12,0.6549011290706134,0.0,-0.11227519574231803,4.440892098500626e-16,0.0,2.1094237467877974e-15,2.220446049250313e-16
R_amp0.25_T12.0,R,0.25,12.0,4.6000000000000005,0.8333333333333334,0.007386075548664714,0.05949804216542284,0.17760557466949967,10.007358012150004,1.0654797914996736,1.0657256311688685,4.440892098500626e-16,0.0,0,0,9.094947017729282e-13,0.6549011290706134,0.0,-0.1126753381905512,2.220446049250313e-16,0.0,2.1649348980190553e-15,2.220446049250313e-16
R_amp0.25_T12.0,R,0.25,12.0,4.65,0.8333333333333334,0.007382510502111944,0.05949804216542284,0.17760557466949967,10.00735841463656,1.0654793310037003,1.0657259709258062,4.440892098500626e-16,0.0,0,0,1.3642420526593924e-12,0.6549011290706134,0.0,-0.11303216710491393,2.220446049250313e-16,0.0,2.1649348980190553e-15,2.220446049250313e-16
R_amp0.25_T12.0,R,0.25,12.0,4.7,0.8333333333333334,0.007379391822934165,0.05949804216542284,0.17760557466949967,10.00735700173229,1.06547905166438,1.0657262161752028,6.661338147750939e-16,0.0,0,0,9.094947017729282e-13,0.6549011290706134,0.0,-0.11334428455884682,4.440892098500626e-16,0.0,2.1094237467877974e-15,2.220446049250313e-16
R_amp0.25_T12.0,R,0.25,12.0,4.75,0.8333333333333334,0.007376731819133303,0.05949804216542284,0.17760557466949967,10.007354007025281,1.06547893011453,1.0657263787471805,6.661338147750939e-16,0.0,0,0,9.094947017729282e-13,0.6549011290706134,0.0,-0.11361046908755035,4.440892098500626e-16,0.0,2.609024107869118e-15,2.220446049250313e-16
R_amp0.25_T12.0,R,0.25,12.0,4.800000000000001,0.8333333333333334,0.007374540988529118,0.05949804216542284,0.17760557466949967,10.00734966892627,1.0654789423437865,1.0657264707975829,4.440892098500626e-16,0.0,0,0,1.3642420526593924e-12,0.6549011290706134,0.0,-0.11382968050872311,4.440892098500626e-16,0.0,2.4980018054066022e-15,2.220446049250313e-16
R_amp0.25_T12.0,R,0.25,12.0,4.8500000000000005,0.8333333333333334,0.007372827977329111,0.05949804216542284,0.17760557466949967,10.007344229726185,1.0654790637923,1.0657265047600641,4.440892098500626e-16,0.0,0,0,9.094947017729282e-13,0.6549011290706134,0.0,-0.11400106402688759,4.440892098500626e-16,0.0,2.3869795029440866e-15,2.220446049250313e-16
R_amp0.25_T12.0,R,0.25,12.0,4.9,0.8333333333333334,0.007371599546005887,0.05949804216542284,0.17760557466949967,10.007337934638414,1.0654792694465878,1.0657264932970787,4.440892098500626e-16,0.0,0,0,9.094947017729282e-13,0.6549011290706134,0.0,-0.11412395360831318,4.440892098500626e-16,0.0,2.609024107869118e-15,2.220446049250313e-16
R_amp0.25_T12.0,R,0.25,12.0,4.95,0.8333333333333334,0.0073708605426166625,0.05949804216542284,0.17760557466949967,10.00733103082953,1.0654795339371452,1.0657264492499778,4.440892098500626e-16,0.0,0,0,1.3642420526593924e-12,0.6549011290706134,0.0,-0.11419787460859676,4.440892098500626e-16,0.0,2.4980018054066022e-15,2.220446049250313e-16
R_amp0.25_T12.0,R,0.25,12.0,5.0,0.8333333333333334,0.007370613883670197,0.05949804216542284,0.17760557466949967,10.007323766442312,1.0654798316374463,1.0657263855884,4.440892098500626e-16,0.0,0,0,1.3642420526593924e-12,0.6549011290706134,0.0,-0.11422254564684087,4.440892098500626e-16,0.0,2.609024107869118e-15,2.220446049250313e-16
R_amp0.25_T12.0,R,0.25,12.0,5.050000000000001,0.8333333333333334,0.007370613883670197,0.05949804216542284,0.17760557466949967,10.00731638961498,1.0654801367639333,1.065726315359161,6.661338147750939e-16,0.0,0,0,9.094947017729282e-13,0.6549011290706134,0.0,-0.11422254560995082,4.440892098500626e-16,0.0,2.609024107869118e-15,2.220446049250313e-16
R_amp0.25_T12.0,R,0.25,12.0,5.1000000000000005,0.8333333333333334,0.007370613883670197,0.05949804216542284,0.17760557466949967,10.007309024201174,1.0654804364779848,1.065726245098478,4.440892098500626e-16,0.0,0,0,9.094947017729282e-13,0.6549011290706134,0.0,-0.11422254557306055,4.440892098500626e-16,0.0,2.609024107869118e-15,2.220446049250313e-16
R_amp0.25_T12.0,R,0.25,12.0,5.15,0.8333333333333334,0.007370613883670197,0.05949804216542284,0.17760557466949967,10.007301670020489,1.065480730936869,1.065726174806215,6.661338147750939e-16,0.0,0,0,9.094947017729282e-13,0.6549011290706134,0.0,-0.1142225455363941,4.440892098500626e-16,0.0,2.609024107869118e-15,2.220446049250313e-16
R_amp0.25_T12.0,R,0.25,12.0,5.2,0.8333333333333334,0.007370613883670197,0.05949804216542284,0.17760557466949967,10.007294326897865,1.0654810202929939,1.0657261044822461,6.661338147750939e-16,0.0,0,0,9.094947017729282e-13,0.6549011290706134,0.0,-0.11422254549972766,4.440892098500626e-16,0.0,2.609024107869118e-15,2.220446049250313e-16
R_amp0.25_T12.0,R,0.25,12.0,5.25,0.8333333333333334,0.007370613883670197,0.05949804216542284,0.17760557466949967,10.007286994663414,1.0654813046940828,1.0657260341264563,6.661338147750939e-16,0.0,0,0,9.094947017729282e-13,0.6549011290706134,0.0,-0.11422254546283761,4.440892098500626e-16,0.0,2.609024107869118e-15,2.220446049250313e-16
R_amp0.25_T12.0,R,0.25,12.0,5.300000000000001,0.8333333333333334,0.007370613883670197,0.05949804216542284,0.17760557466949967,10.007279673152263,1.0654815842833347,1.0657259637387404,6.661338147750939e-16,0.0,0,0,9.094947017729282e-13,0.6549011290706134,0.0,-0.11422254542550037,4.440892098500626e-16,0.0,2.609024107869118e-15,2.220446049250313e-16
R_amp0.25_T12.0,R,0.25,12.0,5.3500000000000005,0.8333333333333334,0.007370613883670197,0.05949804216542284,0.17760557466949967,10.007272362204407,1.0654818591995812,1.065725893319006,6.661338147750939e-16,0.0,0,0,9.094947017729282e-13,0.6549011290706134,0.0,-0.1142225453886101,4.440892098500626e-16,0.0,2.609024107869118e-15,2.220446049250313e-16
R_amp0.25_T12.0,R,0.25,12.0,5.4,0.8333333333333334,0.007370613883670197,0.05949804216542284,0.17760557466949967,10.007265061664553,1.0654821295774388,1.0657258228671687,6.661338147750939e-16,0.0,0,0,1.3642420526593924e-12,0.6549011290706134,0.0,-0.11422254535194365,4.440892098500626e-16,0.0,2.609024107869118e-15,2.220446049250313e-16
R_amp0.25_T12.0,R,0.25,12.0,5.45,0.8333333333333334,0.007370613883670197,0.05949804216542284,0.17760557466949967,10.007257771381976,1.0654823955474504,1.0657257523831558,6.661338147750939e-16,0.0,0,0,9.094947017729282e-13,0.6549011290706134,0.0,-0.1142225453152772,4.440892098500626e-16,0.0,2.609024107869118e-15,2.220446049250313e-16
R_amp0.25_T12.0,R,0.25,12.0,5.5,0.8333333333333334,0.007370613883670197,0.05949804216542284,0.17760557466949967,10.007250491210385,1.0654826572362222,1.0657256818669039,6.661338147750939e-16,0.0,0,0,9.094947017729282e-13,0.6549011290706134,0.0,-0.11422254527838716,4.440892098500626e-16,0.0,2.609024107869118e-15,2.220446049250313e-16
R_amp0.25_T12.0,R,0.25,12.0,5.550000000000001,0.8333333333333334,0.007370613883670197,0.05949804216542284,0.17760557466949967,10.007243221007798,1.0654829147665568,1.0657256113183595,6.661338147750939e-16,0.0,0,0,1.3642420526593924e-12,0.6549011290706134,0.0,-0.11422254524149689,4.440892098500626e-16,0.0,2.609024107869118e-15,2.220446049250313e-16
R_amp0.25_T12.0,R,0.25,12.0,5.6000000000000005,0.8333333333333334,0.007370613883670197,0.05949804216542284,0.17760557466949967,10.007235960636386,1.065483168257579,1.0657255407374784,4.440892098500626e-16,0.0,0,0,9.094947017729282e-13,0.6549011290706134,0.0,-0.11422254520483044,4.440892098500626e-16,0.0,2.609024107869118e-15,2.220446049250313e-16
R_amp0.25_T12.0,R,0.25,12.0,5.65,0.8333333333333334,0.007370613883670197,0.05949804216542284,0.17760557466949967,10.007228709962384,1.0654834178248591,1.0657254701242254,6.661338147750939e-16,0.0,0,0,1.3642420526593924e-12,0.6549011290706134,0.0,-0.11422254516771657,4.440892098500626e-16,0.0,2.609024107869118e-15,2.220446049250313e-16
R_amp0.25_T12.0,R,0.25,12.0,5.7,0.8333333333333334,0.007370613883670197,0.05949804216542284,0.17760557466949967,10.007221468855937,1.065483663580527,1.0657253994785743,8.881784197001252e-16,0.0,0,0,1.3642420526593924e-12,0.6549011290706134,0.0,-0.11422254513082675,4.440892098500626e-16,0.0,2.609024107869118e-15,2.220446049250313e-16
R_amp0.25_T12.0,R,0.25,12.0,5.75,0.8333333333333334,0.007370613883670197,0.05949804216542284,0.17760557466949967,10.00721423719101,1.0654839056333865,1.0657253288005069,8.881784197001252e-16,0.0,0,0,9.094947017729282e-13,0.6549011290706134,0.0,-0.1142225450937131,4.440892098500626e-16,0.0,2.609024107869118e-15,2.220446049250313e-16
R_amp0.25_T12.0,R,0.25,12.0,5.800000000000001,0.8333333333333334,0.007370613883670197,0.05949804216542284,0.17760557466949967,10.007207014845253,1.0654841440890208,1.065725258090013,6.661338147750939e-16,0.0,0,0,1.3642420526593924e-12,0.6549011290706134,0.0,-0.11422254505704643,4.440892098500626e-16,0.0,2.609024107869118e-15,2.220446049250313e-16
R_amp0.25_T12.0,R,0.25,12.0,5.8500000000000005,0.8333333333333334,0.007370613883670197,0.05949804216542284,0.17760557466949967,10.007199801699905,1.065484379049898,1.0657251873470925,6.661338147750939e-16,0.0,0,0,9.094947017729282e-13,0.6549011290706134,0.0,-0.11422254502015639,4.440892098500626e-16,0.0,2.609024107869118e-15,2.220446049250313e-16
R_amp0.25_T12.0,R,0.25,12.0,5.9,0.8333333333333334,0.007370613883670197,0.05949804216542284,0.17760557466949967,10.007192597639687,1.0654846106154705,1.0657251165717503,8.881784197001252e-16,0.0,0,0,1.3642420526593924e-12,0.6549011290706134,0.0,-0.11422254498304252,4.440892098500626e-16,0.0,2.609024107869118e-15,2.220446049250313e-16
R_amp0.25_T12.0,R,0.25,12.0,5.95,0.8333333333333334,0.007370613883670197,0.05949804216542284,0.17760557466949967,10.007185402552693,1.0654848388822706,1.0657250457640002,8.881784197001252e-16,0.0,0,0,9.094947017729282e-13,0.6549011290706134,0.0,-0.11422254494592887,2.220446049250313e-16,0.0,2.609024107869118e-15,2.220446049250313e-16
R_amp0.25_T12.0,R,0.25,12.0,6.0,0.8333333333333334,0.007370613883670197,0.05949804216542284,0.17760557466949967,10.0071782163303,1.0654850639440037,1.0657249749238633,8.881784197001252e-16,0.0,0,0,1.3642420526593924e-12,0.6549011290706134,0.0,-0.11422254490881545,4.440892098500626e-16,0.0,2.609024107869118e-15,2.220446049250313e-16
R_amp0.25_T12.0,R,0.25,12.0,6.050000000000001,0.8333333333333334,0.007370613883670197,0.05949804216542284,0.17760557466949967,10.007171038867057,1.065485285891636,1.0657249040513679,8.881784197001252e-16,0.0,0,0,1.3642420526593924e-12,0.6549011290706134,0.0,-0.11422254487192518,4.440892098500626e-16,0.0,2.609024107869118e-15,2.220446049250313e-16
R_amp0.25_T12.0,R,0.25,12.0,6.1000000000000005,0.8333333333333334,0.007370613883670197,0.05949804216542284,0.17760557466949967,10.007163870060612,1.0654855048134817,1.065724833146549,8.881784197001252e-16,0.0,0,0,1.3642420526593924e-12,0.6549011290706134,0.0,-0.11422254483503513,4.440892098500626e-16,0.0,2.609024107869118e-15,2.220446049250313e-16
R_amp0.25_T12.0,R,0.25,12.0,6.15,0.8333333333333334,0.007370613883670197,0.05949804216542284,0.17760557466949967,10.007156709811605,1.0654857207952853,1.065724762209448,6.661338147750939e-16,0.0,0,0,1.3642420526593924e-12,0.6549011290706134,0.0,-0.11422254479814486,4.440892098500626e-16,0.0,2.609024107869118e-15,2.220446049250313e-16
R_amp0.25_T12.0,R,0.25,12.0,6.2,0.8333333333333334,0.007370613883670197,0.05949804216542284,0.17760557466949967,10.007149558023585,1.0654859339203013,1.065724691240114,8.881784197001252e-16,0.0,0,0,1.3642420526593924e-12,0.6549011290706134,0.0,-0.11422254476103122,4.440892098500626e-16,0.0,2.609024107869118e-15,2.220446049250313e-16
R_amp0.25_T12.0,R,0.25,12.0,6.25,0.8333333333333334,0.007370613883670197,0.05949804216542284,0.17760557466949967,10.007142414602937,1.065486144269371,1.0657246202386013,8.881784197001252e-16,0.0,0,0,1.3642420526593924e-12,0.6549011290706134,0.0,-0.11422254472391757,4.440892098500626e-16,0.0,2.609024107869118e-15,2.220446049250313e-16
R_amp0.25_T12.0,R,0.25,12.0,6.300000000000001,0.8333333333333334,0.007370613883670197,0.05949804216542284,0.17760557466949967,10.007135279458776,1.065486351920999,1.0657245492049716,8.881784197001252e-16,0.0,0,0,1.3642420526593924e-12,0.6549011290706134,0.0,-0.11422254468680415,4.440892098500626e-16,0.0,2.609024107869118e-15,2.220446049250313e-16
R_amp0.25_T12.0,R,0.25,12.0,6.3500000000000005,0.8333333333333334,0.007370613883670197,0.05949804216542284,0.17760557466949967,10.007128152502887,1.06548655695142,1.065724478139293,8.881784197001252e-16,0.0,0,0,1.3642420526593924e-12,0.6549011290706134,0.0,-0.11422254465013748,4.440892098500626e-16,0.0,2.609024107869118e-15,2.220446049250313e-16
R_amp0.25_T12.0,R,0.25,12.0,6.4,0.8333333333333334,0.007370613883670197,0.05949804216542284,0.17760557466949967,10.007121033649646,1.0654867594346735,1.0657244070416385,8.881784197001252e-16,0.0,0,0,9.094947017729282e-13,0.6549011290706134,0.0,-0.11422254461369441,4.440892098500626e-16,0.0,2.609024107869118e-15,2.220446049250313e-16
R_amp0.25_T12.0,R,0.25,12.0,6.45,0.8333333333333334,0.007370613883670197,0.05949804216542284,0.17760557466949967,10.007113922815941,1.0654869594426684,1.0657243359120872,8.881784197001252e-16,0.0,0,0,9.094947017729282e-13,0.6549011290706134,0.0,-0.11422254457680436,4.440892098500626e-16,0.0,2.609024107869118e-15,2.220446049250313e-16
R_amp0.25_T12.0,R,0.25,12.0,6.5,0.8333333333333334,0.007370613883670197,0.05949804216542284,0.17760557466949967,10.00710681992109,1.0654871570452453,1.0657242647507257,8.881784197001252e-16,0.0,0,0,9.094947017729282e-13,0.6549011290706134,0.0,-0.11422254453991432,4.440892098500626e-16,0.0,2.609024107869118e-15,2.220446049250313e-16
R_amp0.25_T12.0,R,0.25,12.0,6.550000000000001,0.8333333333333334,0.007370613883670197,0.05949804216542284,0.17760557466949967,10.007099724886789,1.065487352310244,1.0657241935576447,8.881784197001252e-16,0.0,0,0,9.094947017729282e-13,0.6549011290706134,0.0,-0.11422254450324787,4.440892098500626e-16,0.0,2.609024107869118e-15,2.220446049250313e-16
R_amp0.25_T12.0,R,0.25,12.0,6.6000000000000005,0.8333333333333334,0.007370613883670197,0.05949804216542284,0.17760557466949967,10.007092637637033,1.0654875453035595,1.0657241223329406,8.881784197001252e-16,0.0,0,0,9.094947017729282e-13,0.6549011290706134,0.0,-0.1142225444665812,4.440892098500626e-16,0.0,2.609024107869118e-15,2.220446049250313e-16
R_amp0.25_T12.0,R,0.25,12.0,6.65,0.8333333333333334,0.007370613883670197,0.05949804216542284,0.17760557466949967,10.007085558098051,1.0654877360892023,1.065724051076717,8.881784197001252e-16,0.0,0,0,1.3642420526593924e-12,0.6549011290706134,0.0,-0.11422254443013835,2.220446049250313e-16,0.0,2.609024107869118e-15,2.220446049250313e-16
R_amp0.25_T12.0,R,0.25,12.0,6.7,0.8333333333333334,0.007370613883670197,0.05949804216542284,0.17760557466949967,10.007078486198242,1.0654879247293552,1.0657239797890807,8.881784197001252e-16,0.0,0,0,1.3642420526593924e-12,0.6549011290706134,0.0,-0.1142225443934719,4.440892098500626e-16,0.0,2.609024107869118e-15,2.220446049250313e-16
R_amp0.25_T12.0,R,0.25,12.0,6.75,0.8333333333333334,0.007370613883670197,0.05949804216542284,0.17760557466949967,10.007071421868115,1.065488111284425,1.0657239084701462,8.881784197001252e-16,0.0,0,0,9.094947017729282e-13,0.6549011290706134,0.0,-0.11422254435702883,2.220446049250313e-16,0.0,2.609024107869118e-15,2.220446049250313e-16
R_amp0.25_T12.0,R,0.25,12.0,6.800000000000001,0.8333333333333334,0.007370613883670197,0.05949804216542284,0.17760557466949967,10.007064365040225,1.0654882958130987,1.0657238371200322,8.881784197001252e-16,0.0,0,0,9.094947017729282e-13,0.6549011290706134,0.0,-0.11422254432058598,4.440892098500626e-16,0.0,2.609024107869118e-15,2.220446049250313e-16
R_amp0.25_T12.0,R,0.25,12.0,6.8500000000000005,0.8333333333333334,0.007370613883670197,0.05949804216542284,0.17760557466949967,10.00705731564912,1.0654884783723928,1.0657237657388625,8.881784197001252e-16,0.0,0,0,9.094947017729282e-13,0.6549011290706134,0.0,-0.11422254428436651,4.440892098500626e-16,0.0,2.609024107869118e-15,2.220446049250313e-16
R_amp0.25_T12.0,R,0.25,12.0,6.9,0.8333333333333334,0.007370613883670197,0.05949804216542284,0.17760557466949967,10.007050273631268,1.0654886590177028,1.0657236943267665,8.881784197001252e-16,0.0,0,0,1.3642420526593924e-12,0.6549011290706134,0.0,-0.11422254424770006,4.440892098500626e-16,0.0,2.609024107869118e-15,2.220446049250313e-16
R_amp0.25_T12.0,R,0.25,12.0,6.95,0.8333333333333334,0.007370613883670197,0.05949804216542284,0.17760557466949967,10.007043238925032,1.0654888378028533,1.065723622883878,8.881784197001252e-16,0.0,0,0,9.094947017729282e-13,0.6549011290706134,0.0,-0.114222544211257,4.440892098500626e-16,0.0,2.609024107869118e-15,2.220446049250313e-16
R_amp0.25_T12.0,R,0.25,12.0,7.0,0.8333333333333334,0.007370613883670197,0.05949804216542284,0.17760557466949967,10.007036211470584,1.0654890147801397,1.0657235514103371,8.881784197001252e-16,0.0,0,0,9.094947017729282e-13,0.6549011290706134,0.0,-0.11422254417481414,4.440892098500626e-16,0.0,2.609024107869118e-15,2.220446049250313e-16
R_amp0.25_T12.0,R,0.25,12.0,7.050000000000001,0.8333333333333334,0.007370613883670197,0.05949804216542284,0.17760557466949967,10.00702919120987,1.0654891900003767,1.0657234799062882,8.881784197001252e-16,0.0,0,0,1.3642420526593924e-12,0.6549011290706134,0.0,-0.11422254413814747,4.440892098500626e-16,0.0,2.609024107869118e-15,2.220446049250313e-16
R_amp0.25_T12.0,R,0.25,12.0,7.1000000000000005,0.8333333333333334,0.007370613883670197,0.05949804216542284,0.17760557466949967,10.007022178086562,1.065489363512939,1.0657234083718805,8.881784197001252e-16,0.0,0,0,1.3642420526593924e-12,0.6549011290706134,0.0,-0.11422254410148125,4.440892098500626e-16,0.0,2.609024107869118e-15,2.220446049250313e-16
R_amp0.25_T12.0,R,0.25,12.0,7.15,0.8333333333333334,0.007370613883670197,0.05949804216542284,0.17760557466949967,10.007015172045996,1.0654895353658065,1.0657233368072685,8.881784197001252e-16,0.0,0,0,9.094947017729282e-13,0.6549011290706134,0.0,-0.11422254406503818,4.440892098500626e-16,0.0,2.609024107869118e-15,2.220446049250313e-16
R_amp0.25_T12.0,R,0.25,12.0,7.2,0.8333333333333334,0.007370613883670197,0.05949804216542284,0.17760557466949967,10.00700817303514,1.065489705605602,1.0657232652126116,8.881784197001252e-16,0.0,0,0,9.094947017729282e-13,0.6549011290706134,0.0,-0.11422254402837151,4.440892098500626e-16,0.0,2.609024107869118e-15,2.220446049250313e-16
R_amp0.25_T12.0,R,0.25,12.0,7.25,0.8333333333333334,0.007370613883670197,0.05949804216542284,0.17760557466949967,10.00700118100253,1.0654898742776338,1.0657231935880729,8.881784197001252e-16,0.0,0,0,9.094947017729282e-13,0.6549011290706134,0.0,-0.11422254399192888,4.440892098500626e-16,0.0,2.609024107869118e-15,2.220446049250313e-16
R_amp0.25_T12.0,R,0.25,12.0,7.300000000000001,0.8333333333333334,0.007370613883670197,0.05949804216542284,0.17760557466949967,10.006994195898244,1.0654900414259296,1.0657231219338215,8.881784197001252e-16,0.0,0,0,9.094947017729282e-13,0.6549011290706134,0.0,-0.11422254395593301,4.440892098500626e-16,0.0,2.609024107869118e-15,2.220446049250313e-16
R_amp0.25_T12.0,R,0.25,12.0,7.3500000000000005,0.8333333333333334,0.007370613883670197,0.05949804216542284,0.17760557466949967,10.006987217673839,1.0654902070932764,1.0657230502500301,8.881784197001252e-16,0.0,0,0,9.094947017729282e-13,0.6549011290706134,0.0,-0.11422254392016051,4.440892098500626e-16,0.0,2.609024107869118e-15,2.220446049250313e-16
R_amp0.25_T12.0,R,0.25,12.0,7.4,0.8333333333333334,0.007370613883670197,0.05949804216542284,0.17760557466949967,10.006980246282325,1.0654903713212571,1.0657229785368774,8.881784197001252e-16,0.0,0,0,9.094947017729282e-13,0.6549011290706134,0.0,-0.11422254388371789,4.440892098500626e-16,0.0,2.609024107869118e-15,2.220446049250313e-16
R_amp0.25_T12.0,R,0.25,12.0,7.45,0.8333333333333334,0.007370613883670197,0.05949804216542284,0.17760557466949967,10.006973281678121,1.065490534150283,1.0657229067945444,8.881784197001252e-16,0.0,0,0,9.094947017729282e-13,0.6549011290706134,0.0,-0.11422254384727482,4.440892098500626e-16,0.0,2.609024107869118e-15,2.220446049250313e-16
R_amp0.25_T12.0,R,0.25,12.0,7.5,0.8333333333333334,0.007370613883670197,0.05949804216542284,0.17760557466949967,10.006966323817,1.0654906956196268,1.065722835023219,8.881784197001252e-16,0.0,0,0,9.094947017729282e-13,0.6549011290706134,0.0,-0.11422254381127894,4.440892098500626e-16,0.0,2.609024107869118e-15,2.220446049250313e-16
R_amp0.25_T12.0,R,0.25,12.0,7.550000000000001,0.8333333333333334,0.007370613883670197,0.05949804216542284,0.17760557466949967,10.00695937265607,1.0654908557674594,1.065722763223091,8.881784197001252e-16,0.0,0,0,9.094947017729282e-13,0.6549011290706134,0.0,-0.11422254377528329,4.440892098500626e-16,0.0,2.609024107869118e-15,2.220446049250313e-16
R_amp0.25_T12.0,R,0.25,12.0,7.6000000000000005,0.8333333333333334,0.007370613883670197,0.05949804216542284,0.17760557466949967,10.006952428153724,1.0654910146308771,1.0657226913943574,8.881784197001252e-16,0.0,0,0,1.3642420526593924e-12,0.6549011290706134,0.0,-0.11422254373884022,4.440892098500626e-16,0.0,2.609024107869118e-15,2.220446049250313e-16
R_amp0.25_T12.0,R,0.25,12.0,7.65,0.8333333333333334,0.007370613883670197,0.05949804216542284,0.17760557466949967,10.006945490269615,1.065491172245935,1.0657226195372174,8.881784197001252e-16,0.0,0,0,9.094947017729282e-13,0.6549011290706134,0.0,-0.11422254370284435,4.440892098500626e-16,0.0,2.609024107869118e-15,2.220446049250313e-16
R_amp0.25_T12.0,R,0.25,12.0,7.7,0.8333333333333334,0.007370613883670197,0.05949804216542284,0.17760557466949967,10.006938558964599,1.0654913286476764,1.0657225476518741,8.881784197001252e-16,0.0,0,0,9.094947017729282e-13,0.6549011290706134,0.0,-0.1142225436670723,4.440892098500626e-16,0.0,2.609024107869118e-15,2.220446049250313e-16
R_amp0.25_T12.0,R,0.25,12.0,7.75,0.8333333333333334,0.007370613883670197,0.05949804216542284,0.17760557466949967,10.006931634200722,1.0654914838701597,1.065722475738537,8.881784197001252e-16,0.0,0,0,9.094947017729282e-13,0.6549011290706134,0.0,-0.11422254363085282,4.440892098500626e-16,0.0,2.609024107869118e-15,2.220446049250313e-16
R_amp0.25_T12.0,R,0.25,12.0,7.800000000000001,0.8333333333333334,0.007370613883670197,0.05949804216542284,0.17760557466949967,10.006924715941182,1.0654916379464883,1.0657224037974178,8.881784197001252e-16,0.0,0,0,9.094947017729282e-13,0.6549011290706134,0.0,-0.11422254359508055,4.440892098500626e-16,0.0,2.609024107869118e-15,2.220446049250313e-16
R_amp0.25_T12.0,R,0.25,12.0,7.8500000000000005,0.8333333333333334,0.007370613883670197,0.05949804216542284,0.17760557466949967,10.00691780415028,1.0654917909088364,1.0657223318287334,8.881784197001252e-16,0.0,0,0,1.3642420526593924e-12,0.6549011290706134,0.0,-0.1142225435597557,4.440892098500626e-16,0.0,2.609024107869118e-15,2.220446049250313e-16
R_amp0.25_T12.0,R,0.25,12.0,7.9,0.8333333333333334,0.007370613883670197,0.05949804216542284,0.17760557466949967,10.006910898793414,1.0654919427884777,1.0657222598327039,8.881784197001252e-16,0.0,0,0,9.094947017729282e-13,0.6549011290706134,0.0,-0.11422254352375982,4.440892098500626e-16,0.0,2.609024107869118e-15,2.220446049250313e-16
R_amp0.25_T12.0,R,0.25,12.0,7.95,0.8333333333333334,0.007370613883670197,0.05949804216542284,0.17760557466949967,10.006903999837029,1.065492093615809,1.0657221878095533,8.881784197001252e-16,0.0,0,0,9.094947017729282e-13,0.6549011290706134,0.0,-0.11422254348776417,4.440892098500626e-16,0.0,2.609024107869118e-15,2.220446049250313e-16
R_amp0.25_T12.0,R,0.25,12.0,8.0,0.8333333333333334,0.007370613883670197,0.05949804216542284,0.17760557466949967,10.006897107248593,1.0654922434203749,1.06572211575951,8.881784197001252e-16,0.0,0,0,9.094947017729282e-13,0.6549011290706134,0.0,-0.1142225434519919,2.220446049250313e-16,0.0,2.609024107869118e-15,2.220446049250313e-16
R_amp0.25_T12.0,R,0.25,12.0,8.05,0.8333333333333334,0.007370613883670197,0.05949804216542284,0.17760557466949967,10.006890220996567,1.0654923922308916,1.0657220436828063,8.881784197001252e-16,0.0,0,0,1.3642420526593924e-12,0.6549011290706134,0.0,-0.114222543416443,4.440892098500626e-16,0.0,2.609024107869118e-15,2.220446049250313e-16
R_amp0.25_T12.0,R,0.25,12.0,8.1,0.8333333333333334,0.007370613883670197,0.05949804216542284,0.17760557466949967,10.00688334105038,1.0654925400752722,1.065721971579678,8.881784197001252e-16,0.0,0,0,1.3642420526593924e-12,0.6549011290706134,0.0,-0.11422254338089455,4.440892098500626e-16,0.0,2.609024107869118e-15,2.220446049250313e-16
R_amp0.25_T12.0,R,0.25,12.0,8.15,0.8333333333333334,0.007370613883670197,0.05949804216542284,0.17760557466949967,10.006876467380398,1.0654926869806485,1.0657218994503643,8.881784197001252e-16,0.0,0,0,9.094947017729282e-13,0.6549011290706134,0.0,-0.11422254334579285,4.440892098500626e-16,0.0,2.609024107869118e-15,2.220446049250313e-16
R_amp0.25_T12.0,R,0.25,12.0,8.200000000000001,0.8333333333333334,0.007370613883670197,0.05949804216542284,0.17760557466949967,10.006869599957898,1.0654928329733893,1.0657218272951092,8.881784197001252e-16,0.0,0,0,9.094947017729282e-13,0.6549011290706134,0.0,-0.114222543310468,4.440892098500626e-16,0.0,2.609024107869118e-15,2.220446049250313e-16
R_amp0.25_T12.0,R,0.25,12.0,8.25,0.8333333333333334,0.007370613883670197,0.05949804216542284,0.17760557466949967,10.006862738755043,1.065492978079129,1.0657217551141591,8.881784197001252e-16,0.0,0,0,9.094947017729282e-13,0.6549011290706134,0.0,-0.1142225432753663,2.220446049250313e-16,0.0,2.609024107869118e-15,2.220446049250313e-16
R_amp0.25_T12.0,R,0.25,12.0,8.3,0.8333333333333334,0.007370613883670197,0.05949804216542284,0.17760557466949967,10.006855883744851,1.0654931223227828,1.0657216829077645,8.881784197001252e-16,0.0,0,0,9.094947017729282e-13,0.6549011290706134,0.0,-0.11422254324004144,2.220446049250313e-16,0.0,2.609024107869118e-15,2.220446049250313e-16
R_amp0.25_T12.0,R,0.25,12.0,8.35,0.8333333333333334,0.007370613883670197,0.05949804216542284,0.17760557466949967,10.006849034901187,1.0654932657285676,1.0657216106761787,8.881784197001252e-16,0.0,0,0,9.094947017729282e-13,0.6549011290706134,0.0,-0.11422254320493974,4.440892098500626e-16,0.0,2.609024107869118e-15,2.220446049250313e-16
R_amp0.25_T12.0,R,0.25,12.0,8.4,0.8333333333333334,0.007370613883670197,0.05949804216542284,0.17760557466949967,10.006842192198711,1.0654934083200216,1.0657215384196599,8.881784197001252e-16,0.0,0,0,1.3642420526593924e-12,0.6549011290706134,0.0,-0.11422254317050906,4.440892098500626e-16,0.0,2.609024107869118e-15,2.220446049250313e-16
R_amp0.25_T12.0,R,0.25,12.0,8.450000000000001,0.8333333333333334,0.007370613883670197,0.05949804216542284,0.17760557466949967,10.006835355612886,1.0654935501200256,1.0657214661384686,8.881784197001252e-16,0.0,0,0,9.094947017729282e-13,0.6549011290706134,0.0,-0.1142225431351842,4.440892098500626e-16,0.0,2.609024107869118e-15,2.220446049250313e-16
R_amp0.25_T12.0,R,0.25,12.0,8.5,0.8333333333333334,0.007370613883670197,0.05949804216542284,0.17760557466949967,10.006828525119936,1.0654936911508195,1.065721393832868,8.881784197001252e-16,0.0,0,0,9.094947017729282e-13,0.6549011290706134,0.0,-0.1142225431007533,4.440892098500626e-16,0.0,2.609024107869118e-15,2.220446049250313e-16
R_amp0.25_T12.0,R,0.25,12.0,8.55,0.8333333333333334,0.007370613883670197,0.05949804216542284,0.17760557466949967,10.006821700696822,1.0654938314340185,1.0657213215031263,8.881784197001252e-16,0.0,0,0,9.094947017729282e-13,0.6549011290706134,0.0,-0.11422254306587543,4.440892098500626e-16,0.0,2.609024107869118e-15,2.220446049250313e-16
R_amp0.25_T12.0,R,0.25,12.0,8.6,0.8333333333333334,0.007370613883670197,0.05949804216542284,0.17760557466949967,10.00681488232124,1.0654939709906337,1.0657212491495134,8.881784197001252e-16,0.0,0,0,1.3642420526593924e-12,0.6549011290706134,0.0,-0.11422254303144452,4.440892098500626e-16,0.0,2.609024107869118e-15,2.220446049250313e-16
R_amp0.25_T12.0,R,0.25,12.0,8.65,0.8333333333333334,0.007370613883670197,0.05949804216542284,0.17760557466949967,10.006808069971575,1.0654941098410864,1.0657211767723032,8.881784197001252e-16,0.0,0,0,9.094947017729282e-13,0.6549011290706134,0.0,-0.11422254299723744,4.440892098500626e-16,0.0,2.609024107869118e-15,2.220446049250313e-16
R_amp0.25_T12.0,R,0.25,12.0,8.700000000000001,0.8333333333333334,0.007370613883670197,0.05949804216542284,0.17760557466949967,10.006801263626901,1.065494248005227,1.065721104371772,8.881784197001252e-16,0.0,0,0,9.094947017729282e-13,0.6549011290706134,0.0,-0.11422254296280676,4.440892098500626e-16,0.0,2.609024107869118e-15,2.220446049250313e-16
R_amp0.25_T12.0,R,0.25,12.0,8.75,0.8333333333333334,0.007370613883670197,0.05949804216542284,0.17760557466949967,10.006794463266957,1.065494385502348,1.0657210319481996,8.881784197001252e-16,0.0,0,0,9.094947017729282e-13,0.6549011290706134,0.0,-0.11422254292882306,4.440892098500626e-16,0.0,2.609024107869118e-15,2.220446049250313e-16
R_amp0.25_T12.0,R,0.25,12.0,8.8,0.8333333333333334,0.007370613883670197,0.05949804216542284,0.17760557466949967,10.00678766887211,1.0654945223512011,1.0657209595018684,8.881784197001252e-16,0.0,0,0,1.3642420526593924e-12,0.6549011290706134,0.0,-0.11422254289528655,2.220446049250313e-16,0.0,2.609024107869118e-15,2.220446049250313e-16
R_amp0.25_T12.0,R,0.25,12.0,8.85,0.8333333333333334,0.007370613883670197,0.05949804216542284,0.17760557466949967,10.006780880423367,1.0654946585700122,1.0657208870330641,8.881784197001252e-16,0.0,0,0,9.094947017729282e-13,0.6549011290706134,0.0,-0.11422254286107947,4.440892098500626e-16,0.0,2.609024107869118e-15,2.220446049250313e-16
R_amp0.25_T12.0,R,0.25,12.0,8.9,0.8333333333333334,0.007370613883670197,0.05949804216542284,0.17760557466949967,10.006774097902337,1.0654947941764956,1.065720814542075,8.881784197001252e-16,0.0,0,0,9.094947017729282e-13,0.6549011290706134,0.0,-0.11422254282754318,4.440892098500626e-16,0.0,2.609024107869118e-15,2.220446049250313e-16
R_amp0.25_T12.0,R,0.25,12.0,8.950000000000001,0.8333333333333334,0.007370613883670197,0.05949804216542284,0.17760557466949967,10.006767321291214,1.065494929187867,1.0657207420291925,1.1102230246251565e-15,0.0,0,0,9.094947017729282e-13,0.6549011290706134,0.0,-0.11422254279400668,4.440892098500626e-16,0.0,2.609024107869118e-15,2.220446049250313e-16
R_amp0.25_T12.0,R,0.25,12.0,9.0,0.8333333333333334,0.007370613883670197,0.05949804216542284,0.17760557466949967,10.00676055057276,1.065495063620861,1.0657206694947097,8.881784197001252e-16,0.0,0,0,9.094947017729282e-13,0.6549011290706134,0.0,-0.11422254276024657,4.440892098500626e-16,0.0,2.609024107869118e-15,2.220446049250313e-16
R_amp0.25_T12.0,R,0.25,12.0,9.05,0.8333333333333334,0.007370613883670197,0.05949804216542284,0.17760557466949967,10.006753785730307,1.0654951974917402,1.0657205969389234,8.881784197001252e-16,0.0,0,0,9.094947017729282e-13,0.6549011290706134,0.0,-0.11422254272693366,4.440892098500626e-16,0.0,2.609024107869118e-15,2.220446049250313e-16
R_amp0.25_T12.0,R,0.25,12.0,9.1,0.8333333333333334,0.007370613883670197,0.05949804216542284,0.17760557466949967,10.006747026747707,1.0654953308163089,1.0657205243621328,8.881784197001252e-16,0.0,0,0,1.3642420526593924e-12,0.6549011290706134,0.0,-0.11422254269339716,2.220446049250313e-16,0.0,2.609024107869118e-15,2.220446049250313e-16
R_amp0.25_T12.0,R,0.25,12.0,9.15,0.8333333333333334,0.007370613883670197,0.05949804216542284,0.17760557466949967,10.006740273609353,1.0654954636099294,1.0657204517646388,8.881784197001252e-16,0.0,0,0,9.094947017729282e-13,0.6549011290706134,0.0,-0.11422254266053145,4.440892098500626e-16,0.0,2.609024107869118e-15,2.220446049250313e-16
R_amp0.25_T12.0,R,0.25,12.0,9.200000000000001,0.8333333333333334,0.007370613883670197,0.05949804216542284,0.17760557466949967,10.006733526300131,1.065495595887528,1.0657203791467462,8.881784197001252e-16,0.0,0,0,9.094947017729282e-13,0.6549011290706134,0.0,-0.11422254262721876,4.440892098500626e-16,0.0,2.609024107869118e-15,2.220446049250313e-16
R_amp0.25_T12.0,R,0.25,12.0,9.25,0.8333333333333334,0.007370613883670197,0.05949804216542284,0.17760557466949967,10.006726784805426,1.0654957276636141,1.065720306508761,8.881784197001252e-16,0.0,0,0,9.094947017729282e-13,0.6549011290706134,0.0,-0.11422254259435305,4.440892098500626e-16,0.0,2.609024107869118e-15,2.220446049250313e-16
R_amp0.25_T12.0,R,0.25,12.0,9.3,0.8333333333333334,0.007370613883670197,0.05949804216542284,0.17760557466949967,10.00672004911111,1.0654958589522847,1.0657202338509926,8.881784197001252e-16,0.0,0,0,1.3642420526593924e-12,0.6549011290706134,0.0,-0.11422254256171072,4.440892098500626e-16,0.0,2.609024107869118e-15,2.220446049250313e-16
R_amp0.25_T12.0,R,0.25,12.0,9.35,0.8333333333333334,0.007370613883670197,0.05949804216542284,0.17760557466949967,10.006713319203502,1.065495989767241,1.0657201611737517,8.881784197001252e-16,0.0,0,0,9.094947017729282e-13,0.6549011290706134,0.0,-0.1142225425292922,4.440892098500626e-16,0.0,2.609024107869118e-15,2.220446049250313e-16
R_amp0.25_T12.0,R,0.25,12.0,9.4,0.8333333333333334,0.007370613883670197,0.05949804216542284,0.17760557466949967,10.006706595069389,1.0654961201217963,1.0657200884773517,1.1102230246251565e-15,0.0,0,0,1.3642420526593924e-12,0.6549011290706134,0.0,-0.11422254249687369,4.440892098500626e-16,0.0,2.609024107869118e-15,2.220446049250313e-16
R_amp0.25_T12.0,R,0.25,12.0,9.450000000000001,0.8333333333333334,0.007370613883670197,0.05949804216542284,0.17760557466949967,10.006699876695986,1.0654962500288883,1.0657200157621078,1.3322676295501878e-15,0.0,0,0,9.094947017729282e-13,0.6549011290706134,0.0,-0.11422254246490215,0.0,0.0,2.609024107869118e-15,2.220446049250313e-16
R_amp0.25_T12.0,R,0.25,12.0,9.5,0.8333333333333334,0.007370613883670197,0.05949804216542284,0.17760557466949967,10.006693164070935,1.0654963795010883,1.0657199430283382,1.1102230246251565e-15,0.0,0,0,1.3642420526593924e-12,0.6549011290706134,0.0,-0.11422254243337782,4.440892098500626e-16,0.0,2.609024107869118e-15,2.220446049250313e-16
R_amp0.25_T12.0,R,0.25,12.0,9.55,0.8333333333333334,0.007370613883670197,0.05949804216542284,0.17760557466949967,10.006686457182292,1.0654965085506123,1.0657198702763622,8.881784197001252e-16,0.0,0,0,1.3642420526593924e-12,0.6549011290706134,0.0,-0.1142225424016301,4.440892098500626e-16,0.0,2.609024107869118e-15,2.220446049250313e-16
R_amp0.25_T12.0,R,0.25,12.0,9.600000000000001,0.8333333333333334,0.007370613883670197,0.05949804216542284,0.17760557466949967,10.00667975601851,1.0654966371893293,1.0657197975065014,8.881784197001252e-16,0.0,0,0,1.3642420526593924e-12,0.6549011290706134,0.0,-0.11422254237032958,4.440892098500626e-16,0.0,2.609024107869118e-15,2.220446049250313e-16
R_amp0.25_T12.0,R,0.25,12.0,9.65,0.8333333333333334,0.007370613883670197,0.05949804216542284,0.17760557466949967,10.006673060568431,1.065496765428772,1.0657197247190804,1.3322676295501878e-15,0.0,0,0,1.3642420526593924e-12,0.6549011290706134,0.0,-0.11422254233902884,4.440892098500626e-16,0.0,2.609024107869118e-15,2.220446049250313e-16
R_amp0.25_T12.0,R,0.25,12.0,9.700000000000001,0.8333333333333334,0.007370613883670197,0.05949804216542284,0.17760557466949967,10.006666370821277,1.0654968932801443,1.0657196519144239,8.881784197001252e-16,0.0,0,0,9.094947017729282e-13,0.6549011290706134,0.0,-0.11422254230817508,4.440892098500626e-16,0.0,2.609024107869118e-15,2.220446049250313e-16
R_amp0.25_T12.0,R,0.25,12.0,9.75,0.8333333333333334,0.007370613883670197,0.05949804216542284,0.17760557466949967,10.006659686766632,1.0654970207543346,1.0657195790928586,8.881784197001252e-16,0.0,0,0,9.094947017729282e-13,0.6549011290706134,0.0,-0.11422254227732154,4.440892098500626e-16,0.0,2.609024107869118e-15,2.220446049250313e-16
R_amp0.25_T12.0,R,0.25,12.0,9.8,0.8333333333333334,0.007370613883670197,0.05949804216542284,0.17760557466949967,10.006653008394434,1.0654971478619188,1.0657195062547147,1.1102230246251565e-15,0.0,0,0,1.3642420526593924e-12,0.6549011290706134,0.0,-0.11422254224691542,2.220446049250313e-16,0.0,2.609024107869118e-15,2.220446049250313e-16
R_amp0.25_T12.0,R,0.25,12.0,9.850000000000001,0.8333333333333334,0.007370613883670197,0.05949804216542284,0.17760557466949967,10.006646335694965,1.065497274613172,1.0657194334003228,1.3322676295501878e-15,0.0,0,0,9.094947017729282e-13,0.6549011290706134,0.0,-0.11422254221673245,2.220446049250313e-16,0.0,2.609024107869118e-15,2.220446049250313e-16
R_amp0.25_T12.0,R,0.25,12.0,9.9,0.8333333333333334,0.007370613883670197,0.05949804216542284,0.17760557466949967,10.006639668658842,1.0654974010180758,1.0657193605300153,1.1102230246251565e-15,0.0,0,0,1.3642420526593924e-12,0.6549011290706134,0.0,-0.1142225421872205,4.440892098500626e-16,0.0,2.609024107869118e-15,2.220446049250313e-16
R_amp0.25_T12.0,R,0.25,12.0,9.950000000000001,0.8333333333333334,0.007370613883670197,0.05949804216542284,0.17760557466949967,10.006633007277006,1.0654975270863276,1.0657192876441262,1.3322676295501878e-15,0.0,0,0,9.094947017729282e-13,0.6549011290706134,0.0,-0.11422254215726113,4.440892098500626e-16,0.0,2.609024107869118e-15,2.220446049250313e-16
R_amp0.25_T12.0,R,0.25,12.0,10.0,0.8333333333333334,0.007370613883670197,0.05949804216542284,0.17760557466949967,10.006626351540714,1.065497652827346,1.0657192147429915,1.3322676295501878e-15,0.0,0,0,9.094947017729282e-13,0.6549011290706134,0.0,-0.11422254212797278,4.440892098500626e-16,0.0,2.609024107869118e-15,2.220446049250313e-16
R_amp0.25_T12.0,R,0.25,12.0,10.05,0.8333333333333334,0.007370613883670197,0.05949804216542284,0.17760557466949967,10.006619701441515,1.0654977782502815,1.065719141826948,1.3322676295501878e-15,0.0,0,0,9.094947017729282e-13,0.6549011290706134,0.0,-0.11422254209890759,4.440892098500626e-16,0.0,2.609024107869118e-15,2.220446049250313e-16
R_amp0.25_T12.0,R,0.25,12.0,10.100000000000001,0.8333333333333334,0.007370613883670197,0.05949804216542284,0.17760557466949967,10.006613056971267,1.06549790336402,1.0657190688963347,1.3322676295501878e-15,0.0,0,0,9.094947017729282e-13,0.6549011290706134,0.0,-0.11422254207006644,4.440892098500626e-16,0.0,2.609024107869118e-15,2.220446049250313e-16
R_amp0.25_T12.0,R,0.25,12.0,10.15,0.8333333333333334,0.007370613883670197,0.05949804216542284,0.17760557466949967,10.006606418122107,1.0654980281771949,1.0657189959514908,1.1102230246251565e-15,0.0,0,0,1.3642420526593924e-12,0.6549011290706134,0.0,-0.11422254204144866,4.440892098500626e-16,0.0,2.609024107869118e-15,2.220446049250313e-16
R_amp0.25_T12.0,R,0.25,12.0,10.200000000000001,0.8333333333333334,0.007370613883670197,0.05949804216542284,0.17760557466949967,10.006599784886447,1.0654981526981875,1.0657189229927586,1.1102230246251565e-15,0.0,0,0,1.3642420526593924e-12,0.6549011290706134,0.0,-0.11422254201327808,4.440892098500626e-16,0.0,2.609024107869118e-15,2.220446049250313e-16
R_amp0.25_T12.0,R,0.25,12.0,10.25,0.8333333333333334,0.007370613883670197,0.05949804216542284,0.17760557466949967,10.006593157256976,1.0654982769351413,1.0657188500204795,1.1102230246251565e-15,0.0,0,0,9.094947017729282e-13,0.6549011290706134,0.0,-0.1142225419853311,4.440892098500626e-16,0.0,2.609024107869118e-15,2.220446049250313e-16
R_amp0.25_T12.0,R,0.25,12.0,10.3,0.8333333333333334,0.007370613883670197,0.05949804216542284,0.17760557466949967,10.006586535226635,1.065498400895962,1.0657187770349985,1.3322676295501878e-15,0.0,0,0,9.094947017729282e-13,0.6549011290706134,0.0,-0.11422254195783088,0.0,0.0,2.609024107869118e-15,2.220446049250313e-16
R_amp0.25_T12.0,R,0.25,12.0,10.350000000000001,0.8333333333333334,0.007370613883670197,0.05949804216542284,0.17760557466949967,10.006579918788617,1.0654985245883284,1.06571870403666,1.3322676295501878e-15,0.0,0,0,9.094947017729282e-13,0.6549011290706134,0.0,-0.1142225419303311,4.440892098500626e-16,0.0,2.609024107869118e-15,2.220446049250313e-16
R_amp0.25_T12.0,R,0.25,12.0,10.4,0.8333333333333334,0.007370613883670197,0.05949804216542284,0.17760557466949967,10.00657330793637,1.0654986480196948,1.0657186310258102,1.3322676295501878e-15,0.0,0,0,9.094947017729282e-13,0.6549011290706134,0.0,-0.1142225419035019,4.440892098500626e-16,0.0,2.609024107869118e-15,2.220446049250313e-16
R_amp0.25_T12.0,R,0.25,12.0,10.450000000000001,0.8333333333333334,0.007370613883670197,0.05949804216542284,0.17760557466949967,10.006566702663566,1.0654987711973025,1.065718558002796,1.3322676295501878e-15,0.0,0,0,9.094947017729282e-13,0.6549011290706134,0.0,-0.11422254187734371,4.440892098500626e-16,0.0,2.609024107869118e-15,2.220446049250313e-16
R_amp0.25_T12.0,R,0.25,12.0,10.5,0.8333333333333334,0.007370613883670197,0.05949804216542284,0.17760557466949967,10.006560102964109,1.065498894128178,1.0657184849679657,1.3322676295501878e-15,0.0,0,0,9.094947017729282e-13,0.6549011290706134,0.0,-0.11422254185163228,2.220446049250313e-16,0.0,2.609024107869118e-15,2.220446049250313e-16
R_amp0.25_T12.0,R,0.25,12.0,10.55,0.8333333333333334,0.007370613883670197,0.05949804216542284,0.17760557466949967,10.00655350883213,1.065499016819146,1.0657184119216683,1.3322676295501878e-15,0.0,0,0,1.3642420526593924e-12,0.6549011290706134,0.0,-0.11422254182592106,4.440892098500626e-16,0.0,2.609024107869118e-15,2.220446049250313e-16
R_amp0.25_T12.0,R,0.25,12.0,10.600000000000001,0.8333333333333334,0.007370613883670197,0.05949804216542284,0.17760557466949967,10.006546920261975,1.065499139276831,1.0657183388642546,1.3322676295501878e-15,0.0,0,0,9.094947017729282e-13,0.6549011290706134,0.0,-0.11422254180088065,4.440892098500626e-16,0.0,2.609024107869118e-15,2.220446049250313e-16
R_amp0.25_T12.0,R,0.25,12.0,10.65,0.8333333333333334,0.007370613883670197,0.05949804216542284,0.17760557466949967,10.006540337248195,1.0654992615076642,1.0657182657960749,1.1102230246251565e-15,0.0,0,0,9.094947017729282e-13,0.6549011290706134,0.0,-0.11422254177628699,4.440892098500626e-16,0.0,2.609024107869118e-15,2.220446049250313e-16
R_amp0.25_T12.0,R,0.25,12.0,10.700000000000001,0.8333333333333334,0.007370613883670197,0.05949804216542284,0.17760557466949967,10.00653375978554,1.0654993835178876,1.0657181927174804,1.3322676295501878e-15,0.0,0,0,9.094947017729282e-13,0.6549011290706134,0.0,-0.11422254175236457,4.440892098500626e-16,0.0,2.609024107869118e-15,2.220446049250313e-16
R_amp0.25_T12.0,R,0.25,12.0,10.75,0.8333333333333334,0.007370613883670197,0.05949804216542284,0.17760557466949967,10.00652718786896,1.06549950531356,1.0657181196288246,1.3322676295501878e-15,0.0,0,0,9.094947017729282e-13,0.6549011290706134,0.0,-0.1142225417288889,4.440892098500626e-16,0.0,2.609024107869118e-15,2.220446049250313e-16
R_amp0.25_T12.0,R,0.25,12.0,10.8,0.8333333333333334,0.007370613883670197,0.05949804216542284,0.17760557466949967,10.006520621493593,1.0654996269005619,1.0657180465304605,1.3322676295501878e-15,0.0,0,0,9.094947017729282e-13,0.6549011290706134,0.0,-0.11422254170608404,4.440892098500626e-16,0.0,2.609024107869118e-15,2.220446049250313e-16
R_amp0.25_T12.0,R,0.25,12.0,10.850000000000001,0.8333333333333334,0.007370613883670197,0.05949804216542284,0.17760557466949967,10.006514060654755,1.0654997482846003,1.065717973422742,1.3322676295501878e-15,0.0,0,0,9.094947017729282e-13,0.6549011290706134,0.0,-0.11422254168372636,4.440892098500626e-16,0.0,2.609024107869118e-15,2.220446049250313e-16
R_amp0.25_T12.0,R,0.25,12.0,10.9,0.8333333333333334,0.007370613883670197,0.05949804216542284,0.17760557466949967,10.006507505347951,1.0654998694712123,1.0657179003060233,1.3322676295501878e-15,0.0,0,0,1.3642420526593924e-12,0.6549011290706134,0.0,-0.11422254166159251,4.440892098500626e-16,0.0,2.609024107869118e-15,2.220446049250313e-16
R_amp0.25_T12.0,R,0.25,12.0,10.950000000000001,0.8333333333333334,0.007370613883670197,0.05949804216542284,0.17760557466949967,10.006500955568836,1.065499990465772,1.0657178271806598,1.3322676295501878e-15,0.0,0,0,9.094947017729282e-13,0.6549011290706134,0.0,-0.11422254164057621,4.440892098500626e-16,0.0,2.609024107869118e-15,2.220446049250313e-16
R_amp0.25_T12.0,R,0.25,12.0,11.0,0.8333333333333334,0.007370613883670197,0.05949804216542284,0.17760557466949967,10.006494411313252,1.065500111273494,1.0657177540470073,1.3322676295501878e-15,0.0,0,0,9.094947017729282e-13,0.6549011290706134,0.0,-0.11422254161955991,2.220446049250313e-16,0.0,2.609024107869118e-15,2.220446049250313e-16
R_amp0.25_T12.0,R,0.25,12.0,11.05,0.8333333333333334,0.007370613883670197,0.05949804216542284,0.17760557466949967,10.006487872577193,1.0655002318994362,1.0657176809054212,1.3322676295501878e-15,0.0,0,0,9.094947017729282e-13,0.6549011290706134,0.0,-0.11422254159943801,2.220446049250313e-16,0.0,2.609024107869118e-15,2.220446049250313e-16
R_amp0.25_T12.0,R,0.25,12.0,11.100000000000001,0.8333333333333334,0.007370613883670197,0.05949804216542284,0.17760557466949967,10.0064813393568,1.0655003523485052,1.0657176077562591,1.3322676295501878e-15,0.0,0,0,1.3642420526593924e-12,0.6549011290706134,0.0,-0.11422254157998712,4.440892098500626e-16,0.0,2.609024107869118e-15,2.220446049250313e-16
R_amp0.25_T12.0,R,0.25,12.0,11.15,0.8333333333333334,0.007370613883670197,0.05949804216542284,0.17760557466949967,10.006474811648372,1.0655004726254624,1.065717534599877,1.3322676295501878e-15,0.0,0,0,9.094947017729282e-13,0.6549011290706134,0.0,-0.11422254156120659,4.440892098500626e-16,0.0,2.609024107869118e-15,2.220446049250313e-16
R_amp0.25_T12.0,R,0.25,12.0,11.200000000000001,0.8333333333333334,0.007370613883670197,0.05949804216542284,0.17760557466949967,10.006468289448353,1.0655005927349235,1.0657174614366327,1.3322676295501878e-15,0.0,0,0,1.3642420526593924e-12,0.6549011290706134,0.0,-0.11422254154309686,4.440892098500626e-16,0.0,2.609024107869118e-15,2.220446049250313e-16
R_amp0.25_T12.0,R,0.25,12.0,11.25,0.8333333333333334,0.007370613883670197,0.05949804216542284,0.17760557466949967,10.006461772753317,1.0655007126813658,1.0657173882668842,1.3322676295501878e-15,0.0,0,0,9.094947017729282e-13,0.6549011290706134,0.0,-0.11422254152543454,4.440892098500626e-16,0.0,2.609024107869118e-15,2.220446049250313e-16
R_amp0.25_T12.0,R,0.25,12.0,11.3,0.8333333333333334,0.007370613883670197,0.05949804216542284,0.17760557466949967,10.006455261559985,1.0655008324691315,1.0657173150909887,1.3322676295501878e-15,0.0,0,0,9.094947017729282e-13,0.6549011290706134,0.0,-0.11422254150866618,4.440892098500626e-16,0.0,2.609024107869118e-15,2.220446049250313e-16
R_amp0.25_T12.0,R,0.25,12.0,11.350000000000001,0.8333333333333334,0.007370613883670197,0.05949804216542284,0.17760557466949967,10.0064487558652,1.0655009521024315,1.0657172419093048,1.3322676295501878e-15,0.0,0,0,9.094947017729282e-13,0.6549011290706134,0.0,-0.1142225414927922,4.440892098500626e-16,0.0,2.609024107869118e-15,2.220446049250313e-16
R_amp0.25_T12.0,R,0.25,12.0,11.4,0.8333333333333334,0.007370613883670197,0.05949804216542284,0.17760557466949967,10.006442255665934,1.065501071585346,1.0657171687221916,1.3322676295501878e-15,0.0,0,0,1.3642420526593924e-12,0.6549011290706134,0.0,-0.11422254147736544,4.440892098500626e-16,0.0,2.609024107869118e-15,2.220446049250313e-16
R_amp0.25_T12.0,R,0.25,12.0,11.450000000000001,0.8333333333333334,0.007370613883670197,0.05949804216542284,0.17760557466949967,10.006435760959278,1.065501190921834,1.065717095530007,1.3322676295501878e-15,0.0,0,0,9.094947017729282e-13,0.6549011290706134,0.0,-0.11422254146260946,4.440892098500626e-16,0.0,2.609024107869118e-15,2.220446049250313e-16
R_amp0.25_T12.0,R,0.25,12.0,11.5,0.8333333333333334,0.007370613883670197,0.05949804216542284,0.17760557466949967,10.006429271742437,1.065501310115732,1.065717022333109,1.3322676295501878e-15,0.0,0,0,9.094947017729282e-13,0.6549011290706134,0.0,-0.11422254144919486,4.440892098500626e-16,0.0,2.609024107869118e-15,2.220446049250313e-16
R_amp0.25_T12.0,R,0.25,12.0,11.55,0.8333333333333334,0.007370613883670197,0.05949804216542284,0.17760557466949967,10.006422788012738,1.0655014291707567,1.0657169491318568,1.3322676295501878e-15,0.0,0,0,9.094947017729282e-13,0.6549011290706134,0.0,-0.11422254143622745,4.440892098500626e-16,0.0,2.609024107869118e-15,2.220446049250313e-16
R_amp0.25_T12.0,R,0.25,12.0,11.600000000000001,0.8333333333333334,0.007370613883670197,0.05949804216542284,0.17760557466949967,10.006416309767607,1.0655015480905115,1.0657168759266087,1.3322676295501878e-15,0.0,0,0,9.094947017729282e-13,0.6549011290706134,0.0,-0.11422254142460142,4.440892098500626e-16,0.0,2.609024107869118e-15,2.220446049250313e-16
R_amp0.25_T12.0,R,0.25,12.0,11.65,0.8333333333333334,0.007370613883670197,0.05949804216542284,0.17760557466949967,10.006409837004583,1.0655016668784876,1.065716802717724,1.3322676295501878e-15,0.0,0,0,9.094947017729282e-13,0.6549011290706134,0.0,-0.11422254141364618,2.220446049250313e-16,0.0,2.609024107869118e-15,2.220446049250313e-16
R_amp0.25_T12.0,R,0.25,12.0,11.700000000000001,0.8333333333333334,0.007370613883670197,0.05949804216542284,0.17760557466949967,10.006403369721301,1.065501785538069,1.065716729505561,1.3322676295501878e-15,0.0,0,0,1.3642420526593924e-12,0.6549011290706134,0.0,-0.11422254140336174,4.440892098500626e-16,0.0,2.609024107869118e-15,2.220446049250313e-16
R_amp0.25_T12.0,R,0.25,12.0,11.75,0.8333333333333334,0.007370613883670197,0.05949804216542284,0.17760557466949967,10.00639690791549,1.065501904072532,1.0657166562904787,1.3322676295501878e-15,0.0,0,0,9.094947017729282e-13,0.6549011290706134,0.0,-0.11422254139419508,4.440892098500626e-16,0.0,2.609024107869118e-15,2.220446049250313e-16
R_amp0.25_T12.0,R,0.25,12.0,11.8,0.8333333333333334,0.007370613883670197,0.05949804216542284,0.17760557466949967,10.00639045158498,1.0655020224850502,1.065716583072835,1.3322676295501878e-15,0.0,0,0,9.094947017729282e-13,0.6549011290706134,0.0,-0.1142225413861464,2.220446049250313e-16,0.0,2.609024107869118e-15,2.220446049250313e-16
R_amp0.25_T12.0,R,0.25,12.0,11.850000000000001,0.8333333333333334,0.007370613883670197,0.05949804216542284,0.17760557466949967,10.006384000727692,1.0655021407786995,1.0657165098529888,1.3322676295501878e-15,0.0,0,0,1.3642420526593924e-12,0.6549011290706134,0.0,-0.1142225413787683,2.220446049250313e-16,0.0,2.609024107869118e-15,2.220446049250313e-16
R_amp0.25_T12.0,R,0.25,12.0,11.9,0.8333333333333334,0.007370613883670197,0.05949804216542284,0.17760557466949967,10.006377555341626,1.0655022589564562,1.0657164366312974,1.3322676295501878e-15,0.0,0,0,9.094947017729282e-13,0.6549011290706134,0.0,-0.1142225413725082,4.440892098500626e-16,0.0,2.609024107869118e-15,2.220446049250313e-16
R_amp0.25_T12.0,R,0.25,12.0,11.950000000000001,0.8333333333333334,0.007370613883670197,0.05949804216542284,0.17760557466949967,10.006371115424866,1.065502377021203,1.0657163634081193,1.3322676295501878e-15,0.0,0,0,1.3642420526593924e-12,0.6549011290706134,0.0,-0.11422254136758947,4.440892098500626e-16,0.0,2.609024107869118e-15,2.220446049250313e-16
R_amp0.25_T12.0,R,0.25,12.0,12.0,0.8333333333333334,0.007370613883670197,0.05949804216542284,0.17760557466949967,10.006364680975587,1.0655024949757304,1.065716290183812,1.3322676295501878e-15,0.0,0,0,0.0,0.6549011290706134,0.0,-0.11422254136378873,4.440892098500626e-16,0.0,2.609024107869118e-15,2.220446049250313e-16
W_amp1.0_T16.0,W,1.0,16.0,0.0,0.8333333333333334,0.007370613883670197,0.05949804216542284,0.17760557466949967,10.000000002223675,1.0654441968199988,1.0657220499354059,0.0,0.0,0,0,1.3642420526593924e-12,0.6549011290706134,0.0,-0.11426183634876574,4.440892098500626e-16,0.0,2.609024107869118e-15,2.220446049250313e-16
W_amp1.0_T16.0,W,1.0,16.0,0.05,0.8333349777263098,0.007370613883670197,0.05949804216542284,0.17760557466949967,9.999988898976746,1.0654454665138804,1.0657220673126013,0.0,0.0,0,0,9.094947017729282e-13,0.6549018535523731,0.0,-0.11425976212941702,4.440892098500626e-16,0.0,2.609024107869118e-15,2.220446049250313e-16
W_amp1.0_T16.0,W,1.0,16.0,0.1,0.8333399044155714,0.007370613883670197,0.05949804216542284,0.17760557466949967,9.99997790996941,1.0654508623183636,1.0657221051936299,0.0,0.0,0,0,9.094947017729282e-13,0.6549040241358899,0.0,-0.11425312597643189,2.220446049250313e-16,0.0,2.4424906541753444e-15,2.220446049250313e-16
W_amp1.0_T16.0,W,1.0,16.0,0.15000000000000002,0.8333480939577261,0.007370613883670197,0.05949804216542284,0.17760557466949967,9.999967328451909,1.0654603589526315,1.0657221634876732,0.0,0.0,0,0,9.094947017729282e-13,0.654907632247211,0.0,-0.11424195270178106,4.440892098500626e-16,0.0,2.6645352591003757e-15,2.220446049250313e-16
W_amp1.0_T16.0,W,1.0,16.0,0.2,0.8333595140323928,0.007370613883670197,0.05949804216542284,0.17760557466949967,9.999957446023444,1.0654739150959915,1.0657222420199104,2.220446049250313e-16,0.0,0,0,1.3642420526593924e-12,0.6549126636341521,0.0,-0.11422628496822451,4.440892098500626e-16,0.0,2.4424906541753444e-15,2.220446049250313e-16
W_amp1.0_T16.0,W,1.0,16.0,0.25,0.833374119569754,0.007370613883670197,0.05949804216542284,0.17760557466949967,9.99994855148979,1.0654914735468923,1.0657223405325509,2.220446049250313e-16,0.0,0,0,9.094947017729282e-13,0.6549190984227429,0.0,-0.11420618312335673,4.440892098500626e-16,0.0,2.275957200481571e-15,2.220446049250313e-16
W_amp1.0_T16.0,W,1.0,16.0,0.30000000000000004,0.8333918529284264,0.007370613883670197,0.05949804216542284,0.17760557466949967,9.999940929731656,1.0655129614448668,1.0657224586861185,0.0,0.0,0,0,1.3642420526593924e-12,0.6549269111959353,0.0,-0.11418172496285162,4.440892098500626e-16,0.0,2.275957200481571e-15,2.220446049250313e-16
W_amp1.0_T16.0,W,1.0,16.0,0.35000000000000003,0.833412644122945,0.007370613883670197,0.05949804216542284,0.17760557466949967,9.999934860588198,1.065538290554487,1.0657225960609895,2.220446049250313e-16,0.0,0,0,1.3642420526593924e-12,0.6549360710942583,0.0,-0.11415300543031859,4.440892098500626e-16,0.0,2.609024107869118e-15,2.220446049250313e-16
W_amp1.0_T16.0,W,1.0,16.0,0.4,0.8334364110999636,0.007370613883670197,0.05949804216542284,0.17760557466949967,9.999930617760104,1.065567357610199,1.0657227521591994,2.220446049250313e-16,0.0,0,0,9.094947017729282e-13,0.6549465419380177,0.0,-0.11412013624287165,4.440892098500626e-16,0.0,2.4980018054066022e-15,2.220446049250313e-16
W_amp1.0_T16.0,W,1.0,16.0,0.45,0.8334630600620817,0.007370613883670197,0.05949804216542284,0.17760557466949967,9.99992846773648,1.0656000447206506,1.0657229264065189,2.220446049250313e-16,0.0,0,0,1.3642420526593924e-12,0.6549582823705498,0.0,-0.11408324545679815,4.440892098500626e-16,0.0,2.55351295663786e-15,2.220446049250313e-16
W_amp1.0_T16.0,W,1.0,16.0,0.5,0.8334924858380209,0.007370613883670197,0.05949804216542284,0.17760557466949967,9.9999286687498,1.065636219830904,1.0657231181548052,2.220446049250313e-16,0.0,0,0,9.094947017729282e-13,0.6549712460219592,0.0,-0.11404247696741643,4.440892098500626e-16,0.0,2.4980018054066022e-15,2.220446049250313e-16
W_amp1.0_T16.0,W,1.0,16.0,0.55,0.8335245722976868,0.007370613883670197,0.05949804216542284,0.17760557466949967,9.999931469762977,1.0656757372406955,1.0657233266846176,2.220446049250313e-16,0.0,0,0,9.094947017729282e-13,0.6549853816926847,0.0,-0.11399798994704047,4.440892098500626e-16,0.0,2.609024107869118e-15,2.220446049250313e-16
W_amp1.0_T16.0,W,1.0,16.0,0.6000000000000001,0.8335591928104823,0.007370613883670197,0.05949804216542284,0.17760557466949967,9.999937109492544,1.0657184381766838,1.065723551208103,2.220446049250313e-16,0.0,0,0,9.094947017729282e-13,0.6550006335561595,0.0,-0.11394995822456044,4.440892098500626e-16,0.0,2.4980018054066022e-15,2.220446049250313e-16
W_amp1.0_T16.0,W,1.0,16.0,0.65,0.8335962107450595,0.007370613883670197,0.05949804216542284,0.17760557466949967,9.999945815471772,1.0657641514164158,1.065723790872135,2.220446049250313e-16,0.0,0,0,9.094947017729282e-13,0.6550169413797559,0.0,-0.11389856960164324,4.440892098500626e-16,0.0,2.55351295663786e-15,2.220446049250313e-16
W_amp1.0_T16.0,W,1.0,16.0,0.7000000000000001,0.8336354800085427,0.007370613883670197,0.05949804216542284,0.17760557466949967,9.99995780315744,1.0658126939615449,1.0657240447617045,2.220446049250313e-16,0.0,0,0,1.3642420526593924e-12,0.6550342407631371,0.0,-0.11384402512291558,4.440892098500626e-16,0.0,2.6645352591003757e-15,2.220446049250313e-16
W_amp1.0_T16.0,W,1.0,16.0,0.75,0.8336768456230896,0.007370613883670197,0.05949804216542284,0.17760557466949967,9.999973275083729,1.0658638717576316,1.065724311903541,2.220446049250313e-16,0.0,0,0,9.094947017729282e-13,0.655052463393059,0.0,-0.11378653828529384,4.440892098500626e-16,0.0,2.0539125955565396e-15,2.220446049250313e-16
W_amp1.0_T16.0,W,1.0,16.0,0.8,0.8337201443375175,0.007370613883670197,0.05949804216542284,0.17760557466949967,9.99999242006663,1.0659174804576756,1.0657245912699682,2.220446049250313e-16,0.0,0,0,9.094947017729282e-13,0.6550715373136093,0.0,-0.11372633420536271,4.440892098500626e-16,0.0,2.275957200481571e-15,2.220446049250313e-16
W_amp1.0_T16.0,W,1.0,16.0,0.8500000000000001,0.833765205271582,0.007370613883670197,0.05949804216542284,0.17760557466949967,10.00001541246196,1.0659733062263632,1.065724881782963,2.220446049250313e-16,0.0,0,0,9.094947017729282e-13,0.6550913872108093,0.0,-0.1136636487359377,4.440892098500626e-16,0.0,2.3314683517128287e-15,2.220446049250313e-16
W_amp1.0_T16.0,W,1.0,16.0,0.9,0.8338118505903624,0.007370613883670197,0.05949804216542284,0.17760557466949967,10.000042411479981,1.0660311265818478,1.0657251823184115,2.220446049250313e-16,0.0,0,0,1.3642420526593924e-12,0.6551119347104412,0.0,-0.11359872754148514,4.440892098500626e-16,0.0,2.1094237467877974e-15,2.220446049250313e-16
W_amp1.0_T16.0,W,1.0,16.0,0.9500000000000001,0.8338598962060961,0.007370613883670197,0.05949804216542284,0.17760557466949967,10.000073560559304,1.0660907112717342,1.0657254917105505,2.220446049250313e-16,0.0,0,0,1.3642420526593924e-12,0.6551330986879196,0.0,-0.11353182513395854,4.440892098500626e-16,0.0,2.220446049250313e-15,2.220446049250313e-16
W_amp1.0_T16.0,W,1.0,16.0,1.0,0.8339091525046876,0.007370613883670197,0.05949804216542284,0.17760557466949967,10.000108986802607,1.0661518231798057,1.0657258087565649,2.220446049250313e-16,0.0,0,0,1.3642420526593924e-12,0.655154795588973,0.0,-0.11346320387501052,4.440892098500626e-16,0.0,2.1649348980190553e-15,2.220446049250313e-16
W_amp1.0_T16.0,W,1.0,16.0,1.05,0.8339594250940293,0.007370613883670197,0.05949804216542284,0.17760557466949967,10.000148800476381,1.0662142192599053,1.0657261322213347,2.220446049250313e-16,0.0,0,0,9.094947017729282e-13,0.6551769397598631,0.0,-0.11339313294556286,4.440892098500626e-16,0.0,2.1094237467877974e-15,2.220446049250313e-16
W_amp1.0_T16.0,W,1.0,16.0,1.1,0.8340105155711786,0.007370613883670197,0.05949804216542284,0.17760557466949967,10.00019309457678,1.0662776514932881,1.0657264608423085,2.220446049250313e-16,0.0,0,0,1.3642420526593924e-12,0.6551994437858302,0.0,-0.11332188728516424,4.440892098500626e-16,0.0,2.3314683517128287e-15,2.220446049250313e-16
W_amp1.0_T16.0,W,1.0,16.0,1.1500000000000001,0.8340622223053631,0.007370613883670197,0.05949804216542284,0.17760557466949967,10.000241944463266,1.0663418678656584,1.0657267933344814,2.220446049250313e-16,0.0,0,0,9.094947017729282e-13,0.6552222188364233,0.0,-0.11324974651532838,2.220446049250313e-16,0.0,2.1649348980190553e-15,2.220446049250313e-16
W_amp1.0_T16.0,W,1.0,16.0,1.2000000000000002,0.8341143412337256,0.007370613883670197,0.05949804216542284,0.17760557466949967,10.000295407561573,1.0664066133600296,1.0657271283954657,2.220446049250313e-16,0.0,0,0,1.3642420526593924e-12,0.6552451750163465,0.0,-0.11317699383386093,4.440892098500626e-16,0.0,2.4424906541753444e-15,2.220446049250313e-16
W_amp1.0_T16.0,W,1.0,16.0,1.25,0.8341666666666666,0.007370613883670197,0.05949804216542284,0.17760557466949967,10.00035352313721,1.0664716309614883,1.0657274647106267,2.220446049250313e-16,0.0,0,0,9.094947017729282e-13,0.6552682217204323,0.0,-0.11310391490326421,0.0,0.0,2.275957200481571e-15,2.220446049250313e-16
W_amp1.0_T16.0,W,1.0,16.0,1.3,0.8342189920996078,0.007370613883670197,0.05949804216542284,0.17760557466949967,10.000416312140446,1.0665366626699009,1.0657278009582645,2.220446049250313e-16,0.0,0,0,1.3642420526593924e-12,0.6552912679913385,0.0,-0.11303079672150251,4.440892098500626e-16,0.0,2.3314683517128287e-15,2.220446049250313e-16
W_amp1.0_T16.0,W,1.0,16.0,1.35,0.8342711110279704,0.007370613883670197,0.05949804216542284,0.17760557466949967,10.000483777123428,1.0666014505165446,1.065728135814826,2.220446049250313e-16,0.0,0,0,9.094947017729282e-13,0.6553142228785541,0.0,-0.11295792649275826,4.440892098500626e-16,0.0,1.942890293094024e-15,2.220446049250313e-16
W_amp1.0_T16.0,W,1.0,16.0,1.4000000000000001,0.8343228177621548,0.007370613883670197,0.05949804216542284,0.17760557466949967,10.000555902229845,1.0666657375806747,1.0657284679601213,0.0,0.0,0,0,9.094947017729282e-13,0.6553369957972981,0.0,-0.11288559049078395,0.0,0.0,2.1649348980190553e-15,2.220446049250313e-16
W_amp1.0_T16.0,W,1.0,16.0,1.4500000000000002,0.8343739082393041,0.007370613883670197,0.05949804216542284,0.17760557466949967,10.000632653257192,1.0667292690019972,1.0657287960825252,2.220446049250313e-16,0.0,0,0,9.094947017729282e-13,0.6553594968858956,0.0,-0.11281407293030621,2.220446049250313e-16,0.0,1.887379141862766e-15,2.220446049250313e-16
W_amp1.0_T16.0,W,1.0,16.0,1.5,0.8344241808286459,0.007370613883670197,0.05949804216542284,0.17760557466949967,10.000713977791504,1.0667917929850517,1.0657291188841427,2.220446049250313e-16,0.0,0,0,1.3642420526593924e-12,0.6553816373602193,0.0,-0.11274365484089466,4.440892098500626e-16,0.0,2.0539125955565396e-15,2.220446049250313e-16
W_amp1.0_T16.0,W,1.0,16.0,1.55,0.8344734371272372,0.007370613883670197,0.05949804216542284,0.17760557466949967,10.000799805414001,1.066853061791555,1.0657294350859219,2.220446049250313e-16,0.0,0,0,9.094947017729282e-13,0.6554033298638067,0.0,-0.1126746129562699,4.440892098500626e-16,0.0,2.0539125955565396e-15,2.220446049250313e-16
W_amp1.0_T16.0,W,1.0,16.0,1.6,0.8345214827429709,0.007370613883670197,0.05949804216542284,0.17760557466949967,10.000890047978963,1.066912832716772,1.0657297434326827,2.220446049250313e-16,0.0,0,0,1.3642420526593924e-12,0.6554244888122701,0.0,-0.11260721861967382,2.220446049250313e-16,0.0,2.0539125955565396e-15,2.220446049250313e-16
W_amp1.0_T16.0,W,1.0,16.0,1.6500000000000001,0.8345681280617514,0.007370613883670197,0.05949804216542284,0.17760557466949967,10.000984599961718,1.0669708690460746,1.065730042698057,2.220446049250313e-16,0.0,0,0,9.094947017729282e-13,0.6554450307306485,0.0,-0.1125417367065531,4.440892098500626e-16,0.0,2.0539125955565396e-15,2.220446049250313e-16
W_amp1.0_T16.0,W,1.0,16.0,1.7000000000000002,0.8346131889958158,0.007370613883670197,0.05949804216542284,0.17760557466949967,10.001083338875478,1.0670269409879054,1.065730331689307,2.220446049250313e-16,0.0,0,0,1.3642420526593924e-12,0.6554648745823763,0.0,-0.11247842457489776,4.440892098500626e-16,0.0,1.9984014443252818e-15,2.220446049250313e-16
W_amp1.0_T16.0,W,1.0,16.0,1.75,0.8346564877102438,0.007370613883670197,0.05949804216542284,0.17760557466949967,10.00118612575537,1.0670808265794771,1.0657306092520105,0.0,0.0,0,0,1.3642420526593924e-12,0.6554839420885763,0.0,-0.11241753104432384,4.440892098500626e-16,0.0,2.0539125955565396e-15,2.220446049250313e-16
W_amp1.0_T16.0,W,1.0,16.0,1.8,0.8346978533247906,0.007370613883670197,0.05949804216542284,0.17760557466949967,10.001292805707784,1.0671323125616239,1.0657308742745886,2.220446049250313e-16,0.0,0,0,9.094947017729282e-13,0.6555021580364279,0.0,-0.1123592954086694,4.440892098500626e-16,0.0,2.0539125955565396e-15,2.220446049250313e-16
W_amp1.0_T16.0,W,1.0,16.0,1.85,0.8347371225882738,0.007370613883670197,0.05949804216542284,0.17760557466949967,10.00140320852297,1.0671811952193626,1.065731125692665,2.220446049250313e-16,0.0,0,0,1.3642420526593924e-12,0.6555194505753991,0.0,-0.11230394648340791,4.440892098500626e-16,0.0,1.942890293094024e-15,2.220446049250313e-16
W_amp1.0_T16.0,W,1.0,16.0,1.9000000000000001,0.8347741405228511,0.007370613883670197,0.05949804216542284,0.17760557466949967,10.001517149348405,1.067227281184849,1.0657313624932319,0.0,0.0,0,0,1.3642420526593924e-12,0.6555357515001862,0.0,-0.11225170169842325,4.440892098500626e-16,0.0,2.1649348980190553e-15,2.220446049250313e-16
W_amp1.0_T16.0,W,1.0,16.0,1.9500000000000002,0.8348087610356466,0.007370613883670197,0.05949804216542284,0.17760557466949967,10.001634429420355,1.0672703881995549,1.0657315837186097,2.220446049250313e-16,0.0,0,0,1.3642420526593924e-12,0.6555509965192504,0.0,-0.11220276623088155,4.440892098500626e-16,0.0,1.8318679906315083e-15,2.220446049250313e-16
W_amp1.0_T16.0,W,1.0,16.0,2.0,0.8348408474953125,0.007370613883670197,0.05949804216542284,0.17760557466949967,10.001754836850704,1.067310345832677,1.065731788470186,2.220446049250313e-16,0.0,0,0,9.094947017729282e-13,0.6555651255079051,0.0,-0.11215733218974822,4.440892098500626e-16,0.0,1.7763568394002505e-15,2.220446049250313e-16
W_amp1.0_T16.0,W,1.0,16.0,2.0500000000000003,0.8348702732712517,0.007370613883670197,0.05949804216542284,0.17760557466949967,10.001878147466016,1.0673469961529245,1.0657319759119168,4.440892098500626e-16,0.0,0,0,1.3642420526593924e-12,0.6555780827449635,0.0,-0.112115577851017,4.440892098500626e-16,0.0,1.6653345369377348e-15,2.220446049250313e-16
W_amp1.0_T16.0,W,1.0,16.0,2.1,0.8348969222333699,0.007370613883670197,0.05949804216542284,0.17760557466949967,10.002004125695453,1.0673801943510577,1.065732145273575,2.220446049250313e-16,0.0,0,0,1.3642420526593924e-12,0.6555898171320222,0.0,-0.11207766694585941,4.440892098500626e-16,0.0,1.8318679906315083e-15,2.220446049250313e-16
W_amp1.0_T16.0,W,1.0,16.0,2.15,0.8349206892103883,0.007370613883670197,0.05949804216542284,0.17760557466949967,10.002132525504086,1.0674098093107103,1.065732295853737,4.440892098500626e-16,0.0,0,0,1.3642420526593924e-12,0.655600282394527,0.0,-0.11204374800927441,4.440892098500626e-16,0.0,1.8318679906315083e-15,2.220446049250313e-16
W_amp1.0_T16.0,W,1.0,16.0,2.2,0.834941480404907,0.007370613883670197,0.05949804216542284,0.17760557466949967,10.002263091367858,1.067435724125253,1.065732427022493,0.0,0.0,0,0,9.094947017729282e-13,0.655609437263834,0.0,-0.11201395378809309,0.0,0.0,1.7208456881689926e-15,2.220446049250313e-16
W_amp1.0_T16.0,W,1.0,16.0,2.25,0.8349592137635794,0.007370613883670197,0.05949804216542284,0.17760557466949967,10.002395559286388,1.0674578365586542,1.065732538223871,2.220446049250313e-16,0.0,0,0,9.094947017729282e-13,0.6556172456395591,0.0,-0.11198840071029292,4.440892098500626e-16,0.0,1.8318679906315083e-15,2.220446049250313e-16
W_amp1.0_T16.0,W,1.0,16.0,2.3000000000000003,0.8349738193009406,0.007370613883670197,0.05949804216542284,0.17760557466949967,10.00252965782954,1.0674760594485322,1.0657326289779618,4.440892098500626e-16,0.0,0,0,9.094947017729282e-13,0.6556236767315825,0.0,-0.1119671884217952,2.220446049250313e-16,0.0,2.0539125955565396e-15,2.220446049250313e-16
W_amp1.0_T16.0,W,1.0,16.0,2.35,0.8349852393756073,0.007370613883670197,0.05949804216542284,0.17760557466949967,10.002665109213616,1.0674903210497986,1.065732698882748,4.440892098500626e-16,0.0,0,0,9.094947017729282e-13,0.655628705181153,0.0,-0.11195039938637907,2.220446049250313e-16,0.0,1.887379141862766e-15,2.220446049250313e-16
W_amp1.0_T16.0,W,1.0,16.0,2.4000000000000004,0.8349934289177621,0.007370613883670197,0.05949804216542284,0.17760557466949967,10.002801630402896,1.0675005653175464,1.065732747615611,4.440892098500626e-16,0.0,0,0,1.3642420526593924e-12,0.6556323111606244,0.0,-0.11193809855769166,4.440892098500626e-16,0.0,1.7763568394002505e-15,2.220446049250313e-16
W_amp1.0_T16.0,W,1.0,16.0,2.45,0.8349983556070236,0.007370613883670197,0.05949804216542284,0.17760557466949967,10.002938934232148,1.0675067521280674,1.0657327749345298,4.440892098500626e-16,0.0,0,0,9.094947017729282e-13,0.6556344804514329,0.0,-0.1119303331208874,4.440892098500626e-16,0.0,1.7208456881689926e-15,2.220446049250313e-16
W_amp1.0_T16.0,W,1.0,16.0,2.5,0.8350000000000001,0.007370613883670197,0.05949804216542284,0.17760557466949967,10.003076730545578,1.0675088574371243,1.0657327806789525,4.440892098500626e-16,0.0,0,0,9.094947017729282e-13,0.6556352045000128,0.0,-0.11192713230180029,4.440892098500626e-16,0.0,1.942890293094024e-15,2.220446049250313e-16
W_amp1.0_T16.0,W,1.0,16.0,2.5500000000000003,0.8349983556070236,0.007370613883670197,0.05949804216542284,0.17760557466949967,10.003214727347773,1.0675068733748596,1.0657327647703467,4.440892098500626e-16,0.0,0,0,1.3642420526593924e-12,0.6556344804514329,0.0,-0.11192850725200398,4.440892098500626e-16,0.0,1.7208456881689926e-15,2.220446049250313e-16
W_amp1.0_T16.0,W,1.0,16.0,2.6,0.8349934289177621,0.007370613883670197,0.05949804216542284,0.17760557466949967,10.003352631961938,1.0675008082769588,1.0657327272124202,2.220446049250313e-16,0.0,0,0,9.094947017729282e-13,0.6556323111606244,0.0,-0.11193445100237898,2.220446049250313e-16,0.0,1.7763568394002505e-15,2.220446049250313e-16
W_amp1.0_T16.0,W,1.0,16.0,2.6500000000000004,0.8349852393756073,0.007370613883670197,0.05949804216542284,0.17760557466949967,10.003490152190906,1.0674906866519571,1.0657326680910142,2.220446049250313e-16,0.0,0,0,9.094947017729282e-13,0.655628705181153,0.0,-0.11194493849227327,4.440892098500626e-16,0.0,1.887379141862766e-15,2.220446049250313e-16
W_amp1.0_T16.0,W,1.0,16.0,2.7,0.8349738193009406,0.007370613883670197,0.05949804216542284,0.17760557466949967,10.003626997476214,1.0674765490848042,1.0657325875736725,0.0,0.0,0,0,9.094947017729282e-13,0.6556236767315825,0.0,-0.11195992666784793,4.440892098500626e-16,0.0,2.0539125955565396e-15,2.220446049250313e-16
W_amp1.0_T16.0,W,1.0,16.0,2.75,0.8349592137635794,0.007370613883670197,0.05949804216542284,0.17760557466949967,10.003762880050651,1.0674584520770796,1.0657324859088824,2.220446049250313e-16,0.0,0,0,1.3642420526593924e-12,0.6556172456395591,0.0,-0.1119793546551966,4.440892098500626e-16,0.0,1.8318679906315083e-15,2.220446049250313e-16
W_amp1.0_T16.0,W,1.0,16.0,2.8000000000000003,0.834941480404907,0.007370613883670197,0.05949804216542284,0.17760557466949967,10.00389751607971,1.0674364678244819,1.065732363424994,2.220446049250313e-16,0.0,0,0,1.3642420526593924e-12,0.655609437263834,0.0,-0.11200314400235145,4.440892098500626e-16,0.0,1.7208456881689926e-15,2.220446049250313e-16
W_amp1.0_T16.0,W,1.0,16.0,2.85,0.8349206892103883,0.007370613883670197,0.05949804216542284,0.17760557466949967,10.004030626787317,1.0674106839324675,1.0657322205288235,4.440892098500626e-16,0.0,0,0,9.094947017729282e-13,0.655600282394527,0.0,-0.11203119899205283,4.440892098500626e-16,0.0,1.8318679906315083e-15,2.220446049250313e-16
W_amp1.0_T16.0,W,1.0,16.0,2.9000000000000004,0.8348969222333699,0.007370613883670197,0.05949804216542284,0.17760557466949967,10.004161939561431,1.0673812030711658,1.0657320577039435,2.220446049250313e-16,0.0,0,0,9.094947017729282e-13,0.6555898171320222,0.0,-0.1120634070252915,4.440892098500626e-16,0.0,1.8318679906315083e-15,2.220446049250313e-16
W_amp1.0_T16.0,W,1.0,16.0,2.95,0.8348702732712517,0.007370613883670197,0.05949804216542284,0.17760557466949967,10.004291189035062,1.0673481425709235,1.065731875508669,2.220446049250313e-16,0.0,0,0,1.3642420526593924e-12,0.6555780827449635,0.0,-0.11209963906708387,4.440892098500626e-16,0.0,1.6653345369377348e-15,2.220446049250313e-16
W_amp1.0_T16.0,W,1.0,16.0,3.0,0.8348408474953125,0.007370613883670197,0.05949804216542284,0.17760557466949967,10.004418118138402,1.067311633960075,1.0657316745737457,4.440892098500626e-16,0.0,0,0,9.094947017729282e-13,0.6555651255079051,0.0,-0.11213975016379418,4.440892098500626e-16,0.0,1.7763568394002505e-15,2.220446049250313e-16
W_amp1.0_T16.0,W,1.0,16.0,3.0500000000000003,0.8348087610356466,0.007370613883670197,0.05949804216542284,0.17760557466949967,10.004542479117944,1.0672718224467677,1.0657314555997488,2.220446049250313e-16,0.0,0,0,1.3642420526593924e-12,0.6555509965192504,0.0,-0.11218358001954454,4.440892098500626e-16,0.0,1.8318679906315083e-15,2.220446049250313e-16
W_amp1.0_T16.0,W,1.0,16.0,3.1,0.8347741405228511,0.007370613883670197,0.05949804216542284,0.17760557466949967,10.004664034518449,1.0672288663468668,1.0657312193542108,4.440892098500626e-16,0.0,0,0,9.094947017729282e-13,0.6555357515001862,0.0,-0.11223095363514113,4.440892098500626e-16,0.0,2.1649348980190553e-15,2.220446049250313e-16
W_amp1.0_T16.0,W,1.0,16.0,3.1500000000000004,0.8347371225882738,0.007370613883670197,0.05949804216542284,0.17760557466949967,10.004782558123956,1.0671829364602166,1.0657309666684758,4.440892098500626e-16,0.0,0,0,1.3642420526593924e-12,0.6555194505753991,0.0,-0.11228168200462374,2.220446049250313e-16,0.0,1.942890293094024e-15,2.220446049250313e-16
W_amp1.0_T16.0,W,1.0,16.0,3.2,0.8346978533247906,0.007370613883670197,0.05949804216542284,0.17760557466949967,10.004897835854038,1.0671342153977041,1.0657306984343022,4.440892098500626e-16,0.0,0,0,9.094947017729282e-13,0.6555021580364279,0.0,-0.11233556286834223,4.440892098500626e-16,0.0,2.0539125955565396e-15,2.220446049250313e-16
W_amp1.0_T16.0,W,1.0,16.0,3.25,0.8346564877102438,0.007370613883670197,0.05949804216542284,0.17760557466949967,10.005009666611794,1.0670828968617778,1.0657304156002287,4.440892098500626e-16,0.0,0,0,9.094947017729282e-13,0.6554839420885763,0.0,-0.11239238151699893,4.440892098500626e-16,0.0,2.0539125955565396e-15,2.220446049250313e-16
W_amp1.0_T16.0,W,1.0,16.0,3.3000000000000003,0.8346131889958158,0.007370613883670197,0.05949804216542284,0.17760557466949967,10.005117863080251,1.067029184883266,1.0657301191677075,4.440892098500626e-16,0.0,0,0,1.3642420526593924e-12,0.6554648745823763,0.0,-0.11245191164580226,4.440892098500626e-16,0.0,1.9984014443252818e-15,2.220446049250313e-16
W_amp1.0_T16.0,W,1.0,16.0,3.35,0.8345681280617514,0.007370613883670197,0.05949804216542284,0.17760557466949967,10.005222252463962,1.0669732930174995,1.0657298101870338,2.220446049250313e-16,0.0,0,0,9.094947017729282e-13,0.6554450307306485,0.0,-0.11251391625389084,4.440892098500626e-16,0.0,2.0539125955565396e-15,2.220446049250313e-16
W_amp1.0_T16.0,W,1.0,16.0,3.4000000000000004,0.8345214827429709,0.007370613883670197,0.05949804216542284,0.17760557466949967,10.00532267717297,1.0669154435029076,1.0657294897530747,4.440892098500626e-16,0.0,0,0,1.3642420526593924e-12,0.6554244888122701,0.0,-0.11257814858601889,4.440892098500626e-16,0.0,2.0539125955565396e-15,2.220446049250313e-16
W_amp1.0_T16.0,W,1.0,16.0,3.45,0.8344734371272372,0.007370613883670197,0.05949804216542284,0.17760557466949967,10.005418995446416,1.0668558663854144,1.0657291590008204,4.440892098500626e-16,0.0,0,0,1.3642420526593924e-12,0.6554033298638067,0.0,-0.11264435311154508,4.440892098500626e-16,0.0,2.0539125955565396e-15,2.220446049250313e-16
W_amp1.0_T16.0,W,1.0,16.0,3.5,0.8344241808286459,0.007370613883670197,0.05949804216542284,0.17760557466949967,10.005511081913355,1.0667947986120783,1.065728819100776,4.440892098500626e-16,0.0,0,0,1.3642420526593924e-12,0.6553816373602193,0.0,-0.11271226653808153,4.440892098500626e-16,0.0,2.0539125955565396e-15,2.220446049250313e-16
W_amp1.0_T16.0,W,1.0,16.0,3.5500000000000003,0.8343739082393041,0.007370613883670197,0.05949804216542284,0.17760557466949967,10.005598828088608,1.0667324830975593,1.065728471254208,4.440892098500626e-16,0.0,0,0,1.3642420526593924e-12,0.6553594968858956,0.0,-0.11278161885592763,4.440892098500626e-16,0.0,1.887379141862766e-15,2.220446049250313e-16
W_amp1.0_T16.0,W,1.0,16.0,3.6,0.8343228177621548,0.007370613883670197,0.05949804216542284,0.17760557466949967,10.00568214280172,1.0666691677670994,1.0657281166882662,4.440892098500626e-16,0.0,0,0,1.3642420526593924e-12,0.6553369957972981,0.0,-0.11285213440704345,4.440892098500626e-16,0.0,2.1649348980190553e-15,2.220446049250313e-16
W_amp1.0_T16.0,W,1.0,16.0,3.6500000000000004,0.8342711110279704,0.007370613883670197,0.05949804216542284,0.17760557466949967,10.00576095255739,1.0666051045797815,1.0657277566509988,4.440892098500626e-16,0.0,0,0,9.094947017729282e-13,0.6553142228785541,0.0,-0.11292353297695223,4.440892098500626e-16,0.0,1.942890293094024e-15,2.220446049250313e-16
W_amp1.0_T16.0,W,1.0,16.0,3.7,0.8342189920996078,0.007370613883670197,0.05949804216542284,0.17760557466949967,10.00583520182597,1.0665405485359316,1.065727392406282,4.440892098500626e-16,0.0,0,0,9.094947017729282e-13,0.6552912679913385,0.0,-0.11299553090339431,4.440892098500626e-16,0.0,1.887379141862766e-15,2.220446049250313e-16
W_amp1.0_T16.0,W,1.0,16.0,3.75,0.8341666666666666,0.007370613883670197,0.05949804216542284,0.17760557466949967,10.005904853262962,1.0664757566725847,1.0657270252286803,4.440892098500626e-16,0.0,0,0,9.094947017729282e-13,0.6552682217204323,0.0,-0.11306784219730082,4.440892098500626e-16,0.0,2.275957200481571e-15,2.220446049250313e-16
W_amp1.0_T16.0,W,1.0,16.0,3.8000000000000003,0.8341143412337256,0.007370613883670197,0.05949804216542284,0.17760557466949967,10.005969887856685,1.066410987050975,1.0657266563982604,4.440892098500626e-16,0.0,0,0,9.094947017729282e-13,0.6552451750163465,0.0,-0.11314017967183099,4.440892098500626e-16,0.0,2.4424906541753444e-15,2.220446049250313e-16
W_amp1.0_T16.0,W,1.0,16.0,3.85,0.8340622223053631,0.007370613883670197,0.05949804216542284,0.17760557466949967,10.006030305003584,1.0663464977400465,1.0657262871953737,4.440892098500626e-16,0.0,0,0,9.094947017729282e-13,0.6552222188364233,0.0,-0.11321225607791274,4.440892098500626e-16,0.0,2.1649348980190553e-15,2.220446049250313e-16
W_amp1.0_T16.0,W,1.0,16.0,3.9000000000000004,0.8340105155711786,0.007370613883670197,0.05949804216542284,0.17760557466949967,10.00608612251094,1.0662825458000076,1.065725918895437,4.440892098500626e-16,0.0,0,0,9.094947017729282e-13,0.6551994437858302,0.0,-0.1132837852348314,4.440892098500626e-16,0.0,2.3314683517128287e-15,2.220446049250313e-16
W_amp1.0_T16.0,W,1.0,16.0,3.95,0.8339594250940293,0.007370613883670197,0.05949804216542284,0.17760557466949967,10.00613737652704,1.066219386269938,1.0657255527637208,4.440892098500626e-16,0.0,0,0,1.3642420526593924e-12,0.6551769397598631,0.0,-0.11335448315902852,4.440892098500626e-16,0.0,2.1094237467877974e-15,2.220446049250313e-16
W_amp1.0_T16.0,W,1.0,16.0,4.0,0.8339091525046876,0.007370613883670197,0.05949804216542284,0.17760557466949967,10.006184121399116,1.0661572711634482,1.0657251900501699,4.440892098500626e-16,0.0,0,0,1.3642420526593924e-12,0.655154795588973,0.0,-0.11342406918464931,4.440892098500626e-16,0.0,2.1649348980190553e-15,2.220446049250313e-16
W_amp1.0_T16.0,W,1.0,16.0,4.05,0.8338598962060961,0.007370613883670197,0.05949804216542284,0.17760557466949967,10.006226429459685,1.066096448476364,1.0657248319842774,4.440892098500626e-16,0.0,0,0,1.3642420526593924e-12,0.6551330986879196,0.0,-0.11349226706474091,2.220446049250313e-16,0.0,2.220446049250313e-15,2.220446049250313e-16
W_amp1.0_T16.0,W,1.0,16.0,4.1000000000000005,0.8338118505903624,0.007370613883670197,0.05949804216542284,0.17760557466949967,10.006264390742201,1.066037161210356,1.0657244797700292,4.440892098500626e-16,0.0,0,0,9.094947017729282e-13,0.6551119347104412,0.0,-0.11355880605886237,4.440892098500626e-16,0.0,2.1094237467877974e-15,2.220446049250313e-16
W_amp1.0_T16.0,W,1.0,16.0,4.15,0.833765205271582,0.007370613883670197,0.05949804216542284,0.17760557466949967,10.006298112627132,1.0659796464163689,1.06572413458094,4.440892098500626e-16,0.0,0,0,9.094947017729282e-13,0.6550913872108093,0.0,-0.11362342199839981,2.220446049250313e-16,0.0,2.3314683517128287e-15,2.220446049250313e-16
W_amp1.0_T16.0,W,1.0,16.0,4.2,0.8337201443375175,0.007370613883670197,0.05949804216542284,0.17760557466949967,10.006327719419996,1.065924134261643,1.0657237975551979,2.220446049250313e-16,0.0,0,0,9.094947017729282e-13,0.6550715373136093,0.0,-0.11368585832165667,4.440892098500626e-16,0.0,2.275957200481571e-15,2.220446049250313e-16
W_amp1.0_T16.0,W,1.0,16.0,4.25,0.8336768456230896,0.007370613883670197,0.05949804216542284,0.17760557466949967,10.00635335186298,1.0658708471240095,1.0657234697909366,4.440892098500626e-16,0.0,0,0,9.094947017729282e-13,0.655052463393059,0.0,-0.11374586708075052,2.220446049250313e-16,0.0,2.0539125955565396e-15,2.220446049250313e-16
W_amp1.0_T16.0,W,1.0,16.0,4.3,0.8336354800085427,0.007370613883670197,0.05949804216542284,0.17760557466949967,10.006375166582178,1.0658199987170422,1.065723152341657,4.440892098500626e-16,0.0,0,0,1.3642420526593924e-12,0.6550342407631371,0.0,-0.11380320991599024,4.440892098500626e-16,0.0,2.1094237467877974e-15,2.220446049250313e-16
W_amp1.0_T16.0,W,1.0,16.0,4.3500000000000005,0.8335962107450595,0.007370613883670197,0.05949804216542284,0.17760557466949967,10.006393335472593,1.0657717932495323,1.065722846211807,4.440892098500626e-16,0.0,0,0,1.3642420526593924e-12,0.6550169413797559,0.0,-0.11385765898751332,4.440892098500626e-16,0.0,2.55351295663786e-15,2.220446049250313e-16
W_amp1.0_T16.0,W,1.0,16.0,4.4,0.8335591928104823,0.007370613883670197,0.05949804216542284,0.17760557466949967,10.00640804502343,1.0657264246226064,1.0657225523525462,4.440892098500626e-16,0.0,0,0,9.094947017729282e-13,0.6550006335561595,0.0,-0.1139089978688872,4.440892098500626e-16,0.0,2.4980018054066022e-15,2.220446049250313e-16
W_amp1.0_T16.0,W,1.0,16.0,4.45,0.8335245722976868,0.007370613883670197,0.05949804216542284,0.17760557466949967,10.006419495586321,1.065684075667673,1.065722271657703,4.440892098500626e-16,0.0,0,0,9.094947017729282e-13,0.6549853816926847,0.0,-0.11395702239389749,4.440892098500626e-16,0.0,2.609024107869118e-15,2.220446049250313e-16
W_amp1.0_T16.0,W,1.0,16.0,4.5,0.8334924858380209,0.007370613883670197,0.05949804216542284,0.17760557466949967,10.006427900589372,1.0656449174282074,1.0657220049599463,4.440892098500626e-16,0.0,0,0,1.3642420526593924e-12,0.6549712460219592,0.0,-0.11400154145398034,4.440892098500626e-16,0.0,2.4980018054066022e-15,2.220446049250313e-16
W_amp1.0_T16.0,W,1.0,16.0,4.55,0.8334630600620817,0.007370613883670197,0.05949804216542284,0.17760557466949967,10.006433485700207,1.06560910848822,1.0657217530271814,4.440892098500626e-16,0.0,0,0,9.094947017729282e-13,0.6549582823705498,0.0,-0.11404237774774462,4.440892098500626e-16,0.0,2.55351295663786e-15,2.220446049250313e-16
W_amp1.0_T16.0,W,1.0,16.0,4.6000000000000005,0.8334364110999636,0.007370613883670197,0.05949804216542284,0.17760557466949967,10.006436487941246,1.0655767943500838,1.0657215165591825,4.440892098500626e-16,0.0,0,0,9.094947017729282e-13,0.6549465419380177,0.0,-0.11407936846969324,0.0,0.0,2.4980018054066022e-15,2.220446049250313e-16
W_amp1.0_T16.0,W,1.0,16.0,4.65,0.833412644122945,0.007370613883670197,0.05949804216542284,0.17760557466949967,10.006437154760757,1.0655481068641603,1.0657212961844844,4.440892098500626e-16,0.0,0,0,9.094947017729282e-13,0.6549360710942583,0.0,-0.11411236595007712,4.440892098500626e-16,0.0,2.609024107869118e-15,2.220446049250313e-16
W_amp1.0_T16.0,W,1.0,16.0,4.7,0.8333918529284264,0.007370613883670197,0.05949804216542284,0.17760557466949967,10.006435743063289,1.0655231637125124,1.065721092457529,2.220446049250313e-16,0.0,0,0,9.094947017729282e-13,0.6549269111959353,0.0,-0.11414123822873479,4.440892098500626e-16,0.0,2.275957200481571e-15,2.220446049250313e-16
W_amp1.0_T16.0,W,1.0,16.0,4.75,0.833374119569754,0.007370613883670197,0.05949804216542284,0.17760557466949967,10.006432518203368,1.065502067948735,1.065720905856093,4.440892098500626e-16,0.0,0,0,1.3642420526593924e-12,0.6549190984227429,0.0,-0.11416586957059982,4.440892098500626e-16,0.0,2.275957200481571e-15,2.220446049250313e-16
W_amp1.0_T16.0,W,1.0,16.0,4.800000000000001,0.8333595140323928,0.007370613883670197,0.05949804216542284,0.17760557466949967,10.006427752946323,1.0654849075957373,1.065720736778995,4.440892098500626e-16,0.0,0,0,9.094947017729282e-13,0.6549126636341521,0.0,-0.11418616091671319,4.440892098500626e-16,0.0,2.4424906541753444e-15,2.220446049250313e-16
W_amp1.0_T16.0,W,1.0,16.0,4.8500000000000005,0.8333480939577261,0.007370613883670197,0.05949804216542284,0.17760557466949967,10.006421726400383,1.0654717553030761,1.0657205855440939,4.440892098500626e-16,0.0,0,0,9.094947017729282e-13,0.654907632247211,0.0,-0.11420203027018005,4.440892098500626e-16,0.0,2.6645352591003757e-15,2.220446049250313e-16
W_amp1.0_T16.0,W,1.0,16.0,4.9,0.8333399044155714,0.007370613883670197,0.05949804216542284,0.17760557466949967,10.006414722924205,1.065462668065196,1.0657204523865924,4.440892098500626e-16,0.0,0,0,9.094947017729282e-13,0.6549040241358899,0.0,-0.11421341301564425,4.440892098500626e-16,0.0,2.4424906541753444e-15,2.220446049250313e-16
W_amp1.0_T16.0,W,1.0,16.0,4.95,0.8333349777263098,0.007370613883670197,0.05949804216542284,0.17760557466949967,10.006407031014117,1.0654576870016996,1.0657203374576407,4.440892098500626e-16,0.0,0,0,9.094947017729282e-13,0.6549018535523731,0.0,-0.11422026217089098,4.440892098500626e-16,0.0,2.609024107869118e-15,2.220446049250313e-16
W_amp1.0_T16.0,W,1.0,16.0,5.0,0.8333333333333334,0.007370613883670197,0.05949804216542284,0.17760557466949967,10.006398942175391,1.0654568372005273,1.0657202408232527,4.440892098500626e-16,0.0,0,0,9.094947017729282e-13,0.6549011290706134,0.0,-0.11422254856898362,4.440892098500626e-16,0.0,2.609024107869118e-15,2.220446049250313e-16
W_amp1.0_T16.0,W,1.0,16.0,5.050000000000001,0.8333333333333334,0.007370613883670197,0.05949804216542284,0.17760557466949967,10.00639074978206,1.0654580415567052,1.065720153375528,4.440892098500626e-16,0.0,0,0,1.3642420526593924e-12,0.6549011290706134,0.0,-0.11422254853209379,4.440892098500626e-16,0.0,2.609024107869118e-15,2.220446049250313e-16
W_amp1.0_T16.0,W,1.0,16.0,5.1000000000000005,0.8333333333333334,0.007370613883670197,0.05949804216542284,0.17760557466949967,10.00638260031156,1.0654592149352475,1.065720065995416,4.440892098500626e-16,0.0,0,0,9.094947017729282e-13,0.6549011290706134,0.0,-0.11422254849587432,4.440892098500626e-16,0.0,2.609024107869118e-15,2.220446049250313e-16
W_amp1.0_T16.0,W,1.0,16.0,5.15,0.8333333333333334,0.007370613883670197,0.05949804216542284,0.17760557466949967,10.006374492713043,1.065460358303718,1.0657199786837392,4.440892098500626e-16,0.0,0,0,9.094947017729282e-13,0.6549011290706134,0.0,-0.11422254845987845,4.440892098500626e-16,0.0,2.609024107869118e-15,2.220446049250313e-16
W_amp1.0_T16.0,W,1.0,16.0,5.2,0.8333333333333334,0.007370613883670197,0.05949804216542284,0.17760557466949967,10.006366425968281,1.065461472594555,1.0657198914410972,4.440892098500626e-16,0.0,0,0,9.094947017729282e-13,0.6549011290706134,0.0,-0.1142225484238828,4.440892098500626e-16,0.0,2.609024107869118e-15,2.220446049250313e-16
W_amp1.0_T16.0,W,1.0,16.0,5.25,0.8333333333333334,0.007370613883670197,0.05949804216542284,0.17760557466949967,10.006358399090496,1.0654625587066688,1.065719804267932,4.440892098500626e-16,0.0,0,0,1.3642420526593924e-12,0.6549011290706134,0.0,-0.11422254838766333,4.440892098500626e-16,0.0,2.609024107869118e-15,2.220446049250313e-16
W_amp1.0_T16.0,W,1.0,16.0,5.300000000000001,0.8333333333333334,0.007370613883670197,0.05949804216542284,0.17760557466949967,10.006350411123243,1.065463617506955,1.0657197171645785,4.440892098500626e-16,0.0,0,0,9.094947017729282e-13,0.6549011290706134,0.0,-0.11422254835144385,4.440892098500626e-16,0.0,2.609024107869118e-15,2.220446049250313e-16
W_amp1.0_T16.0,W,1.0,16.0,5.3500000000000005,0.8333333333333334,0.007370613883670197,0.05949804216542284,0.17760557466949967,10.006342461139344,1.0654646498317155,1.0657196301312992,4.440892098500626e-16,0.0,0,0,9.094947017729282e-13,0.6549011290706134,0.0,-0.114222548315001,4.440892098500626e-16,0.0,2.609024107869118e-15,2.220446049250313e-16
W_amp1.0_T16.0,W,1.0,16.0,5.4,0.8333333333333334,0.007370613883670197,0.05949804216542284,0.17760557466949967,10.006334548239852,1.065465656488005,1.0657195431683133,4.440892098500626e-16,0.0,0,0,9.094947017729282e-13,0.6549011290706134,0.0,-0.11422254827900513,4.440892098500626e-16,0.0,2.609024107869118e-15,2.220446049250313e-16
W_amp1.0_T16.0,W,1.0,16.0,5.45,0.8333333333333334,0.007370613883670197,0.05949804216542284,0.17760557466949967,10.006326671553097,1.065466638254893,1.0657194562758132,4.440892098500626e-16,0.0,0,0,9.094947017729282e-13,0.6549011290706134,0.0,-0.11422254824256228,4.440892098500626e-16,0.0,2.609024107869118e-15,2.220446049250313e-16
W_amp1.0_T16.0,W,1.0,16.0,5.5,0.8333333333333334,0.007370613883670197,0.05949804216542284,0.17760557466949967,10.006318830233722,1.0654675958846642,1.065719369453977,4.440892098500626e-16,0.0,0,0,9.094947017729282e-13,0.6549011290706134,0.0,-0.11422254820634303,4.440892098500626e-16,0.0,2.609024107869118e-15,2.220446049250313e-16
W_amp1.0_T16.0,W,1.0,16.0,5.550000000000001,0.8333333333333334,0.007370613883670197,0.05949804216542284,0.17760557466949967,10.006311023461791,1.0654685301039437,1.0657192827029809,4.440892098500626e-16,0.0,0,0,9.094947017729282e-13,0.6549011290706134,0.0,-0.11422254817057076,4.440892098500626e-16,0.0,2.609024107869118e-15,2.220446049250313e-16
W_amp1.0_T16.0,W,1.0,16.0,5.6000000000000005,0.8333333333333334,0.007370613883670197,0.05949804216542284,0.17760557466949967,10.006303250441938,1.0654694416147685,1.0657191960229988,4.440892098500626e-16,0.0,0,0,1.3642420526593924e-12,0.6549011290706134,0.0,-0.11422254813435129,0.0,0.0,2.609024107869118e-15,2.220446049250313e-16
W_amp1.0_T16.0,W,1.0,16.0,5.65,0.8333333333333334,0.007370613883670197,0.05949804216542284,0.17760557466949967,10.006295510402524,1.0654703310955929,1.0657191094142118,4.440892098500626e-16,0.0,0,0,9.094947017729282e-13,0.6549011290706134,0.0,-0.11422254809813204,4.440892098500626e-16,0.0,2.609024107869118e-15,2.220446049250313e-16
W_amp1.0_T16.0,W,1.0,16.0,5.7,0.8333333333333334,0.007370613883670197,0.05949804216542284,0.17760557466949967,10.006287802594862,1.065471199202245,1.065719022876807,4.440892098500626e-16,0.0,0,0,9.094947017729282e-13,0.6549011290706134,0.0,-0.11422254806146537,4.440892098500626e-16,0.0,2.609024107869118e-15,2.220446049250313e-16
W_amp1.0_T16.0,W,1.0,16.0,5.75,0.8333333333333334,0.007370613883670197,0.05949804216542284,0.17760557466949967,10.006280126292435,1.065472046568835,1.0657189364109763,4.440892098500626e-16,0.0,0,0,9.094947017729282e-13,0.6549011290706134,0.0,-0.11422254802479892,4.440892098500626e-16,0.0,2.609024107869118e-15,2.220446049250313e-16
W_amp1.0_T16.0,W,1.0,16.0,5.800000000000001,0.8333333333333334,0.007370613883670197,0.05949804216542284,0.17760557466949967,10.006272480790184,1.0654728738086097,1.065718850016919,4.440892098500626e-16,0.0,0,0,1.3642420526593924e-12,0.6549011290706134,0.0,-0.11422254798880305,4.440892098500626e-16,0.0,2.609024107869118e-15,2.220446049250313e-16
W_amp1.0_T16.0,W,1.0,16.0,5.8500000000000005,0.8333333333333334,0.007370613883670197,0.05949804216542284,0.17760557466949967,10.006264865403793,1.0654736815147705,1.0657187636948389,4.440892098500626e-16,0.0,0,0,9.094947017729282e-13,0.6549011290706134,0.0,-0.1142225479525838,2.220446049250313e-16,0.0,2.609024107869118e-15,2.220446049250313e-16
W_amp1.0_T16.0,W,1.0,16.0,5.9,0.8333333333333334,0.007370613883670197,0.05949804216542284,0.17760557466949967,10.006257279469017,1.0654744702612446,1.0657186774449423,4.440892098500626e-16,0.0,0,0,1.3642420526593924e-12,0.6549011290706134,0.0,-0.11422254791614073,4.440892098500626e-16,0.0,2.609024107869118e-15,2.220446049250313e-16
W_amp1.0_T16.0,W,1.0,16.0,5.95,0.8333333333333334,0.007370613883670197,0.05949804216542284,0.17760557466949967,10.006249722341032,1.0654752406034234,1.065718591267439,4.440892098500626e-16,0.0,0,0,1.3642420526593924e-12,0.6549011290706134,0.0,-0.11422254787947428,4.440892098500626e-16,0.0,2.609024107869118e-15,2.220446049250313e-16
W_amp1.0_T16.0,W,1.0,16.0,6.0,0.8333333333333334,0.007370613883670197,0.05949804216542284,0.17760557466949967,10.006242193393813,1.0654759930788602,1.0657185051625366,4.440892098500626e-16,0.0,0,0,9.094947017729282e-13,0.6549011290706134,0.0,-0.11422254784280783,4.440892098500626e-16,0.0,2.609024107869118e-15,2.220446049250313e-16
W_amp1.0_T16.0,W,1.0,16.0,6.050000000000001,0.8333333333333334,0.007370613883670197,0.05949804216542284,0.17760557466949967,10.006234692019536,1.0654767282079385,1.065718419130443,4.440892098500626e-16,0.0,0,0,9.094947017729282e-13,0.6549011290706134,0.0,-0.11422254780636476,4.440892098500626e-16,0.0,2.609024107869118e-15,2.220446049250313e-16
W_amp1.0_T16.0,W,1.0,16.0,6.1000000000000005,0.8333333333333334,0.007370613883670197,0.05949804216542284,0.17760557466949967,10.006227217627984,1.0654774464945078,1.065718333171361,4.440892098500626e-16,0.0,0,0,9.094947017729282e-13,0.6549011290706134,0.0,-0.11422254777014529,4.440892098500626e-16,0.0,2.609024107869118e-15,2.220446049250313e-16
W_amp1.0_T16.0,W,1.0,16.0,6.15,0.8333333333333334,0.007370613883670197,0.05949804216542284,0.17760557466949967,10.006219769646004,1.0654781484264875,1.0657182472854891,4.440892098500626e-16,0.0,0,0,1.1368683772161603e-12,0.6549011290706134,0.0,-0.11422254773392604,4.440892098500626e-16,0.0,2.609024107869118e-15,2.220446049250313e-16
W_amp1.0_T16.0,W,1.0,16.0,6.2,0.8333333333333334,0.007370613883670197,0.05949804216542284,0.17760557466949967,10.006212347516968,1.0654788344764454,1.0657181614730193,4.440892098500626e-16,0.0,0,0,9.094947017729282e-13,0.6549011290706134,0.0,-0.11422254769770679,4.440892098500626e-16,0.0,2.609024107869118e-15,2.220446049250313e-16
W_amp1.0_T16.0,W,1.0,16.0,6.25,0.8333333333333334,0.007370613883670197,0.05949804216542284,0.17760557466949967,10.006204950700248,1.0654795051021515,1.065718075734135,4.440892098500626e-16,0.0,0,0,9.094947017729282e-13,0.6549011290706134,0.0,-0.11422254766148732,4.440892098500626e-16,0.0,2.609024107869118e-15,2.220446049250313e-16
W_amp1.0_T16.0,W,1.0,16.0,6.300000000000001,0.8333333333333334,0.007370613883670197,0.05949804216542284,0.17760557466949967,10.006197578670722,1.065480160747106,1.0657179900690101,4.440892098500626e-16,0.0,0,0,9.094947017729282e-13,0.6549011290706134,0.0,-0.11422254762504425,4.440892098500626e-16,0.0,2.609024107869118e-15,2.220446049250313e-16
W_amp1.0_T16.0,W,1.0,16.0,6.3500000000000005,0.8333333333333334,0.007370613883670197,0.05949804216542284,0.17760557466949967,10.006190230918293,1.0654808018410415,1.0657179044778076,4.440892098500626e-16,0.0,0,0,1.3642420526593924e-12,0.6549011290706134,0.0,-0.1142225475886014,4.440892098500626e-16,0.0,2.609024107869118e-15,2.220446049250313e-16
W_amp1.0_T16.0,W,1.0,16.0,6.4,0.8333333333333334,0.007370613883670197,0.05949804216542284,0.17760557466949967,10.006182906947423,1.065481428800409,1.06571781896068,4.440892098500626e-16,0.0,0,0,9.094947017729282e-13,0.6549011290706134,0.0,-0.11422254755238215,4.440892098500626e-16,0.0,2.609024107869118e-15,2.220446049250313e-16
W_amp1.0_T16.0,W,1.0,16.0,6.45,0.8333333333333334,0.007370613883670197,0.05949804216542284,0.17760557466949967,10.006175606276681,1.065482042028841,1.065717733517765,4.440892098500626e-16,0.0,0,0,9.094947017729282e-13,0.6549011290706134,0.0,-0.11422254751616268,4.440892098500626e-16,0.0,2.609024107869118e-15,2.220446049250313e-16
W_amp1.0_T16.0,W,1.0,16.0,6.5,0.8333333333333334,0.007370613883670197,0.05949804216542284,0.17760557466949967,10.00616832843832,1.0654826419175896,1.0657176481491895,4.440892098500626e-16,0.0,0,0,1.3642420526593924e-12,0.6549011290706134,0.0,-0.11422254747949623,4.440892098500626e-16,0.0,2.609024107869118e-15,2.220446049250313e-16
W_amp1.0_T16.0,W,1.0,16.0,6.550000000000001,0.8333333333333334,0.007370613883670197,0.05949804216542284,0.17760557466949967,10.006161072977854,1.0654832288459564,1.0657175628550646,4.440892098500626e-16,0.0,0,0,9.094947017729282e-13,0.6549011290706134,0.0,-0.11422254744305316,4.440892098500626e-16,0.0,2.609024107869118e-15,2.220446049250313e-16
W_amp1.0_T16.0,W,1.0,16.0,6.6000000000000005,0.8333333333333334,0.007370613883670197,0.05949804216542284,0.17760557466949967,10.006153839453646,1.0654838031816964,1.0657174776354879,4.440892098500626e-16,0.0,0,0,1.3642420526593924e-12,0.6549011290706134,0.0,-0.11422254740638671,4.440892098500626e-16,0.0,2.609024107869118e-15,2.220446049250313e-16
W_amp1.0_T16.0,W,1.0,16.0,6.65,0.8333333333333334,0.007370613883670197,0.05949804216542284,0.17760557466949967,10.006146627436529,1.065484365281412,1.0657173924905416,4.440892098500626e-16,0.0,0,0,9.094947017729282e-13,0.6549011290706134,0.0,-0.11422254736994364,4.440892098500626e-16,0.0,2.609024107869118e-15,2.220446049250313e-16
W_amp1.0_T16.0,W,1.0,16.0,6.7,0.8333333333333334,0.007370613883670197,0.05949804216542284,0.17760557466949967,10.006139436509436,1.0654849154909276,1.065717307420292,4.440892098500626e-16,0.0,0,0,9.094947017729282e-13,0.6549011290706134,0.0,-0.11422254733350079,4.440892098500626e-16,0.0,2.609024107869118e-15,2.220446049250313e-16
W_amp1.0_T16.0,W,1.0,16.0,6.75,0.8333333333333334,0.007370613883670197,0.05949804216542284,0.17760557466949967,10.006132266267016,1.0654854541456464,1.0657172224247904,4.440892098500626e-16,0.0,0,0,1.3642420526593924e-12,0.6549011290706134,0.0,-0.11422254729683434,4.440892098500626e-16,0.0,2.609024107869118e-15,2.220446049250313e-16
W_amp1.0_T16.0,W,1.0,16.0,6.800000000000001,0.8333333333333334,0.007370613883670197,0.05949804216542284,0.17760557466949967,10.0061251163153,1.0654859815709015,1.065717137504072,6.661338147750939e-16,0.0,0,0,9.094947017729282e-13,0.6549011290706134,0.0,-0.11422254726016767,4.440892098500626e-16,0.0,2.609024107869118e-15,2.220446049250313e-16
W_amp1.0_T16.0,W,1.0,16.0,6.8500000000000005,0.8333333333333334,0.007370613883670197,0.05949804216542284,0.17760557466949967,10.00611798627135,1.0654864980822838,1.0657170526581572,6.661338147750939e-16,0.0,0,0,9.094947017729282e-13,0.6549011290706134,0.0,-0.11422254722372482,4.440892098500626e-16,0.0,2.609024107869118e-15,2.220446049250313e-16
W_amp1.0_T16.0,W,1.0,16.0,6.9,0.8333333333333334,0.007370613883670197,0.05949804216542284,0.17760557466949967,10.006110875762936,1.0654870039859685,1.0657169678870488,4.440892098500626e-16,0.0,0,0,1.3642420526593924e-12,0.6549011290706134,0.0,-0.11422254718705838,4.440892098500626e-16,0.0,2.609024107869118e-15,2.220446049250313e-16
W_amp1.0_T16.0,W,1.0,16.0,6.95,0.8333333333333334,0.007370613883670197,0.05949804216542284,0.17760557466949967,10.006103784428213,1.0654874995790158,1.0657168831907349,4.440892098500626e-16,0.0,0,0,9.094947017729282e-13,0.6549011290706134,0.0,-0.1142225471508389,4.440892098500626e-16,0.0,2.609024107869118e-15,2.220446049250313e-16
W_amp1.0_T16.0,W,1.0,16.0,7.0,0.8333333333333334,0.007370613883670197,0.05949804216542284,0.17760557466949967,10.006096711915424,1.0654879851496717,1.0657167985691878,6.661338147750939e-16,0.0,0,0,9.094947017729282e-13,0.6549011290706134,0.0,-0.11422254711439583,4.440892098500626e-16,0.0,2.609024107869118e-15,2.220446049250313e-16
W_amp1.0_T16.0,W,1.0,16.0,7.050000000000001,0.8333333333333334,0.007370613883670197,0.05949804216542284,0.17760557466949967,10.006089657882587,1.0654884609776514,1.0657167140223645,6.661338147750939e-16,0.0,0,0,1.3642420526593924e-12,0.6549011290706134,0.0,-0.11422254707772939,4.440892098500626e-16,0.0,2.609024107869118e-15,2.220446049250313e-16
W_amp1.0_T16.0,W,1.0,16.0,7.1000000000000005,0.8333333333333334,0.007370613883670197,0.05949804216542284,0.17760557466949967,10.006082621997221,1.0654889273344155,1.0657166295502054,4.440892098500626e-16,0.0,0,0,9.094947017729282e-13,0.6549011290706134,0.0,-0.11422254704106294,2.220446049250313e-16,0.0,2.609024107869118e-15,2.220446049250313e-16
W_amp1.0_T16.0,W,1.0,16.0,7.15,0.8333333333333334,0.007370613883670197,0.05949804216542284,0.17760557466949967,10.006075603936054,1.0654893844834312,1.065716545152638,4.440892098500626e-16,0.0,0,0,9.094947017729282e-13,0.6549011290706134,0.0,-0.11422254700439649,4.440892098500626e-16,0.0,2.609024107869118e-15,2.220446049250313e-16
W_amp1.0_T16.0,W,1.0,16.0,7.2,0.8333333333333334,0.007370613883670197,0.05949804216542284,0.17760557466949967,10.006068603384765,1.0654898326804327,1.0657164608295724,6.661338147750939e-16,0.0,0,0,9.094947017729282e-13,0.6549011290706134,0.0,-0.11422254696772982,4.440892098500626e-16,0.0,2.609024107869118e-15,2.220446049250313e-16
W_amp1.0_T16.0,W,1.0,16.0,7.25,0.8333333333333334,0.007370613883670197,0.05949804216542284,0.17760557466949967,10.006061620037716,1.0654902721736603,1.0657163765809057,6.661338147750939e-16,0.0,0,0,9.094947017729282e-13,0.6549011290706134,0.0,-0.11422254693106337,4.440892098500626e-16,0.0,2.609024107869118e-15,2.220446049250313e-16
W_amp1.0_T16.0,W,1.0,16.0,7.300000000000001,0.8333333333333334,0.007370613883670197,0.05949804216542284,0.17760557466949967,10.006054653597701,1.0654907032041017,1.0657162924065209,4.440892098500626e-16,0.0,0,0,1.3642420526593924e-12,0.6549011290706134,0.0,-0.11422254689462052,4.440892098500626e-16,0.0,2.609024107869118e-15,2.220446049250313e-16
W_amp1.0_T16.0,W,1.0,16.0,7.3500000000000005,0.8333333333333334,0.007370613883670197,0.05949804216542284,0.17760557466949967,10.006047703775696,1.0654911260057187,1.0657162083062868,6.661338147750939e-16,0.0,0,0,1.3642420526593924e-12,0.6549011290706134,0.0,-0.11422254685795385,4.440892098500626e-16,0.0,2.609024107869118e-15,2.220446049250313e-16
W_amp1.0_T16.0,W,1.0,16.0,7.4,0.8333333333333334,0.007370613883670197,0.05949804216542284,0.17760557466949967,10.006040770290628,1.065491540805668,1.0657161242800584,6.661338147750939e-16,0.0,0,0,9.094947017729282e-13,0.6549011290706134,0.0,-0.11422254682106381,4.440892098500626e-16,0.0,2.609024107869118e-15,2.220446049250313e-16
W_amp1.0_T16.0,W,1.0,16.0,7.45,0.8333333333333334,0.007370613883670197,0.05949804216542284,0.17760557466949967,10.006033852869152,1.065491947824513,1.0657160403276786,8.881784197001252e-16,0.0,0,0,9.094947017729282e-13,0.6549011290706134,0.0,-0.11422254678417354,4.440892098500626e-16,0.0,2.609024107869118e-15,2.220446049250313e-16
W_amp1.0_T16.0,W,1.0,16.0,7.5,0.8333333333333334,0.007370613883670197,0.05949804216542284,0.17760557466949967,10.006026951245403,1.0654923472764306,1.0657159564489773,6.661338147750939e-16,0.0,0,0,1.3642420526593924e-12,0.6549011290706134,0.0,-0.11422254674750731,4.440892098500626e-16,0.0,2.609024107869118e-15,2.220446049250313e-16
W_amp1.0_T16.0,W,1.0,16.0,7.550000000000001,0.8333333333333334,0.007370613883670197,0.05949804216542284,0.17760557466949967,10.006020065160804,1.0654927393694067,1.0657158726437723,4.440892098500626e-16,0.0,0,0,1.3642420526593924e-12,0.6549011290706134,0.0,-0.11422254671106424,4.440892098500626e-16,0.0,2.609024107869118e-15,2.220446049250313e-16
W_amp1.0_T16.0,W,1.0,16.0,7.6000000000000005,0.8333333333333334,0.007370613883670197,0.05949804216542284,0.17760557466949967,10.00601319436385,1.06549312430543,1.0657157889118682,6.661338147750939e-16,0.0,0,0,1.3642420526593924e-12,0.6549011290706134,0.0,-0.11422254667462117,4.440892098500626e-16,0.0,2.609024107869118e-15,2.220446049250313e-16
W_amp1.0_T16.0,W,1.0,16.0,7.65,0.8333333333333334,0.007370613883670197,0.05949804216542284,0.17760557466949967,10.006006338609904,1.0654935022806742,1.0657157052530613,6.661338147750939e-16,0.0,0,0,1.3642420526593924e-12,0.6549011290706134,0.0,-0.11422254663773113,4.440892098500626e-16,0.0,2.609024107869118e-15,2.220446049250313e-16
W_amp1.0_T16.0,W,1.0,16.0,7.7,0.8333333333333334,0.007370613883670197,0.05949804216542284,0.17760557466949967,10.005999497660996,1.0654938734856787,1.065715621667135,6.661338147750939e-16,0.0,0,0,1.3642420526593924e-12,0.6549011290706134,0.0,-0.11422254660128828,4.440892098500626e-16,0.0,2.609024107869118e-15,2.220446049250313e-16
W_amp1.0_T16.0,W,1.0,16.0,7.75,0.8333333333333334,0.007370613883670197,0.05949804216542284,0.17760557466949967,10.005992671285643,1.0654942381055188,1.0657155381538619,6.661338147750939e-16,0.0,0,0,1.3642420526593924e-12,0.6549011290706134,0.0,-0.11422254656462183,0.0,0.0,2.609024107869118e-15,2.220446049250313e-16
W_amp1.0_T16.0,W,1.0,16.0,7.800000000000001,0.8333333333333334,0.007370613883670197,0.05949804216542284,0.17760557466949967,10.00598585925865,1.065494596319972,1.0657154547130072,6.661338147750939e-16,0.0,0,0,9.094947017729282e-13,0.6549011290706134,0.0,-0.11422254652795516,4.440892098500626e-16,0.0,2.609024107869118e-15,2.220446049250313e-16
W_amp1.0_T16.0,W,1.0,16.0,7.8500000000000005,0.8333333333333334,0.007370613883670197,0.05949804216542284,0.17760557466949967,10.005979061360947,1.0654949483036815,1.0657153713443241,6.661338147750939e-16,0.0,0,0,9.094947017729282e-13,0.6549011290706134,0.0,-0.11422254649173569,4.440892098500626e-16,0.0,2.609024107869118e-15,2.220446049250313e-16
W_amp1.0_T16.0,W,1.0,16.0,7.9,0.8333333333333334,0.007370613883670197,0.05949804216542284,0.17760557466949967,10.005972277379401,1.065495294226311,1.065715288047558,6.661338147750939e-16,0.0,0,0,9.094947017729282e-13,0.6549011290706134,0.0,-0.11422254645506946,4.440892098500626e-16,0.0,2.609024107869118e-15,2.220446049250313e-16
W_amp1.0_T16.0,W,1.0,16.0,7.95,0.8333333333333334,0.007370613883670197,0.05949804216542284,0.17760557466949967,10.005965507106659,1.0654956342526911,1.0657152048224459,4.440892098500626e-16,0.0,0,0,9.094947017729282e-13,0.6549011290706134,0.0,-0.11422254641840279,4.440892098500626e-16,0.0,2.609024107869118e-15,2.220446049250313e-16
W_amp1.0_T16.0,W,1.0,16.0,8.0,0.8333333333333334,0.007370613883670197,0.05949804216542284,0.17760557466949967,10.005958750340973,1.0654959685429695,1.0657151216687168,6.661338147750939e-16,0.0,0,0,9.094947017729282e-13,0.6549011290706134,0.0,-0.11422254638195972,4.440892098500626e-16,0.0,2.609024107869118e-15,2.220446049250313e-16
W_amp1.0_T16.0,W,1.0,16.0,8.05,0.8333333333333334,0.007370613883670197,0.05949804216542284,0.17760557466949967,10.005952006886051,1.0654962972527504,1.0657150385860912,4.440892098500626e-16,0.0,0,0,9.094947017729282e-13,0.6549011290706134,0.0,-0.1142225463457407,4.440892098500626e-16,0.0,2.609024107869118e-15,2.220446049250313e-16
W_amp1.0_T16.0,W,1.0,16.0,8.1,0.8333333333333334,0.007370613883670197,0.05949804216542284,0.17760557466949967,10.005945276550902,1.0654966205332295,1.065714955574284,6.661338147750939e-16,0.0,0,0,9.094947017729282e-13,0.6549011290706134,0.0,-0.11422254630907402,4.440892098500626e-16,0.0,2.609024107869118e-15,2.220446049250313e-16
W_amp1.0_T16.0,W,1.0,16.0,8.15,0.8333333333333334,0.007370613883670197,0.05949804216542284,0.17760557466949967,10.005938559149676,1.0654969385313267,1.0657148726330017,8.881784197001252e-16,0.0,0,0,9.094947017729282e-13,0.6549011290706134,0.0,-0.11422254627240735,4.440892098500626e-16,0.0,2.609024107869118e-15,2.220446049250313e-16
W_amp1.0_T16.0,W,1.0,16.0,8.200000000000001,0.8333333333333334,0.007370613883670197,0.05949804216542284,0.17760557466949967,10.00593185450154,1.0654972513898113,1.0657147897619461,6.661338147750939e-16,0.0,0,0,9.094947017729282e-13,0.6549011290706134,0.0,-0.11422254623551731,4.440892098500626e-16,0.0,2.609024107869118e-15,2.220446049250313e-16
W_amp1.0_T16.0,W,1.0,16.0,8.25,0.8333333333333334,0.007370613883670197,0.05949804216542284,0.17760557466949967,10.005925162430518,1.0654975592474274,1.0657147069608128,6.661338147750939e-16,0.0,0,0,1.3642420526593924e-12,0.6549011290706134,0.0,-0.11422254619885064,4.440892098500626e-16,0.0,2.609024107869118e-15,2.220446049250313e-16
W_amp1.0_T16.0,W,1.0,16.0,8.3,0.8333333333333334,0.007370613883670197,0.05949804216542284,0.17760557466949967,10.00591848276536,1.0654978622390137,1.065714624229291,6.661338147750939e-16,0.0,0,0,9.094947017729282e-13,0.6549011290706134,0.0,-0.11422254616196081,4.440892098500626e-16,0.0,2.609024107869118e-15,2.220446049250313e-16
W_amp1.0_T16.0,W,1.0,16.0,8.35,0.8333333333333334,0.007370613883670197,0.05949804216542284,0.17760557466949967,10.005911815339415,1.065498160495616,1.0657145415670666,6.661338147750939e-16,0.0,0,0,9.094947017729282e-13,0.6549011290706134,0.0,-0.11422254612507077,4.440892098500626e-16,0.0,2.609024107869118e-15,2.220446049250313e-16
W_amp1.0_T16.0,W,1.0,16.0,8.4,0.8333333333333334,0.007370613883670197,0.05949804216542284,0.17760557466949967,10.0059051599905,1.0654984541446015,1.0657144589738197,8.881784197001252e-16,0.0,0,0,1.3642420526593924e-12,0.6549011290706134,0.0,-0.1142225460879569,4.440892098500626e-16,0.0,2.609024107869118e-15,2.220446049250313e-16
W_amp1.0_T16.0,W,1.0,16.0,8.450000000000001,0.8333333333333334,0.007370613883670197,0.05949804216542284,0.17760557466949967,10.00589851656077,1.0654987433097671,1.0657143764492272,6.661338147750939e-16,0.0,0,0,9.094947017729282e-13,0.6549011290706134,0.0,-0.11422254605173743,4.440892098500626e-16,0.0,2.609024107869118e-15,2.220446049250313e-16
W_amp1.0_T16.0,W,1.0,16.0,8.5,0.8333333333333334,0.007370613883670197,0.05949804216542284,0.17760557466949967,10.005891884896606,1.065499028111441,1.0657142939929616,8.881784197001252e-16,0.0,0,0,1.3642420526593924e-12,0.6549011290706134,0.0,-0.1142225460148476,4.440892098500626e-16,0.0,2.609024107869118e-15,2.220446049250313e-16
W_amp1.0_T16.0,W,1.0,16.0,8.55,0.8333333333333334,0.007370613883670197,0.05949804216542284,0.17760557466949967,10.005885264848493,1.0654993086665883,1.065714211604692,8.881784197001252e-16,0.0,0,0,9.094947017729282e-13,0.6549011290706134,0.0,-0.11422254597795756,4.440892098500626e-16,0.0,2.609024107869118e-15,2.220446049250313e-16
W_amp1.0_T16.0,W,1.0,16.0,8.6,0.8333333333333334,0.007370613883670197,0.05949804216542284,0.17760557466949967,10.005878656270902,1.0654995850889057,1.065714129284085,8.881784197001252e-16,0.0,0,0,9.094947017729282e-13,0.6549011290706134,0.0,-0.11422254594129089,4.440892098500626e-16,0.0,2.609024107869118e-15,2.220446049250313e-16
W_amp1.0_T16.0,W,1.0,16.0,8.65,0.8333333333333334,0.007370613883670197,0.05949804216542284,0.17760557466949967,10.005872059022185,1.0654998574889216,1.0657140470308053,8.881784197001252e-16,0.0,0,0,9.094947017729282e-13,0.6549011290706134,0.0,-0.11422254590462422,4.440892098500626e-16,0.0,2.609024107869118e-15,2.220446049250313e-16
W_amp1.0_T16.0,W,1.0,16.0,8.700000000000001,0.8333333333333334,0.007370613883670197,0.05949804216542284,0.17760557466949967,10.00586547296447,1.0655001259740815,1.0657139648445129,6.661338147750939e-16,0.0,0,0,9.094947017729282e-13,0.6549011290706134,0.0,-0.11422254586818137,4.440892098500626e-16,0.0,2.609024107869118e-15,2.220446049250313e-16
W_amp1.0_T16.0,W,1.0,16.0,8.75,0.8333333333333334,0.007370613883670197,0.05949804216542284,0.17760557466949967,10.005858897963538,1.0655003906488436,1.0657138827248687,8.881784197001252e-16,0.0,0,0,9.094947017729282e-13,0.6549011290706134,0.0,-0.11422254583129132,4.440892098500626e-16,0.0,2.609024107869118e-15,2.220446049250313e-16
W_amp1.0_T16.0,W,1.0,16.0,8.8,0.8333333333333334,0.007370613883670197,0.05949804216542284,0.17760557466949967,10.005852333888754,1.0655006516147627,1.0657138006715299,8.881784197001252e-16,0.0,0,0,1.3642420526593924e-12,0.6549011290706134,0.0,-0.11422254579462487,4.440892098500626e-16,0.0,2.609024107869118e-15,2.220446049250313e-16
W_amp1.0_T16.0,W,1.0,16.0,8.85,0.8333333333333334,0.007370613883670197,0.05949804216542284,0.17760557466949967,10.00584578061294,1.0655009089705718,1.0657137186841539,8.881784197001252e-16,0.0,0,0,9.094947017729282e-13,0.6549011290706134,0.0,-0.1142225457577346,4.440892098500626e-16,0.0,2.609024107869118e-15,2.220446049250313e-16
W_amp1.0_T16.0,W,1.0,16.0,8.9,0.8333333333333334,0.007370613883670197,0.05949804216542284,0.17760557466949967,10.005839238012289,1.0655011628122697,1.065713636762396,6.661338147750939e-16,0.0,0,0,1.3642420526593924e-12,0.6549011290706134,0.0,-0.11422254572084456,4.440892098500626e-16,0.0,2.609024107869118e-15,2.220446049250313e-16
W_amp1.0_T16.0,W,1.0,16.0,8.950000000000001,0.8333333333333334,0.007370613883670197,0.05949804216542284,0.17760557466949967,10.005832705966277,1.0655014132331928,1.065713554905913,6.661338147750939e-16,0.0,0,0,9.094947017729282e-13,0.6549011290706134,0.0,-0.11422254568373091,4.440892098500626e-16,0.0,2.609024107869118e-15,2.220446049250313e-16
W_amp1.0_T16.0,W,1.0,16.0,9.0,0.8333333333333334,0.007370613883670197,0.05949804216542284,0.17760557466949967,10.005826184357563,1.0655016603240957,1.0657134731143585,8.881784197001252e-16,0.0,0,0,1.3642420526593924e-12,0.6549011290706134,0.0,-0.11422254564684087,4.440892098500626e-16,0.0,2.609024107869118e-15,2.220446049250313e-16
W_amp1.0_T16.0,W,1.0,16.0,9.05,0.8333333333333334,0.007370613883670197,0.05949804216542284,0.17760557466949967,10.005819673071912,1.0655019041732252,1.0657133913873884,8.881784197001252e-16,0.0,0,0,9.094947017729282e-13,0.6549011290706134,0.0,-0.11422254560995082,4.440892098500626e-16,0.0,2.609024107869118e-15,2.220446049250313e-16
W_amp1.0_T16.0,W,1.0,16.0,9.1,0.8333333333333334,0.007370613883670197,0.05949804216542284,0.17760557466949967,10.005813171998101,1.0655021448663915,1.0657133097246576,8.881784197001252e-16,0.0,0,0,9.094947017729282e-13,0.6549011290706134,0.0,-0.11422254557306055,4.440892098500626e-16,0.0,2.609024107869118e-15,2.220446049250313e-16
W_amp1.0_T16.0,W,1.0,16.0,9.15,0.8333333333333334,0.007370613883670197,0.05949804216542284,0.17760557466949967,10.005806681027838,1.0655023824870369,1.0657132281258224,8.881784197001252e-16,0.0,0,0,9.094947017729282e-13,0.6549011290706134,0.0,-0.1142225455363941,4.440892098500626e-16,0.0,2.609024107869118e-15,2.220446049250313e-16
W_amp1.0_T16.0,W,1.0,16.0,9.200000000000001,0.8333333333333334,0.007370613883670197,0.05949804216542284,0.17760557466949967,10.005800200055692,1.0655026171163036,1.0657131465905387,8.881784197001252e-16,0.0,0,0,9.094947017729282e-13,0.6549011290706134,0.0,-0.11422254549972766,4.440892098500626e-16,0.0,2.609024107869118e-15,2.220446049250313e-16
W_amp1.0_T16.0,W,1.0,16.0,9.25,0.8333333333333334,0.007370613883670197,0.05949804216542284,0.17760557466949967,10.00579372897899,1.0655028488331018,1.0657130651184645,8.881784197001252e-16,0.0,0,0,9.094947017729282e-13,0.6549011290706134,0.0,-0.11422254546283761,4.440892098500626e-16,0.0,2.609024107869118e-15,2.220446049250313e-16
W_amp1.0_T16.0,W,1.0,16.0,9.3,0.8333333333333334,0.007370613883670197,0.05949804216542284,0.17760557466949967,10.005787267697773,1.0655030777141696,1.065712983709259,8.881784197001252e-16,0.0,0,0,9.094947017729282e-13,0.6549011290706134,0.0,-0.11422254542550037,4.440892098500626e-16,0.0,2.609024107869118e-15,2.220446049250313e-16
W_amp1.0_T16.0,W,1.0,16.0,9.35,0.8333333333333334,0.007370613883670197,0.05949804216542284,0.17760557466949967,10.005780816114697,1.0655033038341355,1.0657129023625824,8.881784197001252e-16,0.0,0,0,9.094947017729282e-13,0.6549011290706134,0.0,-0.1142225453886101,4.440892098500626e-16,0.0,2.609024107869118e-15,2.220446049250313e-16
W_amp1.0_T16.0,W,1.0,16.0,9.4,0.8333333333333334,0.007370613883670197,0.05949804216542284,0.17760557466949967,10.005774374134973,1.0655035272655813,1.0657128210780975,8.881784197001252e-16,0.0,0,0,1.3642420526593924e-12,0.6549011290706134,0.0,-0.11422254535194365,4.440892098500626e-16,0.0,2.609024107869118e-15,2.220446049250313e-16
W_amp1.0_T16.0,W,1.0,16.0,9.450000000000001,0.8333333333333334,0.007370613883670197,0.05949804216542284,0.17760557466949967,10.005767941666296,1.0655037480790968,1.0657127398554676,8.881784197001252e-16,0.0,0,0,9.094947017729282e-13,0.6549011290706134,0.0,-0.1142225453152772,4.440892098500626e-16,0.0,2.609024107869118e-15,2.220446049250313e-16
W_amp1.0_T16.0,W,1.0,16.0,9.5,0.8333333333333334,0.007370613883670197,0.05949804216542284,0.17760557466949967,10.005761518618774,1.0655039663433366,1.0657126586943593,8.881784197001252e-16,0.0,0,0,9.094947017729282e-13,0.6549011290706134,0.0,-0.11422254527838716,4.440892098500626e-16,0.0,2.609024107869118e-15,2.220446049250313e-16
W_amp1.0_T16.0,W,1.0,16.0,9.55,0.8333333333333334,0.007370613883670197,0.05949804216542284,0.17760557466949967,10.005755104904868,1.0655041821250744,1.0657125775944416,8.881784197001252e-16,0.0,0,0,1.3642420526593924e-12,0.6549011290706134,0.0,-0.11422254524149689,4.440892098500626e-16,0.0,2.609024107869118e-15,2.220446049250313e-16
W_amp1.0_T16.0,W,1.0,16.0,9.600000000000001,0.8333333333333334,0.007370613883670197,0.05949804216542284,0.17760557466949967,10.00574870043932,1.065504395489258,1.0657124965553852,8.881784197001252e-16,0.0,0,0,9.094947017729282e-13,0.6549011290706134,0.0,-0.11422254520483044,4.440892098500626e-16,0.0,2.609024107869118e-15,2.220446049250313e-16
W_amp1.0_T16.0,W,1.0,16.0,9.65,0.8333333333333334,0.007370613883670197,0.05949804216542284,0.17760557466949967,10.005742305139094,1.0655046064990596,1.065712415576864,8.881784197001252e-16,0.0,0,0,1.3642420526593924e-12,0.6549011290706134,0.0,-0.11422254516771657,4.440892098500626e-16,0.0,2.609024107869118e-15,2.220446049250313e-16
W_amp1.0_T16.0,W,1.0,16.0,9.700000000000001,0.8333333333333334,0.007370613883670197,0.05949804216542284,0.17760557466949967,10.005735918923321,1.0655048152159243,1.0657123346585555,8.881784197001252e-16,0.0,0,0,1.3642420526593924e-12,0.6549011290706134,0.0,-0.11422254513082675,4.440892098500626e-16,0.0,2.609024107869118e-15,2.220446049250313e-16
W_amp1.0_T16.0,W,1.0,16.0,9.75,0.8333333333333334,0.007370613883670197,0.05949804216542284,0.17760557466949967,10.005729541713237,1.0655050216996205,1.0657122538001387,8.881784197001252e-16,0.0,0,0,9.094947017729282e-13,0.6549011290706134,0.0,-0.1142225450937131,4.440892098500626e-16,0.0,2.609024107869118e-15,2.220446049250313e-16
W_amp1.0_T16.0,W,1.0,16.0,9.8,0.8333333333333334,0.007370613883670197,0.05949804216542284,0.17760557466949967,10.005723173432115,1.0655052260082862,1.0657121730012968,8.881784197001252e-16,0.0,0,0,1.3642420526593924e-12,0.6549011290706134,0.0,-0.11422254505704643,4.440892098500626e-16,0.0,2.609024107869118e-15,2.220446049250313e-16
W_amp1.0_T16.0,W,1.0,16.0,9.850000000000001,0.8333333333333334,0.007370613883670197,0.05949804216542284,0.17760557466949967,10.005716814005233,1.0655054281984735,1.0657120922617167,8.881784197001252e-16,0.0,0,0,9.094947017729282e-13,0.6549011290706134,0.0,-0.11422254502015639,4.440892098500626e-16,0.0,2.609024107869118e-15,2.220446049250313e-16
W_amp1.0_T16.0,W,1.0,16.0,9.9,0.8333333333333334,0.007370613883670197,0.05949804216542284,0.17760557466949967,10.00571046335979,1.0655056283251956,1.065712011581088,8.881784197001252e-16,0.0,0,0,1.3642420526593924e-12,0.6549011290706134,0.0,-0.11422254498304252,4.440892098500626e-16,0.0,2.609024107869118e-15,2.220446049250313e-16
W_amp1.0_T16.0,W,1.0,16.0,9.950000000000001,0.8333333333333334,0.007370613883670197,0.05949804216542284,0.17760557466949967,10.005704121424886,1.0655058264419666,1.065711930959104,8.881784197001252e-16,0.0,0,0,9.094947017729282e-13,0.6549011290706134,0.0,-0.11422254494592887,2.220446049250313e-16,0.0,2.609024107869118e-15,2.220446049250313e-16
W_amp1.0_T16.0,W,1.0,16.0,10.0,0.8333333333333334,0.007370613883670197,0.05949804216542284,0.17760557466949967,10.005697788131442,1.0655060226008457,1.0657118503954623,8.881784197001252e-16,0.0,0,0,1.3642420526593924e-12,0.6549011290706134,0.0,-0.11422254490881545,4.440892098500626e-16,0.0,2.609024107869118e-15,2.220446049250313e-16
W_amp1.0_T16.0,W,1.0,16.0,10.05,0.8333333333333334,0.007370613883670197,0.05949804216542284,0.17760557466949967,10.00569146341217,1.0655062168524767,1.0657117698898637,8.881784197001252e-16,0.0,0,0,1.3642420526593924e-12,0.6549011290706134,0.0,-0.11422254487192518,4.440892098500626e-16,0.0,2.609024107869118e-15,2.220446049250313e-16
W_amp1.0_T16.0,W,1.0,16.0,10.100000000000001,0.8333333333333334,0.007370613883670197,0.05949804216542284,0.17760557466949967,10.005685147201515,1.0655064092461273,1.065711689442013,8.881784197001252e-16,0.0,0,0,1.3642420526593924e-12,0.6549011290706134,0.0,-0.11422254483503513,4.440892098500626e-16,0.0,2.609024107869118e-15,2.220446049250313e-16
W_amp1.0_T16.0,W,1.0,16.0,10.15,0.8333333333333334,0.007370613883670197,0.05949804216542284,0.17760557466949967,10.005678839435603,1.065506599829727,1.0657116090516197,8.881784197001252e-16,0.0,0,0,1.3642420526593924e-12,0.6549011290706134,0.0,-0.11422254479814486,4.440892098500626e-16,0.0,2.609024107869118e-15,2.220446049250313e-16
W_amp1.0_T16.0,W,1.0,16.0,10.200000000000001,0.8333333333333334,0.007370613883670197,0.05949804216542284,0.17760557466949967,10.00567254005222,1.0655067886499052,1.065711528718397,8.881784197001252e-16,0.0,0,0,1.3642420526593924e-12,0.6549011290706134,0.0,-0.11422254476103122,4.440892098500626e-16,0.0,2.609024107869118e-15,2.220446049250313e-16
W_amp1.0_T16.0,W,1.0,16.0,10.25,0.8333333333333334,0.007370613883670197,0.05949804216542284,0.17760557466949967,10.005666248990735,1.0655069757520264,1.0657114484420624,8.881784197001252e-16,0.0,0,0,1.3642420526593924e-12,0.6549011290706134,0.0,-0.11422254472391757,4.440892098500626e-16,0.0,2.609024107869118e-15,2.220446049250313e-16
W_amp1.0_T16.0,W,1.0,16.0,10.3,0.8333333333333334,0.007370613883670197,0.05949804216542284,0.17760557466949967,10.005659966192082,1.0655071611802258,1.0657113682223383,8.881784197001252e-16,0.0,0,0,1.3642420526593924e-12,0.6549011290706134,0.0,-0.11422254468680415,4.440892098500626e-16,0.0,2.609024107869118e-15,2.220446049250313e-16
W_amp1.0_T16.0,W,1.0,16.0,10.350000000000001,0.8333333333333334,0.007370613883670197,0.05949804216542284,0.17760557466949967,10.005653691598699,1.0655073449774424,1.0657112880589503,8.881784197001252e-16,0.0,0,0,1.3642420526593924e-12,0.6549011290706134,0.0,-0.11422254465013748,4.440892098500626e-16,0.0,2.609024107869118e-15,2.220446049250313e-16
W_amp1.0_T16.0,W,1.0,16.0,10.4,0.8333333333333334,0.007370613883670197,0.05949804216542284,0.17760557466949967,10.005647425154507,1.065507527185452,1.06571120795163,8.881784197001252e-16,0.0,0,0,9.094947017729282e-13,0.6549011290706134,0.0,-0.11422254461369441,4.440892098500626e-16,0.0,2.609024107869118e-15,2.220446049250313e-16
W_amp1.0_T16.0,W,1.0,16.0,10.450000000000001,0.8333333333333334,0.007370613883670197,0.05949804216542284,0.17760557466949967,10.005641166804848,1.0655077078449016,1.0657111279001121,8.881784197001252e-16,0.0,0,0,9.094947017729282e-13,0.6549011290706134,0.0,-0.11422254457680436,4.440892098500626e-16,0.0,2.609024107869118e-15,2.220446049250313e-16
W_amp1.0_T16.0,W,1.0,16.0,10.5,0.8333333333333334,0.007370613883670197,0.05949804216542284,0.17760557466949967,10.005634916496469,1.0655078869953367,1.0657110479041378,8.881784197001252e-16,0.0,0,0,9.094947017729282e-13,0.6549011290706134,0.0,-0.11422254453991432,4.440892098500626e-16,0.0,2.609024107869118e-15,2.220446049250313e-16
W_amp1.0_T16.0,W,1.0,16.0,10.55,0.8333333333333334,0.007370613883670197,0.05949804216542284,0.17760557466949967,10.005628674177466,1.065508064675235,1.0657109679634509,8.881784197001252e-16,0.0,0,0,9.094947017729282e-13,0.6549011290706134,0.0,-0.11422254450324787,4.440892098500626e-16,0.0,2.609024107869118e-15,2.220446049250313e-16
W_amp1.0_T16.0,W,1.0,16.0,10.600000000000001,0.8333333333333334,0.007370613883670197,0.05949804216542284,0.17760557466949967,10.005622439797257,1.065508240922034,1.0657108880778006,8.881784197001252e-16,0.0,0,0,9.094947017729282e-13,0.6549011290706134,0.0,-0.1142225444665812,4.440892098500626e-16,0.0,2.609024107869118e-15,2.220446049250313e-16
W_amp1.0_T16.0,W,1.0,16.0,10.65,0.8333333333333334,0.007370613883670197,0.05949804216542284,0.17760557466949967,10.005616213306546,1.0655084157721597,1.065710808246942,8.881784197001252e-16,0.0,0,0,1.3642420526593924e-12,0.6549011290706134,0.0,-0.11422254443013835,2.220446049250313e-16,0.0,2.609024107869118e-15,2.220446049250313e-16
W_amp1.0_T16.0,W,1.0,16.0,10.700000000000001,0.8333333333333334,0.007370613883670197,0.05949804216542284,0.17760557466949967,10.005609994657284,1.065508589261055,1.0657107284706335,8.881784197001252e-16,0.0,0,0,1.3642420526593924e-12,0.6549011290706134,0.0,-0.1142225443934719,4.440892098500626e-16,0.0,2.609024107869118e-15,2.220446049250313e-16
W_amp1.0_T16.0,W,1.0,16.0,10.75,0.8333333333333334,0.007370613883670197,0.05949804216542284,0.17760557466949967,10.005603783802638,1.0655087614232055,1.0657106487486396,8.881784197001252e-16,0.0,0,0,9.094947017729282e-13,0.6549011290706134,0.0,-0.11422254435702883,2.220446049250313e-16,0.0,2.609024107869118e-15,2.220446049250313e-16
W_amp1.0_T16.0,W,1.0,16.0,10.8,0.8333333333333334,0.007370613883670197,0.05949804216542284,0.17760557466949967,10.005597580696962,1.0655089322921663,1.0657105690807291,8.881784197001252e-16,0.0,0,0,9.094947017729282e-13,0.6549011290706134,0.0,-0.11422254432058598,4.440892098500626e-16,0.0,2.609024107869118e-15,2.220446049250313e-16
W_amp1.0_T16.0,W,1.0,16.0,10.850000000000001,0.8333333333333334,0.007370613883670197,0.05949804216542284,0.17760557466949967,10.005591385295759,1.065509101900588,1.0657104894666758,8.881784197001252e-16,0.0,0,0,9.094947017729282e-13,0.6549011290706134,0.0,-0.11422254428436651,4.440892098500626e-16,0.0,2.609024107869118e-15,2.220446049250313e-16
W_amp1.0_T16.0,W,1.0,16.0,10.9,0.8333333333333334,0.007370613883670197,0.05949804216542284,0.17760557466949967,10.005585197555645,1.06550927028024,1.0657104099062589,8.881784197001252e-16,0.0,0,0,1.3642420526593924e-12,0.6549011290706134,0.0,-0.11422254424770006,4.440892098500626e-16,0.0,2.609024107869118e-15,2.220446049250313e-16
W_amp1.0_T16.0,W,1.0,16.0,10.950000000000001,0.8333333333333334,0.007370613883670197,0.05949804216542284,0.17760557466949967,10.00557901743434,1.0655094374620386,1.065710330399261,1.3322676295501878e-15,0.0,0,0,9.094947017729282e-13,0.6549011290706134,0.0,-0.114222544211257,4.440892098500626e-16,0.0,2.609024107869118e-15,2.220446049250313e-16
W_amp1.0_T16.0,W,1.0,16.0,11.0,0.8333333333333334,0.007370613883670197,0.05949804216542284,0.17760557466949967,10.005572844890612,1.0655096034760638,1.0657102509454712,8.881784197001252e-16,0.0,0,0,9.094947017729282e-13,0.6549011290706134,0.0,-0.11422254417481414,4.440892098500626e-16,0.0,2.609024107869118e-15,2.220446049250313e-16
W_amp1.0_T16.0,W,1.0,16.0,11.05,0.8333333333333334,0.007370613883670197,0.05949804216542284,0.17760557466949967,10.00556667988427,1.0655097683515868,1.0657101715446835,1.1102230246251565e-15,0.0,0,0,1.3642420526593924e-12,0.6549011290706134,0.0,-0.11422254413814747,4.440892098500626e-16,0.0,2.609024107869118e-15,2.220446049250313e-16
W_amp1.0_T16.0,W,1.0,16.0,11.100000000000001,0.8333333333333334,0.007370613883670197,0.05949804216542284,0.17760557466949967,10.005560522376125,1.0655099321170898,1.065710092196697,1.1102230246251565e-15,0.0,0,0,1.3642420526593924e-12,0.6549011290706134,0.0,-0.11422254410148125,4.440892098500626e-16,0.0,2.609024107869118e-15,2.220446049250313e-16
W_amp1.0_T16.0,W,1.0,16.0,11.15,0.8333333333333334,0.007370613883670197,0.05949804216542284,0.17760557466949967,10.00555437232796,1.0655100948002887,1.0657100129013153,1.1102230246251565e-15,0.0,0,0,9.094947017729282e-13,0.6549011290706134,0.0,-0.11422254406503818,4.440892098500626e-16,0.0,2.609024107869118e-15,2.220446049250313e-16
W_amp1.0_T16.0,W,1.0,16.0,11.200000000000001,0.8333333333333334,0.007370613883670197,0.05949804216542284,0.17760557466949967,10.005548229702521,1.0655102564281538,1.0657099336583469,1.3322676295501878e-15,0.0,0,0,9.094947017729282e-13,0.6549011290706134,0.0,-0.11422254402837151,4.440892098500626e-16,0.0,2.609024107869118e-15,2.220446049250313e-16
W_amp1.0_T16.0,W,1.0,16.0,11.25,0.8333333333333334,0.007370613883670197,0.05949804216542284,0.17760557466949967,10.005542094463461,1.0655104170269303,1.0657098544676054,1.1102230246251565e-15,0.0,0,0,9.094947017729282e-13,0.6549011290706134,0.0,-0.11422254399192888,4.440892098500626e-16,0.0,2.609024107869118e-15,2.220446049250313e-16
W_amp1.0_T16.0,W,1.0,16.0,11.3,0.8333333333333334,0.007370613883670197,0.05949804216542284,0.17760557466949967,10.005535966575357,1.0655105766221564,1.0657097753289104,8.881784197001252e-16,0.0,0,0,9.094947017729282e-13,0.6549011290706134,0.0,-0.11422254395593301,4.440892098500626e-16,0.0,2.609024107869118e-15,2.220446049250313e-16
W_amp1.0_T16.0,W,1.0,16.0,11.350000000000001,0.8333333333333334,0.007370613883670197,0.05949804216542284,0.17760557466949967,10.00552984600364,1.0655107352386837,1.0657096962420851,1.3322676295501878e-15,0.0,0,0,9.094947017729282e-13,0.6549011290706134,0.0,-0.11422254392016051,4.440892098500626e-16,0.0,2.609024107869118e-15,2.220446049250313e-16
W_amp1.0_T16.0,W,1.0,16.0,11.4,0.8333333333333334,0.007370613883670197,0.05949804216542284,0.17760557466949967,10.005523732714604,1.065510892900696,1.0657096172069584,1.3322676295501878e-15,0.0,0,0,9.094947017729282e-13,0.6549011290706134,0.0,-0.11422254388371789,4.440892098500626e-16,0.0,2.609024107869118e-15,2.220446049250313e-16
W_amp1.0_T16.0,W,1.0,16.0,11.450000000000001,0.8333333333333334,0.007370613883670197,0.05949804216542284,0.17760557466949967,10.005517626675378,1.0655110496317275,1.0657095382233646,1.1102230246251565e-15,0.0,0,0,9.094947017729282e-13,0.6549011290706134,0.0,-0.11422254384727482,4.440892098500626e-16,0.0,2.609024107869118e-15,2.220446049250313e-16
W_amp1.0_T16.0,W,1.0,16.0,11.5,0.8333333333333334,0.007370613883670197,0.05949804216542284,0.17760557466949967,10.005511527853884,1.0655112054546774,1.0657094592911425,1.1102230246251565e-15,0.0,0,0,9.094947017729282e-13,0.6549011290706134,0.0,-0.11422254381127894,4.440892098500626e-16,0.0,2.609024107869118e-15,2.220446049250313e-16
W_amp1.0_T16.0,W,1.0,16.0,11.55,0.8333333333333334,0.007370613883670197,0.05949804216542284,0.17760557466949967,10.005505436218845,1.0655113603918323,1.065709380410135,1.1102230246251565e-15,0.0,0,0,9.094947017729282e-13,0.6549011290706134,0.0,-0.11422254377528329,4.440892098500626e-16,0.0,2.609024107869118e-15,2.220446049250313e-16
W_amp1.0_T16.0,W,1.0,16.0,11.600000000000001,0.8333333333333334,0.007370613883670197,0.05949804216542284,0.17760557466949967,10.00549935173974,1.0655115144648781,1.0657093015801915,1.1102230246251565e-15,0.0,0,0,1.3642420526593924e-12,0.6549011290706134,0.0,-0.11422254373884022,4.440892098500626e-16,0.0,2.609024107869118e-15,2.220446049250313e-16
W_amp1.0_T16.0,W,1.0,16.0,11.65,0.8333333333333334,0.007370613883670197,0.05949804216542284,0.17760557466949967,10.005493274386788,1.0655116676949186,1.065709222801166,1.3322676295501878e-15,0.0,0,0,9.094947017729282e-13,0.6549011290706134,0.0,-0.11422254370284435,4.440892098500626e-16,0.0,2.609024107869118e-15,2.220446049250313e-16
W_amp1.0_T16.0,W,1.0,16.0,11.700000000000001,0.8333333333333334,0.007370613883670197,0.05949804216542284,0.17760557466949967,10.00548720413094,1.065511820102492,1.065709144072916,1.3322676295501878e-15,0.0,0,0,9.094947017729282e-13,0.6549011290706134,0.0,-0.1142225436670723,4.440892098500626e-16,0.0,2.609024107869118e-15,2.220446049250313e-16
W_amp1.0_T16.0,W,1.0,16.0,11.75,0.8333333333333334,0.007370613883670197,0.05949804216542284,0.17760557466949967,10.005481140943846,1.0655119717075827,1.0657090653953052,1.3322676295501878e-15,0.0,0,0,9.094947017729282e-13,0.6549011290706134,0.0,-0.11422254363085282,4.440892098500626e-16,0.0,2.609024107869118e-15,2.220446049250313e-16
W_amp1.0_T16.0,W,1.0,16.0,11.8,0.8333333333333334,0.007370613883670197,0.05949804216542284,0.17760557466949967,10.005475084797848,1.0655121225296385,1.0657089867682021,1.1102230246251565e-15,0.0,0,0,9.094947017729282e-13,0.6549011290706134,0.0,-0.11422254359508055,4.440892098500626e-16,0.0,2.609024107869118e-15,2.220446049250313e-16
W_amp1.0_T16.0,W,1.0,16.0,11.850000000000001,0.8333333333333334,0.007370613883670197,0.05949804216542284,0.17760557466949967,10.005469035665945,1.065512272587585,1.0657089081914803,1.1102230246251565e-15,0.0,0,0,1.3642420526593924e-12,0.6549011290706134,0.0,-0.1142225435597557,4.440892098500626e-16,0.0,2.609024107869118e-15,2.220446049250313e-16
W_amp1.0_T16.0,W,1.0,16.0,11.9,0.8333333333333334,0.007370613883670197,0.05949804216542284,0.17760557466949967,10.005462993521789,1.0655124218998395,1.0657088296650166,8.881784197001252e-16,0.0,0,0,9.094947017729282e-13,0.6549011290706134,0.0,-0.11422254352375982,4.440892098500626e-16,0.0,2.609024107869118e-15,2.220446049250313e-16
W_amp1.0_T16.0,W,1.0,16.0,11.950000000000001,0.8333333333333334,0.007370613883670197,0.05949804216542284,0.17760557466949967,10.005456958339666,1.065512570484326,1.0657087511886938,1.3322676295501878e-15,0.0,0,0,9.094947017729282e-13,0.6549011290706134,0.0,-0.11422254348776417,4.440892098500626e-16,0.0,2.609024107869118e-15,2.220446049250313e-16
W_amp1.0_T16.0,W,1.0,16.0,12.0,0.8333333333333334,0.007370613883670197,0.05949804216542284,0.17760557466949967,10.005450930094474,1.065512718358485,1.065708672762399,1.1102230246251565e-15,0.0,0,0,9.094947017729282e-13,0.6549011290706134,0.0,-0.1142225434519919,2.220446049250313e-16,0.0,2.609024107869118e-15,2.220446049250313e-16
W_amp1.0_T16.0,W,1.0,16.0,12.05,0.8333333333333334,0.007370613883670197,0.05949804216542284,0.17760557466949967,10.005444908761703,1.065512865539289,1.0657085943860243,1.3322676295501878e-15,0.0,0,0,1.3642420526593924e-12,0.6549011290706134,0.0,-0.114222543416443,4.440892098500626e-16,0.0,2.609024107869118e-15,2.220446049250313e-16
W_amp1.0_T16.0,W,1.0,16.0,12.100000000000001,0.8333333333333334,0.007370613883670197,0.05949804216542284,0.17760557466949967,10.00543889431744,1.065513012043254,1.0657085160594664,1.1102230246251565e-15,0.0,0,0,1.3642420526593924e-12,0.6549011290706134,0.0,-0.11422254338089455,4.440892098500626e-16,0.0,2.609024107869118e-15,2.220446049250313e-16
W_amp1.0_T16.0,W,1.0,16.0,12.15,0.8333333333333334,0.007370613883670197,0.05949804216542284,0.17760557466949967,10.005432886738314,1.0655131578864552,1.0657084377826258,1.1102230246251565e-15,0.0,0,0,9.094947017729282e-13,0.6549011290706134,0.0,-0.11422254334579285,4.440892098500626e-16,0.0,2.609024107869118e-15,2.220446049250313e-16
W_amp1.0_T16.0,W,1.0,16.0,12.200000000000001,0.8333333333333334,0.007370613883670197,0.05949804216542284,0.17760557466949967,10.005426886001525,1.0655133030845307,1.0657083595554089,1.3322676295501878e-15,0.0,0,0,9.094947017729282e-13,0.6549011290706134,0.0,-0.114222543310468,4.440892098500626e-16,0.0,2.609024107869118e-15,2.220446049250313e-16
W_amp1.0_T16.0,W,1.0,16.0,12.25,0.8333333333333334,0.007370613883670197,0.05949804216542284,0.17760557466949967,10.0054208920848,1.065513447652703,1.0657082813777254,1.3322676295501878e-15,0.0,0,0,9.094947017729282e-13,0.6549011290706134,0.0,-0.1142225432753663,2.220446049250313e-16,0.0,2.609024107869118e-15,2.220446049250313e-16
W_amp1.0_T16.0,W,1.0,16.0,12.3,0.8333333333333334,0.007370613883670197,0.05949804216542284,0.17760557466949967,10.005414904966388,1.0655135916057847,1.06570820324949,1.3322676295501878e-15,0.0,0,0,9.094947017729282e-13,0.6549011290706134,0.0,-0.11422254324004144,2.220446049250313e-16,0.0,2.609024107869118e-15,2.220446049250313e-16
W_amp1.0_T16.0,W,1.0,16.0,12.350000000000001,0.8333333333333334,0.007370613883670197,0.05949804216542284,0.17760557466949967,10.00540892462504,1.065513734958188,1.0657081251706217,1.1102230246251565e-15,0.0,0,0,9.094947017729282e-13,0.6549011290706134,0.0,-0.11422254320493974,4.440892098500626e-16,0.0,2.609024107869118e-15,2.220446049250313e-16
W_amp1.0_T16.0,W,1.0,16.0,12.4,0.8333333333333334,0.007370613883670197,0.05949804216542284,0.17760557466949967,10.005402951040008,1.0655138777239384,1.065708047141044,1.1102230246251565e-15,0.0,0,0,1.3642420526593924e-12,0.6549011290706134,0.0,-0.11422254317050906,4.440892098500626e-16,0.0,2.609024107869118e-15,2.220446049250313e-16
W_amp1.0_T16.0,W,1.0,16.0,12.450000000000001,0.8333333333333334,0.007370613883670197,0.05949804216542284,0.17760557466949967,10.00539698419102,1.0655140199166855,1.0657079691606848,1.1102230246251565e-15,0.0,0,0,9.094947017729282e-13,0.6549011290706134,0.0,-0.1142225431351842,4.440892098500626e-16,0.0,2.609024107869118e-15,2.220446049250313e-16
W_amp1.0_T16.0,W,1.0,16.0,12.5,0.8333333333333334,0.007370613883670197,0.05949804216542284,0.17760557466949967,10.005391024058268,1.065514161549712,1.0657078912294755,1.3322676295501878e-15,0.0,0,0,9.094947017729282e-13,0.6549011290706134,0.0,-0.1142225431007533,4.440892098500626e-16,0.0,2.609024107869118e-15,2.220446049250313e-16
W_amp1.0_T16.0,W,1.0,16.0,12.55,0.8333333333333334,0.007370613883670197,0.05949804216542284,0.17760557466949967,10.0053850706224,1.065514302635941,1.0657078133473528,1.3322676295501878e-15,0.0,0,0,9.094947017729282e-13,0.6549011290706134,0.0,-0.11422254306587543,4.440892098500626e-16,0.0,2.609024107869118e-15,2.220446049250313e-16
W_amp1.0_T16.0,W,1.0,16.0,12.600000000000001,0.8333333333333334,0.007370613883670197,0.05949804216542284,0.17760557466949967,10.005379123864508,1.06551444318795,1.065707735514257,1.3322676295501878e-15,0.0,0,0,1.3642420526593924e-12,0.6549011290706134,0.0,-0.11422254303144452,4.440892098500626e-16,0.0,2.609024107869118e-15,2.220446049250313e-16
W_amp1.0_T16.0,W,1.0,16.0,12.65,0.8333333333333334,0.007370613883670197,0.05949804216542284,0.17760557466949967,10.005373183766109,1.065514583217976,1.0657076577301328,1.1102230246251565e-15,0.0,0,0,9.094947017729282e-13,0.6549011290706134,0.0,-0.11422254299723744,4.440892098500626e-16,0.0,2.609024107869118e-15,2.220446049250313e-16
W_amp1.0_T16.0,W,1.0,16.0,12.700000000000001,0.8333333333333334,0.007370613883670197,0.05949804216542284,0.17760557466949967,10.005367250309138,1.0655147227379294,1.0657075799949283,1.3322676295501878e-15,0.0,0,0,9.094947017729282e-13,0.6549011290706134,0.0,-0.11422254296280676,4.440892098500626e-16,0.0,2.609024107869118e-15,2.220446049250313e-16
W_amp1.0_T16.0,W,1.0,16.0,12.75,0.8333333333333334,0.007370613883670197,0.05949804216542284,0.17760557466949967,10.005361323475938,1.065514861759397,1.0657075023085962,1.3322676295501878e-15,0.0,0,0,9.094947017729282e-13,0.6549011290706134,0.0,-0.11422254292882306,4.440892098500626e-16,0.0,2.609024107869118e-15,2.220446049250313e-16
W_amp1.0_T16.0,W,1.0,16.0,12.8,0.8333333333333334,0.007370613883670197,0.05949804216542284,0.17760557466949967,10.005355403249249,1.0655150002936546,1.0657074246710936,1.3322676295501878e-15,0.0,0,0,1.3642420526593924e-12,0.6549011290706134,0.0,-0.11422254289528655,2.220446049250313e-16,0.0,2.609024107869118e-15,2.220446049250313e-16
W_amp1.0_T16.0,W,1.0,16.0,12.850000000000001,0.8333333333333334,0.007370613883670197,0.05949804216542284,0.17760557466949967,10.005349489612193,1.0655151383516743,1.0657073470823806,1.3322676295501878e-15,0.0,0,0,9.094947017729282e-13,0.6549011290706134,0.0,-0.11422254286107947,4.440892098500626e-16,0.0,2.609024107869118e-15,2.220446049250313e-16
W_amp1.0_T16.0,W,1.0,16.0,12.9,0.8333333333333334,0.007370613883670197,0.05949804216542284,0.17760557466949967,10.005343582548267,1.0655152759441322,1.0657072695424215,1.3322676295501878e-15,0.0,0,0,9.094947017729282e-13,0.6549011290706134,0.0,-0.11422254282754318,4.440892098500626e-16,0.0,2.609024107869118e-15,2.220446049250313e-16
W_amp1.0_T16.0,W,1.0,16.0,12.950000000000001,0.8333333333333334,0.007370613883670197,0.05949804216542284,0.17760557466949967,10.005337682041326,1.0655154130814153,1.065707192051185,1.3322676295501878e-15,0.0,0,0,9.094947017729282e-13,0.6549011290706134,0.0,-0.11422254279400668,4.440892098500626e-16,0.0,2.609024107869118e-15,2.220446049250313e-16
W_amp1.0_T16.0,W,1.0,16.0,13.0,0.8333333333333334,0.007370613883670197,0.05949804216542284,0.17760557466949967,10.005331788075587,1.065515549773633,1.0657071146086423,1.3322676295501878e-15,0.0,0,0,9.094947017729282e-13,0.6549011290706134,0.0,-0.11422254276024657,4.440892098500626e-16,0.0,2.609024107869118e-15,2.220446049250313e-16
W_amp1.0_T16.0,W,1.0,16.0,13.05,0.8333333333333334,0.007370613883670197,0.05949804216542284,0.17760557466949967,10.005325900635608,1.0655156860306196,1.0657070372147694,1.3322676295501878e-15,0.0,0,0,9.094947017729282e-13,0.6549011290706134,0.0,-0.11422254272693366,4.440892098500626e-16,0.0,2.609024107869118e-15,2.220446049250313e-16
W_amp1.0_T16.0,W,1.0,16.0,13.100000000000001,0.8333333333333334,0.007370613883670197,0.05949804216542284,0.17760557466949967,10.005320019706275,1.0655158218619436,1.065706959869546,1.3322676295501878e-15,0.0,0,0,1.3642420526593924e-12,0.6549011290706134,0.0,-0.11422254269339716,2.220446049250313e-16,0.0,2.609024107869118e-15,2.220446049250313e-16
W_amp1.0_T16.0,W,1.0,16.0,13.15,0.8333333333333334,0.007370613883670197,0.05949804216542284,0.17760557466949967,10.00531414527281,1.0655159572769173,1.0657068825729539,1.3322676295501878e-15,0.0,0,0,9.094947017729282e-13,0.6549011290706134,0.0,-0.11422254266053145,4.440892098500626e-16,0.0,2.609024107869118e-15,2.220446049250313e-16
W_amp1.0_T16.0,W,1.0,16.0,13.200000000000001,0.8333333333333334,0.007370613883670197,0.05949804216542284,0.17760557466949967,10.005308277320744,1.0655160922845985,1.0657068053249805,1.3322676295501878e-15,0.0,0,0,9.094947017729282e-13,0.6549011290706134,0.0,-0.11422254262721876,4.440892098500626e-16,0.0,2.609024107869118e-15,2.220446049250313e-16
W_amp1.0_T16.0,W,1.0,16.0,13.25,0.8333333333333334,0.007370613883670197,0.05949804216542284,0.17760557466949967,10.005302415835917,1.0655162268938019,1.0657067281256154,1.3322676295501878e-15,0.0,0,0,9.094947017729282e-13,0.6549011290706134,0.0,-0.11422254259435305,4.440892098500626e-16,0.0,2.609024107869118e-15,2.220446049250313e-16
W_amp1.0_T16.0,W,1.0,16.0,13.3,0.8333333333333334,0.007370613883670197,0.05949804216542284,0.17760557466949967,10.005296560804467,1.0655163611131018,1.0657066509748518,1.3322676295501878e-15,0.0,0,0,1.3642420526593924e-12,0.6549011290706134,0.0,-0.11422254256171072,4.440892098500626e-16,0.0,2.609024107869118e-15,2.220446049250313e-16
W_amp1.0_T16.0,W,1.0,16.0,13.350000000000001,0.8333333333333334,0.007370613883670197,0.05949804216542284,0.17760557466949967,10.005290712212824,1.065516494950842,1.0657065738726867,1.3322676295501878e-15,0.0,0,0,9.094947017729282e-13,0.6549011290706134,0.0,-0.1142225425292922,4.440892098500626e-16,0.0,2.609024107869118e-15,2.220446049250313e-16
W_amp1.0_T16.0,W,1.0,16.0,13.4,0.8333333333333334,0.007370613883670197,0.05949804216542284,0.17760557466949967,10.005284870047703,1.0655166284151394,1.06570649681912,1.3322676295501878e-15,0.0,0,0,1.3642420526593924e-12,0.6549011290706134,0.0,-0.11422254249687369,4.440892098500626e-16,0.0,2.609024107869118e-15,2.220446049250313e-16
W_amp1.0_T16.0,W,1.0,16.0,13.450000000000001,0.8333333333333334,0.007370613883670197,0.05949804216542284,0.17760557466949967,10.005279034296088,1.0655167615138914,1.0657064198141548,1.3322676295501878e-15,0.0,0,0,9.094947017729282e-13,0.6549011290706134,0.0,-0.11422254246490215,0.0,0.0,2.609024107869118e-15,2.220446049250313e-16
W_amp1.0_T16.0,W,1.0,16.0,13.5,0.8333333333333334,0.007370613883670197,0.05949804216542284,0.17760557466949967,10.005273204945237,1.0655168942547797,1.0657063428577982,1.3322676295501878e-15,0.0,0,0,1.3642420526593924e-12,0.6549011290706134,0.0,-0.11422254243337782,4.440892098500626e-16,0.0,2.609024107869118e-15,2.220446049250313e-16
W_amp1.0_T16.0,W,1.0,16.0,13.55,0.8333333333333334,0.007370613883670197,0.05949804216542284,0.17760557466949967,10.005267381982659,1.0655170266452794,1.0657062659500594,1.3322676295501878e-15,0.0,0,0,1.3642420526593924e-12,0.6549011290706134,0.0,-0.1142225424016301,4.440892098500626e-16,0.0,2.609024107869118e-15,2.220446049250313e-16
W_amp1.0_T16.0,W,1.0,16.0,13.600000000000001,0.8333333333333334,0.007370613883670197,0.05949804216542284,0.17760557466949967,10.005261565396122,1.0655171586926615,1.0657061890909507,1.3322676295501878e-15,0.0,0,0,1.3642420526593924e-12,0.6549011290706134,0.0,-0.11422254237032958,4.440892098500626e-16,0.0,2.609024107869118e-15,2.220446049250313e-16
W_amp1.0_T16.0,W,1.0,16.0,13.65,0.8333333333333334,0.007370613883670197,0.05949804216542284,0.17760557466949967,10.00525575517364,1.0655172904039987,1.065706112280489,1.3322676295501878e-15,0.0,0,0,1.3642420526593924e-12,0.6549011290706134,0.0,-0.11422254233902884,4.440892098500626e-16,0.0,2.609024107869118e-15,2.220446049250313e-16
W_amp1.0_T16.0,W,1.0,16.0,13.700000000000001,0.8333333333333334,0.007370613883670197,0.05949804216542284,0.17760557466949967,10.005249951303458,1.0655174217861711,1.065706035518692,1.3322676295501878e-15,0.0,0,0,9.094947017729282e-13,0.6549011290706134,0.0,-0.11422254230817508,4.440892098500626e-16,0.0,2.609024107869118e-15,2.220446049250313e-16
W_amp1.0_T16.0,W,1.0,16.0,13.75,0.8333333333333334,0.007370613883670197,0.05949804216542284,0.17760557466949967,10.005244153774061,1.0655175528458742,1.0657059588055822,1.3322676295501878e-15,0.0,0,0,9.094947017729282e-13,0.6549011290706134,0.0,-0.11422254227732154,4.440892098500626e-16,0.0,2.609024107869118e-15,2.220446049250313e-16
W_amp1.0_T16.0,W,1.0,16.0,13.8,0.8333333333333334,0.007370613883670197,0.05949804216542284,0.17760557466949967,10.005238362574154,1.0655176835896183,1.0657058821411836,1.3322676295501878e-15,0.0,0,0,1.3642420526593924e-12,0.6549011290706134,0.0,-0.11422254224691542,2.220446049250313e-16,0.0,2.609024107869118e-15,2.220446049250313e-16
W_amp1.0_T16.0,W,1.0,16.0,13.850000000000001,0.8333333333333334,0.007370613883670197,0.05949804216542284,0.17760557466949967,10.005232577692666,1.065517814023736,1.065705805525524,1.3322676295501878e-15,0.0,0,0,9.094947017729282e-13,0.6549011290706134,0.0,-0.11422254221673245,2.220446049250313e-16,0.0,2.609024107869118e-15,2.220446049250313e-16
W_amp1.0_T16.0,W,1.0,16.0,13.9,0.8333333333333334,0.007370613883670197,0.05949804216542284,0.17760557466949967,10.005226799118732,1.065517944154388,1.0657057289586334,1.3322676295501878e-15,0.0,0,0,1.3642420526593924e-12,0.6549011290706134,0.0,-0.1142225421872205,4.440892098500626e-16,0.0,2.609024107869118e-15,2.220446049250313e-16
W_amp1.0_T16.0,W,1.0,16.0,13.950000000000001,0.8333333333333334,0.007370613883670197,0.05949804216542284,0.17760557466949967,10.0052210268417,1.0655180739875667,1.0657056524405446,1.3322676295501878e-15,0.0,0,0,9.094947017729282e-13,0.6549011290706134,0.0,-0.11422254215726113,4.440892098500626e-16,0.0,2.609024107869118e-15,2.220446049250313e-16
W_amp1.0_T16.0,W,1.0,16.0,14.0,0.8333333333333334,0.007370613883670197,0.05949804216542284,0.17760557466949967,10.005215260851111,1.0655182035290993,1.0657055759712937,1.3322676295501878e-15,0.0,0,0,9.094947017729282e-13,0.6549011290706134,0.0,-0.11422254212797278,4.440892098500626e-16,0.0,2.609024107869118e-15,2.220446049250313e-16
W_amp1.0_T16.0,W,1.0,16.0,14.05,0.8333333333333334,0.007370613883670197,0.05949804216542284,0.17760557466949967,10.005209501136711,1.0655183327846545,1.0657054995509183,1.3322676295501878e-15,0.0,0,0,9.094947017729282e-13,0.6549011290706134,0.0,-0.11422254209890759,4.440892098500626e-16,0.0,2.609024107869118e-15,2.220446049250313e-16
W_amp1.0_T16.0,W,1.0,16.0,14.100000000000001,0.8333333333333334,0.007370613883670197,0.05949804216542284,0.17760557466949967,10.005203747688427,1.0655184617597457,1.0657054231794598,1.3322676295501878e-15,0.0,0,0,9.094947017729282e-13,0.6549011290706134,0.0,-0.11422254207006644,4.440892098500626e-16,0.0,2.609024107869118e-15,2.220446049250313e-16
W_amp1.0_T16.0,W,1.0,16.0,14.15,0.8333333333333334,0.007370613883670197,0.05949804216542284,0.17760557466949967,10.005198000496373,1.0655185904597357,1.0657053468569602,1.5543122344752192e-15,0.0,0,0,1.3642420526593924e-12,0.6549011290706134,0.0,-0.11422254204144866,4.440892098500626e-16,0.0,2.609024107869118e-15,2.220446049250313e-16
W_amp1.0_T16.0,W,1.0,16.0,14.200000000000001,0.8333333333333334,0.007370613883670197,0.05949804216542284,0.17760557466949967,10.005192259550846,1.0655187188898372,1.0657052705834662,1.3322676295501878e-15,0.0,0,0,1.3642420526593924e-12,0.6549011290706134,0.0,-0.11422254201327808,4.440892098500626e-16,0.0,2.609024107869118e-15,2.220446049250313e-16
W_amp1.0_T16.0,W,1.0,16.0,14.25,0.8333333333333334,0.007370613883670197,0.05949804216542284,0.17760557466949967,10.005186524842308,1.065518847055123,1.0657051943590254,1.3322676295501878e-15,0.0,0,0,9.094947017729282e-13,0.6549011290706134,0.0,-0.1142225419853311,4.440892098500626e-16,0.0,2.609024107869118e-15,2.220446049250313e-16
W_amp1.0_T16.0,W,1.0,16.0,14.3,0.8333333333333334,0.007370613883670197,0.05949804216542284,0.17760557466949967,10.005180796361397,1.0655189749605238,1.0657051181836885,1.3322676295501878e-15,0.0,0,0,9.094947017729282e-13,0.6549011290706134,0.0,-0.11422254195783088,0.0,0.0,2.609024107869118e-15,2.220446049250313e-16
W_amp1.0_T16.0,W,1.0,16.0,14.350000000000001,0.8333333333333334,0.007370613883670197,0.05949804216542284,0.17760557466949967,10.005175074098917,1.0655191026108357,1.0657050420575078,1.3322676295501878e-15,0.0,0,0,9.094947017729282e-13,0.6549011290706134,0.0,-0.1142225419303311,4.440892098500626e-16,0.0,2.609024107869118e-15,2.220446049250313e-16
W_amp1.0_T16.0,W,1.0,16.0,14.4,0.8333333333333334,0.007370613883670197,0.05949804216542284,0.17760557466949967,10.00516935804582,1.0655192300107217,1.0657049659805389,1.3322676295501878e-15,0.0,0,0,9.094947017729282e-13,0.6549011290706134,0.0,-0.1142225419035019,4.440892098500626e-16,0.0,2.609024107869118e-15,2.220446049250313e-16
W_amp1.0_T16.0,W,1.0,16.0,14.450000000000001,0.8333333333333334,0.007370613883670197,0.05949804216542284,0.17760557466949967,10.005163648193218,1.0655193571647175,1.0657048899528379,1.3322676295501878e-15,0.0,0,0,9.094947017729282e-13,0.6549011290706134,0.0,-0.11422254187734371,4.440892098500626e-16,0.0,2.609024107869118e-15,2.220446049250313e-16
W_amp1.0_T16.0,W,1.0,16.0,14.5,0.8333333333333334,0.007370613883670197,0.05949804216542284,0.17760557466949967,10.005157944532382,1.0655194840772302,1.0657048139744645,1.3322676295501878e-15,0.0,0,0,9.094947017729282e-13,0.6549011290706134,0.0,-0.11422254185163228,2.220446049250313e-16,0.0,2.609024107869118e-15,2.220446049250313e-16
W_amp1.0_T16.0,W,1.0,16.0,14.55,0.8333333333333334,0.007370613883670197,0.05949804216542284,0.17760557466949967,10.005152247054712,1.0655196107525475,1.0657047380454807,1.3322676295501878e-15,0.0,0,0,1.3642420526593924e-12,0.6549011290706134,0.0,-0.11422254182592106,4.440892098500626e-16,0.0,2.609024107869118e-15,2.220446049250313e-16
W_amp1.0_T16.0,W,1.0,16.0,14.600000000000001,0.8333333333333334,0.007370613883670197,0.05949804216542284,0.17760557466949967,10.005146555751764,1.0655197371948375,1.065704662165949,1.3322676295501878e-15,0.0,0,0,9.094947017729282e-13,0.6549011290706134,0.0,-0.11422254180088065,4.440892098500626e-16,0.0,2.609024107869118e-15,2.220446049250313e-16
W_amp1.0_T16.0,W,1.0,16.0,14.65,0.8333333333333334,0.007370613883670197,0.05949804216542284,0.17760557466949967,10.005140870615222,1.0655198634081526,1.0657045863359347,1.3322676295501878e-15,0.0,0,0,9.094947017729282e-13,0.6549011290706134,0.0,-0.11422254177628699,4.440892098500626e-16,0.0,2.609024107869118e-15,2.220446049250313e-16
W_amp1.0_T16.0,W,1.0,16.0,14.700000000000001,0.8333333333333334,0.007370613883670197,0.05949804216542284,0.17760557466949967,10.005135191636906,1.0655199893964324,1.0657045105555056,1.3322676295501878e-15,0.0,0,0,9.094947017729282e-13,0.6549011290706134,0.0,-0.11422254175236457,4.440892098500626e-16,0.0,2.609024107869118e-15,2.220446049250313e-16
W_amp1.0_T16.0,W,1.0,16.0,14.75,0.8333333333333334,0.007370613883670197,0.05949804216542284,0.17760557466949967,10.005129518808769,1.0655201151635056,1.0657044348247307,1.3322676295501878e-15,0.0,0,0,9.094947017729282e-13,0.6549011290706134,0.0,-0.1142225417288889,4.440892098500626e-16,0.0,2.609024107869118e-15,2.220446049250313e-16
W_amp1.0_T16.0,W,1.0,16.0,14.8,0.8333333333333334,0.007370613883670197,0.05949804216542284,0.17760557466949967,10.005123852122882,1.065520240713096,1.065704359143681,1.3322676295501878e-15,0.0,0,0,9.094947017729282e-13,0.6549011290706134,0.0,-0.11422254170608404,4.440892098500626e-16,0.0,2.609024107869118e-15,2.220446049250313e-16
W_amp1.0_T16.0,W,1.0,16.0,14.850000000000001,0.8333333333333334,0.007370613883670197,0.05949804216542284,0.17760557466949967,10.00511819157144,1.0655203660488217,1.0657042835124293,1.5543122344752192e-15,0.0,0,0,9.094947017729282e-13,0.6549011290706134,0.0,-0.11422254168372636,4.440892098500626e-16,0.0,2.609024107869118e-15,2.220446049250313e-16
W_amp1.0_T16.0,W,1.0,16.0,14.9,0.8333333333333334,0.007370613883670197,0.05949804216542284,0.17760557466949967,10.005112537146765,1.0655204911742007,1.0657042079310501,1.3322676295501878e-15,0.0,0,0,1.3642420526593924e-12,0.6549011290706134,0.0,-0.11422254166159251,4.440892098500626e-16,0.0,2.609024107869118e-15,2.220446049250313e-16
W_amp1.0_T16.0,W,1.0,16.0,14.950000000000001,0.8333333333333334,0.007370613883670197,0.05949804216542284,0.17760557466949967,10.005106888841276,1.0655206160926514,1.06570413239962,1.3322676295501878e-15,0.0,0,0,9.094947017729282e-13,0.6549011290706134,0.0,-0.11422254164057621,4.440892098500626e-16,0.0,2.609024107869118e-15,2.220446049250313e-16
W_amp1.0_T16.0,W,1.0,16.0,15.0,0.8333333333333334,0.007370613883670197,0.05949804216542284,0.17760557466949967,10.00510124664752,1.065520740807498,1.0657040569182166,1.5543122344752192e-15,0.0,0,0,9.094947017729282e-13,0.6549011290706134,0.0,-0.11422254161955991,2.220446049250313e-16,0.0,2.609024107869118e-15,2.220446049250313e-16
W_amp1.0_T16.0,W,1.0,16.0,15.05,0.8333333333333334,0.007370613883670197,0.05949804216542284,0.17760557466949967,10.005095610558143,1.065520865321969,1.065703981486919,1.3322676295501878e-15,0.0,0,0,9.094947017729282e-13,0.6549011290706134,0.0,-0.11422254159943801,2.220446049250313e-16,0.0,2.609024107869118e-15,2.220446049250313e-16
W_amp1.0_T16.0,W,1.0,16.0,15.100000000000001,0.8333333333333334,0.007370613883670197,0.05949804216542284,0.17760557466949967,10.005089980565899,1.0655209896392033,1.0657039061058087,1.3322676295501878e-15,0.0,0,0,1.3642420526593924e-12,0.6549011290706134,0.0,-0.11422254157998712,4.440892098500626e-16,0.0,2.609024107869118e-15,2.220446049250313e-16
W_amp1.0_T16.0,W,1.0,16.0,15.15,0.8333333333333334,0.007370613883670197,0.05949804216542284,0.17760557466949967,10.005084356663637,1.0655211137622513,1.065703830774968,1.3322676295501878e-15,0.0,0,0,9.094947017729282e-13,0.6549011290706134,0.0,-0.11422254156120659,4.440892098500626e-16,0.0,2.609024107869118e-15,2.220446049250313e-16
W_amp1.0_T16.0,W,1.0,16.0,15.200000000000001,0.8333333333333334,0.007370613883670197,0.05949804216542284,0.17760557466949967,10.005078738844311,1.0655212376940761,1.0657037554944813,1.5543122344752192e-15,0.0,0,0,1.3642420526593924e-12,0.6549011290706134,0.0,-0.11422254154309686,4.440892098500626e-16,0.0,2.609024107869118e-15,2.220446049250313e-16
W_amp1.0_T16.0,W,1.0,16.0,15.25,0.8333333333333334,0.007370613883670197,0.05949804216542284,0.17760557466949967,10.00507312710097,1.0655213614375574,1.0657036802644337,1.5543122344752192e-15,0.0,0,0,9.094947017729282e-13,0.6549011290706134,0.0,-0.11422254152543454,4.440892098500626e-16,0.0,2.609024107869118e-15,2.220446049250313e-16
W_amp1.0_T16.0,W,1.0,16.0,15.3,0.8333333333333334,0.007370613883670197,0.05949804216542284,0.17760557466949967,10.00506752142675,1.065521484995493,1.065703605084913,1.3322676295501878e-15,0.0,0,0,9.094947017729282e-13,0.6549011290706134,0.0,-0.11422254150866618,4.440892098500626e-16,0.0,2.609024107869118e-15,2.220446049250313e-16
W_amp1.0_T16.0,W,1.0,16.0,15.350000000000001,0.8333333333333334,0.007370613883670197,0.05949804216542284,0.17760557466949967,10.005061921814878,1.0655216083706018,1.0657035299560058,1.3322676295501878e-15,0.0,0,0,9.094947017729282e-13,0.6549011290706134,0.0,-0.1142225414927922,4.440892098500626e-16,0.0,2.609024107869118e-15,2.220446049250313e-16
W_amp1.0_T16.0,W,1.0,16.0,15.4,0.8333333333333334,0.007370613883670197,0.05949804216542284,0.17760557466949967,10.005056328258675,1.0655217315655232,1.0657034548778035,1.5543122344752192e-15,0.0,0,0,1.3642420526593924e-12,0.6549011290706134,0.0,-0.11422254147736544,4.440892098500626e-16,0.0,2.609024107869118e-15,2.220446049250313e-16
W_amp1.0_T16.0,W,1.0,16.0,15.450000000000001,0.8333333333333334,0.007370613883670197,0.05949804216542284,0.17760557466949967,10.005050740751532,1.0655218545828242,1.0657033798503954,1.5543122344752192e-15,0.0,0,0,9.094947017729282e-13,0.6549011290706134,0.0,-0.11422254146260946,4.440892098500626e-16,0.0,2.609024107869118e-15,2.220446049250313e-16
W_amp1.0_T16.0,W,1.0,16.0,15.5,0.8333333333333334,0.007370613883670197,0.05949804216542284,0.17760557466949967,10.005045159286933,1.0655219774249973,1.0657033048738733,1.3322676295501878e-15,0.0,0,0,9.094947017729282e-13,0.6549011290706134,0.0,-0.11422254144919486,4.440892098500626e-16,0.0,2.609024107869118e-15,2.220446049250313e-16
W_amp1.0_T16.0,W,1.0,16.0,15.55,0.8333333333333334,0.007370613883670197,0.05949804216542284,0.17760557466949967,10.005039583858437,1.065522100094462,1.0657032299483316,1.5543122344752192e-15,0.0,0,0,9.094947017729282e-13,0.6549011290706134,0.0,-0.11422254143622745,4.440892098500626e-16,0.0,2.609024107869118e-15,2.220446049250313e-16
W_amp1.0_T16.0,W,1.0,16.0,15.600000000000001,0.8333333333333334,0.007370613883670197,0.05949804216542284,0.17760557466949967,10.005034014459678,1.0655222225935692,1.0657031550738636,1.5543122344752192e-15,0.0,0,0,9.094947017729282e-13,0.6549011290706134,0.0,-0.11422254142460142,4.440892098500626e-16,0.0,2.609024107869118e-15,2.220446049250313e-16
W_amp1.0_T16.0,W,1.0,16.0,15.65,0.8333333333333334,0.007370613883670197,0.05949804216542284,0.17760557466949967,10.005028451084366,1.0655223449246023,1.0657030802505645,1.7763568394002505e-15,0.0,0,0,9.094947017729282e-13,0.6549011290706134,0.0,-0.11422254141364618,2.220446049250313e-16,0.0,2.609024107869118e-15,2.220446049250313e-16
W_amp1.0_T16.0,W,1.0,16.0,15.700000000000001,0.8333333333333334,0.007370613883670197,0.05949804216542284,0.17760557466949967,10.005022893726277,1.0655224670897794,1.0657030054785315,1.7763568394002505e-15,0.0,0,0,1.3642420526593924e-12,0.6549011290706134,0.0,-0.11422254140336174,4.440892098500626e-16,0.0,2.609024107869118e-15,2.220446049250313e-16
W_amp1.0_T16.0,W,1.0,16.0,15.75,0.8333333333333334,0.007370613883670197,0.05949804216542284,0.17760557466949967,10.005017342379269,1.0655225890912532,1.0657029307578614,1.5543122344752192e-15,0.0,0,0,9.094947017729282e-13,0.6549011290706134,0.0,-0.11422254139419508,4.440892098500626e-16,0.0,2.609024107869118e-15,2.220446049250313e-16
W_amp1.0_T16.0,W,1.0,16.0,15.8,0.8333333333333334,0.007370613883670197,0.05949804216542284,0.17760557466949967,10.00501179703725,1.0655227109311132,1.0657028560886528,1.7763568394002505e-15,0.0,0,0,9.094947017729282e-13,0.6549011290706134,0.0,-0.1142225413861464,2.220446049250313e-16,0.0,2.609024107869118e-15,2.220446049250313e-16
W_amp1.0_T16.0,W,1.0,16.0,15.850000000000001,0.8333333333333334,0.007370613883670197,0.05949804216542284,0.17760557466949967,10.005006257694205,1.0655228326113915,1.065702781471005,1.7763568394002505e-15,0.0,0,0,1.3642420526593924e-12,0.6549011290706134,0.0,-0.1142225413787683,2.220446049250313e-16,0.0,2.609024107869118e-15,2.220446049250313e-16
W_amp1.0_T16.0,W,1.0,16.0,15.9,0.8333333333333334,0.007370613883670197,0.05949804216542284,0.17760557466949967,10.005000724344175,1.0655229541340567,1.0657027069050184,1.5543122344752192e-15,0.0,0,0,9.094947017729282e-13,0.6549011290706134,0.0,-0.1142225413725082,4.440892098500626e-16,0.0,2.609024107869118e-15,2.220446049250313e-16
W_amp1.0_T16.0,W,1.0,16.0,15.950000000000001,0.8333333333333334,0.007370613883670197,0.05949804216542284,0.17760557466949967,10.004995196981264,1.0655230755010232,1.0657026323907937,1.7763568394002505e-15,0.0,0,0,1.3642420526593924e-12,0.6549011290706134,0.0,-0.11422254136758947,4.440892098500626e-16,0.0,2.609024107869118e-15,2.220446049250313e-16
W_amp1.0_T16.0,W,1.0,16.0,16.0,0.8333333333333334,0.007370613883670197,0.05949804216542284,0.17760557466949967,10.004989675599637,1.0655231967141474,1.065702557928433,1.7763568394002505e-15,0.0,0,0,0.0,0.6549011290706134,0.0,-0.11422254136378873,4.440892098500626e-16,0.0,2.609024107869118e-15,2.220446049250313e-16
R_amp1.0_T16.0,R,1.0,16.0,0.0,0.8333333333333334,0.007370613883670197,0.05949804216542284,0.17760557466949967,10.000000002223675,1.0675017582663169,1.064701435328896,0.0,0.0,0,0,9.094947017729282e-13,0.6549011290706134,0.0,-0.11319463265376162,4.440892098500626e-16,0.0,2.0539125955565396e-15,2.220446049250313e-16
R_amp1.0_T16.0,R,1.0,16.0,0.05,0.8333333333333334,0.007371600519456061,0.05949804216542284,0.17760557466949967,10.000112593038697,1.0675015631730125,1.0647013626009696,0.0,0.0,0,0,9.094947017729282e-13,0.6549011290706134,0.0,-0.11309571345716729,4.440892098500626e-16,0.0,1.8318679906315083e-15,2.220446049250313e-16
R_amp1.0_T16.0,R,1.0,16.0,0.1,0.8333333333333334,0.0073745565330129575,0.05949804216542284,0.17760557466949967,10.000225715920735,1.0675013822526136,1.0647013138804808,0.0,0.0,0,0,9.094947017729282e-13,0.6549011290706134,0.0,-0.11279987211306097,4.440892098500626e-16,0.0,1.9984014443252818e-15,2.220446049250313e-16
R_amp1.0_T16.0,R,1.0,16.0,0.15000000000000002,0.8333333333333334,0.007379470258305852,0.05949804216542284,0.17760557466949967,10.000340354094046,1.0675011109723962,1.0647013412251525,0.0,0.0,0,0,1.3642420526593924e-12,0.6549011290706134,0.0,-0.11230831631148819,4.440892098500626e-16,0.0,1.942890293094024e-15,2.220446049250313e-16
R_amp1.0_T16.0,R,1.0,16.0,0.2,0.8333333333333334,0.007386322303105881,0.05949804216542284,0.17760557466949967,10.00045747906038,1.0675006454850648,1.0647014963867498,0.0,0.0,0,0,1.3642420526593924e-12,0.6549011290706134,0.0,-0.1116230261406661,4.440892098500626e-16,0.0,1.6653345369377348e-15,2.220446049250313e-16
R_amp1.0_T16.0,R,1.0,16.0,0.25,0.8333333333333334,0.00739508562552262,0.05949804216542284,0.17760557466949967,10.000578046776415,1.0674998830270113,1.0647018306057947,0.0,0.0,0,0,9.094947017729282e-13,0.6549011290706134,0.0,-0.11074674627536019,4.440892098500626e-16,0.0,1.6653345369377348e-15,2.220446049250313e-16
R_amp1.0_T16.0,R,1.0,16.0,0.30000000000000004,0.8333333333333334,0.007405725640726071,0.05949804216542284,0.17760557466949967,10.00070299389299,1.0674987223127708,1.0647023944085832,0.0,0.0,0,0,1.3642420526593924e-12,0.6549011290706134,0.0,-0.10968297514272818,2.220446049250313e-16,0.0,1.6653345369377348e-15,2.220446049250313e-16
R_amp1.0_T16.0,R,1.0,16.0,0.35000000000000003,0.8333333333333334,0.007418200357437187,0.05949804216542284,0.17760557466949967,10.000833234070925,1.0674970639241328,1.064703237407254,2.220446049250313e-16,0.0,0,0,9.094947017729282e-13,0.6549011290706134,0.0,-0.10843595111846871,4.440892098500626e-16,0.0,1.6653345369377348e-15,2.220446049250313e-16
R_amp1.0_T16.0,R,1.0,16.0,0.4,0.8333333333333334,0.0074324605436482645,0.05949804216542284,0.17760557466949967,10.000969654387891,1.0674948106923765,1.0647044081036408,0.0,0.0,0,0,1.3642420526593924e-12,0.6549011290706134,0.0,-0.10701063579842551,4.440892098500626e-16,0.0,1.6653345369377348e-15,2.220446049250313e-16
R_amp1.0_T16.0,R,1.0,16.0,0.45,0.8333333333333334,0.007448449920919189,0.05949804216542284,0.17760557466949967,10.001113111850415,1.067491868072108,1.0647059536976458,0.0,0.0,0,0,9.094947017729282e-13,0.6549011290706134,0.0,-0.10541269441909695,4.440892098500626e-16,0.0,1.6653345369377348e-15,2.220446049250313e-16
R_amp1.0_T16.0,R,1.0,16.0,0.5,0.8333333333333334,0.007466105386482723,0.05949804216542284,0.17760557466949967,10.001264430024724,1.067488144505205,1.0647079199008644,0.0,0.0,0,0,1.3642420526593924e-12,0.6549011290706134,0.0,-0.10364847349925466,4.440892098500626e-16,0.0,1.6653345369377348e-15,2.220446049250313e-16
R_amp1.0_T16.0,R,1.0,16.0,0.55,0.8333333333333334,0.007485357262282302,0.05949804216542284,0.17760557466949967,10.001424395799605,1.06748355177342,1.0647103507561617,0.0,0.0,0,0,1.3642420526593924e-12,0.6549011290706134,0.0,-0.10172497579390472,4.440892098500626e-16,0.0,1.6653345369377348e-15,2.220446049250313e-16
R_amp1.0_T16.0,R,1.0,16.0,0.6000000000000001,0.8333333333333334,0.007506129569959491,0.05949804216542284,0.17760557466949967,10.001593756293953,1.0674780053382114,1.0647132884639032,0.0,0.0,0,0,9.094947017729282e-13,0.6549011290706134,0.0,-0.09964983265820093,4.440892098500626e-16,0.0,1.6653345369377348e-15,2.220446049250313e-16
R_amp1.0_T16.0,R,1.0,16.0,0.65,0.8333333333333334,0.007528340330705852,0.05949804216542284,0.17760557466949967,10.001773215921094,1.067471424666445,1.064716773215504,0.0,0.0,0,0,1.3642420526593924e-12,0.6549011290706134,0.0,-0.09743127393072681,4.440892098500626e-16,0.0,1.6653345369377348e-15,2.220446049250313e-16
R_amp1.0_T16.0,R,1.0,16.0,0.7000000000000001,0.8333333333333334,0.007551901888795852,0.05949804216542284,0.17760557466949967,10.001963433621352,1.0674637335406447,1.0647208430349384,0.0,0.0,0,0,9.094947017729282e-13,0.6549011290706134,0.0,-0.09507809545493151,4.440892098500626e-16,0.0,1.6653345369377348e-15,2.220446049250313e-16
R_amp1.0_T16.0,R,1.0,16.0,0.75,0.8333333333333334,0.00757672125752396,0.05949804216542284,0.17760557466949967,10.002165020273651,1.067454860352534,1.0647255336288313,0.0,0.0,0,0,9.094947017729282e-13,0.6549011290706134,0.0,-0.09259962436572877,4.440892098500626e-16,0.0,1.6653345369377348e-15,2.220446049250313e-16
R_amp1.0_T16.0,R,1.0,16.0,0.8,0.8333333333333334,0.0076027004861806986,0.05949804216542284,0.17760557466949967,10.00237853629626,1.0674447383786891,1.0647308782457032,0.0,0.0,0,0,1.3642420526593924e-12,0.6549011290706134,0.0,-0.09000568228046735,2.220446049250313e-16,0.0,1.6653345369377348e-15,2.220446049250313e-16
R_amp1.0_T16.0,R,1.0,16.0,0.8500000000000001,0.8333333333333334,0.007629737046619339,0.05949804216542284,0.17760557466949967,10.002604489446021,1.067433306037176,1.064736907544927,2.220446049250313e-16,0.0,0,0,9.094947017729282e-13,0.6549011290706134,0.0,-0.08730654653953995,4.440892098500626e-16,0.0,1.6653345369377348e-15,2.220446049250313e-16
R_amp1.0_T16.0,R,1.0,16.0,0.9,0.8333333333333334,0.00765772423788766,0.05949804216542284,0.17760557466949967,10.002843332824629,1.0674205071241383,1.064743649475896,0.0,0.0,0,0,9.094947017729282e-13,0.6549011290706134,0.0,-0.08451290964540004,2.220446049250313e-16,0.0,1.6653345369377348e-15,2.220446049250313e-16
R_amp1.0_T16.0,R,1.0,16.0,0.9500000000000001,0.8333333333333334,0.007686551607327858,0.05949804216542284,0.17760557466949967,10.00309546309973,1.0674062910293647,1.0647511291678864,0.0,0.0,0,0,9.094947017729282e-13,0.6549011290706134,0.0,-0.08163583706391275,2.220446049250313e-16,0.0,1.6653345369377348e-15,2.220446049250313e-16
R_amp1.0_T16.0,R,1.0,16.0,1.0,0.8333333333333334,0.0077161053864827234,0.05949804216542284,0.17760557466949967,10.003361218947731,1.067390612929971,1.064759368831028,0.0,0.0,0,0,9.094947017729282e-13,0.6549011290706134,0.0,-0.07868672355735806,4.440892098500626e-16,0.0,1.6653345369377348e-15,2.220446049250313e-16
R_amp1.0_T16.0,R,1.0,16.0,1.05,0.8333333333333334,0.0077462689400877695,0.05949804216542284,0.17760557466949967,10.003640879724433,1.0673734339613903,1.0647683876687881,0.0,0.0,0,0,9.094947017729282e-13,0.6549011290706134,0.0,-0.07567724821240329,4.440892098500626e-16,0.0,1.6653345369377348e-15,2.220446049250313e-16
R_amp1.0_T16.0,R,1.0,16.0,1.1,0.8333333333333334,0.007776923226377334,0.05949804216542284,0.17760557466949967,10.003934664368586,1.067354721364993,1.0647782018022918,2.220446049250313e-16,0.0,0,0,9.094947017729282e-13,0.6549011290706134,0.0,-0.0726193283498453,4.440892098500626e-16,0.0,1.6653345369377348e-15,2.220446049250313e-16
R_amp1.0_T16.0,R,1.0,16.0,1.1500000000000001,0.8333333333333334,0.007807947266888045,0.05949804216542284,0.17760557466949967,10.004242730542682,1.0673344486117187,1.0647888242067896,2.220446049250313e-16,0.0,0,0,1.3642420526593924e-12,0.6549011290706134,0.0,-0.06952507249175688,4.440892098500626e-16,0.0,1.6653345369377348e-15,2.220446049250313e-16
R_amp1.0_T16.0,R,1.0,16.0,1.2000000000000002,0.8333333333333334,0.00783921862390554,0.05949804216542284,0.17760557466949967,10.004565174014303,1.0673125955012204,1.0648002646605081,2.220446049250313e-16,0.0,0,0,9.094947017729282e-13,0.6549011290706134,0.0,-0.06640673257590657,4.440892098500626e-16,0.0,1.6653345369377348e-15,2.220446049250313e-16
R_amp1.0_T16.0,R,1.0,16.0,1.25,0.8333333333333334,0.007870613883670196,0.05949804216542284,0.17760557466949967,10.00490202828043,1.0672891482361082,1.064812529706096,0.0,0.0,0,0,9.094947017729282e-13,0.6549011290706134,0.0,-0.06327665560230988,4.440892098500626e-16,0.0,1.6653345369377348e-15,2.220446049250313e-16
R_amp1.0_T16.0,R,1.0,16.0,1.3,0.8333333333333334,0.007902009143434854,0.05949804216542284,0.17760557466949967,10.005253264436183,1.0672640994709894,1.064825622624804,0.0,0.0,0,0,9.094947017729282e-13,0.6549011290706134,0.0,-0.060147234906406055,4.440892098500626e-16,0.0,1.6653345369377348e-15,2.220446049250313e-16
R_amp1.0_T16.0,R,1.0,16.0,1.35,0.8333333333333334,0.007933280500452349,0.05949804216542284,0.17760557466949967,10.005618791288533,1.0672374483360978,1.0648395434235096,0.0,0.0,0,0,9.094947017729282e-13,0.6549011290706134,0.0,-0.057030861245938924,2.220446049250313e-16,0.0,1.6653345369377348e-15,2.220446049250313e-16
R_amp1.0_T16.0,R,1.0,16.0,1.4000000000000001,0.8333333333333334,0.00796430454096306,0.05949804216542284,0.17760557466949967,10.005998455714508,1.0672092004354075,1.0648542888346308,0.0,0.0,0,0,1.3642420526593924e-12,0.6549011290706134,0.0,-0.0539398739025716,4.440892098500626e-16,0.0,1.6653345369377348e-15,2.220446049250313e-16
R_amp1.0_T16.0,R,1.0,16.0,1.4500000000000002,0.8333333333333334,0.007994958827252624,0.05949804216542284,0.17760557466949967,10.006392043262561,1.0671793678192354,1.0648698523289362,2.220446049250313e-16,0.0,0,0,9.094947017729282e-13,0.6549011290706134,0.0,-0.050886511984063354,4.440892098500626e-16,0.0,1.6653345369377348e-15,2.220446049250313e-16
R_amp1.0_T16.0,R,1.0,16.0,1.5,0.8333333333333334,0.008025122380857671,0.05949804216542284,0.17760557466949967,10.006799278994762,1.067147968931431,1.0648862241411945,0.0,0.0,0,0,9.094947017729282e-13,0.6549011290706134,0.0,-0.047882866119896894,4.440892098500626e-16,0.0,1.6653345369377348e-15,2.220446049250313e-16
R_amp1.0_T16.0,R,1.0,16.0,1.55,0.8333333333333334,0.008054676160012536,0.05949804216542284,0.17760557466949967,10.007219828566544,1.0671150285313598,1.0649033913085708,0.0,0.0,0,0,9.094947017729282e-13,0.6549011290706134,0.0,-0.04494083074620181,4.440892098500626e-16,0.0,1.6653345369377348e-15,2.220446049250313e-16
R_amp1.0_T16.0,R,1.0,16.0,1.6,0.8333333333333334,0.008083503529452734,0.05949804216542284,0.17760557466949967,10.007653299539875,1.0670805775909913,1.0649213377216142,0.0,0.0,0,0,9.094947017729282e-13,0.6549011290706134,0.0,-0.042072057161913534,4.440892098500626e-16,0.0,3.219646771412954e-15,2.220446049250313e-16
R_amp1.0_T16.0,R,1.0,16.0,1.6500000000000001,0.8333333333333334,0.008111490720721055,0.05949804216542284,0.17760557466949967,10.00809924292472,1.0670446531674964,1.064940044187641,2.220446049250313e-16,0.0,0,0,9.094947017729282e-13,0.6549011290706134,0.0,-0.039287907549631074,4.440892098500626e-16,0.0,2.609024107869118e-15,2.220446049250313e-16
R_amp1.0_T16.0,R,1.0,16.0,1.7000000000000002,0.8333333333333334,0.008138527281159696,0.05949804216542284,0.17760557466949967,10.008557154942874,1.0670072982518581,1.0649594885062657,0.0,0.0,0,0,1.3642420526593924e-12,0.6549011290706134,0.0,-0.036599410128755894,4.440892098500626e-16,0.0,1.6653345369377348e-15,2.220446049250313e-16
R_amp1.0_T16.0,R,1.0,16.0,1.75,0.8333333333333334,0.008164506509816434,0.05949804216542284,0.17760557466949967,10.009026479007293,1.0669685615941007,1.0649796455567855,0.0,0.0,0,0,9.094947017729282e-13,0.6549011290706134,0.0,-0.03401721563576099,4.440892098500626e-16,0.0,1.6653345369377348e-15,2.220446049250313e-16
R_amp1.0_T16.0,R,1.0,16.0,1.8,0.8333333333333334,0.008189325878544542,0.05949804216542284,0.17760557466949967,10.009506607909273,1.0669284975058357,1.0650004873970738,0.0,0.0,0,0,1.3642420526593924e-12,0.6549011290706134,0.0,-0.031551555285977084,4.440892098500626e-16,0.0,1.6653345369377348e-15,2.220446049250313e-16
R_amp1.0_T16.0,R,1.0,16.0,1.85,0.8333333333333334,0.008212887436634541,0.05949804216542284,0.17760557466949967,10.009996886204991,1.0668871656409042,1.0650219833736017,0.0,0.0,0,0,9.094947017729282e-13,0.6549011290706134,0.0,-0.0292122003978299,4.440892098500626e-16,0.0,1.6653345369377348e-15,2.220446049250313e-16
R_amp1.0_T16.0,R,1.0,16.0,1.9000000000000001,0.8333333333333334,0.008235098197380903,0.05949804216542284,0.17760557466949967,10.010496612792137,1.0668446307550001,1.0650441002421491,0.0,0.0,0,0,1.3642420526593924e-12,0.6549011290706134,0.0,-0.02700842382827351,4.440892098500626e-16,0.0,1.6653345369377348e-15,2.220446049250313e-16
R_amp1.0_T16.0,R,1.0,16.0,1.9500000000000002,0.8333333333333334,0.008255870505058091,0.05949804216542284,0.17760557466949967,10.0110050436666,1.0668009624452226,1.0650668022987448,0.0,0.0,0,0,9.094947017729282e-13,0.6549011290706134,0.0,-0.024948963376004496,4.440892098500626e-16,0.0,1.6653345369377348e-15,2.220446049250313e-16
R_amp1.0_T16.0,R,1.0,16.0,2.0,0.8333333333333334,0.008275122380857671,0.05949804216542284,0.17760557466949967,10.011521394848552,1.0667562348706072,1.065090051520309,2.220446049250313e-16,0.0,0,0,9.094947017729282e-13,0.6549011290706134,0.0,-0.0230419872979577,4.440892098500626e-16,0.0,1.6653345369377348e-15,2.220446049250313e-16
R_amp1.0_T16.0,R,1.0,16.0,2.0500000000000003,0.8333333333333334,0.008292777846421205,0.05949804216542284,0.17760557466949967,10.012044845466455,1.066710526454738,1.06511380771446,0.0,0.0,0,0,1.3642420526593924e-12,0.6549011290706134,0.0,-0.021295062069354387,4.440892098500626e-16,0.0,1.6653345369377348e-15,2.220446049250313e-16
R_amp1.0_T16.0,R,1.0,16.0,2.1,0.8333333333333334,0.008308767223692129,0.05949804216542284,0.17760557466949967,10.012574540987048,1.0666639195716345,1.0651380286778895,2.220446049250313e-16,0.0,0,0,9.094947017729282e-13,0.6549011290706134,0.0,-0.019715122524153195,4.440892098500626e-16,0.0,1.6653345369377348e-15,2.220446049250313e-16
R_amp1.0_T16.0,R,1.0,16.0,2.15,0.8333333333333334,0.008323027409903207,0.05949804216542284,0.17760557466949967,10.013109596578673,1.066616500216159,1.0651626703626904,2.220446049250313e-16,0.0,0,0,9.094947017729282e-13,0.6549011290706134,0.0,-0.018308444485300557,4.440892098500626e-16,0.0,1.6653345369377348e-15,2.220446049250313e-16
R_amp1.0_T16.0,R,1.0,16.0,2.2,0.8333333333333334,0.008335502126614323,0.05949804216542284,0.17760557466949967,10.013649100594815,1.0665683576602565,1.065187687049983,2.220446049250313e-16,0.0,0,0,9.094947017729282e-13,0.6549011290706134,0.0,-0.0170806199946556,4.440892098500626e-16,0.0,1.6653345369377348e-15,2.220446049250313e-16
R_amp1.0_T16.0,R,1.0,16.0,2.25,0.8333333333333334,0.008346142141817774,0.05949804216542284,0.17760557466949967,10.01419211816427,1.0665195840963966,1.0652130315301567,0.0,0.0,0,0,9.094947017729282e-13,0.6549011290706134,0.0,-0.01603653524533688,4.440892098500626e-16,0.0,1.6653345369377348e-15,2.220446049250313e-16
R_amp1.0_T16.0,R,1.0,16.0,2.3000000000000003,0.8333333333333334,0.008354905464234513,0.05949804216542284,0.17760557466949967,10.014737694873833,1.0664702742696317,1.065238655289021,0.0,0.0,0,0,9.094947017729282e-13,0.6549011290706134,0.0,-0.015180351295439376,4.440892098500626e-16,0.0,1.6653345369377348e-15,2.220446049250313e-16
R_amp1.0_T16.0,R,1.0,16.0,2.35,0.8333333333333334,0.008361757509034541,0.05949804216542284,0.17760557466949967,10.015284860529146,1.0664205250997305,1.0652645086991352,0.0,0.0,0,0,9.094947017729282e-13,0.6549011290706134,0.0,-0.014515487647845493,4.440892098500626e-16,0.0,1.6653345369377348e-15,2.220446049250313e-16
R_amp1.0_T16.0,R,1.0,16.0,2.4000000000000004,0.8333333333333334,0.008366671234327435,0.05949804216542284,0.17760557466949967,10.015832632978913,1.066370435294889,1.0652905412155618,2.220446049250313e-16,0.0,0,0,1.3642420526593924e-12,0.6549011290706134,0.0,-0.014044608753709609,4.440892098500626e-16,0.0,1.6653345369377348e-15,2.220446049250313e-16
R_amp1.0_T16.0,R,1.0,16.0,2.45,0.8333333333333334,0.008369627247884332,0.05949804216542284,0.17760557466949967,10.016380021987471,1.0663201049585462,1.0653167015752738,0.0,0.0,0,0,9.094947017729282e-13,0.6549011290706134,0.0,-0.013769613495949296,4.440892098500626e-16,0.0,1.6653345369377348e-15,2.220446049250313e-16
R_amp1.0_T16.0,R,1.0,16.0,2.5,0.8333333333333334,0.008370613883670197,0.05949804216542284,0.17760557466949967,10.016926033140514,1.0662696351908596,1.065342937999436,2.220446049250313e-16,0.0,0,0,9.094947017729282e-13,0.6549011290706134,0.0,-0.013691627696420516,2.220446049250313e-16,0.0,1.6653345369377348e-15,2.220446049250313e-16
R_amp1.0_T16.0,R,1.0,16.0,2.5500000000000003,0.8333333333333334,0.008369627247884332,0.05949804216542284,0.17760557466949967,10.017469671768566,1.0662191276864221,1.0653691983977516,2.220446049250313e-16,0.0,0,0,9.094947017729282e-13,0.6549011290706134,0.0,-0.013810999671843405,4.440892098500626e-16,0.0,1.6653345369377348e-15,2.220446049250313e-16
R_amp1.0_T16.0,R,1.0,16.0,2.6,0.8333333333333334,0.008366671234327435,0.05949804216542284,0.17760557466949967,10.018009946872763,1.0661686843298022,1.065395430574084,2.220446049250313e-16,0.0,0,0,9.094947017729282e-13,0.6549011290706134,0.0,-0.014127298860897364,4.440892098500626e-16,0.0,1.6653345369377348e-15,2.220446049250313e-16
R_amp1.0_T16.0,R,1.0,16.0,2.6500000000000004,0.8333333333333334,0.008361757509034541,0.05949804216542284,0.17760557466949967,10.018545875037423,1.066118406790502,1.06542158243253,0.0,0.0,0,0,1.3642420526593924e-12,0.6549011290706134,0.0,-0.014639317520056316,4.440892098500626e-16,0.0,1.6653345369377348e-15,2.220446049250313e-16
R_amp1.0_T16.0,R,1.0,16.0,2.7,0.8333333333333334,0.008354905464234513,0.05949804216542284,0.17760557466949967,10.019076484313999,1.0660683961189386,1.065447602183136,2.220446049250313e-16,0.0,0,0,1.3642420526593924e-12,0.6549011290706134,0.0,-0.015345075494390459,2.220446049250313e-16,0.0,1.6653345369377348e-15,2.220446049250313e-16
R_amp1.0_T16.0,R,1.0,16.0,2.75,0.8333333333333334,0.008346142141817774,0.05949804216542284,0.17760557466949967,10.019600818060978,1.0660187523450282,1.0654734385464464,4.440892098500626e-16,0.0,0,0,9.094947017729282e-13,0.6549011290706134,0.0,-0.016241828029299743,4.440892098500626e-16,0.0,1.6653345369377348e-15,2.220446049250313e-16
R_amp1.0_T16.0,R,1.0,16.0,2.8000000000000003,0.8333333333333334,0.008335502126614323,0.05949804216542284,0.17760557466949967,10.020117938724571,1.0659695740809552,1.065499040956071,4.440892098500626e-16,0.0,0,0,9.094947017729282e-13,0.6549011290706134,0.0,-0.01732607660548524,4.440892098500626e-16,0.0,1.6653345369377348e-15,2.220446049250313e-16
R_amp1.0_T16.0,R,1.0,16.0,2.85,0.8333333333333334,0.008323027409903207,0.05949804216542284,0.17760557466949967,10.020626931545173,1.065920958129685,1.0655243597584771,2.220446049250313e-16,0.0,0,0,9.094947017729282e-13,0.6549011290706134,0.0,-0.01859358274565781,4.440892098500626e-16,0.0,1.6653345369377348e-15,2.220446049250313e-16
R_amp1.0_T16.0,R,1.0,16.0,2.9000000000000004,0.8333333333333334,0.008308767223692129,0.05949804216542284,0.17760557466949967,10.021126908174883,1.065872999100759,1.0655493464092074,4.440892098500626e-16,0.0,0,0,1.3642420526593924e-12,0.6549011290706134,0.0,-0.02003938474313549,4.440892098500626e-16,0.0,1.6653345369377348e-15,2.220446049250313e-16
R_amp1.0_T16.0,R,1.0,16.0,2.95,0.8333333333333334,0.008292777846421205,0.05949804216542284,0.17760557466949967,10.0216170101917,1.0658257890348692,1.065573953664756,4.440892098500626e-16,0.0,0,0,9.094947017729282e-13,0.6549011290706134,0.0,-0.021657817243128097,4.440892098500626e-16,0.0,1.6653345369377348e-15,2.220446049250313e-16
R_amp1.0_T16.0,R,1.0,16.0,3.0,0.8333333333333334,0.008275122380857671,0.05949804216542284,0.17760557466949967,10.022096412496401,1.0657794170386912,1.0655981357693318,4.440892098500626e-16,0.0,0,0,9.094947017729282e-13,0.6549011290706134,0.0,-0.02344253360360371,4.440892098500626e-16,0.0,1.6653345369377348e-15,2.220446049250313e-16
R_amp1.0_T16.0,R,1.0,16.0,3.0500000000000003,0.8333333333333334,0.008255870505058091,0.05949804216542284,0.17760557466949967,10.022564326578571,1.0657339689313925,1.0656218486357807,4.440892098500626e-16,0.0,0,0,9.094947017729282e-13,0.6549011290706134,0.0,-0.025386530942045793,4.440892098500626e-16,0.0,1.6653345369377348e-15,2.220446049250313e-16
R_amp1.0_T16.0,R,1.0,16.0,3.1,0.8333333333333334,0.008235098197380903,0.05949804216542284,0.17760557466949967,10.023020003638756,1.0656895269042024,1.0656450500199397,4.440892098500626e-16,0.0,0,0,9.094947017729282e-13,0.6549011290706134,0.0,-0.027482177773836103,4.440892098500626e-16,0.0,1.6653345369377348e-15,2.220446049250313e-16
R_amp1.0_T16.0,R,1.0,16.0,3.1500000000000004,0.8333333333333334,0.008212887436634541,0.05949804216542284,0.17760557466949967,10.023462737554244,1.0656461691943702,1.0656676996877363,4.440892098500626e-16,0.0,0,0,9.094947017729282e-13,0.6549011290706134,0.0,-0.029721244133069646,0.0,0.0,1.6653345369377348e-15,2.220446049250313e-16
R_amp1.0_T16.0,R,1.0,16.0,3.2,0.8333333333333334,0.008189325878544542,0.05949804216542284,0.17760557466949967,10.023891867676658,1.0656039697747763,1.0656897595743662,2.220446049250313e-16,0.0,0,0,9.094947017729282e-13,0.6549011290706134,0.0,-0.032094934050753476,4.440892098500626e-16,0.0,1.6653345369377348e-15,2.220446049250313e-16
R_amp1.0_T16.0,R,1.0,16.0,3.25,0.8333333333333334,0.008164506509816434,0.05949804216542284,0.17760557466949967,10.024306781450106,1.06556299806041,1.0657111939349224,4.440892098500626e-16,0.0,0,0,1.3642420526593924e-12,0.6549011290706134,0.0,-0.034593920272983913,2.220446049250313e-16,0.0,1.6653345369377348e-15,2.220446049250313e-16
R_amp1.0_T16.0,R,1.0,16.0,3.3000000000000003,0.8333333333333334,0.008138527281159696,0.05949804216542284,0.17760557466949967,10.024706916839447,1.065523318632852,1.0657319694858693,4.440892098500626e-16,0.0,0,0,9.094947017729282e-13,0.6549011290706134,0.0,-0.03720838106894497,4.440892098500626e-16,0.0,1.6653345369377348e-15,2.220446049250313e-16
R_amp1.0_T16.0,R,1.0,16.0,3.35,0.8333333333333334,0.008111490720721055,0.05949804216542284,0.17760557466949967,10.0250917645589,1.06548499098383,1.0657520555368096,4.440892098500626e-16,0.0,0,0,9.094947017729282e-13,0.6549011290706134,0.0,-0.03992803899640518,2.220446049250313e-16,0.0,3.0531133177191805e-15,2.220446049250313e-16
R_amp1.0_T16.0,R,1.0,16.0,3.4000000000000004,0.8333333333333334,0.008083503529452732,0.05949804216542284,0.17760557466949967,10.025460870092052,1.0654480692788404,1.0657714241120086,4.440892098500626e-16,0.0,0,0,1.3642420526593924e-12,0.6549011290706134,0.0,-0.04274220146165453,4.440892098500626e-16,0.0,2.609024107869118e-15,2.220446049250313e-16
R_amp1.0_T16.0,R,1.0,16.0,3.45,0.8333333333333334,0.008054676160012536,0.05949804216542284,0.17760557466949967,10.025813835495171,1.0654126021417571,1.065790050061202,4.440892098500626e-16,0.0,0,0,1.3642420526593924e-12,0.6549011290706134,0.0,-0.04563980292155745,4.440892098500626e-16,0.0,1.6653345369377348e-15,2.220446049250313e-16
R_amp1.0_T16.0,R,1.0,16.0,3.5,0.8333333333333334,0.008025122380857671,0.05949804216542284,0.17760557466949967,10.026150320976503,1.0653786324612564,1.065807911159241,4.440892098500626e-16,0.0,0,0,1.3642420526593924e-12,0.6549011290706134,0.0,-0.04860944855259497,4.440892098500626e-16,0.0,1.6653345369377348e-15,2.220446049250313e-16
R_amp1.0_T16.0,R,1.0,16.0,3.5500000000000003,0.8333333333333334,0.007994958827252624,0.05949804216542284,0.17760557466949967,10.026470046245276,1.0653461972198013,1.0658249881941804,2.220446049250313e-16,0.0,0,0,9.094947017729282e-13,0.6549011290706134,0.0,-0.051639459224469775,4.440892098500626e-16,0.0,1.6653345369377348e-15,2.220446049250313e-16
R_amp1.0_T16.0,R,1.0,16.0,3.6,0.8333333333333334,0.00796430454096306,0.05949804216542284,0.17760557466949967,10.02677279162489,1.0653153273458584,1.0658412650434574,4.440892098500626e-16,0.0,0,0,9.094947017729282e-13,0.6549011290706134,0.0,-0.05471791759168898,2.220446049250313e-16,0.0,1.6653345369377348e-15,2.220446049250313e-16
R_amp1.0_T16.0,R,1.0,16.0,3.6500000000000004,0.8333333333333334,0.007933280500452349,0.05949804216542284,0.17760557466949967,10.027058398925854,1.065286047589904,1.0658567287378584,4.440892098500626e-16,0.0,0,0,1.3642420526593924e-12,0.6549011290706134,0.0,-0.0578327151279443,4.440892098500626e-16,0.0,1.6653345369377348e-15,2.220446049250313e-16
R_amp1.0_T16.0,R,1.0,16.0,3.7,0.8333333333333334,0.007902009143434854,0.05949804216542284,0.17760557466949967,10.027326772074915,1.0652583764247026,1.0658713695130184,4.440892098500626e-16,0.0,0,0,1.3642420526593924e-12,0.6549011290706134,0.0,-0.060971599912063024,4.440892098500626e-16,0.0,1.6653345369377348e-15,2.220446049250313e-16
R_amp1.0_T16.0,R,1.0,16.0,3.75,0.8333333333333334,0.007870613883670196,0.05949804216542284,0.17760557466949967,10.027577877497794,1.0652323259702345,1.0658851808482512,4.440892098500626e-16,0.0,0,0,9.094947017729282e-13,0.6549011290706134,0.0,-0.06412222498492692,2.220446049250313e-16,0.0,1.6653345369377348e-15,2.220446049250313e-16
R_amp1.0_T16.0,R,1.0,16.0,3.8000000000000003,0.8333333333333334,0.00783921862390554,0.05949804216542284,0.17760557466949967,10.027811744254038,1.0652079019435718,1.0658981594925483,4.440892098500626e-16,0.0,0,0,9.094947017729282e-13,0.6549011290706134,0.0,-0.06727219707414278,4.440892098500626e-16,0.0,1.6653345369377348e-15,2.220446049250313e-16
R_amp1.0_T16.0,R,1.0,16.0,3.85,0.8333333333333334,0.007807947266888045,0.05949804216542284,0.17760557466949967,10.028028463923336,1.0651851036338746,1.065910305477654,4.440892098500626e-16,0.0,0,0,9.094947017729282e-13,0.6549011290706134,0.0,-0.07040912550877043,4.440892098500626e-16,0.0,1.6653345369377348e-15,2.220446049250313e-16
R_amp1.0_T16.0,R,1.0,16.0,3.9000000000000004,0.8333333333333334,0.007776923226377334,0.05949804216542284,0.17760557466949967,10.028228190243794,1.0651639239026172,1.0659216221181507,4.440892098500626e-16,0.0,0,0,9.094947017729282e-13,0.6549011290706134,0.0,-0.07352067111726868,4.440892098500626e-16,0.0,1.6653345369377348e-15,2.220446049250313e-16
R_amp1.0_T16.0,R,1.0,16.0,3.95,0.8333333333333334,0.0077462689400877695,0.05949804216542284,0.17760557466949967,10.02841113850356,1.0651443492090304,1.0659321159985686,4.440892098500626e-16,0.0,0,0,9.094947017729282e-13,0.6549011290706134,0.0,-0.0765945949273037,4.440892098500626e-16,0.0,1.6653345369377348e-15,2.220446049250313e-16
R_amp1.0_T16.0,R,1.0,16.0,4.0,0.8333333333333334,0.0077161053864827234,0.05949804216542284,0.17760557466949967,10.028577584688255,1.0651263596606555,1.0659417969475595,4.440892098500626e-16,0.0,0,0,1.3642420526593924e-12,0.6549011290706134,0.0,-0.07961880646669961,4.440892098500626e-16,0.0,1.6653345369377348e-15,2.220446049250313e-16
R_amp1.0_T16.0,R,1.0,16.0,4.05,0.8333333333333334,0.007686551607327858,0.05949804216542284,0.17760557466949967,10.028727864387548,1.0651099290888166,1.065950677999243,4.440892098500626e-16,0.0,0,0,9.094947017729282e-13,0.6549011290706134,0.0,-0.08258141147975939,4.440892098500626e-16,0.0,1.6653345369377348e-15,2.220446049250313e-16
R_amp1.0_T16.0,R,1.0,16.0,4.1000000000000005,0.8333333333333334,0.00765772423788766,0.05949804216542284,0.17760557466949967,10.028862371465339,1.0650950251487077,1.0659587753418824,4.440892098500626e-16,0.0,0,0,1.3642420526593924e-12,0.6549011290706134,0.0,-0.08547075886850752,4.440892098500626e-16,0.0,1.6653345369377348e-15,2.220446049250313e-16
R_amp1.0_T16.0,R,1.0,16.0,4.15,0.8333333333333334,0.007629737046619339,0.05949804216542284,0.17760557466949967,10.028981556498785,1.0650816094437083,1.0659661082540843,4.440892098500626e-16,0.0,0,0,1.3642420526593924e-12,0.6549011290706134,0.0,-0.08827548667457052,4.440892098500626e-16,0.0,1.6653345369377348e-15,2.220446049250313e-16
R_amp1.0_T16.0,R,1.0,16.0,4.2,0.8333333333333334,0.0076027004861806986,0.05949804216542284,0.17760557466949967,10.029085924992472,1.0650696376734317,1.065972699028789,4.440892098500626e-16,0.0,0,0,1.3642420526593924e-12,0.6549011290706134,0.0,-0.09098456691913803,4.440892098500626e-16,0.0,1.6653345369377348e-15,2.220446049250313e-16
R_amp1.0_T16.0,R,1.0,16.0,4.25,0.8333333333333334,0.00757672125752396,0.05949804216542284,0.17760557466949967,10.029176035374824,1.065059059804941,1.065978572885344,4.440892098500626e-16,0.0,0,0,9.094947017729282e-13,0.6549011290706134,0.0,-0.09358734912693611,4.440892098500626e-16,0.0,1.6653345369377348e-15,2.220446049250313e-16
R_amp1.0_T16.0,R,1.0,16.0,4.3,0.8333333333333334,0.007551901888795852,0.05949804216542284,0.17760557466949967,10.029252496784856,1.065049820266449,1.0659837578700144,4.440892098500626e-16,0.0,0,0,9.094947017729282e-13,0.6549011290706134,0.0,-0.09607360235793738,4.440892098500626e-16,0.0,1.6653345369377348e-15,2.220446049250313e-16
R_amp1.0_T16.0,R,1.0,16.0,4.3500000000000005,0.8333333333333334,0.007528340330705852,0.05949804216542284,0.17760557466949967,10.029315966658004,1.0650418581627572,1.065988284745332,4.440892098500626e-16,0.0,0,0,1.3642420526593924e-12,0.6549011290706134,0.0,-0.09843355558330003,4.440892098500626e-16,0.0,1.6653345369377348e-15,2.220446049250313e-16
R_amp1.0_T16.0,R,1.0,16.0,4.4,0.8333333333333334,0.0075061295699594905,0.05949804216542284,0.17760557466949967,10.029367148120844,1.0650351075115856,1.065992186868709,4.440892098500626e-16,0.0,0,0,9.094947017729282e-13,0.6549011290706134,0.0,-0.10065793624853447,4.440892098500626e-16,0.0,1.6653345369377348e-15,2.220446049250313e-16
R_amp1.0_T16.0,R,1.0,16.0,4.45,0.8333333333333334,0.007485357262282302,0.05949804216542284,0.17760557466949967,10.029406787204934,1.0650294974998709,1.0659955000608168,4.440892098500626e-16,0.0,0,0,1.3642420526593924e-12,0.6549011290706134,0.0,-0.10273800686798218,4.440892098500626e-16,0.0,1.6653345369377348e-15,2.220446049250313e-16
R_amp1.0_T16.0,R,1.0,16.0,4.5,0.8333333333333334,0.007466105386482723,0.05949804216542284,0.17760557466949967,10.029435669891086,1.0650249527590323,1.0659982624642392,4.440892098500626e-16,0.0,0,0,1.3642420526593924e-12,0.6549011290706134,0.0,-0.10466559950600263,4.440892098500626e-16,0.0,1.6653345369377348e-15,2.220446049250313e-16
R_amp1.0_T16.0,R,1.0,16.0,4.55,0.8333333333333334,0.007448449920919189,0.05949804216542284,0.17760557466949967,10.02945461899575,1.0650213936581325,1.066000514392968,4.440892098500626e-16,0.0,0,0,9.094947017729282e-13,0.6549011290706134,0.0,-0.10643314801349102,4.440892098500626e-16,0.0,1.6653345369377348e-15,2.220446049250313e-16
R_amp1.0_T16.0,R,1.0,16.0,4.6000000000000005,0.8333333333333334,0.0074324605436482645,0.05949804216542284,0.17760557466949967,10.029464490912005,1.0650187366137742,1.0660022981733395,4.440892098500626e-16,0.0,0,0,1.3642420526593924e-12,0.6549011290706134,0.0,-0.10803371788734473,4.440892098500626e-16,0.0,1.6653345369377348e-15,2.220446049250313e-16
R_amp1.0_T16.0,R,1.0,16.0,4.65,0.8333333333333334,0.007418200357437187,0.05949804216542284,0.17760557466949967,10.029466172218104,1.0650168944155367,1.0660036579770413,4.440892098500626e-16,0.0,0,0,9.094947017729282e-13,0.6549011290706134,0.0,-0.10946103363790005,4.440892098500626e-16,0.0,1.6653345369377348e-15,2.220446049250313e-16
R_amp1.0_T16.0,R,1.0,16.0,4.7,0.8333333333333334,0.007405725640726071,0.05949804216542284,0.17760557466949967,10.029460576167132,1.0650157765656616,1.0660046396468523,4.440892098500626e-16,0.0,0,0,9.094947017729282e-13,0.6549011290706134,0.0,-0.11070950355469678,4.440892098500626e-16,0.0,1.7208456881689926e-15,2.220446049250313e-16
R_amp1.0_T16.0,R,1.0,16.0,4.75,0.8333333333333334,0.00739508562552262,0.05949804216542284,0.17760557466949967,10.029448639071704,1.065015289631662,1.0660052905158102,4.440892098500626e-16,0.0,0,0,9.094947017729282e-13,0.6549011290706134,0.0,-0.11177424177608697,4.440892098500626e-16,0.0,1.7208456881689926e-15,2.220446049250313e-16
R_amp1.0_T16.0,R,1.0,16.0,4.800000000000001,0.8333333333333334,0.007386322303105881,0.05949804216542284,0.17760557466949967,10.029431316598128,1.0650153376104776,1.0660056592205174,4.440892098500626e-16,0.0,0,0,1.3642420526593924e-12,0.6549011290706134,0.0,-0.11265108756967335,4.440892098500626e-16,0.0,1.887379141862766e-15,2.220446049250313e-16
R_amp1.0_T16.0,R,1.0,16.0,4.8500000000000005,0.8333333333333334,0.007379470258305852,0.05949804216542284,0.17760557466949967,10.029409579984726,1.065015822302729,1.0660057955093343,4.440892098500626e-16,0.0,0,0,9.094947017729282e-13,0.6549011290706134,0.0,-0.11333662175315506,4.440892098500626e-16,0.0,2.220446049250313e-15,2.220446049250313e-16
R_amp1.0_T16.0,R,1.0,16.0,4.9,0.8333333333333334,0.0073745565330129575,0.05949804216542284,0.17760557466949967,10.029384412199304,1.0650166436956174,1.0660057500462117,4.440892098500626e-16,0.0,0,0,9.094947017729282e-13,0.6549011290706134,0.0,-0.11382818019062868,4.440892098500626e-16,0.0,2.3314683517128287e-15,2.220446049250313e-16
R_amp1.0_T16.0,R,1.0,16.0,4.95,0.8333333333333334,0.007371600519456061,0.05949804216542284,0.17760557466949967,10.029356804051087,1.0650177003529506,1.0660055742109389,4.440892098500626e-16,0.0,0,0,9.094947017729282e-13,0.6549011290706134,0.0,-0.11412386430421928,4.440892098500626e-16,0.0,2.3869795029440866e-15,2.220446049250313e-16
R_amp1.0_T16.0,R,1.0,16.0,5.0,0.8333333333333334,0.007370613883670197,0.05949804216542284,0.17760557466949967,10.029327750272408,1.0650188898107669,1.0660053198966084,4.440892098500626e-16,0.0,0,0,9.094947017729282e-13,0.6549011290706134,0.0,-0.11422254856898362,4.440892098500626e-16,0.0,2.609024107869118e-15,2.220446049250313e-16
R_amp1.0_T16.0,R,1.0,16.0,5.050000000000001,0.8333333333333334,0.007370613883670197,0.05949804216542284,0.17760557466949967,10.029298245585728,1.0650201089769828,1.0660050393050822,4.440892098500626e-16,0.0,0,0,1.3642420526593924e-12,0.6549011290706134,0.0,-0.11422254853209379,4.440892098500626e-16,0.0,2.609024107869118e-15,2.220446049250313e-16
R_amp1.0_T16.0,R,1.0,16.0,5.1000000000000005,0.8333333333333334,0.007370613883670197,0.05949804216542284,0.17760557466949967,10.029268786491196,1.065021306517665,1.0660047585885284,4.440892098500626e-16,0.0,0,0,9.094947017729282e-13,0.6549011290706134,0.0,-0.11422254849587432,4.440892098500626e-16,0.0,2.609024107869118e-15,2.220446049250313e-16
R_amp1.0_T16.0,R,1.0,16.0,5.15,0.8333333333333334,0.007370613883670197,0.05949804216542284,0.17760557466949967,10.029239372267966,1.0650224830609516,1.0660044777463975,4.440892098500626e-16,0.0,0,0,9.094947017729282e-13,0.6549011290706134,0.0,-0.11422254845987845,4.440892098500626e-16,0.0,2.609024107869118e-15,2.220446049250313e-16
R_amp1.0_T16.0,R,1.0,16.0,5.2,0.8333333333333334,0.007370613883670197,0.05949804216542284,0.17760557466949967,10.029210002216523,1.065023639215589,1.0660041967781813,4.440892098500626e-16,0.0,0,0,9.094947017729282e-13,0.6549011290706134,0.0,-0.1142225484238828,4.440892098500626e-16,0.0,2.609024107869118e-15,2.220446049250313e-16
R_amp1.0_T16.0,R,1.0,16.0,5.25,0.8333333333333334,0.007370613883670197,0.05949804216542284,0.17760557466949967,10.029180675658024,1.0650247755716091,1.0660039156834134,4.440892098500626e-16,0.0,0,0,1.3642420526593924e-12,0.6549011290706134,0.0,-0.11422254838766333,4.440892098500626e-16,0.0,2.609024107869118e-15,2.220446049250313e-16
R_amp1.0_T16.0,R,1.0,16.0,5.300000000000001,0.8333333333333334,0.007370613883670197,0.05949804216542284,0.17760557466949967,10.029151391933656,1.0650258927009866,1.0660036344616723,4.440892098500626e-16,0.0,0,0,9.094947017729282e-13,0.6549011290706134,0.0,-0.11422254835144385,4.440892098500626e-16,0.0,2.609024107869118e-15,2.220446049250313e-16
R_amp1.0_T16.0,R,1.0,16.0,5.3500000000000005,0.8333333333333334,0.007370613883670197,0.05949804216542284,0.17760557466949967,10.029122150404039,1.0650269911582615,1.0660033531125772,4.440892098500626e-16,0.0,0,0,9.094947017729282e-13,0.6549011290706134,0.0,-0.114222548315001,4.440892098500626e-16,0.0,2.609024107869118e-15,2.220446049250313e-16
R_amp1.0_T16.0,R,1.0,16.0,5.4,0.8333333333333334,0.007370613883670197,0.05949804216542284,0.17760557466949967,10.029092950448614,1.0650280714811384,1.0660030716357891,4.440892098500626e-16,0.0,0,0,9.094947017729282e-13,0.6549011290706134,0.0,-0.11422254827900513,4.440892098500626e-16,0.0,2.609024107869118e-15,2.220446049250313e-16
R_amp1.0_T16.0,R,1.0,16.0,5.45,0.8333333333333334,0.007370613883670197,0.05949804216542284,0.17760557466949967,10.029063791465088,1.0650291341910587,1.06600279003101,4.440892098500626e-16,0.0,0,0,9.094947017729282e-13,0.6549011290706134,0.0,-0.11422254824256228,4.440892098500626e-16,0.0,2.609024107869118e-15,2.220446049250313e-16
R_amp1.0_T16.0,R,1.0,16.0,5.5,0.8333333333333334,0.007370613883670197,0.05949804216542284,0.17760557466949967,10.029034672868878,1.0650301797937491,1.0660025082979807,4.440892098500626e-16,0.0,0,0,9.094947017729282e-13,0.6549011290706134,0.0,-0.11422254820634303,4.440892098500626e-16,0.0,2.609024107869118e-15,2.220446049250313e-16
R_amp1.0_T16.0,R,1.0,16.0,5.550000000000001,0.8333333333333334,0.007370613883670197,0.05949804216542284,0.17760557466949967,10.029005594092574,1.065031208779748,1.0660022264364817,4.440892098500626e-16,0.0,0,0,9.094947017729282e-13,0.6549011290706134,0.0,-0.11422254817057076,4.440892098500626e-16,0.0,2.609024107869118e-15,2.220446049250313e-16
R_amp1.0_T16.0,R,1.0,16.0,5.6000000000000005,0.8333333333333334,0.007370613883670197,0.05949804216542284,0.17760557466949967,10.028976554585427,1.0650322216249124,1.0660019444463287,6.661338147750939e-16,0.0,0,0,1.3642420526593924e-12,0.6549011290706134,0.0,-0.11422254813435129,0.0,0.0,2.609024107869118e-15,2.220446049250313e-16
R_amp1.0_T16.0,R,1.0,16.0,5.65,0.8333333333333334,0.007370613883670197,0.05949804216542284,0.17760557466949967,10.028947553812849,1.0650332187908989,1.0660016623273747,6.661338147750939e-16,0.0,0,0,9.094947017729282e-13,0.6549011290706134,0.0,-0.11422254809813204,4.440892098500626e-16,0.0,2.609024107869118e-15,2.220446049250313e-16
R_amp1.0_T16.0,R,1.0,16.0,5.7,0.8333333333333334,0.007370613883670197,0.05949804216542284,0.17760557466949967,10.028918591255925,1.0650342007256313,1.0660013800795092,4.440892098500626e-16,0.0,0,0,9.094947017729282e-13,0.6549011290706134,0.0,-0.11422254806146537,4.440892098500626e-16,0.0,2.609024107869118e-15,2.220446049250313e-16
R_amp1.0_T16.0,R,1.0,16.0,5.75,0.8333333333333334,0.007370613883670197,0.05949804216542284,0.17760557466949967,10.028889666410958,1.0650351678637493,1.0660010977026526,6.661338147750939e-16,0.0,0,0,9.094947017729282e-13,0.6549011290706134,0.0,-0.11422254802479892,4.440892098500626e-16,0.0,2.609024107869118e-15,2.220446049250313e-16
R_amp1.0_T16.0,R,1.0,16.0,5.800000000000001,0.8333333333333334,0.007370613883670197,0.05949804216542284,0.17760557466949967,10.028860778789007,1.0650361206270362,1.0660008151967602,4.440892098500626e-16,0.0,0,0,1.3642420526593924e-12,0.6549011290706134,0.0,-0.11422254798880305,4.440892098500626e-16,0.0,2.609024107869118e-15,2.220446049250313e-16
R_amp1.0_T16.0,R,1.0,16.0,5.8500000000000005,0.8333333333333334,0.007370613883670197,0.05949804216542284,0.17760557466949967,10.028831927915462,1.065037059424835,1.066000532561819,6.661338147750939e-16,0.0,0,0,9.094947017729282e-13,0.6549011290706134,0.0,-0.1142225479525838,2.220446049250313e-16,0.0,2.609024107869118e-15,2.220446049250313e-16
R_amp1.0_T16.0,R,1.0,16.0,5.9,0.8333333333333334,0.007370613883670197,0.05949804216542284,0.17760557466949967,10.028803113329602,1.065037984654444,1.0660002497978465,4.440892098500626e-16,0.0,0,0,1.3642420526593924e-12,0.6549011290706134,0.0,-0.11422254791614073,4.440892098500626e-16,0.0,2.609024107869118e-15,2.220446049250313e-16
R_amp1.0_T16.0,R,1.0,16.0,5.95,0.8333333333333334,0.007370613883670197,0.05949804216542284,0.17760557466949967,10.028774334584202,1.0650388967015025,1.0659999669048899,4.440892098500626e-16,0.0,0,0,1.3642420526593924e-12,0.6549011290706134,0.0,-0.11422254787947428,4.440892098500626e-16,0.0,2.609024107869118e-15,2.220446049250313e-16
R_amp1.0_T16.0,R,1.0,16.0,6.0,0.8333333333333334,0.007370613883670197,0.05949804216542284,0.17760557466949967,10.028745591245137,1.0650397959403581,1.0659996838830268,6.661338147750939e-16,0.0,0,0,9.094947017729282e-13,0.6549011290706134,0.0,-0.11422254784280783,4.440892098500626e-16,0.0,2.609024107869118e-15,2.220446049250313e-16
R_amp1.0_T16.0,R,1.0,16.0,6.050000000000001,0.8333333333333334,0.007370613883670197,0.05949804216542284,0.17760557466949967,10.028716882890983,1.0650406827344234,1.0659994007323623,6.661338147750939e-16,0.0,0,0,9.094947017729282e-13,0.6549011290706134,0.0,-0.11422254780636476,4.440892098500626e-16,0.0,2.609024107869118e-15,2.220446049250313e-16
R_amp1.0_T16.0,R,1.0,16.0,6.1000000000000005,0.8333333333333334,0.007370613883670197,0.05949804216542284,0.17760557466949967,10.028688209112662,1.065041557436519,1.0659991174530294,4.440892098500626e-16,0.0,0,0,9.094947017729282e-13,0.6549011290706134,0.0,-0.11422254777014529,4.440892098500626e-16,0.0,2.609024107869118e-15,2.220446049250313e-16
R_amp1.0_T16.0,R,1.0,16.0,6.15,0.8333333333333334,0.007370613883670197,0.05949804216542284,0.17760557466949967,10.028659569513065,1.065042420389203,1.0659988340451882,4.440892098500626e-16,0.0,0,0,1.1368683772161603e-12,0.6549011290706134,0.0,-0.11422254773392604,4.440892098500626e-16,0.0,2.609024107869118e-15,2.220446049250313e-16
R_amp1.0_T16.0,R,1.0,16.0,6.2,0.8333333333333334,0.007370613883670197,0.05949804216542284,0.17760557466949967,10.028630963706721,1.0650432719250886,1.065998550509026,6.661338147750939e-16,0.0,0,0,9.094947017729282e-13,0.6549011290706134,0.0,-0.11422254769770679,4.440892098500626e-16,0.0,2.609024107869118e-15,2.220446049250313e-16
R_amp1.0_T16.0,R,1.0,16.0,6.25,0.8333333333333334,0.007370613883670197,0.05949804216542284,0.17760557466949967,10.028602391319444,1.0650441123671535,1.0659982668447552,6.661338147750939e-16,0.0,0,0,9.094947017729282e-13,0.6549011290706134,0.0,-0.11422254766148732,4.440892098500626e-16,0.0,2.609024107869118e-15,2.220446049250313e-16
R_amp1.0_T16.0,R,1.0,16.0,6.300000000000001,0.8333333333333334,0.007370613883670197,0.05949804216542284,0.17760557466949967,10.028573851988012,1.0650449420290375,1.065997983052613,4.440892098500626e-16,0.0,0,0,9.094947017729282e-13,0.6549011290706134,0.0,-0.11422254762504425,4.440892098500626e-16,0.0,2.609024107869118e-15,2.220446049250313e-16
R_amp1.0_T16.0,R,1.0,16.0,6.3500000000000005,0.8333333333333334,0.007370613883670197,0.05949804216542284,0.17760557466949967,10.028545345359845,1.0650457612153246,1.065997699132863,4.440892098500626e-16,0.0,0,0,1.3642420526593924e-12,0.6549011290706134,0.0,-0.1142225475886014,4.440892098500626e-16,0.0,2.609024107869118e-15,2.220446049250313e-16
R_amp1.0_T16.0,R,1.0,16.0,6.4,0.8333333333333334,0.007370613883670197,0.05949804216542284,0.17760557466949967,10.028516871092705,1.0650465702218241,1.065997415085792,6.661338147750939e-16,0.0,0,0,9.094947017729282e-13,0.6549011290706134,0.0,-0.11422254755238215,4.440892098500626e-16,0.0,2.609024107869118e-15,2.220446049250313e-16
R_amp1.0_T16.0,R,1.0,16.0,6.45,0.8333333333333334,0.007370613883670197,0.05949804216542284,0.17760557466949967,10.028488428854383,1.0650473693358367,1.0659971309117107,6.661338147750939e-16,0.0,0,0,9.094947017729282e-13,0.6549011290706134,0.0,-0.11422254751616268,4.440892098500626e-16,0.0,2.609024107869118e-15,2.220446049250313e-16
R_amp1.0_T16.0,R,1.0,16.0,6.5,0.8333333333333334,0.007370613883670197,0.05949804216542284,0.17760557466949967,10.028460018322422,1.0650481588364094,1.065996846610954,6.661338147750939e-16,0.0,0,0,1.3642420526593924e-12,0.6549011290706134,0.0,-0.11422254747949623,4.440892098500626e-16,0.0,2.609024107869118e-15,2.220446049250313e-16
R_amp1.0_T16.0,R,1.0,16.0,6.550000000000001,0.8333333333333334,0.007370613883670197,0.05949804216542284,0.17760557466949967,10.028431639183832,1.0650489389945876,1.0659965621838785,6.661338147750939e-16,0.0,0,0,9.094947017729282e-13,0.6549011290706134,0.0,-0.11422254744305316,4.440892098500626e-16,0.0,2.609024107869118e-15,2.220446049250313e-16
R_amp1.0_T16.0,R,1.0,16.0,6.6000000000000005,0.8333333333333334,0.007370613883670197,0.05949804216542284,0.17760557466949967,10.028403291134818,1.065049710073655,1.0659962776308651,6.661338147750939e-16,0.0,0,0,1.3642420526593924e-12,0.6549011290706134,0.0,-0.11422254740638671,4.440892098500626e-16,0.0,2.609024107869118e-15,2.220446049250313e-16
R_amp1.0_T16.0,R,1.0,16.0,6.65,0.8333333333333334,0.007370613883670197,0.05949804216542284,0.17760557466949967,10.028374973880506,1.065050472329367,1.0659959929523164,4.440892098500626e-16,0.0,0,0,9.094947017729282e-13,0.6549011290706134,0.0,-0.11422254736994364,4.440892098500626e-16,0.0,2.609024107869118e-15,2.220446049250313e-16
R_amp1.0_T16.0,R,1.0,16.0,6.7,0.8333333333333334,0.007370613883670197,0.05949804216542284,0.17760557466949967,10.028346687134707,1.0650512260101772,1.0659957081486562,6.661338147750939e-16,0.0,0,0,9.094947017729282e-13,0.6549011290706134,0.0,-0.11422254733350079,4.440892098500626e-16,0.0,2.609024107869118e-15,2.220446049250313e-16
R_amp1.0_T16.0,R,1.0,16.0,6.75,0.8333333333333334,0.007370613883670197,0.05949804216542284,0.17760557466949967,10.028318430619645,1.0650519713574518,1.065995423220331,6.661338147750939e-16,0.0,0,0,1.3642420526593924e-12,0.6549011290706134,0.0,-0.11422254729683434,4.440892098500626e-16,0.0,2.609024107869118e-15,2.220446049250313e-16
R_amp1.0_T16.0,R,1.0,16.0,6.800000000000001,0.8333333333333334,0.007370613883670197,0.05949804216542284,0.17760557466949967,10.028290204065733,1.0650527086056827,1.0659951381678079,8.881784197001252e-16,0.0,0,0,9.094947017729282e-13,0.6549011290706134,0.0,-0.11422254726016767,4.440892098500626e-16,0.0,2.609024107869118e-15,2.220446049250313e-16
R_amp1.0_T16.0,R,1.0,16.0,6.8500000000000005,0.8333333333333334,0.007370613883670197,0.05949804216542284,0.17760557466949967,10.028262007211325,1.0650534379826904,1.0659948529915768,8.881784197001252e-16,0.0,0,0,9.094947017729282e-13,0.6549011290706134,0.0,-0.11422254722372482,4.440892098500626e-16,0.0,2.609024107869118e-15,2.220446049250313e-16
R_amp1.0_T16.0,R,1.0,16.0,6.9,0.8333333333333334,0.007370613883670197,0.05949804216542284,0.17760557466949967,10.028233839802503,1.065054159709823,1.0659945676921456,4.440892098500626e-16,0.0,0,0,1.3642420526593924e-12,0.6549011290706134,0.0,-0.11422254718705838,4.440892098500626e-16,0.0,2.609024107869118e-15,2.220446049250313e-16
R_amp1.0_T16.0,R,1.0,16.0,6.95,0.8333333333333334,0.007370613883670197,0.05949804216542284,0.17760557466949967,10.028205701592842,1.0650548740021448,1.0659942822700448,6.661338147750939e-16,0.0,0,0,9.094947017729282e-13,0.6549011290706134,0.0,-0.1142225471508389,4.440892098500626e-16,0.0,2.609024107869118e-15,2.220446049250313e-16
R_amp1.0_T16.0,R,1.0,16.0,7.0,0.8333333333333334,0.007370613883670197,0.05949804216542284,0.17760557466949967,10.028177592343209,1.0650555810686206,1.0659939967258245,6.661338147750939e-16,0.0,0,0,9.094947017729282e-13,0.6549011290706134,0.0,-0.11422254711439583,4.440892098500626e-16,0.0,2.609024107869118e-15,2.220446049250313e-16
R_amp1.0_T16.0,R,1.0,16.0,7.050000000000001,0.8333333333333334,0.007370613883670197,0.05949804216542284,0.17760557466949967,10.028149511821542,1.0650562811122972,1.0659937110600546,6.661338147750939e-16,0.0,0,0,1.3642420526593924e-12,0.6549011290706134,0.0,-0.11422254707772939,4.440892098500626e-16,0.0,2.609024107869118e-15,2.220446049250313e-16
R_amp1.0_T16.0,R,1.0,16.0,7.1000000000000005,0.8333333333333334,0.007370613883670197,0.05949804216542284,0.17760557466949967,10.028121459802659,1.0650569743304754,1.0659934252733252,6.661338147750939e-16,0.0,0,0,9.094947017729282e-13,0.6549011290706134,0.0,-0.11422254704106294,2.220446049250313e-16,0.0,2.609024107869118e-15,2.220446049250313e-16
R_amp1.0_T16.0,R,1.0,16.0,7.15,0.8333333333333334,0.007370613883670197,0.05949804216542284,0.17760557466949967,10.02809343606805,1.0650576609148759,1.0659931393662454,6.661338147750939e-16,0.0,0,0,9.094947017729282e-13,0.6549011290706134,0.0,-0.11422254700439649,4.440892098500626e-16,0.0,2.609024107869118e-15,2.220446049250313e-16
R_amp1.0_T16.0,R,1.0,16.0,7.2,0.8333333333333334,0.007370613883670197,0.05949804216542284,0.17760557466949967,10.028065440405705,1.0650583410518055,1.065992853339444,4.440892098500626e-16,0.0,0,0,9.094947017729282e-13,0.6549011290706134,0.0,-0.11422254696772982,4.440892098500626e-16,0.0,2.609024107869118e-15,2.220446049250313e-16
R_amp1.0_T16.0,R,1.0,16.0,7.25,0.8333333333333334,0.007370613883670197,0.05949804216542284,0.17760557466949967,10.028037472609908,1.0650590149223107,1.0659925671935682,6.661338147750939e-16,0.0,0,0,9.094947017729282e-13,0.6549011290706134,0.0,-0.11422254693106337,4.440892098500626e-16,0.0,2.609024107869118e-15,2.220446049250313e-16
R_amp1.0_T16.0,R,1.0,16.0,7.300000000000001,0.8333333333333334,0.007370613883670197,0.05949804216542284,0.17760557466949967,10.028009532481068,1.0650596827023322,1.0659922809292843,8.881784197001252e-16,0.0,0,0,1.3642420526593924e-12,0.6549011290706134,0.0,-0.11422254689462052,4.440892098500626e-16,0.0,2.609024107869118e-15,2.220446049250313e-16
R_amp1.0_T16.0,R,1.0,16.0,7.3500000000000005,0.8333333333333334,0.007370613883670197,0.05949804216542284,0.17760557466949967,10.027981619825553,1.065060344562852,1.0659919945472778,8.881784197001252e-16,0.0,0,0,1.3642420526593924e-12,0.6549011290706134,0.0,-0.11422254685795385,4.440892098500626e-16,0.0,2.609024107869118e-15,2.220446049250313e-16
R_amp1.0_T16.0,R,1.0,16.0,7.4,0.8333333333333334,0.007370613883670197,0.05949804216542284,0.17760557466949967,10.027953734455503,1.0650610006700358,1.0659917080482515,8.881784197001252e-16,0.0,0,0,9.094947017729282e-13,0.6549011290706134,0.0,-0.11422254682106381,4.440892098500626e-16,0.0,2.609024107869118e-15,2.220446049250313e-16
R_amp1.0_T16.0,R,1.0,16.0,7.45,0.8333333333333334,0.007370613883670197,0.05949804216542284,0.17760557466949967,10.027925876188675,1.0650616511853737,1.0659914214329262,6.661338147750939e-16,0.0,0,0,9.094947017729282e-13,0.6549011290706134,0.0,-0.11422254678417354,4.440892098500626e-16,0.0,2.609024107869118e-15,2.220446049250313e-16
R_amp1.0_T16.0,R,1.0,16.0,7.5,0.8333333333333334,0.007370613883670197,0.05949804216542284,0.17760557466949967,10.027898044848286,1.065062296265813,1.0659911347020417,6.661338147750939e-16,0.0,0,0,1.3642420526593924e-12,0.6549011290706134,0.0,-0.11422254674750731,4.440892098500626e-16,0.0,2.609024107869118e-15,2.220446049250313e-16
R_amp1.0_T16.0,R,1.0,16.0,7.550000000000001,0.8333333333333334,0.007370613883670197,0.05949804216542284,0.17760557466949967,10.027870240262853,1.0650629360638884,1.0659908478563542,8.881784197001252e-16,0.0,0,0,1.3642420526593924e-12,0.6549011290706134,0.0,-0.11422254671106424,4.440892098500626e-16,0.0,2.609024107869118e-15,2.220446049250313e-16
R_amp1.0_T16.0,R,1.0,16.0,7.6000000000000005,0.8333333333333334,0.007370613883670197,0.05949804216542284,0.17760557466949967,10.027842462266042,1.0650635707278509,1.0659905608966376,8.881784197001252e-16,0.0,0,0,1.3642420526593924e-12,0.6549011290706134,0.0,-0.11422254667462117,4.440892098500626e-16,0.0,2.609024107869118e-15,2.220446049250313e-16
R_amp1.0_T16.0,R,1.0,16.0,7.65,0.8333333333333334,0.007370613883670197,0.05949804216542284,0.17760557466949967,10.027814710696523,1.0650642004017854,1.065990273823684,8.881784197001252e-16,0.0,0,0,1.3642420526593924e-12,0.6549011290706134,0.0,-0.11422254663773113,4.440892098500626e-16,0.0,2.609024107869118e-15,2.220446049250313e-16
R_amp1.0_T16.0,R,1.0,16.0,7.7,0.8333333333333334,0.007370613883670197,0.05949804216542284,0.17760557466949967,10.027786985397832,1.065064825225735,1.065989986638301,8.881784197001252e-16,0.0,0,0,1.3642420526593924e-12,0.6549011290706134,0.0,-0.11422254660128828,4.440892098500626e-16,0.0,2.609024107869118e-15,2.220446049250313e-16
R_amp1.0_T16.0,R,1.0,16.0,7.75,0.8333333333333334,0.007370613883670197,0.05949804216542284,0.17760557466949967,10.027759286218222,1.0650654453358124,1.065989699341313,8.881784197001252e-16,0.0,0,0,1.3642420526593924e-12,0.6549011290706134,0.0,-0.11422254656462183,0.0,0.0,2.609024107869118e-15,2.220446049250313e-16
R_amp1.0_T16.0,R,1.0,16.0,7.800000000000001,0.8333333333333334,0.007370613883670197,0.05949804216542284,0.17760557466949967,10.02773161301054,1.0650660608643123,1.0659894119335624,8.881784197001252e-16,0.0,0,0,9.094947017729282e-13,0.6549011290706134,0.0,-0.11422254652795516,4.440892098500626e-16,0.0,2.609024107869118e-15,2.220446049250313e-16
R_amp1.0_T16.0,R,1.0,16.0,7.8500000000000005,0.8333333333333334,0.007370613883670197,0.05949804216542284,0.17760557466949967,10.027703965632089,1.0650666719398219,1.0659891244159068,6.661338147750939e-16,0.0,0,0,9.094947017729282e-13,0.6549011290706134,0.0,-0.11422254649173569,4.440892098500626e-16,0.0,2.609024107869118e-15,2.220446049250313e-16
R_amp1.0_T16.0,R,1.0,16.0,7.9,0.8333333333333334,0.007370613883670197,0.05949804216542284,0.17760557466949967,10.027676343944506,1.0650672786873239,1.0659888367892192,6.661338147750939e-16,0.0,0,0,9.094947017729282e-13,0.6549011290706134,0.0,-0.11422254645506946,4.440892098500626e-16,0.0,2.609024107869118e-15,2.220446049250313e-16
R_amp1.0_T16.0,R,1.0,16.0,7.95,0.8333333333333334,0.007370613883670197,0.05949804216542284,0.17760557466949967,10.027648747813634,1.0650678812282983,1.0659885490543894,6.661338147750939e-16,0.0,0,0,9.094947017729282e-13,0.6549011290706134,0.0,-0.11422254641840279,4.440892098500626e-16,0.0,2.609024107869118e-15,2.220446049250313e-16
R_amp1.0_T16.0,R,1.0,16.0,8.0,0.8333333333333334,0.007370613883670197,0.05949804216542284,0.17760557466949967,10.027621177109406,1.0650684796808232,1.065988261212323,8.881784197001252e-16,0.0,0,0,9.094947017729282e-13,0.6549011290706134,0.0,-0.11422254638195972,4.440892098500626e-16,0.0,2.609024107869118e-15,2.220446049250313e-16
R_amp1.0_T16.0,R,1.0,16.0,8.05,0.8333333333333334,0.007370613883670197,0.05949804216542284,0.17760557466949967,10.02759363170573,1.0650690741596696,1.06598797326394,8.881784197001252e-16,0.0,0,0,9.094947017729282e-13,0.6549011290706134,0.0,-0.1142225463457407,4.440892098500626e-16,0.0,2.609024107869118e-15,2.220446049250313e-16
R_amp1.0_T16.0,R,1.0,16.0,8.1,0.8333333333333334,0.007370613883670197,0.05949804216542284,0.17760557466949967,10.027566111480368,1.0650696647763942,1.0659876852101757,8.881784197001252e-16,0.0,0,0,9.094947017729282e-13,0.6549011290706134,0.0,-0.11422254630907402,4.440892098500626e-16,0.0,2.609024107869118e-15,2.220446049250313e-16
R_amp1.0_T16.0,R,1.0,16.0,8.15,0.8333333333333334,0.007370613883670197,0.05949804216542284,0.17760557466949967,10.027538616314835,1.0650702516394321,1.0659873970519809,6.661338147750939e-16,0.0,0,0,9.094947017729282e-13,0.6549011290706134,0.0,-0.11422254627240735,4.440892098500626e-16,0.0,2.609024107869118e-15,2.220446049250313e-16
R_amp1.0_T16.0,R,1.0,16.0,8.200000000000001,0.8333333333333334,0.007370613883670197,0.05949804216542284,0.17760557466949967,10.027511146094287,1.0650708348541806,1.06598710879032,8.881784197001252e-16,0.0,0,0,9.094947017729282e-13,0.6549011290706134,0.0,-0.11422254623551731,4.440892098500626e-16,0.0,2.609024107869118e-15,2.220446049250313e-16
R_amp1.0_T16.0,R,1.0,16.0,8.25,0.8333333333333334,0.007370613883670197,0.05949804216542284,0.17760557466949967,10.027483700707418,1.0650714145230875,1.0659868204261738,6.661338147750939e-16,0.0,0,0,1.3642420526593924e-12,0.6549011290706134,0.0,-0.11422254619885064,4.440892098500626e-16,0.0,2.609024107869118e-15,2.220446049250313e-16
R_amp1.0_T16.0,R,1.0,16.0,8.3,0.8333333333333334,0.007370613883670197,0.05949804216542284,0.17760557466949967,10.027456280046358,1.0650719907457338,1.0659865319605348,6.661338147750939e-16,0.0,0,0,9.094947017729282e-13,0.6549011290706134,0.0,-0.11422254616196081,4.440892098500626e-16,0.0,2.609024107869118e-15,2.220446049250313e-16
R_amp1.0_T16.0,R,1.0,16.0,8.35,0.8333333333333334,0.007370613883670197,0.05949804216542284,0.17760557466949967,10.027428884006582,1.0650725636189118,1.0659862433944114,8.881784197001252e-16,0.0,0,0,9.094947017729282e-13,0.6549011290706134,0.0,-0.11422254612507077,4.440892098500626e-16,0.0,2.609024107869118e-15,2.220446049250313e-16
R_amp1.0_T16.0,R,1.0,16.0,8.4,0.8333333333333334,0.007370613883670197,0.05949804216542284,0.17760557466949967,10.0274015124868,1.0650731332367056,1.0659859547288246,6.661338147750939e-16,0.0,0,0,1.3642420526593924e-12,0.6549011290706134,0.0,-0.1142225460879569,4.440892098500626e-16,0.0,2.609024107869118e-15,2.220446049250313e-16
R_amp1.0_T16.0,R,1.0,16.0,8.450000000000001,0.8333333333333334,0.007370613883670197,0.05949804216542284,0.17760557466949967,10.027374165388885,1.0650736996905645,1.0659856659648095,8.881784197001252e-16,0.0,0,0,9.094947017729282e-13,0.6549011290706134,0.0,-0.11422254605173743,4.440892098500626e-16,0.0,2.609024107869118e-15,2.220446049250313e-16
R_amp1.0_T16.0,R,1.0,16.0,8.5,0.8333333333333334,0.007370613883670197,0.05949804216542284,0.17760557466949967,10.027346842617753,1.065074263069378,1.0659853771034142,8.881784197001252e-16,0.0,0,0,1.3642420526593924e-12,0.6549011290706134,0.0,-0.1142225460148476,4.440892098500626e-16,0.0,2.609024107869118e-15,2.220446049250313e-16
R_amp1.0_T16.0,R,1.0,16.0,8.55,0.8333333333333334,0.007370613883670197,0.05949804216542284,0.17760557466949967,10.027319544081312,1.0650748234595457,1.0659850881456994,8.881784197001252e-16,0.0,0,0,9.094947017729282e-13,0.6549011290706134,0.0,-0.11422254597795756,4.440892098500626e-16,0.0,2.609024107869118e-15,2.220446049250313e-16
R_amp1.0_T16.0,R,1.0,16.0,8.6,0.8333333333333334,0.007370613883670197,0.05949804216542284,0.17760557466949967,10.027292269690342,1.065075380945048,1.0659847990927398,8.881784197001252e-16,0.0,0,0,9.094947017729282e-13,0.6549011290706134,0.0,-0.11422254594129089,4.440892098500626e-16,0.0,2.609024107869118e-15,2.220446049250313e-16
R_amp1.0_T16.0,R,1.0,16.0,8.65,0.8333333333333334,0.007370613883670197,0.05949804216542284,0.17760557466949967,10.027265019358442,1.0650759356075137,1.0659845099456207,8.881784197001252e-16,0.0,0,0,9.094947017729282e-13,0.6549011290706134,0.0,-0.11422254590462422,4.440892098500626e-16,0.0,2.609024107869118e-15,2.220446049250313e-16
R_amp1.0_T16.0,R,1.0,16.0,8.700000000000001,0.8333333333333334,0.007370613883670197,0.05949804216542284,0.17760557466949967,10.027237793001923,1.0650764875262837,1.0659842207054422,8.881784197001252e-16,0.0,0,0,9.094947017729282e-13,0.6549011290706134,0.0,-0.11422254586818137,4.440892098500626e-16,0.0,2.609024107869118e-15,2.220446049250313e-16
R_amp1.0_T16.0,R,1.0,16.0,8.75,0.8333333333333334,0.007370613883670197,0.05949804216542284,0.17760557466949967,10.027210590539749,1.0650770367784745,1.0659839313733137,8.881784197001252e-16,0.0,0,0,9.094947017729282e-13,0.6549011290706134,0.0,-0.11422254583129132,4.440892098500626e-16,0.0,2.609024107869118e-15,2.220446049250313e-16
R_amp1.0_T16.0,R,1.0,16.0,8.8,0.8333333333333334,0.007370613883670197,0.05949804216542284,0.17760557466949967,10.027183411893454,1.0650775834390427,1.0659836419503583,8.881784197001252e-16,0.0,0,0,1.3642420526593924e-12,0.6549011290706134,0.0,-0.11422254579462487,4.440892098500626e-16,0.0,2.609024107869118e-15,2.220446049250313e-16
R_amp1.0_T16.0,R,1.0,16.0,8.85,0.8333333333333334,0.007370613883670197,0.05949804216542284,0.17760557466949967,10.027156256987057,1.065078127580839,1.0659833524377107,8.881784197001252e-16,0.0,0,0,9.094947017729282e-13,0.6549011290706134,0.0,-0.1142225457577346,4.440892098500626e-16,0.0,2.609024107869118e-15,2.220446049250313e-16
R_amp1.0_T16.0,R,1.0,16.0,8.9,0.8333333333333334,0.007370613883670197,0.05949804216542284,0.17760557466949967,10.027129125747017,1.0650786692746739,1.0659830628365152,8.881784197001252e-16,0.0,0,0,1.3642420526593924e-12,0.6549011290706134,0.0,-0.11422254572084456,4.440892098500626e-16,0.0,2.609024107869118e-15,2.220446049250313e-16
R_amp1.0_T16.0,R,1.0,16.0,8.950000000000001,0.8333333333333334,0.007370613883670197,0.05949804216542284,0.17760557466949967,10.027102018102134,1.0650792085893677,1.0659827731479297,8.881784197001252e-16,0.0,0,0,9.094947017729282e-13,0.6549011290706134,0.0,-0.11422254568373091,4.440892098500626e-16,0.0,2.609024107869118e-15,2.220446049250313e-16
R_amp1.0_T16.0,R,1.0,16.0,9.0,0.8333333333333334,0.007370613883670197,0.05949804216542284,0.17760557466949967,10.027074933983497,1.0650797455918086,1.0659824833731206,8.881784197001252e-16,0.0,0,0,1.3642420526593924e-12,0.6549011290706134,0.0,-0.11422254564684087,4.440892098500626e-16,0.0,2.609024107869118e-15,2.220446049250313e-16
R_amp1.0_T16.0,R,1.0,16.0,9.05,0.8333333333333334,0.007370613883670197,0.05949804216542284,0.17760557466949967,10.027047873324413,1.0650802803470056,1.0659821935132667,6.661338147750939e-16,0.0,0,0,9.094947017729282e-13,0.6549011290706134,0.0,-0.11422254560995082,4.440892098500626e-16,0.0,2.609024107869118e-15,2.220446049250313e-16
R_amp1.0_T16.0,R,1.0,16.0,9.1,0.8333333333333334,0.007370613883670197,0.05949804216542284,0.17760557466949967,10.027020836060348,1.0650808129181408,1.0659819035695564,8.881784197001252e-16,0.0,0,0,9.094947017729282e-13,0.6549011290706134,0.0,-0.11422254557306055,4.440892098500626e-16,0.0,2.609024107869118e-15,2.220446049250313e-16
R_amp1.0_T16.0,R,1.0,16.0,9.15,0.8333333333333334,0.007370613883670197,0.05949804216542284,0.17760557466949967,10.026993822128855,1.0650813433666186,1.0659816135431877,8.881784197001252e-16,0.0,0,0,9.094947017729282e-13,0.6549011290706134,0.0,-0.1142225455363941,4.440892098500626e-16,0.0,2.609024107869118e-15,2.220446049250313e-16
R_amp1.0_T16.0,R,1.0,16.0,9.200000000000001,0.8333333333333334,0.007370613883670197,0.05949804216542284,0.17760557466949967,10.026966831469517,1.0650818717521136,1.0659813234353697,8.881784197001252e-16,0.0,0,0,9.094947017729282e-13,0.6549011290706134,0.0,-0.11422254549972766,4.440892098500626e-16,0.0,2.609024107869118e-15,2.220446049250313e-16
R_amp1.0_T16.0,R,1.0,16.0,9.25,0.8333333333333334,0.007370613883670197,0.05949804216542284,0.17760557466949967,10.026939864023891,1.0650823981326223,1.0659810332473196,8.881784197001252e-16,0.0,0,0,9.094947017729282e-13,0.6549011290706134,0.0,-0.11422254546283761,4.440892098500626e-16,0.0,2.609024107869118e-15,2.220446049250313e-16
R_amp1.0_T16.0,R,1.0,16.0,9.3,0.8333333333333334,0.007370613883670197,0.05949804216542284,0.17760557466949967,10.026912919735448,1.0650829225645042,1.0659807429802661,8.881784197001252e-16,0.0,0,0,9.094947017729282e-13,0.6549011290706134,0.0,-0.11422254542550037,4.440892098500626e-16,0.0,2.609024107869118e-15,2.220446049250313e-16
R_amp1.0_T16.0,R,1.0,16.0,9.35,0.8333333333333334,0.007370613883670197,0.05949804216542284,0.17760557466949967,10.026885998549519,1.0650834451025297,1.0659804526354457,8.881784197001252e-16,0.0,0,0,9.094947017729282e-13,0.6549011290706134,0.0,-0.1142225453886101,4.440892098500626e-16,0.0,2.609024107869118e-15,2.220446049250313e-16
R_amp1.0_T16.0,R,1.0,16.0,9.4,0.8333333333333334,0.007370613883670197,0.05949804216542284,0.17760557466949967,10.02685910041323,1.0650839657999238,1.065980162214104,8.881784197001252e-16,0.0,0,0,1.3642420526593924e-12,0.6549011290706134,0.0,-0.11422254535194365,4.440892098500626e-16,0.0,2.609024107869118e-15,2.220446049250313e-16
R_amp1.0_T16.0,R,1.0,16.0,9.450000000000001,0.8333333333333334,0.007370613883670197,0.05949804216542284,0.17760557466949967,10.026832225275466,1.0650844847084078,1.065979871717495,8.881784197001252e-16,0.0,0,0,9.094947017729282e-13,0.6549011290706134,0.0,-0.1142225453152772,4.440892098500626e-16,0.0,2.609024107869118e-15,2.220446049250313e-16
R_amp1.0_T16.0,R,1.0,16.0,9.5,0.8333333333333334,0.007370613883670197,0.05949804216542284,0.17760557466949967,10.026805373086813,1.0650850018782398,1.0659795811468826,8.881784197001252e-16,0.0,0,0,9.094947017729282e-13,0.6549011290706134,0.0,-0.11422254527838716,4.440892098500626e-16,0.0,2.609024107869118e-15,2.220446049250313e-16
R_amp1.0_T16.0,R,1.0,16.0,9.55,0.8333333333333334,0.007370613883670197,0.05949804216542284,0.17760557466949967,10.026778543799486,1.0650855173582554,1.0659792905035372,8.881784197001252e-16,0.0,0,0,1.3642420526593924e-12,0.6549011290706134,0.0,-0.11422254524149689,4.440892098500626e-16,0.0,2.609024107869118e-15,2.220446049250313e-16
R_amp1.0_T16.0,R,1.0,16.0,9.600000000000001,0.8333333333333334,0.007370613883670197,0.05949804216542284,0.17760557466949967,10.026751737367325,1.065086031195906,1.0659789997887386,8.881784197001252e-16,0.0,0,0,9.094947017729282e-13,0.6549011290706134,0.0,-0.11422254520483044,4.440892098500626e-16,0.0,2.609024107869118e-15,2.220446049250313e-16
R_amp1.0_T16.0,R,1.0,16.0,9.65,0.8333333333333334,0.007370613883670197,0.05949804216542284,0.17760557466949967,10.026724953745706,1.0650865434373,1.0659787090037733,8.881784197001252e-16,0.0,0,0,1.3642420526593924e-12,0.6549011290706134,0.0,-0.11422254516771657,4.440892098500626e-16,0.0,2.609024107869118e-15,2.220446049250313e-16
R_amp1.0_T16.0,R,1.0,16.0,9.700000000000001,0.8333333333333334,0.007370613883670197,0.05949804216542284,0.17760557466949967,10.026698192891518,1.065087054127234,1.0659784181499359,8.881784197001252e-16,0.0,0,0,1.3642420526593924e-12,0.6549011290706134,0.0,-0.11422254513082675,4.440892098500626e-16,0.0,2.609024107869118e-15,2.220446049250313e-16
R_amp1.0_T16.0,R,1.0,16.0,9.75,0.8333333333333334,0.007370613883670197,0.05949804216542284,0.17760557466949967,10.026671454763106,1.0650875633092327,1.065978127228529,8.881784197001252e-16,0.0,0,0,9.094947017729282e-13,0.6549011290706134,0.0,-0.1142225450937131,4.440892098500626e-16,0.0,2.609024107869118e-15,2.220446049250313e-16
R_amp1.0_T16.0,R,1.0,16.0,9.8,0.8333333333333334,0.007370613883670197,0.05949804216542284,0.17760557466949967,10.026644739320236,1.0650880710255828,1.0659778362408605,8.881784197001252e-16,0.0,0,0,1.3642420526593924e-12,0.6549011290706134,0.0,-0.11422254505704643,4.440892098500626e-16,0.0,2.609024107869118e-15,2.220446049250313e-16
R_amp1.0_T16.0,R,1.0,16.0,9.850000000000001,0.8333333333333334,0.007370613883670197,0.05949804216542284,0.17760557466949967,10.02661804652405,1.0650885773173655,1.0659775451882472,8.881784197001252e-16,0.0,0,0,9.094947017729282e-13,0.6549011290706134,0.0,-0.11422254502015639,4.440892098500626e-16,0.0,2.609024107869118e-15,2.220446049250313e-16
R_amp1.0_T16.0,R,1.0,16.0,9.9,0.8333333333333334,0.007370613883670197,0.05949804216542284,0.17760557466949967,10.026591376337015,1.0650890822244914,1.0659772540720116,8.881784197001252e-16,0.0,0,0,1.3642420526593924e-12,0.6549011290706134,0.0,-0.11422254498304252,4.440892098500626e-16,0.0,2.609024107869118e-15,2.220446049250313e-16
R_amp1.0_T16.0,R,1.0,16.0,9.950000000000001,0.8333333333333334,0.007370613883670197,0.05949804216542284,0.17760557466949967,10.026564728722905,1.0650895857857299,1.065976962893482,8.881784197001252e-16,0.0,0,0,9.094947017729282e-13,0.6549011290706134,0.0,-0.11422254494592887,2.220446049250313e-16,0.0,2.609024107869118e-15,2.220446049250313e-16
R_amp1.0_T16.0,R,1.0,16.0,10.0,0.8333333333333334,0.007370613883670197,0.05949804216542284,0.17760557466949967,10.026538103646736,1.065090088038744,1.0659766716539942,8.881784197001252e-16,0.0,0,0,1.3642420526593924e-12,0.6549011290706134,0.0,-0.11422254490881545,4.440892098500626e-16,0.0,2.609024107869118e-15,2.220446049250313e-16
R_amp1.0_T16.0,R,1.0,16.0,10.05,0.8333333333333334,0.007370613883670197,0.05949804216542284,0.17760557466949967,10.026511501074747,1.0650905890201157,1.065976380354889,8.881784197001252e-16,0.0,0,0,1.3642420526593924e-12,0.6549011290706134,0.0,-0.11422254487192518,4.440892098500626e-16,0.0,2.609024107869118e-15,2.220446049250313e-16
R_amp1.0_T16.0,R,1.0,16.0,10.100000000000001,0.8333333333333334,0.007370613883670197,0.05949804216542284,0.17760557466949967,10.026484920974358,1.0650910887653797,1.0659760889975138,8.881784197001252e-16,0.0,0,0,1.3642420526593924e-12,0.6549011290706134,0.0,-0.11422254483503513,4.440892098500626e-16,0.0,2.609024107869118e-15,2.220446049250313e-16
R_amp1.0_T16.0,R,1.0,16.0,10.15,0.8333333333333334,0.007370613883670197,0.05949804216542284,0.17760557466949967,10.02645836331412,1.0650915873090496,1.0659757975832207,8.881784197001252e-16,0.0,0,0,1.3642420526593924e-12,0.6549011290706134,0.0,-0.11422254479814486,4.440892098500626e-16,0.0,2.609024107869118e-15,2.220446049250313e-16
R_amp1.0_T16.0,R,1.0,16.0,10.200000000000001,0.8333333333333334,0.007370613883670197,0.05949804216542284,0.17760557466949967,10.026431828063705,1.0650920846846468,1.0659755061133673,8.881784197001252e-16,0.0,0,0,1.3642420526593924e-12,0.6549011290706134,0.0,-0.11422254476103122,4.440892098500626e-16,0.0,2.609024107869118e-15,2.220446049250313e-16
R_amp1.0_T16.0,R,1.0,16.0,10.25,0.8333333333333334,0.007370613883670197,0.05949804216542284,0.17760557466949967,10.026405315193855,1.0650925809247251,1.0659752145893169,8.881784197001252e-16,0.0,0,0,1.3642420526593924e-12,0.6549011290706134,0.0,-0.11422254472391757,4.440892098500626e-16,0.0,2.609024107869118e-15,2.220446049250313e-16
R_amp1.0_T16.0,R,1.0,16.0,10.3,0.8333333333333334,0.007370613883670197,0.05949804216542284,0.17760557466949967,10.026378824676353,1.0650930760609023,1.0659749230124378,8.881784197001252e-16,0.0,0,0,1.3642420526593924e-12,0.6549011290706134,0.0,-0.11422254468680415,4.440892098500626e-16,0.0,2.609024107869118e-15,2.220446049250313e-16
R_amp1.0_T16.0,R,1.0,16.0,10.350000000000001,0.8333333333333334,0.007370613883670197,0.05949804216542284,0.17760557466949967,10.026352356483986,1.0650935701238793,1.065974631384102,8.881784197001252e-16,0.0,0,0,1.3642420526593924e-12,0.6549011290706134,0.0,-0.11422254465013748,4.440892098500626e-16,0.0,2.609024107869118e-15,2.220446049250313e-16
R_amp1.0_T16.0,R,1.0,16.0,10.4,0.8333333333333334,0.007370613883670197,0.05949804216542284,0.17760557466949967,10.026325910590531,1.065094063143468,1.0659743397056867,8.881784197001252e-16,0.0,0,0,9.094947017729282e-13,0.6549011290706134,0.0,-0.11422254461369441,4.440892098500626e-16,0.0,2.609024107869118e-15,2.220446049250313e-16
R_amp1.0_T16.0,R,1.0,16.0,10.450000000000001,0.8333333333333334,0.007370613883670197,0.05949804216542284,0.17760557466949967,10.026299486970693,1.0650945551486182,1.0659740479785738,8.881784197001252e-16,0.0,0,0,9.094947017729282e-13,0.6549011290706134,0.0,-0.11422254457680436,4.440892098500626e-16,0.0,2.609024107869118e-15,2.220446049250313e-16
R_amp1.0_T16.0,R,1.0,16.0,10.5,0.8333333333333334,0.007370613883670197,0.05949804216542284,0.17760557466949967,10.02627308560011,1.0650950461674347,1.0659737562041482,8.881784197001252e-16,0.0,0,0,9.094947017729282e-13,0.6549011290706134,0.0,-0.11422254453991432,4.440892098500626e-16,0.0,2.609024107869118e-15,2.220446049250313e-16
R_amp1.0_T16.0,R,1.0,16.0,10.55,0.8333333333333334,0.007370613883670197,0.05949804216542284,0.17760557466949967,10.026246706455304,1.0650955362272068,1.0659734643837995,8.881784197001252e-16,0.0,0,0,9.094947017729282e-13,0.6549011290706134,0.0,-0.11422254450324787,4.440892098500626e-16,0.0,2.609024107869118e-15,2.220446049250313e-16
R_amp1.0_T16.0,R,1.0,16.0,10.600000000000001,0.8333333333333334,0.007370613883670197,0.05949804216542284,0.17760557466949967,10.02622034951365,1.065096025354426,1.0659731725189205,8.881784197001252e-16,0.0,0,0,9.094947017729282e-13,0.6549011290706134,0.0,-0.1142225444665812,4.440892098500626e-16,0.0,2.609024107869118e-15,2.220446049250313e-16
R_amp1.0_T16.0,R,1.0,16.0,10.65,0.8333333333333334,0.007370613883670197,0.05949804216542284,0.17760557466949967,10.02619401475337,1.0650965135748096,1.0659728806109081,8.881784197001252e-16,0.0,0,0,1.3642420526593924e-12,0.6549011290706134,0.0,-0.11422254443013835,2.220446049250313e-16,0.0,2.609024107869118e-15,2.220446049250313e-16
R_amp1.0_T16.0,R,1.0,16.0,10.700000000000001,0.8333333333333334,0.007370613883670197,0.05949804216542284,0.17760557466949967,10.026167702153481,1.065097000913322,1.065972588661162,8.881784197001252e-16,0.0,0,0,1.3642420526593924e-12,0.6549011290706134,0.0,-0.1142225443934719,4.440892098500626e-16,0.0,2.609024107869118e-15,2.220446049250313e-16
R_amp1.0_T16.0,R,1.0,16.0,10.75,0.8333333333333334,0.007370613883670197,0.05949804216542284,0.17760557466949967,10.026141411693782,1.065097487394193,1.065972296671085,8.881784197001252e-16,0.0,0,0,9.094947017729282e-13,0.6549011290706134,0.0,-0.11422254435702883,2.220446049250313e-16,0.0,2.609024107869118e-15,2.220446049250313e-16
R_amp1.0_T16.0,R,1.0,16.0,10.8,0.8333333333333334,0.007370613883670197,0.05949804216542284,0.17760557466949967,10.026115143354833,1.0650979730409391,1.0659720046420833,8.881784197001252e-16,0.0,0,0,9.094947017729282e-13,0.6549011290706134,0.0,-0.11422254432058598,4.440892098500626e-16,0.0,2.609024107869118e-15,2.220446049250313e-16
R_amp1.0_T16.0,R,1.0,16.0,10.850000000000001,0.8333333333333334,0.007370613883670197,0.05949804216542284,0.17760557466949967,10.02608889711792,1.0650984578763847,1.0659717125755654,8.881784197001252e-16,0.0,0,0,9.094947017729282e-13,0.6549011290706134,0.0,-0.11422254428436651,4.440892098500626e-16,0.0,2.609024107869118e-15,2.220446049250313e-16
R_amp1.0_T16.0,R,1.0,16.0,10.9,0.8333333333333334,0.007370613883670197,0.05949804216542284,0.17760557466949967,10.026062672965036,1.065098941922677,1.0659714204729422,8.881784197001252e-16,0.0,0,0,1.3642420526593924e-12,0.6549011290706134,0.0,-0.11422254424770006,4.440892098500626e-16,0.0,2.609024107869118e-15,2.220446049250313e-16
R_amp1.0_T16.0,R,1.0,16.0,10.950000000000001,0.8333333333333334,0.007370613883670197,0.05949804216542284,0.17760557466949967,10.026036470878863,1.0650994252013097,1.0659711283356272,8.881784197001252e-16,0.0,0,0,9.094947017729282e-13,0.6549011290706134,0.0,-0.114222544211257,4.440892098500626e-16,0.0,2.609024107869118e-15,2.220446049250313e-16
R_amp1.0_T16.0,R,1.0,16.0,11.0,0.8333333333333334,0.007370613883670197,0.05949804216542284,0.17760557466949967,10.026010290842738,1.065099907733135,1.0659708361650364,8.881784197001252e-16,0.0,0,0,9.094947017729282e-13,0.6549011290706134,0.0,-0.11422254417481414,4.440892098500626e-16,0.0,2.609024107869118e-15,2.220446049250313e-16
R_amp1.0_T16.0,R,1.0,16.0,11.05,0.8333333333333334,0.007370613883670197,0.05949804216542284,0.17760557466949967,10.025984132840646,1.0651003895383842,1.0659705439625866,8.881784197001252e-16,0.0,0,0,1.3642420526593924e-12,0.6549011290706134,0.0,-0.11422254413814747,4.440892098500626e-16,0.0,2.609024107869118e-15,2.220446049250313e-16
R_amp1.0_T16.0,R,1.0,16.0,11.100000000000001,0.8333333333333334,0.007370613883670197,0.05949804216542284,0.17760557466949967,10.02595799685718,1.0651008706366836,1.065970251729698,8.881784197001252e-16,0.0,0,0,1.3642420526593924e-12,0.6549011290706134,0.0,-0.11422254410148125,4.440892098500626e-16,0.0,2.609024107869118e-15,2.220446049250313e-16
R_amp1.0_T16.0,R,1.0,16.0,11.15,0.8333333333333334,0.007370613883670197,0.05949804216542284,0.17760557466949967,10.025931882877542,1.0651013510470715,1.0659699594677914,8.881784197001252e-16,0.0,0,0,9.094947017729282e-13,0.6549011290706134,0.0,-0.11422254406503818,4.440892098500626e-16,0.0,2.609024107869118e-15,2.220446049250313e-16
R_amp1.0_T16.0,R,1.0,16.0,11.200000000000001,0.8333333333333334,0.007370613883670197,0.05949804216542284,0.17760557466949967,10.025905790887503,1.065101830788015,1.06596966717829,8.881784197001252e-16,0.0,0,0,9.094947017729282e-13,0.6549011290706134,0.0,-0.11422254402837151,4.440892098500626e-16,0.0,2.609024107869118e-15,2.220446049250313e-16
R_amp1.0_T16.0,R,1.0,16.0,11.25,0.8333333333333334,0.007370613883670197,0.05949804216542284,0.17760557466949967,10.025879720873396,1.0651023098774235,1.0659693748626162,8.881784197001252e-16,0.0,0,0,9.094947017729282e-13,0.6549011290706134,0.0,-0.11422254399192888,4.440892098500626e-16,0.0,2.609024107869118e-15,2.220446049250313e-16
R_amp1.0_T16.0,R,1.0,16.0,11.3,0.8333333333333334,0.007370613883670197,0.05949804216542284,0.17760557466949967,10.025853672822091,1.0651027883326651,1.0659690825221961,8.881784197001252e-16,0.0,0,0,9.094947017729282e-13,0.6549011290706134,0.0,-0.11422254395593301,4.440892098500626e-16,0.0,2.609024107869118e-15,2.220446049250313e-16
R_amp1.0_T16.0,R,1.0,16.0,11.350000000000001,0.8333333333333334,0.007370613883670197,0.05949804216542284,0.17760557466949967,10.02582764672098,1.065103266170581,1.0659687901584554,8.881784197001252e-16,0.0,0,0,9.094947017729282e-13,0.6549011290706134,0.0,-0.11422254392016051,4.440892098500626e-16,0.0,2.609024107869118e-15,2.220446049250313e-16
R_amp1.0_T16.0,R,1.0,16.0,11.4,0.8333333333333334,0.007370613883670197,0.05949804216542284,0.17760557466949967,10.025801642557962,1.0651037434075,1.0659684977728205,1.1102230246251565e-15,0.0,0,0,9.094947017729282e-13,0.6549011290706134,0.0,-0.11422254388371789,4.440892098500626e-16,0.0,2.609024107869118e-15,2.220446049250313e-16
R_amp1.0_T16.0,R,1.0,16.0,11.450000000000001,0.8333333333333334,0.007370613883670197,0.05949804216542284,0.17760557466949967,10.02577566032141,1.0651042200592524,1.065968205366719,1.1102230246251565e-15,0.0,0,0,9.094947017729282e-13,0.6549011290706134,0.0,-0.11422254384727482,4.440892098500626e-16,0.0,2.609024107869118e-15,2.220446049250313e-16
R_amp1.0_T16.0,R,1.0,16.0,11.5,0.8333333333333334,0.007370613883670197,0.05949804216542284,0.17760557466949967,10.025749700000173,1.065104696141183,1.0659679129415782,8.881784197001252e-16,0.0,0,0,9.094947017729282e-13,0.6549011290706134,0.0,-0.11422254381127894,4.440892098500626e-16,0.0,2.609024107869118e-15,2.220446049250313e-16
R_amp1.0_T16.0,R,1.0,16.0,11.55,0.8333333333333334,0.007370613883670197,0.05949804216542284,0.17760557466949967,10.02572376158355,1.0651051716681654,1.0659676204988267,8.881784197001252e-16,0.0,0,0,9.094947017729282e-13,0.6549011290706134,0.0,-0.11422254377528329,4.440892098500626e-16,0.0,2.609024107869118e-15,2.220446049250313e-16
R_amp1.0_T16.0,R,1.0,16.0,11.600000000000001,0.8333333333333334,0.007370613883670197,0.05949804216542284,0.17760557466949967,10.025697845061277,1.0651056466546132,1.0659673280398925,8.881784197001252e-16,0.0,0,0,1.3642420526593924e-12,0.6549011290706134,0.0,-0.11422254373884022,4.440892098500626e-16,0.0,2.609024107869118e-15,2.220446049250313e-16
R_amp1.0_T16.0,R,1.0,16.0,11.65,0.8333333333333334,0.007370613883670197,0.05949804216542284,0.17760557466949967,10.0256719504235,1.0651061211144945,1.0659670355662039,1.1102230246251565e-15,0.0,0,0,9.094947017729282e-13,0.6549011290706134,0.0,-0.11422254370284435,4.440892098500626e-16,0.0,2.609024107869118e-15,2.220446049250313e-16
R_amp1.0_T16.0,R,1.0,16.0,11.700000000000001,0.8333333333333334,0.007370613883670197,0.05949804216542284,0.17760557466949967,10.025646077660788,1.0651065950613434,1.0659667430791888,8.881784197001252e-16,0.0,0,0,9.094947017729282e-13,0.6549011290706134,0.0,-0.1142225436670723,4.440892098500626e-16,0.0,2.609024107869118e-15,2.220446049250313e-16
R_amp1.0_T16.0,R,1.0,16.0,11.75,0.8333333333333334,0.007370613883670197,0.05949804216542284,0.17760557466949967,10.025620226764083,1.065107068508271,1.0659664505802755,8.881784197001252e-16,0.0,0,0,9.094947017729282e-13,0.6549011290706134,0.0,-0.11422254363085282,4.440892098500626e-16,0.0,2.609024107869118e-15,2.220446049250313e-16
R_amp1.0_T16.0,R,1.0,16.0,11.8,0.8333333333333334,0.007370613883670197,0.05949804216542284,0.17760557466949967,10.025594397724706,1.0651075414679765,1.0659661580708906,1.1102230246251565e-15,0.0,0,0,9.094947017729282e-13,0.6549011290706134,0.0,-0.11422254359508055,4.440892098500626e-16,0.0,2.609024107869118e-15,2.220446049250313e-16
R_amp1.0_T16.0,R,1.0,16.0,11.850000000000001,0.8333333333333334,0.007370613883670197,0.05949804216542284,0.17760557466949967,10.025568590534345,1.0651080139527591,1.065965865552462,1.1102230246251565e-15,0.0,0,0,1.3642420526593924e-12,0.6549011290706134,0.0,-0.1142225435597557,4.440892098500626e-16,0.0,2.609024107869118e-15,2.220446049250313e-16
R_amp1.0_T16.0,R,1.0,16.0,11.9,0.8333333333333334,0.007370613883670197,0.05949804216542284,0.17760557466949967,10.02554280518503,1.0651084859745312,1.0659655730264148,8.881784197001252e-16,0.0,0,0,9.094947017729282e-13,0.6549011290706134,0.0,-0.11422254352375982,4.440892098500626e-16,0.0,2.609024107869118e-15,2.220446049250313e-16
R_amp1.0_T16.0,R,1.0,16.0,11.950000000000001,0.8333333333333334,0.007370613883670197,0.05949804216542284,0.17760557466949967,10.025517041669126,1.0651089575448256,1.0659652804941744,1.1102230246251565e-15,0.0,0,0,9.094947017729282e-13,0.6549011290706134,0.0,-0.11422254348776417,4.440892098500626e-16,0.0,2.609024107869118e-15,2.220446049250313e-16
R_amp1.0_T16.0,R,1.0,16.0,12.0,0.8333333333333334,0.007370613883670197,0.05949804216542284,0.17760557466949967,10.025491299979322,1.0651094286748077,1.0659649879571649,8.881784197001252e-16,0.0,0,0,9.094947017729282e-13,0.6549011290706134,0.0,-0.1142225434519919,2.220446049250313e-16,0.0,2.609024107869118e-15,2.220446049250313e-16
R_amp1.0_T16.0,R,1.0,16.0,12.05,0.8333333333333334,0.007370613883670197,0.05949804216542284,0.17760557466949967,10.025465580108616,1.0651098993752837,1.0659646954168096,8.881784197001252e-16,0.0,0,0,1.3642420526593924e-12,0.6549011290706134,0.0,-0.114222543416443,4.440892098500626e-16,0.0,2.609024107869118e-15,2.220446049250313e-16
R_amp1.0_T16.0,R,1.0,16.0,12.100000000000001,0.8333333333333334,0.007370613883670197,0.05949804216542284,0.17760557466949967,10.025439882050298,1.0651103696567124,1.06596440287453,8.881784197001252e-16,0.0,0,0,1.3642420526593924e-12,0.6549011290706134,0.0,-0.11422254338089455,4.440892098500626e-16,0.0,2.609024107869118e-15,2.220446049250313e-16
R_amp1.0_T16.0,R,1.0,16.0,12.15,0.8333333333333334,0.007370613883670197,0.05949804216542284,0.17760557466949967,10.025414205797949,1.065110839529216,1.0659641103317465,8.881784197001252e-16,0.0,0,0,9.094947017729282e-13,0.6549011290706134,0.0,-0.11422254334579285,4.440892098500626e-16,0.0,2.609024107869118e-15,2.220446049250313e-16
R_amp1.0_T16.0,R,1.0,16.0,12.200000000000001,0.8333333333333334,0.007370613883670197,0.05949804216542284,0.17760557466949967,10.025388551345419,1.0651113090025823,1.0659638177898783,1.1102230246251565e-15,0.0,0,0,9.094947017729282e-13,0.6549011290706134,0.0,-0.114222543310468,4.440892098500626e-16,0.0,2.609024107869118e-15,2.220446049250313e-16
R_amp1.0_T16.0,R,1.0,16.0,12.25,0.8333333333333334,0.007370613883670197,0.05949804216542284,0.17760557466949967,10.025362918686826,1.0651117780862844,1.0659635252503419,1.1102230246251565e-15,0.0,0,0,9.094947017729282e-13,0.6549011290706134,0.0,-0.1142225432753663,2.220446049250313e-16,0.0,2.609024107869118e-15,2.220446049250313e-16
R_amp1.0_T16.0,R,1.0,16.0,12.3,0.8333333333333334,0.007370613883670197,0.05949804216542284,0.17760557466949967,10.025337307816535,1.0651122467894818,1.065963232714553,1.1102230246251565e-15,0.0,0,0,9.094947017729282e-13,0.6549011290706134,0.0,-0.11422254324004144,2.220446049250313e-16,0.0,2.609024107869118e-15,2.220446049250313e-16
R_amp1.0_T16.0,R,1.0,16.0,12.350000000000001,0.8333333333333334,0.007370613883670197,0.05949804216542284,0.17760557466949967,10.025311718729151,1.06511271512103,1.0659629401839252,1.1102230246251565e-15,0.0,0,0,9.094947017729282e-13,0.6549011290706134,0.0,-0.11422254320493974,4.440892098500626e-16,0.0,2.609024107869118e-15,2.220446049250313e-16
R_amp1.0_T16.0,R,1.0,16.0,12.4,0.8333333333333334,0.007370613883670197,0.05949804216542284,0.17760557466949967,10.025286151419513,1.0651131830894893,1.06596264765987,1.1102230246251565e-15,0.0,0,0,1.3642420526593924e-12,0.6549011290706134,0.0,-0.11422254317050906,4.440892098500626e-16,0.0,2.609024107869118e-15,2.220446049250313e-16
R_amp1.0_T16.0,R,1.0,16.0,12.450000000000001,0.8333333333333334,0.007370613883670197,0.05949804216542284,0.17760557466949967,10.025260605882679,1.065113650703136,1.0659623551437964,1.1102230246251565e-15,0.0,0,0,9.094947017729282e-13,0.6549011290706134,0.0,-0.1142225431351842,4.440892098500626e-16,0.0,2.609024107869118e-15,2.220446049250313e-16
R_amp1.0_T16.0,R,1.0,16.0,12.5,0.8333333333333334,0.007370613883670197,0.05949804216542284,0.17760557466949967,10.02523508211392,1.0651141179699668,1.0659620626371118,1.1102230246251565e-15,0.0,0,0,9.094947017729282e-13,0.6549011290706134,0.0,-0.1142225431007533,4.440892098500626e-16,0.0,2.609024107869118e-15,2.220446049250313e-16
R_amp1.0_T16.0,R,1.0,16.0,12.55,0.8333333333333334,0.007370613883670197,0.05949804216542284,0.17760557466949967,10.025209580108704,1.0651145848977062,1.0659617701412207,1.3322676295501878e-15,0.0,0,0,9.094947017729282e-13,0.6549011290706134,0.0,-0.11422254306587543,4.440892098500626e-16,0.0,2.609024107869118e-15,2.220446049250313e-16
R_amp1.0_T16.0,R,1.0,16.0,12.600000000000001,0.8333333333333334,0.007370613883670197,0.05949804216542284,0.17760557466949967,10.025184099862699,1.065115051493816,1.0659614776575252,1.3322676295501878e-15,0.0,0,0,1.3642420526593924e-12,0.6549011290706134,0.0,-0.11422254303144452,4.440892098500626e-16,0.0,2.609024107869118e-15,2.220446049250313e-16
R_amp1.0_T16.0,R,1.0,16.0,12.65,0.8333333333333334,0.007370613883670197,0.05949804216542284,0.17760557466949967,10.025158641371753,1.0651155177655005,1.0659611851874258,1.1102230246251565e-15,0.0,0,0,9.094947017729282e-13,0.6549011290706134,0.0,-0.11422254299723744,4.440892098500626e-16,0.0,2.609024107869118e-15,2.220446049250313e-16
R_amp1.0_T16.0,R,1.0,16.0,12.700000000000001,0.8333333333333334,0.007370613883670197,0.05949804216542284,0.17760557466949967,10.025133204631885,1.0651159837197177,1.0659608927323185,1.1102230246251565e-15,0.0,0,0,9.094947017729282e-13,0.6549011290706134,0.0,-0.11422254296280676,4.440892098500626e-16,0.0,2.609024107869118e-15,2.220446049250313e-16
R_amp1.0_T16.0,R,1.0,16.0,12.75,0.8333333333333334,0.007370613883670197,0.05949804216542284,0.17760557466949967,10.025107789639286,1.0651164493631806,1.0659606002935975,1.1102230246251565e-15,0.0,0,0,9.094947017729282e-13,0.6549011290706134,0.0,-0.11422254292882306,4.440892098500626e-16,0.0,2.609024107869118e-15,2.220446049250313e-16
R_amp1.0_T16.0,R,1.0,16.0,12.8,0.8333333333333334,0.007370613883670197,0.05949804216542284,0.17760557466949967,10.025082396390303,1.0651169147023674,1.0659603078726545,1.3322676295501878e-15,0.0,0,0,1.3642420526593924e-12,0.6549011290706134,0.0,-0.11422254289528655,2.220446049250313e-16,0.0,2.609024107869118e-15,2.220446049250313e-16
R_amp1.0_T16.0,R,1.0,16.0,12.850000000000001,0.8333333333333334,0.007370613883670197,0.05949804216542284,0.17760557466949967,10.025057024881436,1.0651173797435267,1.0659600154708777,1.3322676295501878e-15,0.0,0,0,9.094947017729282e-13,0.6549011290706134,0.0,-0.11422254286107947,4.440892098500626e-16,0.0,2.609024107869118e-15,2.220446049250313e-16
R_amp1.0_T16.0,R,1.0,16.0,12.9,0.8333333333333334,0.007370613883670197,0.05949804216542284,0.17760557466949967,10.025031675109325,1.0651178444926852,1.065959723089652,1.3322676295501878e-15,0.0,0,0,9.094947017729282e-13,0.6549011290706134,0.0,-0.11422254282754318,4.440892098500626e-16,0.0,2.609024107869118e-15,2.220446049250313e-16
R_amp1.0_T16.0,R,1.0,16.0,12.950000000000001,0.8333333333333334,0.007370613883670197,0.05949804216542284,0.17760557466949967,10.02500634707075,1.0651183089556522,1.06595943073036,1.3322676295501878e-15,0.0,0,0,9.094947017729282e-13,0.6549011290706134,0.0,-0.11422254279400668,4.440892098500626e-16,0.0,2.609024107869118e-15,2.220446049250313e-16
R_amp1.0_T16.0,R,1.0,16.0,13.0,0.8333333333333334,0.007370613883670197,0.05949804216542284,0.17760557466949967,10.024981040762611,1.0651187731380276,1.0659591383943794,1.3322676295501878e-15,0.0,0,0,9.094947017729282e-13,0.6549011290706134,0.0,-0.11422254276024657,4.440892098500626e-16,0.0,2.609024107869118e-15,2.220446049250313e-16
R_amp1.0_T16.0,R,1.0,16.0,13.05,0.8333333333333334,0.007370613883670197,0.05949804216542284,0.17760557466949967,10.024955756181939,1.0651192370452054,1.065958846083086,1.1102230246251565e-15,0.0,0,0,9.094947017729282e-13,0.6549011290706134,0.0,-0.11422254272693366,4.440892098500626e-16,0.0,2.609024107869118e-15,2.220446049250313e-16
R_amp1.0_T16.0,R,1.0,16.0,13.100000000000001,0.8333333333333334,0.007370613883670197,0.05949804216542284,0.17760557466949967,10.024930493325872,1.0651197006823807,1.0659585537978522,1.1102230246251565e-15,0.0,0,0,1.3642420526593924e-12,0.6549011290706134,0.0,-0.11422254269339716,2.220446049250313e-16,0.0,2.609024107869118e-15,2.220446049250313e-16
R_amp1.0_T16.0,R,1.0,16.0,13.15,0.8333333333333334,0.007370613883670197,0.05949804216542284,0.17760557466949967,10.02490525219166,1.065120164054557,1.065958261540045,1.1102230246251565e-15,0.0,0,0,9.094947017729282e-13,0.6549011290706134,0.0,-0.11422254266053145,4.440892098500626e-16,0.0,2.609024107869118e-15,2.220446049250313e-16
R_amp1.0_T16.0,R,1.0,16.0,13.200000000000001,0.8333333333333334,0.007370613883670197,0.05949804216542284,0.17760557466949967,10.02488003277665,1.0651206271665468,1.0659579693110297,1.1102230246251565e-15,0.0,0,0,9.094947017729282e-13,0.6549011290706134,0.0,-0.11422254262721876,4.440892098500626e-16,0.0,2.609024107869118e-15,2.220446049250313e-16
R_amp1.0_T16.0,R,1.0,16.0,13.25,0.8333333333333334,0.007370613883670197,0.05949804216542284,0.17760557466949967,10.024854835078289,1.0651210900229824,1.0659576771121673,1.1102230246251565e-15,0.0,0,0,9.094947017729282e-13,0.6549011290706134,0.0,-0.11422254259435305,4.440892098500626e-16,0.0,2.609024107869118e-15,2.220446049250313e-16
R_amp1.0_T16.0,R,1.0,16.0,13.3,0.8333333333333334,0.007370613883670197,0.05949804216542284,0.17760557466949967,10.02482965909411,1.0651215526283158,1.0659573849448147,1.1102230246251565e-15,0.0,0,0,1.3642420526593924e-12,0.6549011290706134,0.0,-0.11422254256171072,4.440892098500626e-16,0.0,2.609024107869118e-15,2.220446049250313e-16
R_amp1.0_T16.0,R,1.0,16.0,13.350000000000001,0.8333333333333334,0.007370613883670197,0.05949804216542284,0.17760557466949967,10.024804504821729,1.065122014986829,1.0659570928103255,1.1102230246251565e-15,0.0,0,0,9.094947017729282e-13,0.6549011290706134,0.0,-0.1142225425292922,4.440892098500626e-16,0.0,2.609024107869118e-15,2.220446049250313e-16
R_amp1.0_T16.0,R,1.0,16.0,13.4,0.8333333333333334,0.007370613883670197,0.05949804216542284,0.17760557466949967,10.024779372258841,1.0651224771026346,1.0659568007100484,1.1102230246251565e-15,0.0,0,0,1.3642420526593924e-12,0.6549011290706134,0.0,-0.11422254249687369,4.440892098500626e-16,0.0,2.609024107869118e-15,2.220446049250313e-16
R_amp1.0_T16.0,R,1.0,16.0,13.450000000000001,0.8333333333333334,0.007370613883670197,0.05949804216542284,0.17760557466949967,10.024754261403215,1.0651229389796826,1.0659565086453286,1.3322676295501878e-15,0.0,0,0,9.094947017729282e-13,0.6549011290706134,0.0,-0.11422254246490215,0.0,0.0,2.609024107869118e-15,2.220446049250313e-16
R_amp1.0_T16.0,R,1.0,16.0,13.5,0.8333333333333334,0.007370613883670197,0.05949804216542284,0.17760557466949967,10.024729172252677,1.065123400621764,1.0659562166175074,1.1102230246251565e-15,0.0,0,0,1.3642420526593924e-12,0.6549011290706134,0.0,-0.11422254243337782,4.440892098500626e-16,0.0,2.609024107869118e-15,2.220446049250313e-16
R_amp1.0_T16.0,R,1.0,16.0,13.55,0.8333333333333334,0.007370613883670197,0.05949804216542284,0.17760557466949967,10.024704104805124,1.0651238620325172,1.0659559246279218,1.3322676295501878e-15,0.0,0,0,1.3642420526593924e-12,0.6549011290706134,0.0,-0.1142225424016301,4.440892098500626e-16,0.0,2.609024107869118e-15,2.220446049250313e-16
R_amp1.0_T16.0,R,1.0,16.0,13.600000000000001,0.8333333333333334,0.007370613883670197,0.05949804216542284,0.17760557466949967,10.024679059058508,1.0651243232154293,1.0659556326779032,1.3322676295501878e-15,0.0,0,0,1.3642420526593924e-12,0.6549011290706134,0.0,-0.11422254237032958,4.440892098500626e-16,0.0,2.609024107869118e-15,2.220446049250313e-16
R_amp1.0_T16.0,R,1.0,16.0,13.65,0.8333333333333334,0.007370613883670197,0.05949804216542284,0.17760557466949967,10.024654035010826,1.0651247841738425,1.0659553407687814,1.1102230246251565e-15,0.0,0,0,1.3642420526593924e-12,0.6549011290706134,0.0,-0.11422254233902884,4.440892098500626e-16,0.0,2.609024107869118e-15,2.220446049250313e-16
R_amp1.0_T16.0,R,1.0,16.0,13.700000000000001,0.8333333333333334,0.007370613883670197,0.05949804216542284,0.17760557466949967,10.024629032660124,1.0651252449109576,1.0659550489018794,1.3322676295501878e-15,0.0,0,0,9.094947017729282e-13,0.6549011290706134,0.0,-0.11422254230817508,4.440892098500626e-16,0.0,2.609024107869118e-15,2.220446049250313e-16
R_amp1.0_T16.0,R,1.0,16.0,13.75,0.8333333333333334,0.007370613883670197,0.05949804216542284,0.17760557466949967,10.024604052004497,1.0651257054298395,1.0659547570785164,1.1102230246251565e-15,0.0,0,0,9.094947017729282e-13,0.6549011290706134,0.0,-0.11422254227732154,4.440892098500626e-16,0.0,2.609024107869118e-15,2.220446049250313e-16
R_amp1.0_T16.0,R,1.0,16.0,13.8,0.8333333333333334,0.007370613883670197,0.05949804216542284,0.17760557466949967,10.02457909304207,1.0651261657334183,1.0659544653000073,1.1102230246251565e-15,0.0,0,0,1.3642420526593924e-12,0.6549011290706134,0.0,-0.11422254224691542,2.220446049250313e-16,0.0,2.609024107869118e-15,2.220446049250313e-16
R_amp1.0_T16.0,R,1.0,16.0,13.850000000000001,0.8333333333333334,0.007370613883670197,0.05949804216542284,0.17760557466949967,10.024554155771,1.0651266258244947,1.0659541735676619,1.3322676295501878e-15,0.0,0,0,9.094947017729282e-13,0.6549011290706134,0.0,-0.11422254221673245,2.220446049250313e-16,0.0,2.609024107869118e-15,2.220446049250313e-16
R_amp1.0_T16.0,R,1.0,16.0,13.9,0.8333333333333334,0.007370613883670197,0.05949804216542284,0.17760557466949967,10.024529240189475,1.0651270857057433,1.0659538818827863,1.3322676295501878e-15,0.0,0,0,1.3642420526593924e-12,0.6549011290706134,0.0,-0.1142225421872205,4.440892098500626e-16,0.0,2.609024107869118e-15,2.220446049250313e-16
R_amp1.0_T16.0,R,1.0,16.0,13.950000000000001,0.8333333333333334,0.007370613883670197,0.05949804216542284,0.17760557466949967,10.02450434629571,1.0651275453797175,1.0659535902466812,1.3322676295501878e-15,0.0,0,0,9.094947017729282e-13,0.6549011290706134,0.0,-0.11422254215726113,4.440892098500626e-16,0.0,2.609024107869118e-15,2.220446049250313e-16
R_amp1.0_T16.0,R,1.0,16.0,14.0,0.8333333333333334,0.007370613883670197,0.05949804216542284,0.17760557466949967,10.02447947408794,1.0651280048488512,1.0659532986606424,8.881784197001252e-16,0.0,0,0,9.094947017729282e-13,0.6549011290706134,0.0,-0.11422254212797278,4.440892098500626e-16,0.0,2.609024107869118e-15,2.220446049250313e-16
R_amp1.0_T16.0,R,1.0,16.0,14.05,0.8333333333333334,0.007370613883670197,0.05949804216542284,0.17760557466949967,10.024454623564413,1.0651284641154628,1.0659530071259615,1.3322676295501878e-15,0.0,0,0,9.094947017729282e-13,0.6549011290706134,0.0,-0.11422254209890759,4.440892098500626e-16,0.0,2.609024107869118e-15,2.220446049250313e-16
R_amp1.0_T16.0,R,1.0,16.0,14.100000000000001,0.8333333333333334,0.007370613883670197,0.05949804216542284,0.17760557466949967,10.024429794723396,1.0651289231817598,1.065952715643924,1.3322676295501878e-15,0.0,0,0,9.094947017729282e-13,0.6549011290706134,0.0,-0.11422254207006644,4.440892098500626e-16,0.0,2.609024107869118e-15,2.220446049250313e-16
R_amp1.0_T16.0,R,1.0,16.0,14.15,0.8333333333333334,0.007370613883670197,0.05949804216542284,0.17760557466949967,10.024404987563159,1.065129382049841,1.0659524242158112,1.3322676295501878e-15,0.0,0,0,1.3642420526593924e-12,0.6549011290706134,0.0,-0.11422254204144866,4.440892098500626e-16,0.0,2.609024107869118e-15,2.220446049250313e-16
R_amp1.0_T16.0,R,1.0,16.0,14.200000000000001,0.8333333333333334,0.007370613883670197,0.05949804216542284,0.17760557466949967,10.024380202081984,1.0651298407216978,1.0659521328429,1.3322676295501878e-15,0.0,0,0,1.3642420526593924e-12,0.6549011290706134,0.0,-0.11422254201327808,4.440892098500626e-16,0.0,2.609024107869118e-15,2.220446049250313e-16
R_amp1.0_T16.0,R,1.0,16.0,14.25,0.8333333333333334,0.007370613883670197,0.05949804216542284,0.17760557466949967,10.024355438278153,1.0651302991992213,1.065951841526461,1.3322676295501878e-15,0.0,0,0,9.094947017729282e-13,0.6549011290706134,0.0,-0.1142225419853311,4.440892098500626e-16,0.0,2.609024107869118e-15,2.220446049250313e-16
R_amp1.0_T16.0,R,1.0,16.0,14.3,0.8333333333333334,0.007370613883670197,0.05949804216542284,0.17760557466949967,10.02433069614995,1.0651307574842026,1.0659515502677608,1.3322676295501878e-15,0.0,0,0,9.094947017729282e-13,0.6549011290706134,0.0,-0.11422254195783088,0.0,0.0,2.609024107869118e-15,2.220446049250313e-16
R_amp1.0_T16.0,R,1.0,16.0,14.350000000000001,0.8333333333333334,0.007370613883670197,0.05949804216542284,0.17760557466949967,10.02430597569565,1.0651312155783352,1.06595125906806,1.3322676295501878e-15,0.0,0,0,9.094947017729282e-13,0.6549011290706134,0.0,-0.1142225419303311,4.440892098500626e-16,0.0,2.609024107869118e-15,2.220446049250313e-16
R_amp1.0_T16.0,R,1.0,16.0,14.4,0.8333333333333334,0.007370613883670197,0.05949804216542284,0.17760557466949967,10.024281276913527,1.06513167348322,1.0659509679286145,1.3322676295501878e-15,0.0,0,0,9.094947017729282e-13,0.6549011290706134,0.0,-0.1142225419035019,4.440892098500626e-16,0.0,2.609024107869118e-15,2.220446049250313e-16
R_amp1.0_T16.0,R,1.0,16.0,14.450000000000001,0.8333333333333334,0.007370613883670197,0.05949804216542284,0.17760557466949967,10.024256599801841,1.0651321312003674,1.0659506768506746,1.3322676295501878e-15,0.0,0,0,9.094947017729282e-13,0.6549011290706134,0.0,-0.11422254187734371,4.440892098500626e-16,0.0,2.609024107869118e-15,2.220446049250313e-16
R_amp1.0_T16.0,R,1.0,16.0,14.5,0.8333333333333334,0.007370613883670197,0.05949804216542284,0.17760557466949967,10.024231944358844,1.0651325887311975,1.0659503858354855,1.3322676295501878e-15,0.0,0,0,9.094947017729282e-13,0.6549011290706134,0.0,-0.11422254185163228,2.220446049250313e-16,0.0,2.609024107869118e-15,2.220446049250313e-16
R_amp1.0_T16.0,R,1.0,16.0,14.55,0.8333333333333334,0.007370613883670197,0.05949804216542284,0.17760557466949967,10.024207310582767,1.065133046077046,1.0659500948842873,1.3322676295501878e-15,0.0,0,0,1.3642420526593924e-12,0.6549011290706134,0.0,-0.11422254182592106,4.440892098500626e-16,0.0,2.609024107869118e-15,2.220446049250313e-16
R_amp1.0_T16.0,R,1.0,16.0,14.600000000000001,0.8333333333333334,0.007370613883670197,0.05949804216542284,0.17760557466949967,10.024182698471826,1.0651335032391667,1.0659498039983146,1.3322676295501878e-15,0.0,0,0,9.094947017729282e-13,0.6549011290706134,0.0,-0.11422254180088065,4.440892098500626e-16,0.0,2.609024107869118e-15,2.220446049250313e-16
R_amp1.0_T16.0,R,1.0,16.0,14.65,0.8333333333333334,0.007370613883670197,0.05949804216542284,0.17760557466949967,10.02415810802422,1.0651339602187304,1.0659495131787962,1.3322676295501878e-15,0.0,0,0,9.094947017729282e-13,0.6549011290706134,0.0,-0.11422254177628699,4.440892098500626e-16,0.0,2.609024107869118e-15,2.220446049250313e-16
R_amp1.0_T16.0,R,1.0,16.0,14.700000000000001,0.8333333333333334,0.007370613883670197,0.05949804216542284,0.17760557466949967,10.024133539238116,1.065134417016832,1.0659492224269551,1.3322676295501878e-15,0.0,0,0,9.094947017729282e-13,0.6549011290706134,0.0,-0.11422254175236457,4.440892098500626e-16,0.0,2.609024107869118e-15,2.220446049250313e-16
R_amp1.0_T16.0,R,1.0,16.0,14.75,0.8333333333333334,0.007370613883670197,0.05949804216542284,0.17760557466949967,10.024108992111666,1.0651348736344883,1.0659489317440105,1.3322676295501878e-15,0.0,0,0,9.094947017729282e-13,0.6549011290706134,0.0,-0.1142225417288889,4.440892098500626e-16,0.0,2.609024107869118e-15,2.220446049250313e-16
R_amp1.0_T16.0,R,1.0,16.0,14.8,0.8333333333333334,0.007370613883670197,0.05949804216542284,0.17760557466949967,10.024084466642982,1.065135330072644,1.065948641131175,1.3322676295501878e-15,0.0,0,0,9.094947017729282e-13,0.6549011290706134,0.0,-0.11422254170608404,4.440892098500626e-16,0.0,2.609024107869118e-15,2.220446049250313e-16
R_amp1.0_T16.0,R,1.0,16.0,14.850000000000001,0.8333333333333334,0.007370613883670197,0.05949804216542284,0.17760557466949967,10.024059962830162,1.0651357863321729,1.0659483505896548,1.3322676295501878e-15,0.0,0,0,9.094947017729282e-13,0.6549011290706134,0.0,-0.11422254168372636,4.440892098500626e-16,0.0,2.609024107869118e-15,2.220446049250313e-16
R_amp1.0_T16.0,R,1.0,16.0,14.9,0.8333333333333334,0.007370613883670197,0.05949804216542284,0.17760557466949967,10.024035480671255,1.0651362424138775,1.0659480601206517,1.3322676295501878e-15,0.0,0,0,1.3642420526593924e-12,0.6549011290706134,0.0,-0.11422254166159251,4.440892098500626e-16,0.0,2.609024107869118e-15,2.220446049250313e-16
R_amp1.0_T16.0,R,1.0,16.0,14.950000000000001,0.8333333333333334,0.007370613883670197,0.05949804216542284,0.17760557466949967,10.024011020164284,1.0651366983184953,1.0659477697253619,1.3322676295501878e-15,0.0,0,0,9.094947017729282e-13,0.6549011290706134,0.0,-0.11422254164057621,4.440892098500626e-16,0.0,2.609024107869118e-15,2.220446049250313e-16
R_amp1.0_T16.0,R,1.0,16.0,15.0,0.8333333333333334,0.007370613883670197,0.05949804216542284,0.17760557466949967,10.023986581307238,1.0651371540466994,1.0659474794049748,1.3322676295501878e-15,0.0,0,0,9.094947017729282e-13,0.6549011290706134,0.0,-0.11422254161955991,2.220446049250313e-16,0.0,2.609024107869118e-15,2.220446049250313e-16
R_amp1.0_T16.0,R,1.0,16.0,15.05,0.8333333333333334,0.007370613883670197,0.05949804216542284,0.17760557466949967,10.02396216409806,1.0651376095990968,1.0659471891606755,1.3322676295501878e-15,0.0,0,0,9.094947017729282e-13,0.6549011290706134,0.0,-0.11422254159943801,2.220446049250313e-16,0.0,2.609024107869118e-15,2.220446049250313e-16
R_amp1.0_T16.0,R,1.0,16.0,15.100000000000001,0.8333333333333334,0.007370613883670197,0.05949804216542284,0.17760557466949967,10.023937768534662,1.0651380649762363,1.0659468989936425,1.3322676295501878e-15,0.0,0,0,1.3642420526593924e-12,0.6549011290706134,0.0,-0.11422254157998712,4.440892098500626e-16,0.0,2.609024107869118e-15,2.220446049250313e-16
R_amp1.0_T16.0,R,1.0,16.0,15.15,0.8333333333333334,0.007370613883670197,0.05949804216542284,0.17760557466949967,10.023913394614901,1.0651385201786074,1.065946608905048,1.3322676295501878e-15,0.0,0,0,9.094947017729282e-13,0.6549011290706134,0.0,-0.11422254156120659,4.440892098500626e-16,0.0,2.609024107869118e-15,2.220446049250313e-16
R_amp1.0_T16.0,R,1.0,16.0,15.200000000000001,0.8333333333333334,0.007370613883670197,0.05949804216542284,0.17760557466949967,10.023889042336606,1.0651389752066405,1.0659463188960605,1.3322676295501878e-15,0.0,0,0,1.3642420526593924e-12,0.6549011290706134,0.0,-0.11422254154309686,4.440892098500626e-16,0.0,2.609024107869118e-15,2.220446049250313e-16
R_amp1.0_T16.0,R,1.0,16.0,15.25,0.8333333333333334,0.007370613883670197,0.05949804216542284,0.17760557466949967,10.023864711697543,1.0651394300607115,1.0659460289678409,1.3322676295501878e-15,0.0,0,0,9.094947017729282e-13,0.6549011290706134,0.0,-0.11422254152543454,4.440892098500626e-16,0.0,2.609024107869118e-15,2.220446049250313e-16
R_amp1.0_T16.0,R,1.0,16.0,15.3,0.8333333333333334,0.007370613883670197,0.05949804216542284,0.17760557466949967,10.023840402695448,1.0651398847411426,1.0659457391215446,1.3322676295501878e-15,0.0,0,0,9.094947017729282e-13,0.6549011290706134,0.0,-0.11422254150866618,4.440892098500626e-16,0.0,2.609024107869118e-15,2.220446049250313e-16
R_amp1.0_T16.0,R,1.0,16.0,15.350000000000001,0.8333333333333334,0.007370613883670197,0.05949804216542284,0.17760557466949967,10.023816115327998,1.0651403392482044,1.0659454493583214,1.3322676295501878e-15,0.0,0,0,9.094947017729282e-13,0.6549011290706134,0.0,-0.1142225414927922,4.440892098500626e-16,0.0,2.609024107869118e-15,2.220446049250313e-16
R_amp1.0_T16.0,R,1.0,16.0,15.4,0.8333333333333334,0.007370613883670197,0.05949804216542284,0.17760557466949967,10.023791849592818,1.0651407935821149,1.0659451596793161,1.3322676295501878e-15,0.0,0,0,1.3642420526593924e-12,0.6549011290706134,0.0,-0.11422254147736544,4.440892098500626e-16,0.0,2.609024107869118e-15,2.220446049250313e-16
R_amp1.0_T16.0,R,1.0,16.0,15.450000000000001,0.8333333333333334,0.007370613883670197,0.05949804216542284,0.17760557466949967,10.023767605487492,1.065141247743046,1.0659448700856655,1.3322676295501878e-15,0.0,0,0,9.094947017729282e-13,0.6549011290706134,0.0,-0.11422254146260946,4.440892098500626e-16,0.0,2.609024107869118e-15,2.220446049250313e-16
R_amp1.0_T16.0,R,1.0,16.0,15.5,0.8333333333333334,0.007370613883670197,0.05949804216542284,0.17760557466949967,10.02374338300954,1.0651417017311229,1.0659445805785022,1.5543122344752192e-15,0.0,0,0,9.094947017729282e-13,0.6549011290706134,0.0,-0.11422254144919486,4.440892098500626e-16,0.0,2.609024107869118e-15,2.220446049250313e-16
R_amp1.0_T16.0,R,1.0,16.0,15.55,0.8333333333333334,0.007370613883670197,0.05949804216542284,0.17760557466949967,10.02371918215643,1.065142155546422,1.0659442911589523,1.3322676295501878e-15,0.0,0,0,9.094947017729282e-13,0.6549011290706134,0.0,-0.11422254143622745,4.440892098500626e-16,0.0,2.609024107869118e-15,2.220446049250313e-16
R_amp1.0_T16.0,R,1.0,16.0,15.600000000000001,0.8333333333333334,0.007370613883670197,0.05949804216542284,0.17760557466949967,10.023695002925578,1.065142609188977,1.0659440018281363,1.3322676295501878e-15,0.0,0,0,9.094947017729282e-13,0.6549011290706134,0.0,-0.11422254142460142,4.440892098500626e-16,0.0,2.609024107869118e-15,2.220446049250313e-16
R_amp1.0_T16.0,R,1.0,16.0,15.65,0.8333333333333334,0.007370613883670197,0.05949804216542284,0.17760557466949967,10.023670845314342,1.0651430626587794,1.0659437125871678,1.3322676295501878e-15,0.0,0,0,9.094947017729282e-13,0.6549011290706134,0.0,-0.11422254141364618,2.220446049250313e-16,0.0,2.609024107869118e-15,2.220446049250313e-16
R_amp1.0_T16.0,R,1.0,16.0,15.700000000000001,0.8333333333333334,0.007370613883670197,0.05949804216542284,0.17760557466949967,10.023646709320015,1.0651435159557794,1.0659434234371554,1.3322676295501878e-15,0.0,0,0,1.3642420526593924e-12,0.6549011290706134,0.0,-0.11422254140336174,4.440892098500626e-16,0.0,2.609024107869118e-15,2.220446049250313e-16
R_amp1.0_T16.0,R,1.0,16.0,15.75,0.8333333333333334,0.007370613883670197,0.05949804216542284,0.17760557466949967,10.023622594939845,1.065143969079886,1.0659431343792014,1.3322676295501878e-15,0.0,0,0,9.094947017729282e-13,0.6549011290706134,0.0,-0.11422254139419508,4.440892098500626e-16,0.0,2.609024107869118e-15,2.220446049250313e-16
R_amp1.0_T16.0,R,1.0,16.0,15.8,0.8333333333333334,0.007370613883670197,0.05949804216542284,0.17760557466949967,10.023598502171001,1.06514442203097,1.0659428454144027,1.3322676295501878e-15,0.0,0,0,9.094947017729282e-13,0.6549011290706134,0.0,-0.1142225413861464,2.220446049250313e-16,0.0,2.609024107869118e-15,2.220446049250313e-16
R_amp1.0_T16.0,R,1.0,16.0,15.850000000000001,0.8333333333333334,0.007370613883670197,0.05949804216542284,0.17760557466949967,10.02357443101061,1.065144874808867,1.0659425565438485,1.3322676295501878e-15,0.0,0,0,1.3642420526593924e-12,0.6549011290706134,0.0,-0.1142225413787683,2.220446049250313e-16,0.0,2.609024107869118e-15,2.220446049250313e-16
R_amp1.0_T16.0,R,1.0,16.0,15.9,0.8333333333333334,0.007370613883670197,0.05949804216542284,0.17760557466949967,10.02355038145572,1.0651453274133724,1.0659422677686237,1.3322676295501878e-15,0.0,0,0,9.094947017729282e-13,0.6549011290706134,0.0,-0.1142225413725082,4.440892098500626e-16,0.0,2.609024107869118e-15,2.220446049250313e-16
R_amp1.0_T16.0,R,1.0,16.0,15.950000000000001,0.8333333333333334,0.007370613883670197,0.05949804216542284,0.17760557466949967,10.023526353503325,1.0651457798442507,1.0659419790898061,1.3322676295501878e-15,0.0,0,0,1.3642420526593924e-12,0.6549011290706134,0.0,-0.11422254136758947,4.440892098500626e-16,0.0,2.609024107869118e-15,2.220446049250313e-16
R_amp1.0_T16.0,R,1.0,16.0,16.0,0.8333333333333334,0.007370613883670197,0.05949804216542284,0.17760557466949967,10.023502347150353,1.0651462321012308,1.0659416905084684,1.3322676295501878e-15,0.0,0,0,0.0,0.6549011290706134,0.0,-0.11422254136378873,4.440892098500626e-16,0.0,2.609024107869118e-15,2.220446049250313e-16
