r_a,r_b,L,finite,hjb_converged,hjb_statistic,kfe_mass_error,kfe_min_mass,R1,R2,R3,R1_norm,R2_norm,R3_norm,resid_inf_norm,A_hh,B_hh,L_hh,K,w,Y,T,R_resource_structural,W_taper,R_resource_faithful,R_wealth_chain,R_wealth_direct
0.0,-0.05,0.2,0,-1,nan,nan,nan,nan,nan,nan,nan,nan,nan,nan,nan,nan,nan,nan,nan,nan,nan,nan,nan,nan,nan,nan
0.0,-0.05,0.55,0,-1,nan,nan,nan,nan,nan,nan,nan,nan,nan,nan,nan,nan,nan,nan,nan,nan,nan,nan,nan,nan,nan,nan
0.0,-0.05,0.8999999999999999,0,-1,nan,nan,nan,nan,nan,nan,nan,nan,nan,nan,nan,nan,nan,nan,nan,nan,nan,nan,nan,nan,nan,nan
0.0,-0.05,1.2499999999999998,0,-1,nan,nan,nan,nan,nan,nan,nan,nan,nan,nan,nan,nan,nan,nan,nan,nan,nan,nan,nan,nan,nan,nan
0.0,-0.05,1.5999999999999999,0,-1,nan,nan,nan,nan,nan,nan,nan,nan,nan,nan,nan,nan,nan,nan,nan,nan,nan,nan,nan,nan,nan,nan
0.0,-0.05,1.95,0,-1,nan,nan,nan,nan,nan,nan,nan,nan,nan,nan,nan,nan,nan,nan,nan,nan,nan,nan,nan,nan,nan,nan
0.0,-0.05,2.3,0,-1,nan,nan,nan,nan,nan,nan,nan,nan,nan,nan,nan,nan,nan,nan,nan,nan,nan,nan,nan,nan,nan,nan
0.0,-0.05,2.65,0,-1,nan,nan,nan,nan,nan,nan,nan,nan,nan,nan,nan,nan,nan,nan,nan,nan,nan,nan,nan,nan,nan,nan
0.0,-0.05,3.0,0,-1,nan,nan,nan,nan,nan,nan,nan,nan,nan,nan,nan,nan,nan,nan,nan,nan,nan,nan,nan,nan,nan,nan
0.0,-0.03125,0.2,0,-1,nan,nan,nan,nan,nan,nan,nan,nan,nan,nan,nan,nan,nan,nan,nan,nan,nan,nan,nan,nan,nan,nan
0.0,-0.03125,0.55,0,-1,nan,nan,nan,nan,nan,nan,nan,nan,nan,nan,nan,nan,nan,nan,nan,nan,nan,nan,nan,nan,nan,nan
0.0,-0.03125,0.8999999999999999,0,-1,nan,nan,nan,nan,nan,nan,nan,nan,nan,nan,nan,nan,nan,nan,nan,nan,nan,nan,nan,nan,nan,nan
0.0,-0.03125,1.2499999999999998,0,-1,nan,nan,nan,nan,nan,nan,nan,nan,nan,nan,nan,nan,nan,nan,nan,nan,nan,nan,nan,nan,nan,nan
0.0,-0.03125,1.5999999999999999,0,-1,nan,nan,nan,nan,nan,nan,nan,nan,nan,nan,nan,nan,nan,nan,nan,nan,nan,nan,nan,nan,nan,nan
0.0,-0.03125,1.95,0,-1,nan,nan,nan,nan,nan,nan,nan,nan,nan,nan,nan,nan,nan,nan,nan,nan,nan,nan,nan,nan,nan,nan
0.0,-0.03125,2.3,0,-1,nan,nan,nan,nan,nan,nan,nan,nan,nan,nan,nan,nan,nan,nan,nan,nan,nan,nan,nan,nan,nan,nan
0.0,-0.03125,2.65,0,-1,nan,nan,nan,nan,nan,nan,nan,nan,nan,nan,nan,nan,nan,nan,nan,nan,nan,nan,nan,nan,nan,nan
0.0,-0.03125,3.0,0,-1,nan,nan,nan,nan,nan,nan,nan,nan,nan,nan,nan,nan,nan,nan,nan,nan,nan,nan,nan,nan,nan,nan
0.0,-0.012499999999999997,0.2,0,-1,nan,nan,nan,nan,nan,nan,nan,nan,nan,nan,nan,nan,nan,nan,nan,nan,nan,nan,nan,nan,nan,nan
0.0,-0.012499999999999997,0.55,0,-1,nan,nan,nan,nan,nan,nan,nan,nan,nan,nan,nan,nan,nan,nan,nan,nan,nan,nan,nan,nan,nan,nan
0.0,-0.012499999999999997,0.8999999999999999,0,-1,nan,nan,nan,nan,nan,nan,nan,nan,nan,nan,nan,nan,nan,nan,nan,nan,nan,nan,nan,nan,nan,nan
0.0,-0.012499999999999997,1.2499999999999998,0,-1,nan,nan,nan,nan,nan,nan,nan,nan,nan,nan,nan,nan,nan,nan,nan,nan,nan,nan,nan,nan,nan,nan
0.0,-0.012499999999999997,1.5999999999999999,0,-1,nan,nan,nan,nan,nan,nan,nan,nan,nan,nan,nan,nan,nan,nan,nan,nan,nan,nan,nan,nan,nan,nan
0.0,-0.012499999999999997,1.95,0,-1,nan,nan,nan,nan,nan,nan,nan,nan,nan,nan,nan,nan,nan,nan,nan,nan,nan,nan,nan,nan,nan,nan
0.0,-0.012499999999999997,2.3,0,-1,nan,nan,nan,nan,nan,nan,nan,nan,nan,nan,nan,nan,nan,nan,nan,nan,nan,nan,nan,nan,nan,nan
0.0,-0.012499999999999997,2.65,0,-1,nan,nan,nan,nan,nan,nan,nan,nan,nan,nan,nan,nan,nan,nan,nan,nan,nan,nan,nan,nan,nan,nan
0.0,-0.012499999999999997,3.0,0,-1,nan,nan,nan,nan,nan,nan,nan,nan,nan,nan,nan,nan,nan,nan,nan,nan,nan,nan,nan,nan,nan,nan
0.0,0.0062500000000000056,0.2,1,1,2.6952861276186013e-08,1.1102230246251565e-16,0.0,-12.91134213515719,-0.35419650061816244,0.7102001573372032,-0.9999999999999999,-0.35419650061816244,3.551000786686016,3.551000786686016,1.9599564315127594e-15,0.6458034993818376,0.9102001573372032,12.911342135157192,2.8691871411460426,0.8966209816081382,0.07982561423438127,-1.725011994629517,0.0,-1.725011994629517,-1.7250119946295168,-2.341155893340444e-16
0.0,0.0062500000000000056,0.55,1,1,2.4605181891956818e-08,1.1102230246251565e-16,-2.582032701117141e-17,-35.50619087168228,-0.4486316385667115,0.3435086499424702,-1.0,-0.4486316385667115,0.6245611817135821,1.0,-9.987590994674103e-16,0.5513683614332885,0.8935086499424703,35.50619087168228,2.8691871411460426,2.4657076994223805,0.2304579391445485,-0.8299357346700368,0.0,-0.8299357346700368,-0.8299357346700367,1.1840328655974662e-16
0.0,0.0062500000000000056,0.8999999999999999,1,1,2.338972748816559e-08,1.1102230246251565e-16,-5.269023412922615e-17,-58.10103960820735,-0.5424795848652584,-0.02241599784775472,-1.0,-0.5424795848652584,-0.024906664275283024,1.0,-2.036077951549651e-15,0.4575204151347416,0.8775840021522452,58.10103960820735,2.8691871411460426,4.034794417236622,0.3810902640547157,0.06327234760383309,0.0,0.06327234760383309,0.06327234760383331,2.6102542718853233e-16
0.0,0.0062500000000000056,1.2499999999999998,1,1,3.011459881463452e-08,1.1102230246251565e-16,-8.388754498113403e-17,-80.69588834473242,-0.6349789529891827,-0.38761821797588536,-1.0,-0.6349789529891827,-0.31009457438070837,1.0,-3.1128767185917587e-15,0.3650210470108173,0.8623817820241144,80.69588834473242,2.8691871411460426,5.603881135050862,0.5317225889648829,0.9547146356189695,0.0,0.9547146356189695,0.9547146356189704,3.9826560024642044e-16
0.0,0.0062500000000000056,1.5999999999999999,1,1,4.455390012481075e-08,4.440892098500626e-16,-2.0470938364535728e-18,-103.29073708125752,-0.7253712796058023,-0.7521399807844621,-1.0,-0.7253712796058023,-0.4700874879902888,1.0,7.336298867163496e-16,0.2746287203941977,0.8478600192155378,103.29073708125752,2.8691871411460426,7.172967852865106,0.6823549138750501,1.8444874316162942,0.0,1.8444874316162942,1.8444874316162938,-5.651065949442452e-17
0.0,0.0062500000000000056,1.95,1,1,6.868652846492296e-08,1.1102230246251565e-16,-9.48565615477709e-17,-125.8855858177826,-0.8129384634806345,-1.1160208256197464,-1.0,-0.8129384634806345,-0.5723183721126904,1.0,-3.698685980328251e-15,0.18706153651936552,0.8339791743802536,125.8855858177826,2.8691871411460426,8.742054570679349,0.8329872387852174,2.7326813197478095,0.0,2.7326813197478095,2.732681319747809,4.964865084153013e-16
0.0,0.0062500000000000056,2.3,1,1,5.166594263528168e-09,2.220446049250313e-16,-6.841270493440416e-17,-148.48043455430766,-0.8970441920035186,-1.4792979364799572,-1.0,-0.8970441920035186,-0.643173015860851,1.0,-2.302893761975464e-15,0.10295580799648138,0.8207020635200426,148.48043455430766,2.8691871411460426,10.31114128849359,0.9836195636953845,3.619381675958859,0.0,3.619381675958859,3.6193816759588584,2.9735370829209096e-16
0.0,0.0062500000000000056,2.65,1,1,5.117119172837192e-09,2.220446049250313e-16,-4.176593560340554e-18,-171.07528329083277,-0.9771754977987339,-1.8420062489333702,-1.0,-0.9771754977987339,-0.6950966977107057,1.0,1.3281009229663123e-16,0.022824502201266028,0.8079937510666297,171.07528329083277,2.8691871411460426,11.880228006307831,1.1342518886055517,4.504669261221008,0.0,4.504669261221008,4.504669261221008,1.8836886498141508e-17
0.0,0.0062500000000000056,3.0,1,1,9.422689473126411e-08,1.1102230246251565e-16,-1.0263725040145719e-16,-193.67013202735785,-1.0529792598923324,-2.2041785750013547,-1.0,-1.0529792598923324,-0.7347261916671183,1.0529792598923324,-2.9995300050507447e-15,-0.05297925989233235,0.7958214249986455,193.67013202735785,2.8691871411460426,13.449314724122072,1.284884213515719,5.3886208247830565,0.0,5.3886208247830565,5.388620824783059,3.7539223807010575e-16
0.0,0.02500000000000001,0.2,0,-1,nan,nan,nan,nan,nan,nan,nan,nan,nan,nan,nan,nan,nan,nan,nan,nan,nan,nan,nan,nan,nan,nan
0.0,0.02500000000000001,0.55,0,-1,nan,nan,nan,nan,nan,nan,nan,nan,nan,nan,nan,nan,nan,nan,nan,nan,nan,nan,nan,nan,nan,nan
0.0,0.02500000000000001,0.8999999999999999,1,1,1.5304632228207993e-08,1.1102230246251565e-16,-2.4711765999647343e-16,-58.10103960820736,1.6664344203639696,-0.027339613021812648,-1.0000000000000002,1.6664344203639696,-0.030377347802014055,1.6664344203639696,-4.676352697241752e-15,2.6664344203639696,0.8726603869781873,58.10103960820735,2.8691871411460426,4.034794417236622,0.36234026405471564,0.026011951480827345,0.0,0.026011951480827345,0.026011951480827123,3.417549407519959e-16
0.0,0.02500000000000001,1.2499999999999998,1,1,1.2302894702997946e-08,1.1102230246251565e-16,-3.074501103803789e-16,-80.69588834473242,1.6994500244305106,-0.39244066589664695,-1.0,1.6994500244305106,-0.3139525327173176,1.6994500244305106,-5.671051865574455e-15,2.6994500244305106,0.8575593341033528,80.69588834473242,2.8691871411460426,5.603881135050862,0.5129725889648828,0.9155309451673413,0.0,0.9155309451673413,0.9155309451673418,4.197934705300107e-16
0.0,0.02500000000000001,1.5999999999999999,1,1,1.2271197391555688e-08,1.1102230246251565e-16,-7.978445854174321e-17,-103.29073708125752,1.7343003487138162,-0.7568642646711544,-1.0,1.7343003487138162,-0.4730401654194715,1.7343003487138162,-1.435506003589395e-15,2.734300348713816,0.8431357353288454,103.29073708125752,2.8691871411460426,7.172967852865106,0.66360491387505,1.8033513874038065,0.0,1.8033513874038065,1.803351387403806,6.862008652894405e-17
0.0,0.02500000000000001,1.95,0,-1,nan,nan,nan,nan,nan,nan,nan,nan,nan,nan,nan,nan,nan,nan,nan,nan,nan,nan,nan,nan,nan,nan
0.0,0.02500000000000001,2.3,1,1,1.3741139781586753e-08,1.1102230246251565e-16,-5.751179741077731e-17,-148.48043455430766,1.8087000942228055,-1.48383546539251,-1.0,1.8087000942228055,-0.6451458545184827,1.8087000942228055,-9.841120699023938e-16,2.8087000942228055,0.8161645346074897,148.48043455430766,2.8691871411460426,10.31114128849359,0.9648695636953845,3.574300285323702,0.0,3.574300285323702,3.574300285323703,2.825532974721226e-17
0.0,0.02500000000000001,2.65,1,1,7.137612811902727e-08,1.1102230246251565e-16,-1.4975598223439046e-16,-171.07528329083277,1.8478204093153057,-1.8464554431484805,-1.0,1.8478204093153057,-0.6967756389239549,1.8478204093153057,-2.5094167950394508e-15,2.8478204093153057,0.8035445568515194,171.07528329083277,2.8691871411460426,11.880228006307831,1.1155018886055519,4.457617089670873,0.0,4.457617089670873,4.457617089670874,1.5204058387785645e-16
0.0,0.02500000000000001,3.0,1,1,3.957272909360654e-08,1.1102230246251565e-16,-1.2493850877384572e-16,-193.67013202735785,1.8879253009051409,-2.2085428809935284,-1.0,1.8879253009051409,-0.7361809603311761,1.8879253009051409,-2.046003317524258e-15,2.887925300905141,0.7914571190064715,193.67013202735785,2.8691871411460426,13.449314724122072,1.2661342135157192,5.339612210563778,0.0,5.339612210563778,5.339612210563782,1.0763935141795147e-16
0.0,0.04375000000000001,0.2,1,1,5.812896830548198e-09,2.220446049250313e-16,-1.3187802343771627e-32,-12.91134213515719,2.851172061902066,0.6941044271485148,-0.9999999999999999,2.851172061902066,3.470522135742574,3.470522135742574,2.047491303049183e-15,3.851172061902066,0.8941044271485148,12.911342135157192,2.8691871411460426,0.8966209816081382,0.04232561423438126,-1.817488493093539,0.0,-1.817488493093539,-1.8174884930935389,-1.601135352342028e-16
0.0,0.04375000000000001,0.55,1,1,3.231604139841693e-08,1.1102230246251565e-16,-1.7342092441187715e-33,-35.50619087168228,2.909227525364509,0.3277120710739544,-1.0,2.909227525364509,0.5958401292253716,2.909227525364509,5.37991246996922e-16,3.909227525364509,0.8777120710739544,35.50619087168228,2.8691871411460426,2.4657076994223805,0.1929579391445485,-0.9264833510518536,0.0,-0.9264833510518536,-0.9264833510518535,-6.12198811189599e-17
0.0,0.04375000000000001,0.8999999999999999,1,1,1.403801519472836e-08,2.220446049250313e-16,-5.5221905215082726e-33,-58.10103960820735,2.96540442000318,-0.03790225615553344,-1.0,2.96540442000318,-0.042113617950592715,2.96540442000318,2.3050468594289274e-15,3.96540442000318,0.8620977438444665,58.10103960820735,2.8691871411460426,4.034794417236622,0.34359026405471566,-0.037287977518176973,0.0,-0.037287977518176973,-0.03728797751817675,-1.9375083255231264e-16
0.0,0.04375000000000001,1.2499999999999998,1,1,6.677481678707409e-09,2.220446049250313e-16,-7.662314670478333e-32,-80.69588834473242,3.019601233165413,-0.4027856303995162,-1.0,3.019601233165413,-0.32222850431961303,3.019601233165413,4.930723701234233e-15,4.019601233165413,0.8472143696004836,80.69588834473242,2.8691871411460426,5.603881135050862,0.49422258896488286,0.8502155480619565,0.0,0.8502155480619565,0.8502155480619574,-3.414185677788148e-16
0.0,0.04375000000000001,1.5999999999999999,1,1,9.072931916875859e-08,1.1102230246251565e-16,-1.2515996702959073e-16,-103.29073708125752,3.071763139873278,-0.7669826584007977,-1.0,3.071763139873278,-0.4793641615004986,3.071763139873278,-1.991042090722747e-15,4.071763139873278,0.8330173415992022,103.29073708125752,2.8691871411460426,7.172967852865106,0.6448549138750501,1.7361370948308772,0.0,1.7361370948308772,1.7361370948308763,1.5204058387785645e-16
0.0,0.04375000000000001,1.95,1,1,7.868772300412274e-08,2.220446049250313e-16,-3.768924184121393e-17,-125.8855858177826,3.1218336152775192,-1.130535182174294,-1.0,3.1218336152775192,-0.5797616318842533,3.1218336152775192,-6.127291985290647e-16,4.121833615277519,0.8194648178257061,125.8855858177826,2.8691871411460426,8.742054570679349,0.7954872387852174,2.6205800949847213,0.0,2.6205800949847213,2.6205800949847218,2.4555227042220182e-17
0.0,0.04375000000000001,2.3,1,1,4.101263328948335e-09,2.220446049250313e-16,-2.0307273885508553e-16,-148.48043455430766,3.1697379242460455,-1.4934822659446616,-1.0,3.1697379242460455,-0.6493401156281138,3.1697379242460455,-3.371637320989542e-15,4.1697379242460455,0.8065177340553383,148.48043455430766,2.8691871411460426,10.31114128849359,0.9461195636953845,3.503642334008417,0.0,3.503642334008417,3.503642334008416,1.853415082227852e-16
0.0,0.04375000000000001,2.65,1,1,5.158771188007449e-09,1.1102230246251565e-16,-1.9425439601359236e-20,-171.07528329083277,3.21545241400725,-1.8558606874111303,-1.0,3.21545241400725,-0.7003247877023133,3.21545241400725,1.3628219281511258e-15,4.21545241400725,0.7941393125888696,171.07528329083277,2.8691871411460426,11.880228006307831,1.0967518886055518,4.385413887222058,0.0,4.385413887222058,4.385413887222059,-7.686122437188097e-17
0.0,0.04375000000000001,3.0,1,1,8.455451450117835e-09,1.1102230246251565e-16,-1.120800263931077e-32,-193.67013202735785,3.258885064499334,-2.2177044078823602,-1.0,3.258885064499334,-0.7392348026274534,3.258885064499334,2.8029906004429017e-15,4.258885064499334,0.7822955921176399,193.67013202735785,2.8691871411460426,13.449314724122072,1.2473842135157192,5.265981402893272,0.0,5.265981402893272,5.265981402893274,-1.9846005417684802e-16
0.0,0.06250000000000001,0.2,1,1,5.363408561720462e-08,2.220446049250313e-16,-4.963162919811984e-23,-12.911342135157186,3.410072762646883,0.6833475788324672,-0.9999999999999996,3.410072762646883,3.416737894162336,3.416737894162336,6.148951407553732e-15,4.410072762646883,0.8833475788324672,12.911342135157192,2.8691871411460426,0.8966209816081382,0.02357561423438126,-1.8796838208669184,0.0,-1.8796838208669184,-1.8796838208669182,-3.75245074894339e-16
0.0,0.06250000000000001,0.55,1,1,2.873363769140269e-08,1.1102230246251565e-16,-3.8845445990632027e-16,-35.506190871682286,3.4521522277467014,0.3173947644565356,-1.0000000000000002,3.4521522277467014,0.5770813899209737,3.4521522277467014,-5.382597445037475e-15,4.452152227746701,0.8673947644565356,35.50619087168228,2.8691871411460426,2.4657076994223805,0.17420793914454852,-0.9898247445530712,0.0,-0.9898247445530712,-0.9898247445530711,2.996189700333574e-16
0.0,0.06250000000000001,0.8999999999999999,1,1,1.5047064039208635e-08,1.1102230246251565e-16,-1.3037774713599928e-21,-58.10103960820725,3.4918541073210543,-0.04779399257861949,-0.9999999999999983,3.4918541073210543,-0.05310443619846611,3.4918541073210543,9.699994055110993e-14,4.491854107321054,0.8522060074213804,58.10103960820735,2.8691871411460426,4.034794417236622,0.32484026405471567,-0.10168045911655772,0.0,-0.10168045911655772,-0.10168045911655794,-5.465800979210635e-15
0.0,0.06250000000000001,1.2499999999999998,1,1,7.672909418943163e-09,1.1102230246251565e-16,-3.58673877132839e-33,-80.69588834473242,3.5292981947997877,-0.4122671028299578,-1.0,3.5292981947997877,-0.3298136822639663,3.5292981947997877,3.1742240464766065e-16,4.529298194799788,0.837732897170042,80.69588834473242,2.8691871411460426,5.603881135050862,0.47547258896488287,0.7848596124586735,0.0,0.7848596124586735,0.7848596124586744,-2.5564345961763475e-17
0.0,0.06250000000000001,1.5999999999999999,1,1,8.555321784342595e-08,1.1102230246251565e-16,-2.539933486038162e-32,-103.29073708125752,3.5646048611349315,-0.7760699681332117,-1.0,3.5646048611349315,-0.48504373008325735,3.5646048611349315,2.566896465283582e-15,4.5646048611349315,0.8239300318667881,103.29073708125752,2.8691871411460426,7.172967852865106,0.6261049138750501,1.6698986733968817,0.0,1.6698986733968817,1.6698986733968817,-1.5540431360966745e-16
0.0,0.06250000000000001,1.95,1,1,6.002127861393092e-08,4.440892098500626e-16,-2.54771833640686e-16,-125.8855858177826,3.597881725406327,-1.1392449557246151,-1.0,3.597881725406327,-0.5842281824228795,3.597881725406327,-4.582871460770112e-15,4.597881725406327,0.8107550442753849,125.8855858177826,2.8691871411460426,8.742054570679349,0.7767372387852174,2.553533323105579,0.0,2.553533323105579,2.553533323105579,2.32433724468139e-16
0.0,0.06250000000000001,2.3,1,1,1.1068607363995397e-08,2.220446049250313e-16,-3.5772752997032306e-33,-148.48043455430766,3.629167758190336,-1.5018310839440503,-1.0,3.629167758190336,-0.6529700364974133,3.629167758190336,5.269911489297004e-16,4.629167758190336,0.7981689160559495,148.48043455430766,2.8691871411460426,10.31114128849359,0.9273695636953845,3.435856284204942,0.0,3.435856284204942,3.4358562842049416,-3.431004326447202e-17
0.0,0.06250000000000001,2.65,1,1,8.242402316227526e-09,1.1102230246251565e-16,-3.7442208114647675e-16,-171.07528329083277,3.6586003068582666,-1.8638654304687265,-1.0,3.6586003068582666,-0.7033454454598969,3.6586003068582666,-6.698033372096254e-15,4.658600306858267,0.7861345695312733,171.07528329083277,2.8691871411460426,11.880228006307831,1.0780018886055518,4.316949397859738,0.0,4.316949397859738,4.316949397859738,3.45455043456988e-16
0.0,0.06250000000000001,3.0,1,1,6.411420727658879e-09,2.220446049250313e-16,-7.276444380162938e-19,-193.67013202735765,3.686711417987155,-2.2253855292366715,-0.999999999999999,3.686711417987155,-0.7417951764122238,3.686711417987155,1.9031575277845327e-13,4.686711417987155,0.7746144707633286,193.67013202735785,2.8691871411460426,13.449314724122072,1.228634213515719,5.196870949267379,0.0,5.196870949267379,5.196870949267382,-9.195049548256857e-15
0.0,0.08125000000000003,0.2,1,1,1.8070323903884855e-08,1.1102230246251565e-16,-2.460352359674897e-16,-12.911342135157195,3.69202686655356,0.6734234750736241,-1.0000000000000002,3.69202686655356,3.3671173753681205,3.69202686655356,-4.0181987799804985e-15,4.69202686655356,0.8734234750736242,12.911342135157192,2.8691871411460426,0.8966209816081382,0.0048256142343812425,-1.942328461850533,0.0,-1.942328461850533,-1.942328461850533,1.7575487848712392e-16
0.0,0.08125000000000003,0.55,1,1,1.3575327528769776e-08,1.1102230246251565e-16,-8.676791955041884e-18,-35.50619087168227,3.722684849737753,0.30792229991608244,-0.9999999999999998,3.722684849737753,0.5598587271201498,3.722684849737753,5.5736646992154146e-15,4.722684849737753,0.8579222999160825,35.50619087168228,2.8691871411460426,2.4657076994223805,0.15545793914454847,-1.0534318419238307,0.0,-1.0534318419238307,-1.0534318419238307,-2.7469714900864686e-16
0.0,0.08125000000000003,0.8999999999999999,1,1,1.980579256155579e-08,1.1102230246251565e-16,-6.907978968629301e-32,-58.101039608207344,3.750721812604782,-0.05683127578185676,-0.9999999999999999,3.750721812604782,-0.06314586197984084,3.750721812604782,9.958148285651347e-15,4.750721812604782,0.8431687242181432,58.10103960820735,2.8691871411460426,4.034794417236622,0.3060902640547156,-0.1661455164391455,0.0,-0.1661455164391455,-0.1661455164391457,-4.4132134081360086e-16
0.0,0.08125000000000003,1.2499999999999998,1,1,3.118233848908858e-08,1.1102230246251565e-16,-1.8295283518990513e-16,-80.69588834473242,3.7777191292291112,-0.4209005251878717,-1.0,3.7777191292291112,-0.3367204201502974,3.7777191292291112,-3.1856810712312805e-15,4.777719129229111,0.8290994748121281,80.69588834473242,2.8691871411460426,5.603881135050862,0.4567225889648828,0.7195563391351937,0.0,0.7195563391351937,0.7195563391351941,1.2916722170154178e-16
0.0,0.08125000000000003,1.5999999999999999,1,1,2.0337960648930675e-08,2.220446049250313e-16,-2.8610115111519796e-16,-103.29073708125752,3.802082247793379,-0.7843121834885732,-1.0,3.802082247793379,-0.4901951146803583,3.802082247793379,-4.862296184514337e-15,4.802082247793379,0.8156878165114266,103.29073708125752,2.8691871411460426,7.172967852865106,0.60735491387505,1.6038684841499398,0.0,1.6038684841499398,1.6038684841499393,1.829868974105175e-16
0.0,0.08125000000000003,1.95,1,1,1.2896578027721262e-08,2.220446049250313e-16,-7.632404535466994e-32,-125.88558581778258,3.8285090474688888,-1.14715394586425,-0.9999999999999999,3.8285090474688888,-0.5882840748021795,3.8285090474688888,7.499835003546942e-15,4.828509047468889,0.80284605413575,125.8855858177826,2.8691871411460426,8.742054570679349,0.7579872387852173,2.486623087723506,0.0,2.486623087723506,2.486623087723505,-2.8120780557939836e-16
0.0,0.08125000000000003,2.3,1,1,7.498787368831472e-09,4.440892098500626e-16,-6.327270341007857e-16,-148.48043455430766,3.846552717180751,-1.5093583686624623,-1.0,3.846552717180751,-0.6562427689836793,3.846552717180751,-1.0315908222352789e-14,4.846552717180751,0.7906416313375375,148.48043455430766,2.8691871411460426,10.31114128849359,0.9086195636953844,3.368504471064443,0.0,3.368504471064443,3.3685044710644427,3.713557623919325e-16
0.0,0.08125000000000003,2.65,1,1,8.830715714225335e-08,2.220446049250313e-16,-8.087460017354236e-16,-171.07528329083277,3.867082383015309,-1.8710700764679222,-1.0,3.867082383015309,-0.706064179799216,3.867082383015309,-1.294495665662053e-14,4.867082383015309,0.7789299235320777,171.07528329083277,2.8691871411460426,11.880228006307831,1.0592518886055518,4.248982229427175,0.0,4.248982229427175,4.248982229427176,4.184479786372864e-16
0.0,0.08125000000000003,3.0,1,1,5.240089251401514e-09,2.220446049250313e-16,-2.8870251492450246e-15,-193.6701320273579,3.8919843530506677,-2.2323358113919376,-1.0000000000000002,3.8919843530506677,-0.7441119371306458,3.8919843530506677,-4.543385232813807e-14,4.891984353050668,0.7676641886080626,193.67013202735785,2.8691871411460426,13.449314724122072,1.209884213515719,5.12801709536536,0.0,5.12801709536536,5.128017095365363,1.4114209954678882e-15
0.0,0.1,0.2,1,1,1.1755208362274061e-08,1.1102230246251565e-16,-2.9105182822432585e-16,-12.911342135157197,3.8589361084479394,0.6641046240628434,-1.0000000000000004,3.8589361084479394,3.320523120314217,3.8589361084479394,-5.0345907906605735e-15,4.858936108447939,0.8641046240628435,12.911342135157192,2.8691871411460426,0.8966209816081382,-0.013924385765618733,-2.005517991421021,0.0,-2.005517991421021,-2.005517991421021,1.6684099469782474e-16
0.0,0.1,0.55,1,1,6.077257808101422e-09,2.220446049250313e-16,-2.5977266668605854e-16,-35.506190871682286,3.8822908491790233,0.2990384734580961,-1.0000000000000002,3.8822908491790233,0.5437063153783565,3.8822908491790233,-4.375361233880573e-15,4.882290849179023,0.8490384734580961,35.50619087168228,2.8691871411460426,2.4657076994223805,0.1367079391445485,-1.1175268262587268,0.0,-1.1175268262587268,-1.1175268262587268,1.4194939468242346e-16
0.0,0.1,0.8999999999999999,0,-1,nan,nan,nan,nan,nan,nan,nan,nan,nan,nan,nan,nan,nan,nan,nan,nan,nan,nan,nan,nan,nan,nan
0.0,0.1,1.2499999999999998,0,-1,nan,nan,nan,nan,nan,nan,nan,nan,nan,nan,nan,nan,nan,nan,nan,nan,nan,nan,nan,nan,nan,nan
0.0,0.1,1.5999999999999999,1,1,1.508614388967544e-08,1.1102230246251565e-16,-1.8812392393923385e-32,-103.29073708125752,3.934307221907554,-0.7919404485640288,-1.0,3.934307221907554,-0.494962780352518,3.934307221907554,5.47047530222766e-15,4.934307221907554,0.8080595514359711,103.29073708125752,2.8691871411460426,7.172967852865106,0.5886049138750501,1.5379608266465843,0.0,1.5379608266465843,1.5379608266465834,-1.2856841137096342e-16
0.0,0.1,1.95,1,1,8.500047599113714e-08,1.1102230246251565e-16,-3.027191541962768e-15,-125.88558581778264,3.9544415724699,-1.1544441207993221,-1.0000000000000004,3.9544415724699,-0.5920226260509345,3.9544415724699,-4.7081427322014784e-14,4.9544415724699,0.7955558792006778,125.8855858177826,2.8691871411460426,8.742054570679349,0.7392372387852174,2.4200246353367163,0.0,2.4200246353367163,2.420024635336716,1.0141780414728698e-15
0.0,0.1,2.3,1,1,7.1066992290980124e-09,1.1102230246251565e-16,-9.201925788096622e-15,-148.4804345543078,3.985377670031946,-1.516536191102697,-1.0000000000000009,3.985377670031946,-0.6593635613489988,3.985377670031946,-1.4090083735883173e-13,4.985377670031946,0.7834638088973028,148.48043455430766,2.8691871411460426,10.31114128849359,0.8898695636953845,3.3000044508020947,0.0,3.3000044508020947,3.3000044508020947,2.658498654437516e-15
0.0,0.1,2.65,1,1,1.5018315480119782e-09,1.1102230246251565e-16,-5.194262781102828e-30,-171.07528329083104,3.999999999999816,-1.8779328861698092,-0.9999999999999899,3.999999999999816,-0.7086539193093621,3.999999999999816,1.7316325325631553e-12,4.999999999999816,0.7720671138301907,171.07528329083277,2.8691871411460426,11.880228006307831,1.0405018886055517,4.179919755593628,0.0,4.179919755593628,4.179919755593628,-2.877984151628907e-14
0.0,0.1,3.0,1,1,3.637770973341503e-09,1.1102230246251565e-16,-9.172306143019935e-31,-193.67013202735606,3.9999999999998117,-2.238699010995547,-0.9999999999999908,3.9999999999998117,-0.7462330036651824,3.9999999999998117,1.79448870573808e-12,4.999999999999812,0.761300989004453,193.67013202735785,2.8691871411460426,13.449314724122072,1.191134213515719,5.059759452958057,0.0,5.059759452958057,5.05975945295806,-2.768813979044321e-14
0.015,-0.05,0.2,0,-1,nan,nan,nan,nan,nan,nan,nan,nan,nan,nan,nan,nan,nan,nan,nan,nan,nan,nan,nan,nan,nan,nan
0.015,-0.05,0.55,0,-1,nan,nan,nan,nan,nan,nan,nan,nan,nan,nan,nan,nan,nan,nan,nan,nan,nan,nan,nan,nan,nan,nan
0.015,-0.05,0.8999999999999999,0,-1,nan,nan,nan,nan,nan,nan,nan,nan,nan,nan,nan,nan,nan,nan,nan,nan,nan,nan,nan,nan,nan,nan
0.015,-0.05,1.2499999999999998,0,-1,nan,nan,nan,nan,nan,nan,nan,nan,nan,nan,nan,nan,nan,nan,nan,nan,nan,nan,nan,nan,nan,nan
0.015,-0.05,1.5999999999999999,0,-1,nan,nan,nan,nan,nan,nan,nan,nan,nan,nan,nan,nan,nan,nan,nan,nan,nan,nan,nan,nan,nan,nan
0.015,-0.05,1.95,0,-1,nan,nan,nan,nan,nan,nan,nan,nan,nan,nan,nan,nan,nan,nan,nan,nan,nan,nan,nan,nan,nan,nan
0.015,-0.05,2.3,0,-1,nan,nan,nan,nan,nan,nan,nan,nan,nan,nan,nan,nan,nan,nan,nan,nan,nan,nan,nan,nan,nan,nan
0.015,-0.05,2.65,0,-1,nan,nan,nan,nan,nan,nan,nan,nan,nan,nan,nan,nan,nan,nan,nan,nan,nan,nan,nan,nan,nan,nan
0.015,-0.05,3.0,0,-1,nan,nan,nan,nan,nan,nan,nan,nan,nan,nan,nan,nan,nan,nan,nan,nan,nan,nan,nan,nan,nan,nan
0.015,-0.03125,0.2,0,-1,nan,nan,nan,nan,nan,nan,nan,nan,nan,nan,nan,nan,nan,nan,nan,nan,nan,nan,nan,nan,nan,nan
0.015,-0.03125,0.55,0,-1,nan,nan,nan,nan,nan,nan,nan,nan,nan,nan,nan,nan,nan,nan,nan,nan,nan,nan,nan,nan,nan,nan
0.015,-0.03125,0.8999999999999999,0,-1,nan,nan,nan,nan,nan,nan,nan,nan,nan,nan,nan,nan,nan,nan,nan,nan,nan,nan,nan,nan,nan,nan
0.015,-0.03125,1.2499999999999998,0,-1,nan,nan,nan,nan,nan,nan,nan,nan,nan,nan,nan,nan,nan,nan,nan,nan,nan,nan,nan,nan,nan,nan
0.015,-0.03125,1.5999999999999999,0,-1,nan,nan,nan,nan,nan,nan,nan,nan,nan,nan,nan,nan,nan,nan,nan,nan,nan,nan,nan,nan,nan,nan
0.015,-0.03125,1.95,0,-1,nan,nan,nan,nan,nan,nan,nan,nan,nan,nan,nan,nan,nan,nan,nan,nan,nan,nan,nan,nan,nan,nan
0.015,-0.03125,2.3,0,-1,nan,nan,nan,nan,nan,nan,nan,nan,nan,nan,nan,nan,nan,nan,nan,nan,nan,nan,nan,nan,nan,nan
0.015,-0.03125,2.65,0,-1,nan,nan,nan,nan,nan,nan,nan,nan,nan,nan,nan,nan,nan,nan,nan,nan,nan,nan,nan,nan,nan,nan
0.015,-0.03125,3.0,0,-1,nan,nan,nan,nan,nan,nan,nan,nan,nan,nan,nan,nan,nan,nan,nan,nan,nan,nan,nan,nan,nan,nan
0.015,-0.012499999999999997,0.2,0,-1,nan,nan,nan,nan,nan,nan,nan,nan,nan,nan,nan,nan,nan,nan,nan,nan,nan,nan,nan,nan,nan,nan
0.015,-0.012499999999999997,0.55,0,-1,nan,nan,nan,nan,nan,nan,nan,nan,nan,nan,nan,nan,nan,nan,nan,nan,nan,nan,nan,nan,nan,nan
0.015,-0.012499999999999997,0.8999999999999999,0,-1,nan,nan,nan,nan,nan,nan,nan,nan,nan,nan,nan,nan,nan,nan,nan,nan,nan,nan,nan,nan,nan,nan
0.015,-0.012499999999999997,1.2499999999999998,0,-1,nan,nan,nan,nan,nan,nan,nan,nan,nan,nan,nan,nan,nan,nan,nan,nan,nan,nan,nan,nan,nan,nan
0.015,-0.012499999999999997,1.5999999999999999,0,-1,nan,nan,nan,nan,nan,nan,nan,nan,nan,nan,nan,nan,nan,nan,nan,nan,nan,nan,nan,nan,nan,nan
0.015,-0.012499999999999997,1.95,0,-1,nan,nan,nan,nan,nan,nan,nan,nan,nan,nan,nan,nan,nan,nan,nan,nan,nan,nan,nan,nan,nan,nan
0.015,-0.012499999999999997,2.3,0,-1,nan,nan,nan,nan,nan,nan,nan,nan,nan,nan,nan,nan,nan,nan,nan,nan,nan,nan,nan,nan,nan,nan
0.015,-0.012499999999999997,2.65,0,-1,nan,nan,nan,nan,nan,nan,nan,nan,nan,nan,nan,nan,nan,nan,nan,nan,nan,nan,nan,nan,nan,nan
0.015,-0.012499999999999997,3.0,0,-1,nan,nan,nan,nan,nan,nan,nan,nan,nan,nan,nan,nan,nan,nan,nan,nan,nan,nan,nan,nan,nan,nan
0.015,0.0062500000000000056,0.2,1,1,5.4481034794662264e-08,1.1102230246251565e-16,-2.1836290777649314e-16,-6.194894528375345,-0.6834671955261997,0.7463431409351569,-1.0000000000000013,-0.6834671955261997,3.7317157046757843,3.7317157046757843,-9.02680089162245e-15,0.3165328044738003,0.9463431409351569,6.194894528375336,2.202629165644564,0.6883216142639261,0.059828874969336907,-1.294868303513238,-4.748637371916608e-19,-1.294868303513238,-1.3877917214388682,2.4891600015401276e-16
0.015,0.0062500000000000056,0.55,1,1,4.551750976133917e-08,1.1102230246251565e-16,-4.499650667418878e-32,-17.035959953032165,-0.7746587535671079,0.379600221831461,-0.9999999999999993,-0.7746587535671079,0.6901822215117472,0.9999999999999993,9.028782290508043e-15,0.22534124643289208,0.9296002218314611,17.035959953032176,2.202629165644564,1.8928844392257973,0.1754669061656765,-0.44483293214535685,4.572638762039417e-19,-0.44483293214535685,-0.7003723314408395,-2.01823783908659e-16
0.015,0.0062500000000000056,0.8999999999999999,0,-1,nan,nan,nan,nan,nan,nan,nan,nan,nan,nan,nan,nan,nan,nan,nan,nan,nan,nan,nan,nan,nan,nan
0.015,0.0062500000000000056,1.2499999999999998,1,1,2.4832811362784923e-08,2.220446049250313e-16,0.0,-38.71809080234582,-0.945485995467724,-0.3517041651030405,-0.9999999999999994,-0.945485995467724,-0.2813633320824324,0.9999999999999994,2.264555953114213e-14,0.05451400453227595,0.8982958348969593,38.71809080234584,2.202629165644564,4.302010089149538,0.40674296855835557,1.2510844402477372,1.0680949353299627e-18,1.2510844402477372,0.6703130782125502,-7.480934923547628e-16
0.015,0.0062500000000000056,1.5999999999999999,1,1,1.74000440722466e-08,1.1102230246251565e-16,-4.065008454715831e-16,-49.559156227002696,-1.024263011320837,-0.7163450120704192,-1.0000000000000002,-1.024263011320837,-0.44771563254401203,1.024263011320837,-1.3621698112228761e-14,-0.024263011320837136,0.8836549879295806,49.55915622700268,2.202629165644564,5.506572914111409,0.5223809997546952,2.0971071282459013,-6.216109080391671e-19,2.0971071282459013,1.3537197848408604,3.8750166510462527e-16
0.015,0.0062500000000000056,1.95,1,1,1.1490104867561968e-08,1.1102230246251565e-16,-2.8487649268418477e-16,-60.400221651659535,-1.0983572984072048,-1.0803612475979545,-1.0000000000000002,-1.0983572984072048,-0.554031409024592,1.0983572984072048,-9.108415517951527e-15,-0.09835729840720475,0.8696387524020455,60.40022165165953,2.202629165644564,6.7111357390732795,0.6380190309510348,2.9419290790080206,-4.028209146561532e-19,2.9419290790080206,2.035925754233129,2.5429796772491034e-16
0.015,0.0062500000000000056,2.3,1,1,7.946368896227796e-09,1.1102230246251565e-16,-2.988001496040609e-16,-71.24128707631637,-1.1678072297801736,-1.443787677827168,-1.0000000000000002,-1.1678072297801736,-0.627733772968334,1.1678072297801736,-9.13859589191264e-15,-0.16780722978017357,0.8562123221728316,71.24128707631635,2.202629165644564,7.915698564035151,0.7536570621473744,3.785614988715206,-3.9219364596724864e-19,3.785614988715206,2.7169956825704604,2.825532974721226e-16
0.015,0.0062500000000000056,2.65,1,1,6.343341851788864e-09,1.1102230246251565e-16,-1.5641153550471265e-16,-82.0823525009732,-1.2328013781257683,-1.8066572416710174,-1.0,-1.2328013781257683,-0.6817574496871764,1.2328013781257683,-4.5858088381198286e-15,-0.23280137812576834,0.8433427583289826,82.0823525009732,2.202629165644564,9.120261388997022,0.869295093343714,4.628227229824085,-1.9130029144078253e-19,4.628227229824085,3.396991942309486,1.802959136250687e-16
0.015,0.0062500000000000056,3.0,1,1,5.942112579759851e-09,1.1102230246251565e-16,-4.0867283103950127e-16,-92.92341792563006,-1.2936335593757793,-2.1690010583041883,-1.0000000000000002,-1.2936335593757793,-0.7230003527680627,1.2936335593757793,-1.1509735841073936e-14,-0.2936335593757794,0.8309989416958116,92.92341792563005,2.202629165644564,10.324824213958891,0.9849331245400537,5.469825616697499,-4.674028030429111e-19,5.469825616697499,4.07597434781305,3.5655535157196423e-16
0.015,0.02500000000000001,0.2,1,1,8.573579179937951e-09,1.1102230246251565e-16,-7.218332629792825e-16,-6.1948945283753485,1.7919431488678734,0.7386870472019582,-1.000000000000002,1.7919431488678734,3.693435236009791,3.693435236009791,-1.252439777195952e-14,2.7919431488678734,0.9386870472019582,6.194894528375336,2.202629165644564,0.6883216142639261,0.041078874969336904,-1.3341264223836988,-1.84861165263405e-19,-1.3341264223836988,-1.427049840309329,4.023020759245936e-16
0.015,0.02500000000000001,0.55,1,1,8.514085436672758e-09,1.1102230246251565e-16,-1.2126442352261636e-16,-17.03595995303218,1.8265922467444247,0.37209283648148705,-1.0000000000000002,1.8265922467444247,0.67653242996634,1.8265922467444247,-2.065202095323978e-15,2.8265922467444247,0.9220928364814871,17.035959953032176,2.202629165644564,1.8928844392257973,0.15671690616567652,-0.48608430113185297,-3.1726582140487944e-20,-0.48608430113185297,-0.7416237004273358,2.6909837854487868e-17
0.015,0.02500000000000001,0.8999999999999999,1,1,8.821082531085267e-09,1.1102230246251565e-16,-0.0,-27.877025377689005,1.8629408586097238,0.006236044691439679,-0.9999999999999999,1.8629408586097238,0.006928938546044089,1.8629408586097238,2.081410424369989e-15,2.862940858609724,0.9062360446914396,27.87702537768901,2.202629165644564,3.097447264187668,0.27235493736201605,0.3605349952454615,3.374513346007341e-20,0.3605349952454615,-0.05762038541987423,-7.265656220711724e-17
0.015,0.02500000000000001,1.2499999999999998,1,1,9.583551729974715e-09,1.1102230246251565e-16,-3.7382392419079867e-16,-38.71809080234585,1.9007719796472395,-0.3589242474915413,-1.0000000000000002,1.9007719796472395,-0.28713939799323307,1.9007719796472395,-6.420620286200246e-15,2.9007719796472395,0.8910757525084585,38.71809080234584,2.202629165644564,4.302010089149538,0.3879929685583556,1.2058140277578997,-1.100776484823243e-19,1.2058140277578997,0.6250426657227116,1.5473156766330524e-16
0.015,0.02500000000000001,1.5999999999999999,1,1,1.0912774683902171e-08,1.1102230246251565e-16,-5.02288958349481e-16,-49.55915622700269,1.9398587007718384,-0.7234269077495816,-1.0000000000000002,1.9398587007718384,-0.4521418173434886,1.9398587007718384,-8.966951456696972e-15,2.9398587007718384,0.8765730922504182,49.55915622700268,2.202629165644564,5.506572914111409,0.5036309997546952,2.0498317547485705,-1.6162339165405488e-19,2.0498317547485705,1.3064444113435296,2.1124222715772975e-16
0.015,0.02500000000000001,1.95,1,1,1.378083780423367e-08,2.220446049250313e-16,-6.336790738553392e-16,-60.40022165165954,1.9799697426390703,-1.0873087531667163,-1.0000000000000002,1.9799697426390703,-0.5575942323931878,1.9799697426390703,-1.1897306231047546e-14,2.9799697426390703,0.8626912468332837,60.40022165165953,2.202629165644564,6.7111357390732795,0.6192690309510348,2.892663380869381,-2.235540410228215e-19,2.892663380869381,1.9866600560944894,2.9197174072119337e-16
0.015,0.02500000000000001,2.3,1,1,1.6903388910805006e-08,1.1102230246251565e-16,-0.0,-71.24128707631631,2.020874900802086,-1.4506045817691748,-0.9999999999999994,2.020874900802086,-0.6306976442474673,2.020874900802086,4.9101810968139154e-14,3.020874900802086,0.8493954182308251,71.24128707631635,2.202629165644564,7.915698564035151,0.7349070621473743,3.734380266337528,9.532830903731423e-19,3.734380266337528,2.665760960192783,-9.364623573361777e-16
0.015,0.02500000000000001,2.65,1,1,8.632259351770699e-09,2.220446049250313e-16,-2.6275885613051367e-16,-82.0823525009732,2.062350254949423,-1.813347226423208,-1.0,2.062350254949423,-0.6842819722351728,2.062350254949423,-5.298219095362786e-15,3.062350254949423,0.8366527735767918,82.0823525009732,2.202629165644564,9.120261388997022,0.850545093343714,4.575049885358861,-1.0559065983767191e-19,4.575049885358861,3.343814597844263,1.601135352342028e-16
0.015,0.02500000000000001,3.0,1,1,3.776200685479125e-09,2.220446049250313e-16,-5.382958766095026e-16,-92.92341792563006,2.104182987728141,-2.17556762431454,-1.0000000000000002,2.104182987728141,-0.7251892081048467,2.104182987728141,-1.1105748477046023e-14,3.104182987728141,0.82443237568546,92.92341792563005,2.202629165644564,10.324824213958891,0.9661831245400536,5.414735825298504,-2.262155535865409e-19,5.414735825298504,4.020884556414056,3.0273567586298854e-16
0.015,0.04375000000000001,0.2,1,1,7.048833339240446e-08,1.1102230246251565e-16,-4.2182382151707613e-16,-6.19489452837534,3.0806055808253454,0.7238629649493851,-1.0000000000000007,3.0806055808253454,3.619314824746925,3.619314824746925,-3.4494648126165875e-15,4.080605580825345,0.923862964949385,6.194894528375336,2.202629165644564,0.6883216142639261,0.0223288749693369,-1.3970896206281036,-4.3059118517479745e-20,-1.3970896206281036,-1.4900130385537336,2.5227972988582376e-17
0.015,0.04375000000000001,0.55,1,1,4.3420371298452665e-08,1.1102230246251565e-16,-1.7614310540114104e-32,-17.035959953032172,3.128784838897465,0.35763647134274346,-0.9999999999999998,3.128784838897465,0.650248129714079,3.128784838897465,3.9919883181068694e-15,4.128784838897465,0.9076364713427435,17.035959953032176,2.202629165644564,1.8928844392257973,0.1379669061656765,-0.5509221635604236,4.873710723303623e-20,-0.5509221635604236,-0.8064615628559063,-8.510236221481788e-17
0.015,0.04375000000000001,0.8999999999999999,1,1,6.238415650727802e-08,1.1102230246251565e-16,-7.020067005912225e-32,-27.877025377689,3.175012847455978,-0.007845339143566887,-0.9999999999999998,3.175012847455978,-0.008717043492852098,3.175012847455978,7.39518918697916e-15,4.175012847455978,0.892154660856433,27.87702537768901,2.202629165644564,3.097447264187668,0.25360493736201606,0.2939377544582404,9.528347810964076e-20,0.2939377544582404,-0.12421762620709526,-1.8147321903120254e-16
0.015,0.04375000000000001,1.2499999999999998,1,1,6.131330110292765e-09,2.220446049250313e-16,-3.521071444047574e-31,-38.71809080234583,3.219236505994237,-0.3726261609117948,-0.9999999999999997,3.219236505994237,-0.2981009287294359,3.219236505994237,1.5027123589200602e-14,4.219236505994237,0.877373839088205,38.71809080234584,2.202629165644564,4.302010089149538,0.3692429685583556,1.1375737041790936,2.134403145951757e-19,1.1375737041790936,0.5568023421439064,-3.011379042403783e-16
0.015,0.04375000000000001,1.5999999999999999,1,1,4.515651852443625e-09,1.1102230246251565e-16,-1.6274637912294925e-16,-49.55915622700268,3.261418206163097,-0.7367473107139595,-1.0,3.261418206163097,-0.4604670691962247,3.261418206163097,-1.3043932854095723e-15,4.261418206163097,0.8632526892860404,49.55915622700268,2.202629165644564,5.506572914111409,0.4848809997546952,1.9800643184374442,-2.0785890562312137e-20,1.9800643184374442,1.2366769750324038,5.651065949442452e-17
0.015,0.04375000000000001,1.95,1,1,3.7870577784815396e-09,2.220446049250313e-16,-1.0590592257807974e-30,-60.40022165165939,3.3015563764449487,-1.100247900399912,-0.9999999999999978,3.3015563764449487,-0.5642296925127753,3.3015563764449487,1.3681217305648992e-13,4.301556376444949,0.8497520996000881,60.40022165165953,2.202629165644564,6.7111357390732795,0.6005190309510349,2.821482642182041,2.427379175510854e-18,2.821482642182041,1.9154793174071516,-2.3456548818567416e-15
0.015,0.04375000000000001,2.3,1,1,3.691635441782637e-09,1.1102230246251565e-16,-1.5307837102305494e-31,-71.24128707631634,3.33965974693002,-1.463164693975223,-0.9999999999999998,3.33965974693002,-0.636158562597923,3.33965974693002,1.809748046974558e-14,4.33965974693002,0.8368353060247768,71.24128707631635,2.202629165644564,7.915698564035151,0.7161570621473743,3.661897036944102,3.5148870041494277e-19,3.661897036944102,2.5932777307993566,-3.207526532390011e-16
0.015,0.04375000000000001,2.65,1,1,4.071427639473768e-09,2.220446049250313e-16,-1.2099792316632794e-15,-82.08235250097322,3.375792068663241,-1.8255324945481037,-1.0000000000000002,3.375792068663241,-0.688880186621926,3.375792068663241,-1.3952687353922802e-14,4.375792068663241,0.8244675054518961,82.0823525009732,2.202629165644564,9.120261388997022,0.8317950933437139,4.501369832535582,-2.917062314662516e-19,4.501369832535582,3.2701345450209836,2.6442069188657904e-16
0.015,0.04375000000000001,3.0,1,1,4.966821620655537e-09,1.1102230246251565e-16,-2.587342857287117e-16,-92.92341792563005,3.4100372016024263,-2.187383972825476,-1.0,3.4100372016024263,-0.7291279909418252,3.4100372016024263,-3.369766399726464e-15,4.410037201602426,0.812616027174524,92.92341792563005,2.202629165644564,10.324824213958891,0.9474331245400536,5.339958516071881,-7.461531882244804e-20,5.339958516071881,3.9461072471874323,4.636691202193202e-17
0.015,0.06250000000000001,0.2,1,1,9.045900739579338e-08,2.220446049250313e-16,-2.0273514350605244e-15,-6.1948945283753485,3.5509831364541578,0.710495168766307,-1.000000000000002,3.5509831364541578,3.552475843831535,3.552475843831535,-1.2222328210333729e-14,4.550983136454158,0.910495168766307,6.194894528375336,2.202629165644564,0.6883216142639261,0.003578874969336898,-1.4592268017608447,-2.0629645477038636e-19,-1.4592268017608447,-1.552150219686475,1.8904161092777728e-16
0.015,0.06250000000000001,0.55,1,1,3.214220356539954e-08,2.220446049250313e-16,-5.792331385371355e-32,-17.035959953032176,3.583228769894397,0.3448332160871479,-1.0,3.583228769894397,0.6269694837948143,3.583228769894397,1.405220217619562e-15,4.583228769894397,0.8948332160871479,17.035959953032176,2.202629165644564,1.8928844392257973,0.1192169061656765,-0.6140211430039983,2.3619891005601293e-20,-0.6140211430039983,-0.8695605422994812,-1.4800410819968385e-17
0.015,0.06250000000000001,0.8999999999999999,1,1,1.3939867926637817e-08,1.1102230246251565e-16,-5.38396833886459e-32,-27.87702537768901,3.613729948244549,-0.020109325488619656,-1.0,3.613729948244549,-0.022343694987355174,3.613729948244549,1.6693698694919323e-15,4.613729948244549,0.8798906745113803,27.87702537768901,2.202629165644564,3.097447264187668,0.23485493736201607,0.229946637699324,2.871418409830427e-20,0.229946637699324,-0.1882087429660115,-2.9264448666755533e-17
0.015,0.06250000000000001,1.2499999999999998,1,1,7.0645640448674385e-09,1.1102230246251565e-16,-1.8026617262621032e-30,-38.7180908023457,3.642573086322515,-0.38437647824918697,-0.9999999999999963,3.642573086322515,-0.3075011825993496,3.642573086322515,1.4331633935652974e-13,4.642573086322515,0.8656235217508128,38.71809080234584,2.202629165644564,4.302010089149538,0.3504929685583556,1.0727535594825184,2.6312571976933556e-18,1.0727535594825184,0.49198219744733296,-1.7486349010819404e-15
0.015,0.06250000000000001,1.5999999999999999,0,-1,nan,nan,nan,nan,nan,nan,nan,nan,nan,nan,nan,nan,nan,nan,nan,nan,nan,nan,nan,nan,nan,nan
0.015,0.06250000000000001,1.95,1,1,5.198991814836518e-08,1.1102230246251565e-16,-6.014845851303703e-32,-60.40022165165952,3.6955620171175365,-1.1110467165683495,-0.9999999999999999,3.6955620171175365,-0.5697675469581279,3.6955620171175365,4.312071272925438e-15,4.6955620171175365,0.8389532834316503,60.40022165165953,2.202629165644564,6.7111357390732795,0.5817690309510348,2.7551710156660603,1.0143102225592333e-19,2.7551710156660603,1.8491676908911687,-4.9615013544212016e-17
0.015,0.06250000000000001,2.3,1,1,5.344038100929538e-09,1.1102230246251565e-16,-1.78024051395919e-18,-71.24128707631608,3.7201002693470464,-1.4735269367716697,-0.9999999999999962,3.7201002693470464,-0.6406638855528999,3.7201002693470464,2.745270373614998e-13,4.720100269347046,0.8264730632283301,71.24128707631635,2.202629165644564,7.915698564035151,0.6974070621473744,3.594901435512296,7.35112950940961e-18,3.594901435512296,2.5262821293675546,-2.2359170447539484e-15
0.015,0.06250000000000001,2.65,1,1,4.666588893087464e-09,1.1102230246251565e-16,-1.008570396945053e-16,-82.0823525009732,3.742776570222432,-1.8354765952292338,-1.0,3.742776570222432,-0.6926326774449939,3.742776570222432,-1.3624507630399691e-15,4.742776570222432,0.814523404770766,82.0823525009732,2.202629165644564,9.120261388997022,0.813045093343714,4.433754891159105,-4.0217897572263604e-20,4.433754891159105,3.202519603644506,1.457624499910601e-17
0.015,0.06250000000000001,3.0,1,1,4.309320900119928e-09,1.1102230246251565e-16,-3.5763049214148256e-19,-92.9234179256295,3.7653903740108596,-2.1969438535196963,-0.999999999999994,3.7653903740108596,-0.7323146178398988,3.7653903740108596,5.530116276832429e-13,4.76539037401086,0.8030561464803037,92.92341792563005,2.202629165644564,10.324824213958891,0.9286831245400536,5.271709086497894,1.7558676801489673e-17,5.271709086497894,3.877857817613453,-2.744847150817095e-15
0.015,0.08125000000000003,0.2,1,1,1.1093788998550735e-08,2.220446049250313e-16,-2.1722299295319367e-15,-6.194894528375364,3.7817267852519123,0.6982315939558801,-1.0000000000000044,3.7817267852519123,3.4911579697794,3.7817267852519123,-2.750665490050691e-14,4.781726785251912,0.8982315939558801,6.194894528375336,2.202629165644564,0.6883216142639261,-0.015171125030663118,-1.521595365614544,-1.190086214340633e-18,-1.521595365614544,-1.6145187835401744,9.418443249070735e-17
0.015,0.08125000000000003,0.55,1,1,1.0308369269296236e-08,1.1102230246251565e-16,-6.399142987189608e-16,-17.035959953032187,3.8039619452918094,0.3331247036683088,-1.0000000000000007,3.8039619452918094,0.6056812793969251,3.8039619452918094,-1.0123288259228529e-14,4.803961945291809,0.8831247036683089,17.035959953032176,2.202629165644564,1.8928844392257973,0.10046690616567648,-0.6772201686415183,-4.5268743780819865e-19,-0.6772201686415183,-0.9327595679370013,2.8256142719456205e-17
0.015,0.08125000000000003,0.8999999999999999,1,1,1.3203493409719158e-08,1.1102230246251565e-16,-4.5005959251934624e-30,-27.877025377688337,3.8264289789231913,-0.03131501936736791,-0.9999999999999759,3.8264289789231913,-0.03479446596374213,3.8264289789231913,6.719310856031345e-13,4.826428978923191,0.868684980632632,27.87702537768901,2.202629165644564,3.097447264187668,0.21610493736201603,0.16588709486191236,3.071926239179666e-17,0.16588709486191233,-0.25226828580341315,9.445353086925524e-16
0.015,0.08125000000000003,1.2499999999999998,1,1,1.83538197973121e-08,2.220446049250313e-16,-1.3907643455065753e-15,-38.71809080234587,3.8467575297189205,-0.39509477469930243,-1.0000000000000007,3.8467575297189205,-0.316075819759442,3.8467575297189205,-2.865464455779034e-14,4.8467575297189205,0.8549052253006973,38.71809080234584,2.202629165644564,4.302010089149538,0.33174296855835556,1.0079324956000086,-1.321135387217215e-18,1.0079324956000086,0.4271611335648203,-8.207500545618715e-17
0.015,0.08125000000000003,1.5999999999999999,1,1,1.2205369159801194e-08,1.1102230246251565e-16,-5.2895984151136395e-15,-49.55915622700279,3.8638690036141288,-0.7582410974026478,-1.0000000000000022,3.8638690036141288,-0.4739006858766549,3.8638690036141288,-1.0400778526263494e-13,4.863869003614129,0.8417589025973521,49.55915622700268,2.202629165644564,5.506572914111409,0.44738099975469514,1.8490533492313943,-4.7286716145811345e-18,1.8490533492313943,1.1056660058263523,-4.64194702989915e-16
0.015,0.08125000000000003,1.95,1,1,6.831719190358854e-09,1.1102230246251565e-16,-3.6518112837484503e-31,-60.400221651659486,3.8836472791882652,-1.1208683250108928,-0.9999999999999993,3.8836472791882652,-0.5748042692363553,3.8836472791882652,4.4870277446441866e-14,4.883647279188265,0.8291316749891071,60.40022165165953,2.202629165644564,6.7111357390732795,0.5630190309510348,2.688985657329583,2.0034474033494525e-18,2.688985657329583,1.7829823325546912,2.8793526504302133e-16
0.015,0.08125000000000003,2.3,1,1,7.762352538520645e-08,2.220446049250313e-16,-1.3931938312022687e-14,-71.24128707631662,3.9067998141440805,-1.4830150869387508,-1.0000000000000038,3.9067998141440805,-0.6447891682342396,3.9067998141440805,-2.661178875700292e-13,4.9067998141440805,0.816984913061249,71.24128707631635,2.202629165644564,7.915698564035151,0.6786570621473743,3.5277442622904123,-1.1720440730060639e-17,3.5277442622904123,2.4591249561456627,-1.9402098209639782e-15
0.015,0.08125000000000003,2.65,1,1,2.8864061363265137e-08,1.1102230246251565e-16,-1.3138832311972929e-14,-82.08235250097346,3.91542372551584,-1.8444864101326335,-1.000000000000003,3.91542372551584,-0.6960326075972202,3.91542372551584,-2.542192651571995e-13,4.91542372551584,0.8055135898673665,82.0823525009732,2.202629165644564,9.120261388997022,0.794295093343714,4.36641873802064,-1.1198852477290082e-17,4.36641873802064,3.1351834505060374,-2.1940638125764573e-15
0.015,0.08125000000000003,3.0,1,1,4.937328057508239e-08,1.1102230246251565e-16,-5.278787647119895e-15,-92.92341792563015,3.9256228842171765,-2.2055209669461995,-1.000000000000001,3.9256228842171765,-0.7351736556487332,3.9256228842171765,-1.0250344251611079e-13,4.9256228842171765,0.7944790330538006,92.92341792563005,2.202629165644564,10.324824213958891,0.9099331245400536,5.2041474956926566,-4.555054305711214e-18,5.2041474956926566,3.810296226808207,-1.015515684455524e-15
0.015,0.1,0.2,1,1,5.496066179944137e-08,1.1102230246251565e-16,-1.2364471512121042e-14,-6.194894528375568,3.9187918418348673,0.6867124518117276,-1.0000000000000375,3.9187918418348673,3.433562259058638,3.9187918418348673,-2.3200944749398356e-13,4.918791841834867,0.8867124518117275,6.194894528375336,2.202629165644564,0.6883216142639261,-0.033921125030663093,-1.5846427098138836,-1.466361154567105e-17,-1.5846427098138836,-1.677566127739517,-2.06301486102184e-15
0.015,0.1,0.55,1,1,6.325150536667934e-08,2.220446049250313e-16,-2.1265145618489553e-14,-17.035959953032567,3.9300709988260625,0.3222132885178024,-1.0000000000000229,3.9300709988260625,0.5858423427596406,3.9300709988260625,-3.904988656943971e-13,4.9300709988260625,0.8722132885178024,17.035959953032176,2.202629165644564,1.8928844392257973,0.0817169061656765,-0.7407266294075461,-2.5224948515679052e-17,-0.7407266294075461,-0.9962660287030348,-4.11154280501128e-15
0.015,0.1,0.8999999999999999,1,1,5.8622262599783426e-09,4.440892098500626e-16,-1.648676689214057e-30,-27.877025377688856,3.944784602348834,-0.04170567739970066,-0.9999999999999946,3.944784602348834,-0.04633964155522296,3.944784602348834,1.5424444361067108e-13,4.944784602348834,0.8582943226002993,27.87702537768901,2.202629165644564,3.097447264187668,0.19735493736201606,0.10175974063196355,1.0115971029652155e-17,0.10175974063196354,-0.3163956400333697,1.8640046007924726e-15
0.015,0.1,1.2499999999999998,1,1,4.543029064052462e-09,2.220446049250313e-16,-7.490066888928941e-30,-38.71809080234512,3.9649300895248842,-0.40511008995384545,-0.9999999999999812,3.9649300895248842,-0.32408807196307643,3.9649300895248842,7.282371768826069e-13,4.964930089524884,0.8448899100461543,38.71809080234584,2.202629165644564,4.302010089149538,0.31299296855835557,0.9427395575975452,4.845951024718757e-17,0.9427395575975452,0.36196819556236853,9.880678847277798e-15
0.015,0.1,1.5999999999999999,1,1,7.702748661131409e-09,2.220446049250313e-16,-1.6592976825726984e-14,-49.55915622700297,3.9946505892303446,-0.7680934382939609,-1.0000000000000058,3.9946505892303446,-0.4800583989337256,3.9946505892303446,-2.889227627119293e-13,4.9946505892303446,0.8319065617060389,49.55915622700268,2.202629165644564,5.506572914111409,0.4286309997546952,1.7819735422395235,-1.9503855889869092e-17,1.7819735422395235,1.038586198834479,-4.347652875895188e-15
0.015,0.1,1.95,0,-1,nan,nan,nan,nan,nan,nan,nan,nan,nan,nan,nan,nan,nan,nan,nan,nan,nan,nan,nan,nan,nan,nan
0.015,0.1,2.3,1,1,2.1356417079232415e-08,1.1102230246251565e-16,-6.171614499227371e-30,-71.24128707631577,3.999999999999962,-1.4916518982942963,-0.9999999999999918,3.999999999999962,-0.6485443036062158,3.999999999999962,5.870545732858033e-13,4.999999999999962,0.8083481017057034,71.24128707631635,2.202629165644564,7.915698564035151,0.6599070621473744,3.461341885891032,3.956782335920331e-17,3.461341885891032,2.392722579746296,9.369773202518088e-15
0.015,0.1,2.65,1,1,1.4438462869748037e-08,1.1102230246251565e-16,-1.5315201399540805e-27,-82.0823525008285,3.9999999999908713,-1.852684912116764,-0.9999999999982372,3.9999999999908713,-0.6991263819308543,3.9999999999908713,1.4469082631318918e-10,4.999999999990871,0.797315087883236,82.0823525009732,2.202629165644564,9.120261388997022,0.775545093343714,4.299896436367011,9.624284861410577e-15,4.299896436367002,3.0686611488545728,2.3439450446032074e-12
0.015,0.1,3.0,0,-1,nan,nan,nan,nan,nan,nan,nan,nan,nan,nan,nan,nan,nan,nan,nan,nan,nan,nan,nan,nan,nan,nan
0.03,-0.05,0.2,0,-1,nan,nan,nan,nan,nan,nan,nan,nan,nan,nan,nan,nan,nan,nan,nan,nan,nan,nan,nan,nan,nan,nan
0.03,-0.05,0.55,0,-1,nan,nan,nan,nan,nan,nan,nan,nan,nan,nan,nan,nan,nan,nan,nan,nan,nan,nan,nan,nan,nan,nan
0.03,-0.05,0.8999999999999999,0,-1,nan,nan,nan,nan,nan,nan,nan,nan,nan,nan,nan,nan,nan,nan,nan,nan,nan,nan,nan,nan,nan,nan
0.03,-0.05,1.2499999999999998,0,-1,nan,nan,nan,nan,nan,nan,nan,nan,nan,nan,nan,nan,nan,nan,nan,nan,nan,nan,nan,nan,nan,nan
0.03,-0.05,1.5999999999999999,0,-1,nan,nan,nan,nan,nan,nan,nan,nan,nan,nan,nan,nan,nan,nan,nan,nan,nan,nan,nan,nan,nan,nan
0.03,-0.05,1.95,0,-1,nan,nan,nan,nan,nan,nan,nan,nan,nan,nan,nan,nan,nan,nan,nan,nan,nan,nan,nan,nan,nan,nan
0.03,-0.05,2.3,0,-1,nan,nan,nan,nan,nan,nan,nan,nan,nan,nan,nan,nan,nan,nan,nan,nan,nan,nan,nan,nan,nan,nan
0.03,-0.05,2.65,0,-1,nan,nan,nan,nan,nan,nan,nan,nan,nan,nan,nan,nan,nan,nan,nan,nan,nan,nan,nan,nan,nan,nan
0.03,-0.05,3.0,0,-1,nan,nan,nan,nan,nan,nan,nan,nan,nan,nan,nan,nan,nan,nan,nan,nan,nan,nan,nan,nan,nan,nan
0.03,-0.03125,0.2,0,-1,nan,nan,nan,nan,nan,nan,nan,nan,nan,nan,nan,nan,nan,nan,nan,nan,nan,nan,nan,nan,nan,nan
0.03,-0.03125,0.55,0,-1,nan,nan,nan,nan,nan,nan,nan,nan,nan,nan,nan,nan,nan,nan,nan,nan,nan,nan,nan,nan,nan,nan
0.03,-0.03125,0.8999999999999999,0,-1,nan,nan,nan,nan,nan,nan,nan,nan,nan,nan,nan,nan,nan,nan,nan,nan,nan,nan,nan,nan,nan,nan
0.03,-0.03125,1.2499999999999998,0,-1,nan,nan,nan,nan,nan,nan,nan,nan,nan,nan,nan,nan,nan,nan,nan,nan,nan,nan,nan,nan,nan,nan
0.03,-0.03125,1.5999999999999999,0,-1,nan,nan,nan,nan,nan,nan,nan,nan,nan,nan,nan,nan,nan,nan,nan,nan,nan,nan,nan,nan,nan,nan
0.03,-0.03125,1.95,0,-1,nan,nan,nan,nan,nan,nan,nan,nan,nan,nan,nan,nan,nan,nan,nan,nan,nan,nan,nan,nan,nan,nan
0.03,-0.03125,2.3,0,-1,nan,nan,nan,nan,nan,nan,nan,nan,nan,nan,nan,nan,nan,nan,nan,nan,nan,nan,nan,nan,nan,nan
0.03,-0.03125,2.65,0,-1,nan,nan,nan,nan,nan,nan,nan,nan,nan,nan,nan,nan,nan,nan,nan,nan,nan,nan,nan,nan,nan,nan
0.03,-0.03125,3.0,0,-1,nan,nan,nan,nan,nan,nan,nan,nan,nan,nan,nan,nan,nan,nan,nan,nan,nan,nan,nan,nan,nan,nan
0.03,-0.012499999999999997,0.2,0,-1,nan,nan,nan,nan,nan,nan,nan,nan,nan,nan,nan,nan,nan,nan,nan,nan,nan,nan,nan,nan,nan,nan
0.03,-0.012499999999999997,0.55,0,-1,nan,nan,nan,nan,nan,nan,nan,nan,nan,nan,nan,nan,nan,nan,nan,nan,nan,nan,nan,nan,nan,nan
0.03,-0.012499999999999997,0.8999999999999999,0,-1,nan,nan,nan,nan,nan,nan,nan,nan,nan,nan,nan,nan,nan,nan,nan,nan,nan,nan,nan,nan,nan,nan
0.03,-0.012499999999999997,1.2499999999999998,0,-1,nan,nan,nan,nan,nan,nan,nan,nan,nan,nan,nan,nan,nan,nan,nan,nan,nan,nan,nan,nan,nan,nan
0.03,-0.012499999999999997,1.5999999999999999,0,-1,nan,nan,nan,nan,nan,nan,nan,nan,nan,nan,nan,nan,nan,nan,nan,nan,nan,nan,nan,nan,nan,nan
0.03,-0.012499999999999997,1.95,0,-1,nan,nan,nan,nan,nan,nan,nan,nan,nan,nan,nan,nan,nan,nan,nan,nan,nan,nan,nan,nan,nan,nan
0.03,-0.012499999999999997,2.3,0,-1,nan,nan,nan,nan,nan,nan,nan,nan,nan,nan,nan,nan,nan,nan,nan,nan,nan,nan,nan,nan,nan,nan
0.03,-0.012499999999999997,2.65,0,-1,nan,nan,nan,nan,nan,nan,nan,nan,nan,nan,nan,nan,nan,nan,nan,nan,nan,nan,nan,nan,nan,nan
0.03,-0.012499999999999997,3.0,0,-1,nan,nan,nan,nan,nan,nan,nan,nan,nan,nan,nan,nan,nan,nan,nan,nan,nan,nan,nan,nan,nan,nan
0.03,0.0062500000000000056,0.2,1,1,8.28325212864911e-08,1.1102230246251565e-16,-6.004660829539164e-19,4.8587365001642,-0.896416236989941,0.722127415527557,1.2899931263400104,-0.896416236989941,3.6106370776377847,3.6106370776377847,8.625218972787513,0.10358376301005903,0.9221274155275571,3.766482472623313,1.8413914310602864,0.5754348222063395,0.048991742931808586,-1.240263416101072,0.010574790323598376,-1.2508382064246704,-1.1050761114197443,0.01480610277302084
0.03,0.0062500000000000056,0.55,1,1,4.103632988972095e-09,1.1102230246251565e-16,0.0,-1.7114401672162565,-0.9363879711094443,0.356903952457005,-0.1652315876978648,-0.9363879711094443,0.6489162771945545,0.9363879711094443,8.646386632497855,0.06361202889055578,0.9069039524570051,10.357826799714111,1.8413914310602864,1.5824457610674338,0.14566479306247362,-0.4726030803689864,0.010692280886533597,-0.48329536125552003,-0.5346385662720078,0.013214662104157905
0.03,0.0062500000000000056,0.8999999999999999,1,1,6.890440573670276e-08,2.220446049250313e-16,-0.0,-8.282455716108087,-0.9753536930484278,-0.007607696695330013,-0.48866435143896125,-0.9753536930484278,-0.00845299632814446,0.9753536930484278,8.666715410696819,0.024646306951572175,0.8923923033046699,16.949171126804906,1.8413914310602864,2.589456699928528,0.24233784319313864,0.29404355197550996,0.010807793709780938,0.283235758265729,0.03476208678248588,0.011705817684701237
0.03,0.0062500000000000056,1.2499999999999998,1,1,6.036636790440753e-08,1.1102230246251565e-16,-6.1821248331325375e-18,-14.854014344891592,-1.0135436026730955,-0.37144251516777405,-0.6309978374935462,-1.0135436026730955,-0.29715401213421927,1.0135436026730955,8.686501109004109,-0.013543602673095415,0.8785574848322257,23.5405154538957,1.8413914310602864,3.596467638789621,0.33901089332380363,1.059783665502899,0.01092225321084031,1.0488614122920585,0.6032409819453108,0.010339099553313993
0.03,0.0062500000000000056,1.5999999999999999,0,-1,nan,nan,nan,nan,nan,nan,nan,nan,nan,nan,nan,nan,nan,nan,nan,nan,nan,nan,nan,nan,nan,nan
0.03,0.0062500000000000056,1.95,1,1,4.380317619734342e-08,2.220446049250313e-16,-1.7759111822944185e-17,-27.998924464049363,-1.0862110459018022,-1.097272803995916,-0.762431414798334,-1.0862110459018022,-0.5627040020491878,1.0862110459018022,8.724279644027934,-0.08621104590180208,0.8527271960040839,36.7232041080773,1.8413914310602864,5.61048951651181,0.5323569935851338,2.5887839981404537,0.011147515301024077,2.57763648283943,1.7376687489179485,0.00798250606905344
0.03,0.0062500000000000056,2.3,1,1,3.91757772888468e-08,2.220446049250313e-16,-5.087159545577179e-18,-34.57197405011153,-1.1210385098353879,-1.45933190294447,-0.7981607865970902,-1.1210385098353879,-0.634492131714987,1.1210385098353879,8.742574385056564,-0.12103850983538789,0.8406680970555299,43.31454843516809,1.8413914310602864,6.6175004553729035,0.6290300437157987,3.352145008808216,0.011260812737902862,3.3408841960703133,2.3037249745669666,0.006997093644068971
0.03,0.0062500000000000056,2.65,1,1,3.528275982489504e-08,1.1102230246251565e-16,-0.0,-41.14564760509374,-1.154689738443908,-1.8208792662677529,-0.8244647140389392,-1.154689738443908,-0.6871242514217936,1.154689738443908,8.76024515716515,-0.15468973844390804,0.8291207337322472,49.905892762258894,1.8413914310602864,7.6245113942339975,0.7257030938464638,4.114828289222131,0.01137145127050096,4.10345683795163,2.8690874097988175,0.0061276384597324755
0.03,0.0062500000000000056,3.0,1,1,3.3804493426714544e-08,2.220446049250313e-16,-4.135579766369788e-17,-47.71954349370504,-1.188074164290456,-2.181930573170118,-0.8446349937119431,-1.188074164290456,-0.727310191056706,1.188074164290456,8.777693595644656,-0.18807416429045593,0.8180694268298823,56.497237089349696,1.8413914310602864,8.631522333095091,0.8223761439771289,4.876844984679936,0.011486222425933777,4.865358762254003,3.4337724574428528,0.005358583177578905
0.03,0.02500000000000001,0.2,1,1,3.814551874370409e-08,1.1102230246251565e-16,-0.0,4.758869514302372,2.0122856858995046,0.7265247951098048,1.2634784706665243,2.0122856858995046,3.632623975549024,3.632623975549024,8.525351986925685,3.0122856858995046,0.9265247951098049,3.766482472623313,1.8413914310602864,0.5754348222063395,0.030241742931808584,-1.2392862294249989,0.007939116604503051,-1.247225346029502,-1.1044592606004309,0.08285692993932083
0.03,0.02500000000000001,0.55,1,1,3.1495094532374424e-08,1.1102230246251565e-16,-0.0,-1.836793638498193,2.044134075263488,0.36089440414051677,-0.17733388229168795,2.044134075263488,0.6561716438918486,2.044134075263488,8.521033161215918,3.044134075263488,0.9108944041405168,10.357826799714111,1.8413914310602864,1.5824457610674338,0.1269147930624736,-0.4687545164768717,0.007804084896183432,-0.47655860137305517,-0.5316624105280012,0.08418890299528356
0.03,0.02500000000000001,0.8999999999999999,1,1,2.599836435024372e-08,1.1102230246251565e-16,-0.0,-8.432518907907712,2.076359795199795,-0.004075878384894427,-0.4975180700472005,2.076359795199795,-0.004528753760993808,2.076359795199795,8.516652218897194,3.076359795199795,0.8959241216151055,16.949171126804906,1.8413914310602864,2.589456699928528,0.22358784319313862,0.30084068852908097,0.007681612253139725,0.29315907627594123,0.04018350903870918,0.08561135870352793
0.03,0.02500000000000001,1.2499999999999998,1,1,2.1353990575789794e-08,1.1102230246251565e-16,-0.0,-15.028220711111555,2.1089435715494202,-0.3684233119495194,-0.638398115816302,2.1089435715494202,-0.29473864955961554,2.1089435715494202,8.512294742784146,3.1089435715494202,0.8815766880504804,23.5405154538957,1.8413914310602864,3.596467638789621,0.3202608933238036,1.0695400144402245,0.007570957912051458,1.061969056528173,0.6111224351948259,0.08710935240188514
0.03,0.02500000000000001,1.5999999999999999,1,1,1.740312427500612e-08,2.220446049250313e-16,-0.0,-21.623864006588875,2.1418145708377914,-0.7321826447364849,-0.7176411998383766,2.1418145708377914,-0.45761415296030306,2.1418145708377914,8.507995774397624,3.1418145708377914,0.867817355263515,30.1318597809865,1.8413914310602864,4.603478577650716,0.41693394345446866,1.8373866534938257,0.0074712393897121985,1.8299154141041134,1.1811994939064467,0.08867178763169199
0.03,0.02500000000000001,1.95,1,1,1.5024490096493537e-08,2.220446049250313e-16,-0.0,-28.21951073022805,2.174930459312682,-1.095386411546309,-0.7684381419218577,2.174930459312682,-0.5617366213057995,2.174930459312682,8.503693377849249,3.174930459312682,0.8546135884536908,36.7232041080773,1.8413914310602864,5.61048951651181,0.5136069935851337,2.604419603207235,0.00738121355652449,2.5970383896507103,1.7504530677438683,0.0902850424030907
0.03,0.02500000000000001,2.3,1,1,1.3155730727021364e-08,1.1102230246251565e-16,-0.0,-34.81661280366812,2.206277670036093,-1.4580804321388476,-0.8038087446711023,2.206277670036093,-0.633948013973412,2.206277670036093,8.49793563149997,3.206277670036093,0.8419195678611523,43.31454843516809,1.8413914310602864,6.6175004553729035,0.6102800437157987,3.3708588398256802,0.007286170531734618,3.3635726692939456,2.3190742851839015,0.09201810405814795
0.03,0.02500000000000001,2.65,1,1,1.1605830962935215e-08,6.661338147750939e-16,-0.0,-41.41431880937747,2.2373590375768986,-1.8202874638471023,-0.8298482707576541,2.2373590375768986,-0.6869009297536235,2.2373590375768986,8.491573952881424,3.2373590375768986,0.8297125361528976,49.905892762258894,1.8413914310602864,7.6245113942339975,0.7069530938464638,4.136592460500952,0.007191568019985542,4.129400892480967,2.886971328199643,0.09378124778628558
0.03,0.02500000000000001,3.0,1,1,1.0237382497280123e-08,1.1102230246251565e-16,-0.0,-48.01211582225059,2.268629888387938,-2.1820299280407447,-0.849813518249043,2.268629888387938,-0.7273433093469149,2.268629888387938,8.485121267099107,3.268629888387938,0.8179700719592554,56.497237089349696,1.8413914310602864,8.631522333095091,0.8036261439771288,4.901611502016579,0.007102448281586594,4.894509053734993,3.4541455790674767,0.0955522233008014
0.03,0.04375000000000001,0.2,1,1,2.3636580692709686e-08,1.1102230246251565e-16,-8.81881907898366e-17,4.377034661698865,3.4068517953882864,0.7135317147305591,1.1621014284583433,3.4068517953882864,3.5676585736527953,3.5676585736527953,8.143517134322177,4.406851795388286,0.9135317147305592,3.766482472623313,1.8413914310602864,0.5754348222063395,0.011491742931808581,-1.2745403423799366,0.006063981461289927,-1.2806043238412266,-1.1492932839902608,0.1165639895583866
0.03,0.04375000000000001,0.55,1,1,2.0123518851278277e-08,1.1102230246251565e-16,-5.618479057376099e-17,-2.2213648644023056,3.4312881870966025,0.3486190013859488,-0.214462445390921,3.4312881870966025,0.6338527297926342,3.4312881870966025,8.136461935311806,4.4312881870966025,0.8986190013859489,10.357826799714111,1.8413914310602864,1.5824457610674338,0.10816479306247362,-0.5035133953120969,0.005926783227659457,-0.5094401785397564,-0.5760811244718258,0.11969016929199856
0.03,0.04375000000000001,0.8999999999999999,1,1,1.6151407322695377e-08,1.1102230246251565e-16,-6.244386455092406e-18,-8.816722820626378,3.4558086197085274,-0.015720116802791617,-0.5201860760425528,3.4558086197085274,-0.017466796447546243,3.4558086197085274,8.132448306178528,4.455808619708527,0.8842798831972083,16.949171126804906,1.8413914310602864,2.589456699928528,0.20483784319313864,0.26636474842336716,0.0058198459011889175,0.26054490252217827,-0.003956782096613792,0.12262998989609593
0.03,0.04375000000000001,1.2499999999999998,1,1,5.552919901674613e-09,1.1102230246251565e-16,-5.587056631423069e-17,-15.41666103693088,3.4745003208107867,-0.37916831466441925,-0.6548990427641459,3.4745003208107867,-0.30333465173153545,3.4745003208107867,8.123854416964821,4.474500320810787,0.8708316853355805,23.5405154538957,1.8413914310602864,3.596467638789621,0.3015108933238036,1.0360777523214832,0.005696411554366154,1.0303813407671172,0.5678815096591908,0.12642320597492532
0.03,0.04375000000000001,1.5999999999999999,1,1,5.486599263804237e-08,1.1102230246251565e-16,-4.0913105991011194e-17,-22.028519086106627,3.483616012383232,-0.7419180001870685,-0.7310706755647004,3.483616012383232,-0.46369875011691786,3.483616012383232,8.103340694879872,4.483616012383232,0.8580819998129313,30.1318597809865,1.8413914310602864,4.603478577650716,0.39818394345446867,1.8065815602481314,0.00549762722165936,1.801083933026472,1.1402283604432732,0.13139933010526517
0.03,0.04375000000000001,1.95,1,1,3.823768679467321e-08,1.1102230246251565e-16,-7.161075202940672e-17,-28.6403599472384,3.4933909007437034,-1.104433555212402,-0.7798981772654999,3.4933909007437034,-0.5663761821602062,3.4933909007437034,8.082844160838897,4.493390900743703,0.8455664447875979,36.7232041080773,1.8413914310602864,5.61048951651181,0.49485699358513374,2.57615677912846,0.005294007025767791,2.5708627721026924,1.7116519736855402,0.13584751356104766
0.03,0.04375000000000001,2.3,1,1,2.8072570046333567e-08,1.1102230246251565e-16,-9.67805163019681e-17,-35.24737500507768,3.504886653729997,-1.4665360710677797,-0.8137537219817699,3.504886653729997,-0.6376243787251217,3.504886653729997,8.067173430090413,4.504886653729997,0.8334639289322201,43.31454843516809,1.8413914310602864,6.6175004553729035,0.5915300437157986,3.3445152158958025,0.005129391813772278,3.33938582408203,2.2819645739296996,0.1399064536161131
0.03,0.04375000000000001,2.65,1,1,5.6958164407205913e-08,1.1102230246251565e-16,-6.577015877367909e-17,-41.85071464714481,3.517737569936026,-1.8282264339257472,-0.8385926456924186,3.517737569936026,-0.68989676751915,3.517737569936026,8.055178115114078,4.517737569936026,0.8217735660742526,49.905892762258894,1.8413914310602864,7.6245113942339975,0.6882030938464638,4.111795982844726,0.004994319041734415,4.106801663802992,2.8512802243886477,0.1436728270248889
0.03,0.04375000000000001,3.0,1,1,7.670055879316351e-08,2.220446049250313e-16,-9.712818493243827e-17,-48.451300487670196,3.5314951646988,-2.189510773796175,-0.8575870783034054,3.5314951646988,-0.729836924598725,3.5314951646988,8.045936601679498,4.5314951646988,0.8104892262038249,56.497237089349696,1.8413914310602864,8.631522333095091,0.7848761439771288,4.878111528225426,0.0048825293615463155,4.87322899886388,3.4196899842337745,0.14720847716926172
0.03,0.06250000000000001,0.2,1,1,4.495515071312184e-08,1.1102230246251565e-16,-1.0374984090341027e-19,4.090356963403966,3.655274080666369,0.7120241894972437,1.0859885830173739,3.655274080666369,3.5601209474862183,3.655274080666369,7.856839436027279,4.655274080666369,0.9120241894972437,3.766482472623313,1.8413914310602864,0.5754348222063395,-0.007258257068191422,-1.3075818307718097,0.004485085990456894,-1.3120669167622665,-1.1893562078601476,0.15354637724218992
0.03,0.06250000000000001,0.55,1,1,4.0304996673512505e-08,2.220446049250313e-16,-8.796001304422164e-17,-2.5211568175944983,3.655503065125007,0.34854038565222034,-0.24340596404489842,3.655503065125007,0.633709792094946,3.655503065125007,7.836669982119613,4.655503065125007,0.8985403856522204,10.357826799714111,1.8413914310602864,1.5824457610674338,0.08941479306247362,-0.5339184112926136,0.004362891248099977,-0.5382813025407136,-0.6139160070685488,0.16008232209244336
0.03,0.06250000000000001,0.8999999999999999,1,1,3.864466080472084e-08,2.220446049250313e-16,-5.410836086901959e-17,-9.134856291773438,3.649008809020067,-0.014136572535570213,-0.5389559302594317,3.649008809020067,-0.015707302817300237,3.649008809020067,7.814314835031468,4.649008809020067,0.8858634274644297,16.949171126804906,1.8413914310602864,2.589456699928528,0.18608784319313865,0.24012595205450404,0.004238875660629761,0.2358870763938743,-0.0381586123593293,0.16777811920259747
0.03,0.06250000000000001,1.2499999999999998,1,1,3.494530531611417e-08,2.220446049250313e-16,-1.7825399564431832e-16,-15.741803294597942,3.646116440355006,-0.3765227859451856,-0.6687110707252097,3.646116440355006,-0.30121822875614856,3.646116440355006,7.798712159297759,4.646116440355006,0.8734772140548142,23.5405154538957,1.8413914310602864,3.596467638789621,0.2827608933238036,1.0126781664179456,0.004145770736760358,1.0085323956811854,0.536278296843247,0.17483361747278559
0.03,0.06250000000000001,1.5999999999999999,1,1,1.5561290922505577e-08,1.1102230246251565e-16,-6.173969040523758e-17,-22.348265759372225,3.644664318717359,-0.7387491300251666,-0.7416822566483002,3.644664318717359,-0.4617182062657292,3.644664318717359,7.783594021614274,4.644664318717359,0.8612508699748332,30.1318597809865,1.8413914310602864,4.603478577650716,0.3794339434544687,1.784358467094168,0.004034631174311066,1.7803238359198568,1.10987586313869,0.18139001298667917
0.03,0.06250000000000001,1.95,1,1,5.166807426348896e-09,1.1102230246251565e-16,-6.468567603631567e-17,-28.951294481878282,3.644760844119306,-1.10059082328402,-0.7883651545402712,3.644760844119306,-0.5644055504020615,3.644760844119306,7.771909626199014,4.644760844119306,0.8494091767159799,36.7232041080773,1.8413914310602864,5.61048951651181,0.47610699358513375,2.554953752487827,0.003941154754810543,2.5510125977330165,1.682473763276668,0.1876455816001614
0.03,0.06250000000000001,2.3,1,1,2.9070147178344996e-08,1.1102230246251565e-16,-6.670939158823227e-17,-35.55145151419683,3.6459209835049746,-1.4620253713318403,-0.8207739154295737,3.6459209835049746,-0.6356632049268871,3.6459209835049746,7.763096920971262,4.645920983504975,0.8379746286681595,43.31454843516809,1.8413914310602864,6.6175004553729035,0.5727800437157987,3.3245644779656054,0.003864717583238514,3.3206997603823667,2.2541562149564616,0.19368943427681573
0.03,0.06250000000000001,2.65,1,1,5.579802220267993e-08,1.1102230246251565e-16,-4.547990616073943e-17,-42.15240455633728,3.642534459515752,-1.8228700268868656,-0.8446378217727195,3.642534459515752,-0.6878754818441003,3.642534459515752,7.753488205921611,4.642534459515752,0.8271299731131344,49.905892762258894,1.8413914310602864,7.6245113942339975,0.6694530938464638,4.0942778031567615,0.0037915354957565573,4.090486267661005,2.825914130970886,0.20044787436142875
0.03,0.06250000000000001,3.0,1,1,7.764860754377878e-08,2.220446049250313e-16,-2.3685458688261136e-17,-48.75209491122718,3.6353684243207622,-2.183198633469753,-0.8629111337626357,3.6353684243207622,-0.727732877823251,3.6353684243207622,7.745142178122514,4.635368424320762,0.8168013665302472,56.497237089349696,1.8413914310602864,8.631522333095091,0.7661261439771289,4.864103937930351,0.003728464612056892,4.860375473318294,3.397812625981479,0.2079183849238566
0.03,0.08125000000000003,0.2,1,1,1.1164690505438557e-08,2.220446049250313e-16,-7.227838156349656e-17,3.873893182325272,3.6532421793139846,0.7118132989862396,1.0285175121569459,3.6532421793139846,3.559066494931198,3.6532421793139846,7.640375654948585,4.653242179313985,0.9118132989862396,3.766482472623313,1.8413914310602864,0.5754348222063395,-0.02600825706819144,-1.31704274234683,0.003540649629003384,-1.3205833919758334,-1.2043665965060752,0.2065772034409985
0.03,0.08125000000000003,0.55,1,1,1.3904411844123388e-08,1.1102230246251565e-16,-6.11054436506486e-17,-2.7228463896135757,3.6482214673489954,0.34853439002091735,-0.2628781541016625,3.6482214673489954,0.6336988909471224,3.6482214673489954,7.634980410100535,4.648221467348995,0.8985343900209174,10.357826799714111,1.8413914310602864,1.5824457610674338,0.0706647930624736,-0.5420593540210594,0.003500634488996899,-0.5455599885100563,-0.6272453801984638,0.2146926173558317
0.03,0.08125000000000003,0.8999999999999999,1,1,1.579556752062672e-08,1.1102230246251565e-16,-7.936575485397823e-17,-9.318056585912268,3.6445153055709696,-0.014307763837135612,-0.5497647357619675,3.6445153055709696,-0.015897515374595127,3.6445153055709696,7.6311145408926375,4.64451530557097,0.8856922361628643,16.949171126804906,1.8413914310602864,2.589456699928528,0.1673378431931386,0.23179929645355477,0.0034671817786893137,0.22833211467486544,-0.051209582902503076,0.22251302100690307
0.03,0.08125000000000003,1.2499999999999998,1,1,1.69838472174888e-08,1.1102230246251565e-16,-4.4228014924741683e-17,-15.91136007347339,3.6400001344289983,-0.37664069367783437,-0.6759138347941414,3.6400001344289983,-0.30131255494226755,3.6400001344289983,7.629155380422311,4.640000134428998,0.8733593063221654,23.5405154538957,1.8413914310602864,3.596467638789621,0.26401089332380356,1.0050220476812501,0.0034416875771225747,1.0015803601041275,0.5242395578999259,0.23047806478436106
0.03,0.08125000000000003,1.5999999999999999,1,1,1.7156786213945452e-08,1.1102230246251565e-16,-3.2348120921362085e-17,-22.502129439606907,3.634517689325179,-0.7384880481773142,-0.7467886019370757,3.634517689325179,-0.4615550301108214,3.634517689325179,7.629730341379592,4.634517689325179,0.8615119518226857,30.1318597809865,1.8413914310602864,4.603478577650716,0.36068394345446864,1.7777151818626564,0.0034257959148725012,1.774289385947784,1.0992255027595763,0.2386613357412259
0.03,0.08125000000000003,1.95,1,1,1.4481244647868152e-08,1.1102230246251565e-16,-3.441128733311693e-17,-29.091817652205194,3.629296956202344,-1.0999345114814738,-0.7921917043672784,3.629296956202344,-0.5640689802469097,3.629296956202344,7.631386455872102,4.629296956202344,0.8500654885185261,36.7232041080773,1.8413914310602864,5.61048951651181,0.4573569935851337,2.549558835650221,0.003415283045153156,2.5461435526050678,1.673389023038911,0.24667091418630405
0.03,0.08125000000000003,2.3,1,1,6.548585673726848e-08,1.1102230246251565e-16,-8.867981664976966e-17,-35.681601717002934,3.62350104046343,-1.4610016540228208,-0.8237786842083804,3.62350104046343,-0.6352181104447048,3.62350104046343,7.63294671816516,4.62350104046343,0.838998345977179,43.31454843516809,1.8413914310602864,6.6175004553729035,0.5540300437157987,3.3204631554640094,0.00340664398679804,3.3170565114772113,2.246608459967123,0.2542833819946295
0.03,0.08125000000000003,2.65,1,1,2.502709151031013e-08,1.1102230246251565e-16,-1.2855709412019817e-16,-42.27334102062224,3.6155563915597577,-1.8217351951931233,-0.8470611120414875,3.6155563915597577,-0.6874472434691031,3.6155563915597577,7.632551741636652,4.615556391559758,0.8282648048068766,49.905892762258894,1.8413914310602864,7.6245113942339975,0.6507030938464637,4.090039571644082,0.0033940573293468916,4.0866455143147355,2.8184452836960676,0.26086079913417654
0.03,0.08125000000000003,3.0,1,1,4.139078768616855e-08,2.220446049250313e-16,-6.466908242826469e-17,-48.86471002403753,3.607153444062342,-2.1821498780934085,-0.8649044190737785,3.607153444062342,-0.7273832926978029,3.607153444062342,7.632527065312168,4.607153444062342,0.8178501219065917,56.497237089349696,1.8413914310602864,8.631522333095091,0.7473761439771288,4.858431667100296,0.0033829981469900602,4.855048668953306,3.389107368232181,0.2667253117733637
0.03,0.1,0.2,1,1,6.720309642105349e-09,1.1102230246251565e-16,-1.3178570284131818e-16,3.8025812600109052,3.6255504913085357,0.7107203644821931,1.0095842175424887,3.6255504913085357,3.5536018224109656,3.6255504913085357,7.569063732634218,4.625550491308536,0.9107203644821932,3.766482472623313,1.8413914310602864,0.5754348222063395,-0.044758257068191414,-1.3255796928687429,0.003256967156495288,-1.3288366600252381,-1.214759222224911,0.26020305758786294
0.03,0.1,0.55,0,-1,nan,nan,nan,nan,nan,nan,nan,nan,nan,nan,nan,nan,nan,nan,nan,nan,nan,nan,nan,nan,nan,nan
0.03,0.1,0.8999999999999999,1,1,4.903552053292515e-08,4.440892098500626e-16,-5.58503976783627e-17,-9.370127434709037,3.6101913907490726,-0.015818806137852692,-0.552836912472392,3.6101913907490726,-0.01757645126428077,3.6101913907490726,7.57904369209587,4.610191390749073,0.8841811938621472,16.949171126804906,1.8413914310602864,2.589456699928528,0.14858784319313864,0.2215334804274551,0.003262242799715907,0.2182712376277392,-0.06283258541353229,0.27342723170030614
0.03,0.1,1.2499999999999998,0,-1,nan,nan,nan,nan,nan,nan,nan,nan,nan,nan,nan,nan,nan,nan,nan,nan,nan,nan,nan,nan,nan,nan
0.03,0.1,1.5999999999999999,1,1,6.426073895227091e-09,1.1102230246251565e-16,-9.432395217973781e-17,-22.532771961262608,3.613403556706424,-0.7417987386269841,-0.7478055495094601,3.613403556706424,-0.46362421164186507,3.613403556706424,7.599087819723892,4.613403556706424,0.8582012613730158,30.1318597809865,1.8413914310602864,4.603478577650716,0.3419339434544687,1.7566944635180206,0.003305457380317237,1.7533890061377033,1.0774058472998251,0.2776956382232682
0.03,0.1,1.95,0,-1,nan,nan,nan,nan,nan,nan,nan,nan,nan,nan,nan,nan,nan,nan,nan,nan,nan,nan,nan,nan,nan,nan
0.03,0.1,2.3,1,1,5.0012189944936836e-09,1.1102230246251565e-16,-2.5129508094894298e-17,-35.69959703378124,3.6247053353539656,-1.4655839436644853,-0.8241941408488955,3.6247053353539656,-0.6372104102889067,3.6247053353539656,7.614951401386853,4.6247053353539656,0.8344160563355144,43.31454843516809,1.8413914310602864,6.6175004553729035,0.5352800437157987,3.2899016249001702,0.0033362105934558206,3.2865654143067142,2.215577503293276,0.2841413787698467
0.03,0.1,2.65,0,-1,nan,nan,nan,nan,nan,nan,nan,nan,nan,nan,nan,nan,nan,nan,nan,nan,nan,nan,nan,nan,nan,nan
0.03,0.1,3.0,1,1,6.152711051754522e-08,2.220446049250313e-16,-1.676434454634477e-16,-48.8709509027262,3.634206917541122,-2.1874529316279543,-0.8650148825054468,3.634206917541122,-0.7291509772093181,3.634206917541122,7.626286186623494,4.634206917541122,0.8125470683720458,56.497237089349696,1.8413914310602864,8.631522333095091,0.7286261439771289,4.820813490150352,0.0033600418524052005,4.817453448297947,3.3513249212161607,0.29098209144496834
0.045,-0.05,0.2,0,-1,nan,nan,nan,nan,nan,nan,nan,nan,nan,nan,nan,nan,nan,nan,nan,nan,nan,nan,nan,nan,nan,nan
0.045,-0.05,0.55,0,-1,nan,nan,nan,nan,nan,nan,nan,nan,nan,nan,nan,nan,nan,nan,nan,nan,nan,nan,nan,nan,nan,nan
0.045,-0.05,0.8999999999999999,0,-1,nan,nan,nan,nan,nan,nan,nan,nan,nan,nan,nan,nan,nan,nan,nan,nan,nan,nan,nan,nan,nan,nan
0.045,-0.05,1.2499999999999998,0,-1,nan,nan,nan,nan,nan,nan,nan,nan,nan,nan,nan,nan,nan,nan,nan,nan,nan,nan,nan,nan,nan,nan
0.045,-0.05,1.5999999999999999,0,-1,nan,nan,nan,nan,nan,nan,nan,nan,nan,nan,nan,nan,nan,nan,nan,nan,nan,nan,nan,nan,nan,nan
0.045,-0.05,1.95,0,-1,nan,nan,nan,nan,nan,nan,nan,nan,nan,nan,nan,nan,nan,nan,nan,nan,nan,nan,nan,nan,nan,nan
0.045,-0.05,2.3,0,-1,nan,nan,nan,nan,nan,nan,nan,nan,nan,nan,nan,nan,nan,nan,nan,nan,nan,nan,nan,nan,nan,nan
0.045,-0.05,2.65,0,-1,nan,nan,nan,nan,nan,nan,nan,nan,nan,nan,nan,nan,nan,nan,nan,nan,nan,nan,nan,nan,nan,nan
0.045,-0.05,3.0,0,-1,nan,nan,nan,nan,nan,nan,nan,nan,nan,nan,nan,nan,nan,nan,nan,nan,nan,nan,nan,nan,nan,nan
0.045,-0.03125,0.2,0,-1,nan,nan,nan,nan,nan,nan,nan,nan,nan,nan,nan,nan,nan,nan,nan,nan,nan,nan,nan,nan,nan,nan
0.045,-0.03125,0.55,0,-1,nan,nan,nan,nan,nan,nan,nan,nan,nan,nan,nan,nan,nan,nan,nan,nan,nan,nan,nan,nan,nan,nan
0.045,-0.03125,0.8999999999999999,0,-1,nan,nan,nan,nan,nan,nan,nan,nan,nan,nan,nan,nan,nan,nan,nan,nan,nan,nan,nan,nan,nan,nan
0.045,-0.03125,1.2499999999999998,0,-1,nan,nan,nan,nan,nan,nan,nan,nan,nan,nan,nan,nan,nan,nan,nan,nan,nan,nan,nan,nan,nan,nan
0.045,-0.03125,1.5999999999999999,0,-1,nan,nan,nan,nan,nan,nan,nan,nan,nan,nan,nan,nan,nan,nan,nan,nan,nan,nan,nan,nan,nan,nan
0.045,-0.03125,1.95,0,-1,nan,nan,nan,nan,nan,nan,nan,nan,nan,nan,nan,nan,nan,nan,nan,nan,nan,nan,nan,nan,nan,nan
0.045,-0.03125,2.3,0,-1,nan,nan,nan,nan,nan,nan,nan,nan,nan,nan,nan,nan,nan,nan,nan,nan,nan,nan,nan,nan,nan,nan
0.045,-0.03125,2.65,0,-1,nan,nan,nan,nan,nan,nan,nan,nan,nan,nan,nan,nan,nan,nan,nan,nan,nan,nan,nan,nan,nan,nan
0.045,-0.03125,3.0,0,-1,nan,nan,nan,nan,nan,nan,nan,nan,nan,nan,nan,nan,nan,nan,nan,nan,nan,nan,nan,nan,nan,nan
0.045,-0.012499999999999997,0.2,0,-1,nan,nan,nan,nan,nan,nan,nan,nan,nan,nan,nan,nan,nan,nan,nan,nan,nan,nan,nan,nan,nan,nan
0.045,-0.012499999999999997,0.55,0,-1,nan,nan,nan,nan,nan,nan,nan,nan,nan,nan,nan,nan,nan,nan,nan,nan,nan,nan,nan,nan,nan,nan
0.045,-0.012499999999999997,0.8999999999999999,0,-1,nan,nan,nan,nan,nan,nan,nan,nan,nan,nan,nan,nan,nan,nan,nan,nan,nan,nan,nan,nan,nan,nan
0.045,-0.012499999999999997,1.2499999999999998,0,-1,nan,nan,nan,nan,nan,nan,nan,nan,nan,nan,nan,nan,nan,nan,nan,nan,nan,nan,nan,nan,nan,nan
0.045,-0.012499999999999997,1.5999999999999999,0,-1,nan,nan,nan,nan,nan,nan,nan,nan,nan,nan,nan,nan,nan,nan,nan,nan,nan,nan,nan,nan,nan,nan
0.045,-0.012499999999999997,1.95,0,-1,nan,nan,nan,nan,nan,nan,nan,nan,nan,nan,nan,nan,nan,nan,nan,nan,nan,nan,nan,nan,nan,nan
0.045,-0.012499999999999997,2.3,0,-1,nan,nan,nan,nan,nan,nan,nan,nan,nan,nan,nan,nan,nan,nan,nan,nan,nan,nan,nan,nan,nan,nan
0.045,-0.012499999999999997,2.65,0,-1,nan,nan,nan,nan,nan,nan,nan,nan,nan,nan,nan,nan,nan,nan,nan,nan,nan,nan,nan,nan,nan,nan
0.045,-0.012499999999999997,3.0,0,-1,nan,nan,nan,nan,nan,nan,nan,nan,nan,nan,nan,nan,nan,nan,nan,nan,nan,nan,nan,nan,nan,nan
0.045,0.0062500000000000056,0.2,0,-1,nan,nan,nan,nan,nan,nan,nan,nan,nan,nan,nan,nan,nan,nan,nan,nan,nan,nan,nan,nan,nan,nan
0.045,0.0062500000000000056,0.55,0,-1,nan,nan,nan,nan,nan,nan,nan,nan,nan,nan,nan,nan,nan,nan,nan,nan,nan,nan,nan,nan,nan,nan
0.045,0.0062500000000000056,0.8999999999999999,0,-1,nan,nan,nan,nan,nan,nan,nan,nan,nan,nan,nan,nan,nan,nan,nan,nan,nan,nan,nan,nan,nan,nan
0.045,0.0062500000000000056,1.2499999999999998,0,-1,nan,nan,nan,nan,nan,nan,nan,nan,nan,nan,nan,nan,nan,nan,nan,nan,nan,nan,nan,nan,nan,nan
0.045,0.0062500000000000056,1.5999999999999999,0,-1,nan,nan,nan,nan,nan,nan,nan,nan,nan,nan,nan,nan,nan,nan,nan,nan,nan,nan,nan,nan,nan,nan
0.045,0.0062500000000000056,1.95,0,-1,nan,nan,nan,nan,nan,nan,nan,nan,nan,nan,nan,nan,nan,nan,nan,nan,nan,nan,nan,nan,nan,nan
0.045,0.0062500000000000056,2.3,0,-1,nan,nan,nan,nan,nan,nan,nan,nan,nan,nan,nan,nan,nan,nan,nan,nan,nan,nan,nan,nan,nan,nan
0.045,0.0062500000000000056,2.65,0,-1,nan,nan,nan,nan,nan,nan,nan,nan,nan,nan,nan,nan,nan,nan,nan,nan,nan,nan,nan,nan,nan,nan
0.045,0.0062500000000000056,3.0,0,-1,nan,nan,nan,nan,nan,nan,nan,nan,nan,nan,nan,nan,nan,nan,nan,nan,nan,nan,nan,nan,nan,nan
0.045,0.02500000000000001,0.2,1,1,1.2899658230480782e-08,1.1102230246251565e-16,-3.2579249092373657e-19,6.423421067938245,1.443346055374512,0.7230951509852221,2.4858757983320747,1.443346055374512,3.6154757549261105,3.6154757549261105,9.00738808360657,2.443346055374512,0.9230951509852221,2.5839670156683243,1.6078016986380683,0.5024380308243963,0.023234050959142043,-1.1095936967837758,0.022253943855715396,-1.1318476406394913,-0.8427936925822701,0.18125914103868465
0.045,0.02500000000000001,0.55,1,1,9.83526149411773e-09,1.1102230246251565e-16,-5.470691786982419e-23,1.910319043561718,1.4866486056981447,0.35847969313314465,0.2688352700223653,1.4866486056981447,0.6517812602420812,1.4866486056981447,9.01622833664961,2.4866486056981447,0.9084796931331447,7.105909293087891,1.6078016986380683,1.3817045847670901,0.10764364013764065,-0.40723905705251134,0.02244198251005333,-0.42968103956256465,-0.34371668260228744,0.1831519211786603
0.045,0.02500000000000001,0.8999999999999999,1,1,7.560782222526541e-09,2.220446049250313e-16,0.0,-2.6034605046177592,1.5299996095231854,-0.005539319863697489,-0.22389867026004187,1.5299996095231854,-0.006154799848552767,1.5299996095231854,9.024391065889699,2.5299996095231854,0.8944606801363024,11.627851570507458,1.6078016986380683,2.2609711387097837,0.19205322931613922,0.29442429722600433,0.022616168387810727,0.2718081288381936,0.15465240613039402,0.1851511354372153
0.045,0.02500000000000001,1.2499999999999998,1,1,5.939423175504999e-09,2.220446049250313e-16,0.0,-7.1178782532981195,1.5733101252870463,-0.36899674450765885,-0.44074112154761447,1.5733101252870463,-0.2951973956061271,1.5733101252870463,9.031915594628902,2.5733101252870463,0.8810032554923409,16.14979384792702,1.6078016986380683,3.140237692652476,0.2764628184946377,0.9954374205781478,0.02277686889167962,0.9726605516864681,0.6523560302880531,0.18724924646736887
0.045,0.02500000000000001,1.5999999999999999,1,1,9.747389739800383e-08,1.1102230246251565e-16,-1.599549424239386e-22,-11.632912552789413,1.6164013284719747,-0.7319254081891488,-0.5627448261844709,1.6164013284719747,-0.457453380118218,1.6164013284719747,9.038823572557177,2.6164013284719747,0.8680745918108511,20.67173612534659,1.6078016986380683,4.0195042465951705,0.36087240767313633,1.6958457829786455,0.022924390931628295,1.6729213920470172,1.1494403271714932,0.18944300926444574
0.045,0.02500000000000001,1.95,1,1,7.007039215523037e-08,1.1102230246251565e-16,0.0,-16.148559466808088,1.6591990282955607,-1.0943575346607228,-0.6409766453569973,1.6591990282955607,-0.561208992133704,1.6591990282955607,9.045118935958074,2.6591990282955607,0.8556424653392772,25.19367840276616,1.6078016986380683,4.898770800537864,0.44528199685163494,2.395681228029681,0.023058664656766207,2.3726225633729148,1.6459373873665515,0.1917186460811575
0.045,0.02500000000000001,2.3,1,1,2.499842111092221e-08,1.1102230246251565e-16,-4.602885474745054e-24,-20.664858756834803,1.7016839673289499,-1.4563223014854416,-0.6954207344090262,1.7016839673289499,-0.6331836093414964,1.7016839673289499,9.050761923350922,2.70168396732895,0.8436776985145582,29.715620680185726,1.6078016986380683,5.778037354480558,0.5296915860301336,3.0949734291569495,0.02317898227096553,3.071794446885984,2.1418758028284177,0.19406441797878768
0.045,0.02500000000000001,2.65,1,1,9.836764292003863e-09,1.1102230246251565e-16,-4.467705077777229e-22,-25.181750864150896,1.7436800782905948,-1.8178464070738798,-0.73550068079706,1.7436800782905948,-0.6859797762542943,1.7436800782905948,9.055812093454396,2.743680078290595,0.8321535929261201,34.23756295760529,1.6078016986380683,6.657303908423252,0.6141011752086322,3.7937572923297584,0.023286543665049703,3.770470748664709,2.637291959777918,0.1964758180061808
0.045,0.02500000000000001,3.0,1,1,2.3068245980084612e-08,1.1102230246251565e-16,0.0,-29.699213919616625,1.785104504265803,-2.17895480869592,-0.7662433702270033,1.785104504265803,-0.7263182695653067,1.785104504265803,9.060291315408236,2.785104504265803,0.8210451913040799,38.75950523502486,1.6078016986380683,7.536570462365945,0.6985107643871308,4.492059724841586,0.023381726874274332,4.468677997967312,3.132213371584564,0.1989442888010051
0.045,0.04375000000000001,0.2,1,1,9.65527391372234e-09,1.1102230246251565e-16,-6.950666254335921e-17,6.13249047730417,3.117167998420628,0.7127712758356708,2.373285123269287,3.117167998420628,3.563856379178354,3.563856379178354,8.716457492972495,4.117167998420628,0.9127712758356707,2.5839670156683243,1.6078016986380683,0.5024380308243963,0.00448405095914204,-1.110234819112367,0.01640620095502546,-1.1266410200673924,-0.8506789485887047,0.25979278916686044
0.045,0.04375000000000001,0.55,1,1,8.092591485819867e-09,2.220446049250313e-16,-1.0917865693604977e-16,1.5912182520640767,3.129769432977378,0.34946144513440314,0.22392887193365912,3.129769432977378,0.6353844456989147,3.129769432977378,8.697127545151968,4.129769432977378,0.8994614451344032,7.105909293087891,1.6078016986380683,1.3817045847670901,0.08889364013764064,-0.40345334438627234,0.016069332356731626,-0.419522676743004,-0.3479178554001205,0.2665945566239058
0.045,0.04375000000000001,0.8999999999999999,1,1,8.360551362329716e-09,1.1102230246251565e-16,0.0,-2.948796057022081,3.14313069350938,-0.013641687373537215,-0.2535976692806538,3.14313069350938,-0.015157430415041351,3.14313069350938,8.679055513485377,4.14313069350938,0.8863583126264627,11.627851570507458,1.6078016986380683,2.2609711387097837,0.1733032293161392,0.3024387160014202,0.015748419508855003,0.28669029649256517,0.15399447392657123,0.27286328285586336
0.045,0.04375000000000001,1.2499999999999998,1,1,8.020734298952448e-09,1.1102230246251565e-16,0.0,-7.487447001408253,3.1577489193305555,-0.37626862452947973,-0.46362492747047274,3.1577489193305555,-0.30101489962358385,3.1577489193305555,8.66234684651877,4.1577489193305555,0.87373137547052,16.14979384792702,1.6078016986380683,3.140237692652476,0.25771281849463773,1.0071896739447348,0.015442810550954974,0.9917468633937798,0.6548117483304086,0.2787427299378197
0.045,0.04375000000000001,1.5999999999999999,1,1,6.215657322172774e-09,2.220446049250313e-16,0.0,-12.0245153723878,3.1722432760762977,-0.7384893410791658,-0.5816887028489094,3.1722432760762977,-0.46155583817447865,3.1722432760762977,8.647220752958791,4.172243276076298,0.8615106589208341,20.67173612534659,1.6078016986380683,4.0195042465951705,0.34212240767313634,1.7112095685551294,0.01517004035145457,1.6960395282036749,1.1549363364462244,0.28447922531335035
0.045,0.04375000000000001,1.95,1,1,5.505206956968323e-09,1.1102230246251565e-16,0.0,-16.56021045222711,3.1865222602354644,-1.1003104136200026,-0.6573161007885561,3.1865222602354644,-0.5642617505743603,3.1865222602354644,8.633467950539048,4.186522260235464,0.8496895863799974,25.19367840276616,1.6078016986380683,4.898770800537864,0.42653199685163495,2.414528594720968,0.01492531904553393,2.399603275675434,1.654393805325214,0.29008534497022925
0.045,0.04375000000000001,2.3,1,1,5.019781923465416e-09,1.1102230246251565e-16,0.0,-21.094812216947908,3.2004974785720064,-1.4617338191749587,-0.7098896719668338,3.2004974785720064,-0.6355364431195473,3.2004974785720064,8.620808463237816,4.200497478572006,0.8382661808250412,29.715620680185726,1.6078016986380683,5.778037354480558,0.5109415860301336,3.117168560926468,0.014701850757203556,3.1024667101692645,2.153200160406609,0.29557052528185584
0.045,0.04375000000000001,2.65,1,1,7.82236035945516e-08,1.1102230246251565e-16,0.0,-25.62839812126532,3.214222040711043,-1.8227743386892596,-0.7485462137886308,3.214222040711043,-0.6878393730902866,3.214222040711043,8.609164836339971,4.214222040711043,0.8272256613107402,34.23756295760529,1.6078016986380683,6.657303908423252,0.5953511752086322,3.8191631158740424,0.014498093858667767,3.804665022015375,2.651387106558436,0.3009485945578408
0.045,0.04375000000000001,3.0,1,1,6.970901011982278e-08,1.1102230246251565e-16,0.0,-30.16220532539586,3.2255050485739423,-2.1833315060323617,-0.7781886054143929,3.2255050485739423,-0.7277771686774539,3.2255050485739423,8.597299909629001,4.225505048573942,0.8166684939676382,38.75950523502486,1.6078016986380683,7.536570462365945,0.6797607643871308,4.520835204675019,0.014300294475490078,4.506534910199529,3.149235670556717,0.30654202795630997
0.045,0.06250000000000001,0.2,1,1,3.952828109277107e-08,2.220446049250313e-16,-5.987833552069436e-17,5.790948696833636,3.3943912853252733,0.7186814965775188,2.241107824410773,3.3943912853252733,3.593407482887594,3.593407482887594,8.374915712501961,4.394391285325273,0.9186814965775189,2.5839670156683243,1.6078016986380683,0.5024380308243963,-0.014265949040857963,-1.1193579159425755,0.011575834664936257,-1.1309337506075117,-0.870341059249998,0.32398112741335305
0.045,0.06250000000000001,0.55,1,1,3.1135080291733175e-08,1.1102230246251565e-16,-0.0,1.2553224848993336,3.400934861721346,0.35530013976613917,0.1766589514617671,3.400934861721346,0.646000254120253,3.400934861721346,8.361231777987225,4.400934861721346,0.9053001397661392,7.105909293087891,1.6078016986380683,1.3817045847670901,0.07014364013764064,-0.4126936079916436,0.011387309447324134,-0.42408091743896775,-0.3675914056184978,0.33053136624507695
0.045,0.06250000000000001,0.8999999999999999,1,1,2.455944425605594e-08,1.1102230246251565e-16,-0.0,-3.279536377124156,3.407183971855755,-0.007585278093193315,-0.2820414723423436,3.407183971855755,-0.008428086770214796,3.407183971855755,8.348315193383302,4.407183971855755,0.8924147219068066,11.627851570507458,1.6078016986380683,2.2609711387097837,0.15455322931613918,0.2931585461777285,0.011210546044567185,0.28194800013316135,0.13436886316257407,0.3369515818511119
0.045,0.06250000000000001,1.2499999999999998,1,1,1.9786178029335133e-08,2.220446049250313e-16,-0.0,-7.813062444248802,3.4132595316289027,-0.3700197722410261,-0.4837871317627799,3.4132595316289027,-0.29601581779282093,3.4132595316289027,8.33673140367822,4.413259531628903,0.8799802277589737,16.14979384792702,1.6078016986380683,3.140237692652476,0.23896281849463774,0.9982980210387387,0.01105387431145458,0.9872441467272841,0.6356563367360886,0.34330440187492123
0.045,0.06250000000000001,1.5999999999999999,1,1,2.8081764469334303e-08,1.1102230246251565e-16,-0.0,-12.345410655432058,3.4191659531956873,-0.7320201324827795,-0.5972120861341089,3.4191659531956873,-0.45751258280173723,3.4191659531956873,8.326325469914533,4.419165953195687,0.8679798675172203,20.67173612534659,1.6078016986380683,4.0195042465951705,0.32337240767313635,1.7027566416228477,0.010914603362364803,1.6918420382604829,1.1362985587660406,0.3495947002641555
0.045,0.06250000000000001,1.95,1,1,2.3518726521842837e-08,1.1102230246251565e-16,-0.0,-16.87671247345278,3.4249094654298204,-1.0936036228683403,-0.669878856261013,3.4249094654298204,-0.560822370701713,3.4249094654298204,8.31696592931338,4.42490946542982,0.8563963771316596,25.19367840276616,1.6078016986380683,4.898770800537864,0.40778199685163496,2.4065645622766314,0.010790495348545526,2.395774066928086,1.6363220056227112,0.3558257491002814
0.045,0.06250000000000001,2.3,1,1,1.802454718813351e-08,2.220446049250313e-16,-0.0,-21.40723474221657,3.4303647469752434,-1.4547950178061506,-0.7204034192188636,3.4303647469752434,-0.6325195729591959,3.4303647469752434,8.308385937969156,4.430364746975243,0.8452049821938491,29.715620680185726,1.6078016986380683,5.778037354480558,0.4921915860301336,3.1097652135322744,0.010676829413422574,3.099088384118852,2.135762820719106,0.3619920017259695
0.045,0.06250000000000001,2.65,1,1,8.396241923946945e-09,2.220446049250313e-16,-0.0,-25.93657263366262,3.435353033785944,-1.815632997671496,-0.7575472782855082,3.435353033785944,-0.6851445274232061,3.435353033785944,8.300990323942669,4.435353033785944,0.8343670023285039,34.23756295760529,1.6078016986380683,6.657303908423252,0.5766011752086322,3.81245204213077,0.010577639042395927,3.801874403088374,2.634728634573556,0.36813705408955244
0.045,0.06250000000000001,3.0,1,1,9.04225210263121e-08,1.1102230246251565e-16,-0.0,-30.464590598283838,3.440116875684719,-2.1761056437493007,-0.7859901826289217,3.440116875684719,-0.7253685479164336,3.440116875684719,8.294914636741023,4.440116875684719,0.8238943562506995,38.75950523502486,1.6078016986380683,7.536570462365945,0.6610107643871308,4.5146236911591355,0.010496841539160057,4.504126849619976,3.1332202726972023,0.3742931795568872
0.045,0.08125000000000003,0.2,1,1,8.121757133494611e-08,1.1102230246251565e-16,-4.3581483361645917e-17,5.628328297845783,3.4833736244569122,0.7182929302392602,2.1781734301240903,3.4833736244569122,3.591464651196301,3.591464651196301,8.212295313514108,4.483373624456912,0.9182929302392602,2.5839670156683243,1.6078016986380683,0.5024380308243963,-0.03301594904085798,-1.1345318953504069,0.009772548197649871,-1.1443044435480567,-0.8910296701449965,0.37363614119676614
0.045,0.08125000000000003,0.55,1,1,7.649802569176245e-09,2.220446049250313e-16,-2.4347582578774422e-17,1.1007434047899283,3.4858801589358377,0.35493622771202427,0.15490535544277928,3.4858801589358377,0.645338595840044,3.4858801589358377,8.20665269787782,4.485880158935838,0.9049362277120243,7.105909293087891,1.6078016986380683,1.3817045847670901,0.051393640137640625,-0.4269570056743773,0.009696961320583118,-0.4366539669949604,-0.3871205137794137,0.38117425848416736
0.045,0.08125000000000003,0.8999999999999999,1,1,1.036726615666339e-08,2.220446049250313e-16,-8.172621637833747e-18,-3.4259458913360668,3.488245562235294,-0.007929311021811714,-0.29463275056120736,3.488245562235294,-0.008810345579790794,3.488245562235294,8.201905679171391,4.488245562235294,0.8920706889781882,11.627851570507458,1.6078016986380683,2.2609711387097837,0.1358032293161392,0.2799108026209793,0.009632451491377233,0.270278351129602,0.11611078601947902,0.3886942921806827
0.045,0.08125000000000003,1.2499999999999998,0,-1,nan,nan,nan,nan,nan,nan,nan,nan,nan,nan,nan,nan,nan,nan,nan,nan,nan,nan,nan,nan,nan,nan
0.045,0.08125000000000003,1.5999999999999999,1,1,1.149021500168601e-08,2.220446049250313e-16,-1.576066725538824e-17,-12.476770471441155,3.4917578186682245,-0.7322753177088897,-0.6035666475126295,3.4917578186682245,-0.45767207356805606,3.4917578186682245,8.194965653905436,4.4917578186682245,0.8677246822911102,20.67173612534659,1.6078016986380683,4.0195042465951705,0.3046224076731363,1.6916482052931805,0.009533122358051796,1.6821150829351288,1.1206604117202765,0.40361525975644885
0.045,0.08125000000000003,1.95,1,1,1.0713748110902088e-08,1.1102230246251565e-16,-1.6404175640315398e-17,-17.003108021654555,3.4884337350267742,-1.0938422552479041,-0.6748958111566465,3.4884337350267742,-0.5609447462809765,3.4884337350267742,8.190570381111607,4.488433735026774,0.8561577447520959,25.19367840276616,1.6078016986380683,4.898770800537864,0.3890319968516349,2.3957820018996516,0.00947909600897296,2.3863029058906786,1.6211630449162242,0.4097190652619253
0.045,0.08125000000000003,2.3,1,1,9.681909673986411e-08,1.1102230246251565e-16,-8.354151410007838e-18,-21.52947175137284,3.483327822517353,-1.4550496814702414,-0.7245169799104555,3.483327822517353,-0.6326302962914093,3.483327822517353,8.186148928812885,4.483327822517353,0.8449503185297583,29.715620680185726,1.6078016986380683,5.778037354480558,0.47344158603013353,3.0987503334356004,0.009426842346123128,3.0893234910894773,2.120497262277699,0.41500100080719443
0.045,0.08125000000000003,2.65,1,1,2.1991667153997696e-08,1.1102230246251565e-16,-1.6242828926546774e-17,-26.054602077357366,3.4790996102652043,-1.8159090727202163,-0.7609946452561333,3.4790996102652043,-0.6852487066868741,3.4790996102652043,8.182960880247924,4.479099610265204,0.8340909272797836,34.23756295760529,1.6078016986380683,6.657303908423252,0.5578511752086321,3.8009096108048794,0.009386745596222355,3.7915228652086572,2.6190657717275747,0.42006417712355604
0.045,0.08125000000000003,3.0,1,1,1.8386046463092498e-08,2.220446049250313e-16,-0.0,-30.57730790529715,3.477881679179311,-2.1764349285818083,-0.7888983030068737,3.477881679179311,-0.7254783095272694,3.477881679179311,8.18219732972771,4.477881679179311,0.8235650714181916,38.75950523502486,1.6078016986380683,7.536570462365945,0.6422607643871308,4.502629937717363,0.009369040302456262,4.493260897414907,3.117282041676535,0.42547551923315813
0.045,0.1,0.2,1,1,6.202760971518728e-09,1.1102230246251565e-16,-3.8818211189415116e-17,5.54598100220719,3.505777034757447,0.7159836109821158,2.1463048748603173,3.505777034757447,3.579918054910579,3.579918054910579,8.129948017875515,4.505777034757447,0.9159836109821159,2.5839670156683243,1.6078016986380683,0.5024380308243963,-0.051765949040857955,-1.1497674605946047,0.00901039572485255,-1.1587778563194573,-0.9092087112201336,0.419854708299565
0.045,0.1,0.55,1,1,7.73748034532673e-08,1.1102230246251565e-16,-0.0,1.023869909170993,3.499636053520052,0.3522231597392854,0.14408710651104692,3.499636053520052,0.6404057449805189,3.499636053520052,8.129779202258884,4.499636053520052,0.9022231597392855,7.105909293087891,1.6078016986380683,1.3817045847670901,0.03264364013764065,-0.44460916117668237,0.008983842614649568,-0.45359300379133194,-0.40751885787863734,0.4238039928225849
0.045,0.1,0.8999999999999999,0,-1,nan,nan,nan,nan,nan,nan,nan,nan,nan,nan,nan,nan,nan,nan,nan,nan,nan,nan,nan,nan,nan,nan
0.045,0.1,1.2499999999999998,1,1,6.023590515269461e-09,1.1102230246251565e-16,-0.0,-8.005674477826341,3.5109108042530064,-0.3749129612293769,-0.49571372571136224,3.5109108042530064,-0.29993036898350156,3.5109108042530064,8.14411937010068,4.510910804253006,0.8750870387706229,16.14979384792702,1.6078016986380683,3.140237692652476,0.20146281849463774,0.9592881112138221,0.00908574710645071,0.9502023641073714,0.5899470126051866,0.4286702515103695
0.045,0.1,1.5999999999999999,0,-1,nan,nan,nan,nan,nan,nan,nan,nan,nan,nan,nan,nan,nan,nan,nan,nan,nan,nan,nan,nan,nan,nan
0.045,0.1,1.95,0,-1,nan,nan,nan,nan,nan,nan,nan,nan,nan,nan,nan,nan,nan,nan,nan,nan,nan,nan,nan,nan,nan,nan
0.045,0.1,2.3,1,1,2.582675406870294e-08,1.1102230246251565e-16,-6.112392690300254e-17,-21.566341450010917,3.5317045077030382,-1.4608879152791143,-0.7257577313332472,3.5317045077030382,-0.6351686588170062,3.5317045077030382,8.149279230174807,4.531704507703038,0.8391120847208856,29.715620680185726,1.6078016986380683,5.778037354480558,0.4546915860301336,3.062940669459498,0.00909732365364165,3.053843345805856,2.0833579805553653,0.4400330703759203
0.045,0.1,2.65,0,-1,nan,nan,nan,nan,nan,nan,nan,nan,nan,nan,nan,nan,nan,nan,nan,nan,nan,nan,nan,nan,nan,nan
0.045,0.1,3.0,1,1,2.1861168875147996e-08,1.1102230246251565e-16,-1.5931679320710882e-20,-30.612536353212974,3.546048992443872,-2.182751723304671,-0.7898072012939444,3.546048992443872,-0.7275839077682237,3.546048992443872,8.146968881811887,4.546048992443872,0.817248276695329,38.75950523502486,1.6078016986380683,7.536570462365945,0.6235107643871308,4.46082420887229,0.009062232521468618,4.451761976350821,3.074197840456238,0.44578560053136745
0.06,-0.05,0.2,0,-1,nan,nan,nan,nan,nan,nan,nan,nan,nan,nan,nan,nan,nan,nan,nan,nan,nan,nan,nan,nan,nan,nan
0.06,-0.05,0.55,0,-1,nan,nan,nan,nan,nan,nan,nan,nan,nan,nan,nan,nan,nan,nan,nan,nan,nan,nan,nan,nan,nan,nan
0.06,-0.05,0.8999999999999999,0,-1,nan,nan,nan,nan,nan,nan,nan,nan,nan,nan,nan,nan,nan,nan,nan,nan,nan,nan,nan,nan,nan,nan
0.06,-0.05,1.2499999999999998,0,-1,nan,nan,nan,nan,nan,nan,nan,nan,nan,nan,nan,nan,nan,nan,nan,nan,nan,nan,nan,nan,nan,nan
0.06,-0.05,1.5999999999999999,0,-1,nan,nan,nan,nan,nan,nan,nan,nan,nan,nan,nan,nan,nan,nan,nan,nan,nan,nan,nan,nan,nan,nan
0.06,-0.05,1.95,0,-1,nan,nan,nan,nan,nan,nan,nan,nan,nan,nan,nan,nan,nan,nan,nan,nan,nan,nan,nan,nan,nan,nan
0.06,-0.05,2.3,0,-1,nan,nan,nan,nan,nan,nan,nan,nan,nan,nan,nan,nan,nan,nan,nan,nan,nan,nan,nan,nan,nan,nan
0.06,-0.05,2.65,0,-1,nan,nan,nan,nan,nan,nan,nan,nan,nan,nan,nan,nan,nan,nan,nan,nan,nan,nan,nan,nan,nan,nan
0.06,-0.05,3.0,0,-1,nan,nan,nan,nan,nan,nan,nan,nan,nan,nan,nan,nan,nan,nan,nan,nan,nan,nan,nan,nan,nan,nan
0.06,-0.03125,0.2,0,-1,nan,nan,nan,nan,nan,nan,nan,nan,nan,nan,nan,nan,nan,nan,nan,nan,nan,nan,nan,nan,nan,nan
0.06,-0.03125,0.55,0,-1,nan,nan,nan,nan,nan,nan,nan,nan,nan,nan,nan,nan,nan,nan,nan,nan,nan,nan,nan,nan,nan,nan
0.06,-0.03125,0.8999999999999999,0,-1,nan,nan,nan,nan,nan,nan,nan,nan,nan,nan,nan,nan,nan,nan,nan,nan,nan,nan,nan,nan,nan,nan
0.06,-0.03125,1.2499999999999998,0,-1,nan,nan,nan,nan,nan,nan,nan,nan,nan,nan,nan,nan,nan,nan,nan,nan,nan,nan,nan,nan,nan,nan
0.06,-0.03125,1.5999999999999999,0,-1,nan,nan,nan,nan,nan,nan,nan,nan,nan,nan,nan,nan,nan,nan,nan,nan,nan,nan,nan,nan,nan,nan
0.06,-0.03125,1.95,0,-1,nan,nan,nan,nan,nan,nan,nan,nan,nan,nan,nan,nan,nan,nan,nan,nan,nan,nan,nan,nan,nan,nan
0.06,-0.03125,2.3,0,-1,nan,nan,nan,nan,nan,nan,nan,nan,nan,nan,nan,nan,nan,nan,nan,nan,nan,nan,nan,nan,nan,nan
0.06,-0.03125,2.65,0,-1,nan,nan,nan,nan,nan,nan,nan,nan,nan,nan,nan,nan,nan,nan,nan,nan,nan,nan,nan,nan,nan,nan
0.06,-0.03125,3.0,0,-1,nan,nan,nan,nan,nan,nan,nan,nan,nan,nan,nan,nan,nan,nan,nan,nan,nan,nan,nan,nan,nan,nan
0.06,-0.012499999999999997,0.2,0,-1,nan,nan,nan,nan,nan,nan,nan,nan,nan,nan,nan,nan,nan,nan,nan,nan,nan,nan,nan,nan,nan,nan
0.06,-0.012499999999999997,0.55,0,-1,nan,nan,nan,nan,nan,nan,nan,nan,nan,nan,nan,nan,nan,nan,nan,nan,nan,nan,nan,nan,nan,nan
0.06,-0.012499999999999997,0.8999999999999999,0,-1,nan,nan,nan,nan,nan,nan,nan,nan,nan,nan,nan,nan,nan,nan,nan,nan,nan,nan,nan,nan,nan,nan
0.06,-0.012499999999999997,1.2499999999999998,0,-1,nan,nan,nan,nan,nan,nan,nan,nan,nan,nan,nan,nan,nan,nan,nan,nan,nan,nan,nan,nan,nan,nan
0.06,-0.012499999999999997,1.5999999999999999,0,-1,nan,nan,nan,nan,nan,nan,nan,nan,nan,nan,nan,nan,nan,nan,nan,nan,nan,nan,nan,nan,nan,nan
0.06,-0.012499999999999997,1.95,0,-1,nan,nan,nan,nan,nan,nan,nan,nan,nan,nan,nan,nan,nan,nan,nan,nan,nan,nan,nan,nan,nan,nan
0.06,-0.012499999999999997,2.3,0,-1,nan,nan,nan,nan,nan,nan,nan,nan,nan,nan,nan,nan,nan,nan,nan,nan,nan,nan,nan,nan,nan,nan
0.06,-0.012499999999999997,2.65,0,-1,nan,nan,nan,nan,nan,nan,nan,nan,nan,nan,nan,nan,nan,nan,nan,nan,nan,nan,nan,nan,nan,nan
0.06,-0.012499999999999997,3.0,0,-1,nan,nan,nan,nan,nan,nan,nan,nan,nan,nan,nan,nan,nan,nan,nan,nan,nan,nan,nan,nan,nan,nan
0.06,0.0062500000000000056,0.2,0,-1,nan,nan,nan,nan,nan,nan,nan,nan,nan,nan,nan,nan,nan,nan,nan,nan,nan,nan,nan,nan,nan,nan
0.06,0.0062500000000000056,0.55,0,-1,nan,nan,nan,nan,nan,nan,nan,nan,nan,nan,nan,nan,nan,nan,nan,nan,nan,nan,nan,nan,nan,nan
0.06,0.0062500000000000056,0.8999999999999999,0,-1,nan,nan,nan,nan,nan,nan,nan,nan,nan,nan,nan,nan,nan,nan,nan,nan,nan,nan,nan,nan,nan,nan
0.06,0.0062500000000000056,1.2499999999999998,0,-1,nan,nan,nan,nan,nan,nan,nan,nan,nan,nan,nan,nan,nan,nan,nan,nan,nan,nan,nan,nan,nan,nan
0.06,0.0062500000000000056,1.5999999999999999,0,-1,nan,nan,nan,nan,nan,nan,nan,nan,nan,nan,nan,nan,nan,nan,nan,nan,nan,nan,nan,nan,nan,nan
0.06,0.0062500000000000056,1.95,0,-1,nan,nan,nan,nan,nan,nan,nan,nan,nan,nan,nan,nan,nan,nan,nan,nan,nan,nan,nan,nan,nan,nan
0.06,0.0062500000000000056,2.3,0,-1,nan,nan,nan,nan,nan,nan,nan,nan,nan,nan,nan,nan,nan,nan,nan,nan,nan,nan,nan,nan,nan,nan
0.06,0.0062500000000000056,2.65,0,-1,nan,nan,nan,nan,nan,nan,nan,nan,nan,nan,nan,nan,nan,nan,nan,nan,nan,nan,nan,nan,nan,nan
0.06,0.0062500000000000056,3.0,0,-1,nan,nan,nan,nan,nan,nan,nan,nan,nan,nan,nan,nan,nan,nan,nan,nan,nan,nan,nan,nan,nan,nan
0.06,0.02500000000000001,0.2,1,1,9.131877476420414e-09,1.1102230246251565e-16,0.0,6.741895529800269,1.5059602075320089,0.7008734726412156,3.5338363757786406,1.5059602075320089,3.504367363206078,3.5338363757786406,8.649707554151501,2.505960207532009,0.9008734726412156,1.907812024351232,1.4414579739542641,0.4504556168607075,0.018243739218627916,-1.020763977697655,0.02180543238908802,-1.0425694100867429,-0.6380556782987268,0.25810910628272987
0.06,0.02500000000000001,0.55,1,1,1.0750834888995087e-08,1.1102230246251565e-16,0.0,3.403662648233974,1.504365064044869,0.33638043994379685,0.648751288203882,1.504365064044869,0.6116007998978124,1.504365064044869,8.650145715199862,2.504365064044869,0.8863804399437969,5.246483066965888,1.4414579739542641,1.2387529463669458,0.09392028285122679,-0.37510917279172173,0.021817835821991736,-0.3969270086137135,-0.192707249719675,0.2568346366838621
0.06,0.02500000000000001,0.8999999999999999,1,1,7.540819524365361e-09,2.220446049250313e-16,0.0,0.0655743268991511,1.502779622949335,-0.02748634932153715,0.007638107139623026,1.502779622949335,-0.030540388135041282,1.502779622949335,8.650728436479694,2.502779622949335,0.8725136506784628,8.585154109580543,1.4414579739542641,2.027050275873184,0.16959682648382562,0.26982845266377076,0.021833940281188884,0.24799451238258188,0.25192897199653075,0.25561519840406055
0.06,0.02500000000000001,1.2499999999999998,1,1,6.124701101839491e-08,2.220446049250313e-16,0.0,-3.2723602959007057,1.5012432454801665,-0.3907675562415296,-0.27443880249269326,1.5012432454801665,-0.3126140449932237,1.5012432454801665,8.651464856294492,2.5012432454801665,0.8592324437584702,11.923825152195198,1.4414579739542641,2.8153476053794213,0.24527337011642447,0.9140954061761396,0.02185367402149798,0.8922417321546416,0.6959001144005996,0.2544490973834808
0.06,0.02500000000000001,1.5999999999999999,1,1,1.755494594135598e-08,1.1102230246251565e-16,0.0,-6.610116369608901,1.4997875676285979,-0.7534850336383061,-0.4330953656097703,1.4997875676285979,-0.47092814602394134,1.4997875676285979,8.652379825200953,2.499787567628598,0.8465149663616938,15.262496194809854,1.4414579739542641,3.60364493488566,0.3209499137490233,1.5577359799312136,0.021877777274241127,1.5358582026569725,1.1392512204804381,0.25335548143404396
0.06,0.02500000000000001,1.95,1,1,2.6983929757307124e-08,2.220446049250313e-16,0.0,-9.947679898242228,1.4984821994175728,-1.1156749384201214,-0.5347879394486627,1.4984821994175728,-0.5721409940616008,1.4984821994175728,8.653487339182284,2.4984821994175728,0.8343250615798786,18.601167237424512,1.4414579739542641,4.391942264391898,0.3966264573816222,2.200794099838133,0.021906873575432976,2.1788872262627,1.582026432368167,0.2523359443067628
0.06,0.02500000000000001,2.3,1,1,5.07333801635923e-08,1.1102230246251565e-16,0.0,-13.2849603722259,1.497593121916725,-1.477353598093031,-0.6055176981095862,1.497593121916725,-0.6423276513447962,1.497593121916725,8.654877907813265,2.497593121916725,0.8226464019069688,21.939838280039165,1.4414579739542641,5.180239593898136,0.47230300101422107,2.843334004029571,0.021942711007196834,2.821391293022374,2.02429367068882,0.25144513579212546
0.06,0.02500000000000001,2.65,1,1,6.215890380190103e-08,2.220446049250313e-16,0.0,-16.62181821633653,1.4975504516522067,-1.8385158542173963,-0.6575474053543405,1.4975504516522067,-0.6937795676292061,1.4975504516522067,8.656691106317293,2.4975504516522067,0.8114841457826036,25.27850932265382,1.4414579739542641,5.968536923404375,0.54797954464682,3.4854228810342343,0.021989455245185356,3.463433425789049,2.4661243328088576,0.25077156717419025
0.06,0.02500000000000001,3.0,1,1,8.309452681487528e-08,2.220446049250313e-16,0.0,-19.957452559806136,1.500747551914567,-2.19905129817887,-0.6973940935155055,1.500747551914567,-0.7330170993929567,1.500747551914567,8.659727805462344,2.500747551914567,0.8009487018211303,28.61718036526848,1.4414579739542641,6.756834252910612,0.6236560882794189,4.127230261281131,0.02206785468420838,4.105162406596922,2.9077152530085555,0.2507073564683198
0.06,0.04375000000000001,0.2,1,1,2.4253907326965418e-08,2.220446049250313e-16,0.0,6.913076573040687,2.629324209157195,0.7209565575905406,3.62356274350013,2.629324209157195,3.604782787952703,3.62356274350013,8.820888597391919,3.629324209157195,0.9209565575905406,1.907812024351232,1.4414579739542641,0.4504556168607075,-0.0005062607813720865,-0.9812346560622606,0.02505315389746994,-1.0062878099597306,-0.591503215577289,0.40687400340117896
0.06,0.04375000000000001,0.55,1,1,1.7831016663194532e-08,2.220446049250313e-16,0.0,3.5739670896033484,2.669350681808939,0.35619822440590443,0.6812119745714192,2.669350681808939,0.6476331352834626,2.669350681808939,8.820450156569237,3.669350681808939,0.9061982244059045,5.246483066965888,1.4414579739542641,1.2387529463669458,0.07517028285122679,-0.3315947420620534,0.02504587943039361,-0.356640621492447,-0.14220259611624608,0.4110095482096295
0.06,0.04375000000000001,0.8999999999999999,1,1,3.261989078851002e-08,2.220446049250313e-16,0.0,0.2342142356790795,2.7071043918986053,-0.00792023103167716,0.027281308254875677,2.7071043918986053,-0.008800256701863513,2.7071043918986053,8.819368345259623,3.7071043918986053,0.8920797689683228,8.585154109580543,1.4414579739542641,2.027050275873184,0.15084682648382564,0.3174981719962572,0.02502076449905743,0.29247740749719975,0.3065302616379443,0.4152618992980698
0.06,0.04375000000000001,1.2499999999999998,1,1,7.1299730564078345e-09,1.1102230246251565e-16,0.0,-3.107019617228378,2.7412899530312362,-0.37132185926751904,-0.2605723899478994,2.7412899530312362,-0.2970574874140153,2.7412899530312362,8.81680553496682,3.7412899530312362,0.8786781407324807,11.923825152195198,1.4414579739542641,2.8153476053794213,0.22652337011642448,0.9664096871534446,0.024954245252081775,0.9414554419013628,0.7550342648676603,0.42000757313166565
0.06,0.04375000000000001,1.5999999999999999,1,1,6.25950491439653e-08,1.1102230246251565e-16,-0.0,-6.447822685259759,2.773929925873785,-0.7341049234772062,-0.4224618701266178,2.773929925873785,-0.45881557717325394,2.773929925873785,8.814673509550095,3.773929925873785,0.8658950765227936,15.262496194809854,1.4414579739542641,3.60364493488566,0.30219991374902333,1.6150224643743525,0.024904141420316574,1.5901183229540359,1.2032489618384505,0.4251542096155594
0.06,0.04375000000000001,1.95,1,1,3.635848244698536e-08,2.220446049250313e-16,-0.0,-9.78903279933693,2.804368087740956,-1.0963695654665928,-0.5262590607562487,2.804368087740956,-0.562240802803381,2.804368087740956,8.812134438087583,3.804368087740956,0.8536304345334073,18.601167237424512,1.4414579739542641,4.391942264391898,0.37787645738162223,2.2633077784013507,0.024843952415819066,2.2384638259855314,1.6511218580253169,0.4304979071486407
0.06,0.04375000000000001,2.3,1,1,2.2077983885537833e-08,1.1102230246251565e-16,0.0,-13.131130723544608,2.831633536133558,-1.4580813369778922,-0.5985062677281123,2.831633536133558,-0.6339484073816923,2.831633536133558,8.808707556494557,3.831633536133558,0.8419186630221077,21.939838280039165,1.4414579739542641,5.180239593898136,0.4535530010142211,2.911304563109148,0.024762265729327812,2.8865422973798203,2.0986744539671442,0.43605989677682055
0.06,0.04375000000000001,2.65,1,1,1.0920235382627652e-08,2.220446049250313e-16,0.0,-16.473677936921717,2.856882726838309,-1.8193195844108279,-0.6516870803832769,2.856882726838309,-0.6865356922305011,2.856882726838309,8.804831385732102,3.856882726838309,0.8306804155891719,25.27850932265382,1.4414579739542641,5.968536923404375,0.52922954464682,3.5589219678153063,0.024669705005808618,3.5342522628094977,2.545831586594195,0.44171839208863123
0.06,0.04375000000000001,3.0,1,1,6.639748306724869e-09,2.220446049250313e-16,0.0,-19.81642802552995,2.880568521368519,-2.180123880144812,-0.6924661260331696,2.880568521368519,-0.7267079600482708,2.880568521368519,8.800752339738532,3.880568521368519,0.8198761198551879,28.61718036526848,1.4414579739542641,6.756834252910612,0.6049060882794188,4.20609005433006,0.024570954371414034,4.1815190999586465,2.992533418426851,0.44738488268020704
0.06,0.06250000000000001,0.2,1,1,1.0521947757524686e-08,1.1102230246251565e-16,-0.0,6.731493550642048,3.1605480611364474,0.7164927074231209,3.528384067571411,3.1605480611364474,3.582463537115604,3.582463537115604,8.63930557499328,4.160548061136447,0.9164927074231208,1.907812024351232,1.4414579739542641,0.4504556168607075,-0.01925626078137209,-0.986241720263634,0.021091014303628863,-1.007332734567263,-0.6034431215287399,0.4719661397281548
0.06,0.06250000000000001,0.55,1,1,8.696222408843823e-09,1.1102230246251565e-16,-0.0,3.3859671594060554,3.175198356334845,0.35293068329934696,0.6453784594723195,3.175198356334845,0.641692151453358,3.175198356334845,8.632450226371944,4.175198356334845,0.902930683299347,5.246483066965888,1.4414579739542641,1.2387529463669458,0.056420282851226786,-0.3345591845949701,0.020920763410957534,-0.35547994800592764,-0.15232191844156412,0.47855251437008867
0.06,0.06250000000000001,0.8999999999999999,1,1,7.226105935842497e-09,1.1102230246251565e-16,-0.0,0.0404230673291881,3.1887158754949514,-0.0100774662683486,0.004708484764889457,3.1887158754949514,-0.011197184742609558,3.1887158754949514,8.625577176909731,4.188715875494951,0.8899225337316513,8.585154109580543,1.4414579739542641,2.027050275873184,0.13209682648382565,0.31655074370327235,0.02075087723902429,0.29579986646424805,0.2982252505039993,0.48517268522913237
0.06,0.06250000000000001,1.2499999999999998,1,1,6.053820555962375e-09,1.1102230246251565e-16,-0.0,-3.3050504460904904,3.201284277837815,-0.3725709593295392,-0.27718038497755265,3.201284277837815,-0.2980567674636314,3.201284277837815,8.618774706104707,4.201284277837815,0.8774290406704606,11.923825152195198,1.4414579739542641,2.8153476053794213,0.2077733701164245,0.9671074950200846,0.020583844471344967,0.9465236505487397,0.7482206237833104,0.49181231798722314
0.06,0.06250000000000001,1.5999999999999999,1,1,5.09269071358176e-09,1.1102230246251565e-16,-0.0,-6.650397915799365,3.213031886463388,-0.7345826218367638,-0.4357346158134271,3.213031886463388,-0.4591141386479774,3.213031886463388,8.612098279010489,4.213031886463388,0.865417378163236,15.262496194809854,1.4414579739542641,3.60364493488566,0.28344991374902334,1.617126104866562,0.020421071258428524,1.5967050336081334,1.1976811586601719,0.4984561704555255
0.06,0.06250000000000001,1.95,1,1,9.055827376869274e-08,1.1102230246251565e-16,-0.0,-9.995571064745516,3.224057900218539,-1.096142056747355,-0.5373625717764089,3.224057900218539,-0.5621241316653103,3.224057900218539,8.605596172678997,4.224057900218539,0.853857943252645,18.601167237424512,1.4414579739542641,4.391942264391898,0.35912645738162224,2.2666231467767965,0.020263646445638703,2.246359500331158,1.646625236446427,0.5050925531677494
0.06,0.06250000000000001,2.3,1,1,7.727655315648008e-08,2.220446049250313e-16,-0.0,-13.340560197512758,3.234318697897848,-1.4572724519463733,-0.6080518929644975,3.234318697897848,-0.6335967182375537,3.234318697897848,8.599278082526407,4.234318697897848,0.8427275480536265,21.939838280039165,1.4414579739542641,5.180239593898136,0.4348030010142211,2.915614375900949,0.020111662247842988,2.8955027136531064,2.095069101802341,0.5117065737512715
0.06,0.06250000000000001,2.65,1,1,6.662370211074631e-08,1.1102230246251565e-16,-0.0,-16.685351056863205,3.2439685328571066,-1.8179995481024733,-0.6600607197161862,3.2439685328571066,-0.686037565321688,3.2439685328571066,8.593158265790617,4.243968532857107,0.8320004518975266,25.27850932265382,1.4414579739542641,5.968536923404375,0.51047954464682,3.564113263886974,0.019965439741958493,3.5441478241450155,2.543026760733223,0.5182903405678674
0.06,0.06250000000000001,3.0,0,-1,nan,nan,nan,nan,nan,nan,nan,nan,nan,nan,nan,nan,nan,nan,nan,nan,nan,nan,nan,nan,nan,nan
0.06,0.08125000000000003,0.2,1,1,2.2252095277508488e-08,1.1102230246251565e-16,0.0,6.590653451100788,3.3211652442725237,0.7165151103490592,3.4545612287678065,3.3211652442725237,3.582575551745296,3.582575551745296,8.49846547545202,4.321165244272524,0.9165151103490592,1.907812024351232,1.4414579739542641,0.4504556168607075,-0.038006260781372106,-0.9988756433901056,0.01823480407327687,-1.0171104474633825,-0.6216712403973351,0.5260758920804726
0.06,0.08125000000000003,0.55,1,1,2.7329544849408194e-08,2.220446049250313e-16,-0.0,3.247160154795159,3.3279127339170085,0.3532619208881904,0.6189213065873927,3.3279127339170085,0.6422944016148916,3.3279127339170085,8.493643221761047,4.3279127339170085,0.9032619208881905,5.246483066965888,1.4414579739542641,1.2387529463669458,0.03767028285122677,-0.3459917628422265,0.018117963389199226,-0.36410972623142573,-0.16928011694371625,0.5339431735319212
0.06,0.08125000000000003,0.8999999999999999,1,1,3.1325498639489524e-08,1.1102230246251565e-16,0.0,-0.09592504806673574,3.334200864800102,-0.009495186328288718,-0.011173363557875897,3.334200864800102,-0.01055020703143191,3.334200864800102,8.489229061513807,4.334200864800102,0.8905048136717112,8.585154109580543,1.4414579739542641,2.027050275873184,0.11334682648382562,0.3062845376317334,0.018010601877303776,0.2882739357544296,0.28251843287042533,0.5417883778954046
0.06,0.08125000000000003,1.2499999999999998,1,1,2.82106711324559e-08,1.1102230246251565e-16,0.0,-3.4385987066080066,3.3386029695150112,-0.3717928424907063,-0.288380503967299,3.3386029695150112,-0.2974342739925651,3.3386029695150112,8.485226445587191,4.338602969515011,0.8782071575092935,11.923825152195198,1.4414579739542641,2.8153476053794213,0.18902337011642445,0.9578415478253988,0.01791196510819115,0.9399295827172076,0.7336136603207276,0.5493399577465745
0.06,0.08125000000000003,1.5999999999999999,1,1,2.632451412409864e-08,1.1102230246251565e-16,0.0,-6.781669780840762,3.3381699122320336,-0.7337017152136726,-0.44433555915623607,3.3381699122320336,-0.45856357200854536,3.3381699122320336,8.480826413969092,4.338169912232034,0.8662982847863273,15.262496194809854,1.4414579739542641,3.60364493488566,0.2646999137490233,1.6081189530425708,0.01781109800600992,1.5903078550365608,1.1834076681861152,0.5556738138410995
0.06,0.08125000000000003,1.95,1,1,2.4321739289234756e-08,2.220446049250313e-16,-0.0,-10.124265952044688,3.335129307190254,-1.0952444635721301,-0.5442812175611877,3.335129307190254,-0.5616638274728872,3.335129307190254,8.476901285379824,4.335129307190254,0.8547555364278698,18.601167237424512,1.4414579739542641,4.391942264391898,0.3403764573816222,2.2573088011249385,0.017719512955586495,2.239589288169352,1.6321333310466708,0.5611760516273679
0.06,0.08125000000000003,2.3,1,1,1.9477340629237005e-08,1.1102230246251565e-16,-0.0,-13.465655505629744,3.333684552943465,-1.4564200702257573,-0.6137536354532194,3.333684552943465,-0.6332261174894597,3.333684552943465,8.474182774409421,4.333684552943465,0.8435799297742426,21.939838280039165,1.4414579739542641,5.180239593898136,0.41605300101422105,2.9059549981303197,0.017649735138601817,2.8883052629917176,2.080365932653933,0.5667647274747348
0.06,0.08125000000000003,2.65,1,1,1.5082093796081608e-08,1.1102230246251565e-16,0.0,-16.805412199075043,3.334052407960268,-1.8172718444632703,-0.664810253823573,3.334052407960268,-0.685762960174819,3.334052407960268,8.473097123578777,4.334052407960268,0.8327281555367296,25.27850932265382,1.4414579739542641,5.968536923404375,0.49172954464681995,3.55406255873902,0.01760901342880716,3.536453545310213,2.52812881336571,0.5724277291249511
0.06,0.08125000000000003,3.0,1,1,1.3695391487544839e-08,1.1102230246251565e-16,-0.0,-20.142179258549188,3.3381393310535312,-2.178072837135892,-0.7038491913408401,3.3381393310535312,-0.7260242790452973,3.3381393310535312,8.475001106719294,4.338139331053531,0.8219271628641079,28.61718036526848,1.4414579739542641,6.756834252910612,0.5674060882794189,4.200532580294675,0.017632293123055084,4.18290028717162,2.97436953165867,0.5769329622054592
0.06,0.1,0.2,0,-1,nan,nan,nan,nan,nan,nan,nan,nan,nan,nan,nan,nan,nan,nan,nan,nan,nan,nan,nan,nan,nan,nan
0.06,0.1,0.55,1,1,2.3236911061985666e-08,2.220446049250313e-16,-0.0,3.178545528882845,3.3745003855234303,0.34993768738445286,0.6058430930419528,3.3745003855234303,0.6362503406990051,3.3745003855234303,8.425028595848733,4.37450038552343,0.8999376873844529,5.246483066965888,1.4414579739542641,1.2387529463669458,0.018920282851226794,-0.3673264252045205,0.016882304883602463,-0.384208730088123,-0.1934959983551522,0.5727114395845098
0.06,0.1,0.8999999999999999,1,1,2.316196656693137e-08,2.220446049250313e-16,0.0,-0.15651259150437014,3.3816834907288547,-0.013783258184246305,-0.018230609434222153,3.3816834907288547,-0.015314731315829229,3.3816834907288547,8.428641518076173,4.381683490728855,0.8862167418157536,8.585154109580543,1.4414579739542641,2.027050275873184,0.09459682648382564,0.28069648177515266,0.016929638340305895,0.26376684343484674,0.25437608794458477,0.5756566477132307
0.06,0.1,1.2499999999999998,0,-1,nan,nan,nan,nan,nan,nan,nan,nan,nan,nan,nan,nan,nan,nan,nan,nan,nan,nan,nan,nan,nan,nan
0.06,0.1,1.5999999999999999,1,1,2.6563991895045547e-08,1.1102230246251565e-16,-0.0,-6.832856842747162,3.3975551785913076,-0.7389931353532277,-0.44768933964227525,3.3975551785913076,-0.46187070959576737,3.3975551785913076,8.429639352062692,4.397555178591308,0.8610068646467721,15.262496194809854,1.4414579739542641,3.60364493488566,0.24594991374902334,1.5769989620441538,0.01691854734854441,1.5600804146956093,1.1501090041307798,0.5844211064853932
0.06,0.1,1.95,0,-1,nan,nan,nan,nan,nan,nan,nan,nan,nan,nan,nan,nan,nan,nan,nan,nan,nan,nan,nan,nan,nan,nan
0.06,0.1,2.3,0,-1,nan,nan,nan,nan,nan,nan,nan,nan,nan,nan,nan,nan,nan,nan,nan,nan,nan,nan,nan,nan,nan,nan
0.06,0.1,2.65,1,1,1.9674544660119864e-08,1.1102230246251565e-16,-0.0,-16.855098597254518,3.422821852794317,-1.8232376797526748,-0.6667758126919888,3.422821852794317,-0.6880142187745943,3.422821852794317,8.423410725399304,4.422821852794317,0.8267623202473251,25.27850932265382,1.4414579739542641,5.968536923404375,0.47297954464682,3.515457815917061,0.016768162015962502,3.4986896539010988,2.4873837380658284,0.5957635052359003
0.06,0.1,3.0,1,1,1.7714107514166244e-08,2.220446049250313e-16,-0.0,-20.196391264515135,3.431233883498047,-2.183880294046764,-0.7057435780440019,3.431233883498047,-0.727960098015588,3.431233883498047,8.420789100753346,4.431233883498047,0.8161197059532361,28.61718036526848,1.4414579739542641,6.756834252910612,0.5486560882794189,4.15988445865985,0.01671037319322339,4.143174085466626,2.9313906095957196,0.5987380835325269
0.075,-0.05,0.2,0,-1,nan,nan,nan,nan,nan,nan,nan,nan,nan,nan,nan,nan,nan,nan,nan,nan,nan,nan,nan,nan,nan,nan
0.075,-0.05,0.55,0,-1,nan,nan,nan,nan,nan,nan,nan,nan,nan,nan,nan,nan,nan,nan,nan,nan,nan,nan,nan,nan,nan,nan
0.075,-0.05,0.8999999999999999,0,-1,nan,nan,nan,nan,nan,nan,nan,nan,nan,nan,nan,nan,nan,nan,nan,nan,nan,nan,nan,nan,nan,nan
0.075,-0.05,1.2499999999999998,0,-1,nan,nan,nan,nan,nan,nan,nan,nan,nan,nan,nan,nan,nan,nan,nan,nan,nan,nan,nan,nan,nan,nan
0.075,-0.05,1.5999999999999999,0,-1,nan,nan,nan,nan,nan,nan,nan,nan,nan,nan,nan,nan,nan,nan,nan,nan,nan,nan,nan,nan,nan,nan
0.075,-0.05,1.95,0,-1,nan,nan,nan,nan,nan,nan,nan,nan,nan,nan,nan,nan,nan,nan,nan,nan,nan,nan,nan,nan,nan,nan
0.075,-0.05,2.3,0,-1,nan,nan,nan,nan,nan,nan,nan,nan,nan,nan,nan,nan,nan,nan,nan,nan,nan,nan,nan,nan,nan,nan
0.075,-0.05,2.65,0,-1,nan,nan,nan,nan,nan,nan,nan,nan,nan,nan,nan,nan,nan,nan,nan,nan,nan,nan,nan,nan,nan,nan
0.075,-0.05,3.0,0,-1,nan,nan,nan,nan,nan,nan,nan,nan,nan,nan,nan,nan,nan,nan,nan,nan,nan,nan,nan,nan,nan,nan
0.075,-0.03125,0.2,0,-1,nan,nan,nan,nan,nan,nan,nan,nan,nan,nan,nan,nan,nan,nan,nan,nan,nan,nan,nan,nan,nan,nan
0.075,-0.03125,0.55,0,-1,nan,nan,nan,nan,nan,nan,nan,nan,nan,nan,nan,nan,nan,nan,nan,nan,nan,nan,nan,nan,nan,nan
0.075,-0.03125,0.8999999999999999,0,-1,nan,nan,nan,nan,nan,nan,nan,nan,nan,nan,nan,nan,nan,nan,nan,nan,nan,nan,nan,nan,nan,nan
0.075,-0.03125,1.2499999999999998,0,-1,nan,nan,nan,nan,nan,nan,nan,nan,nan,nan,nan,nan,nan,nan,nan,nan,nan,nan,nan,nan,nan,nan
0.075,-0.03125,1.5999999999999999,0,-1,nan,nan,nan,nan,nan,nan,nan,nan,nan,nan,nan,nan,nan,nan,nan,nan,nan,nan,nan,nan,nan,nan
0.075,-0.03125,1.95,0,-1,nan,nan,nan,nan,nan,nan,nan,nan,nan,nan,nan,nan,nan,nan,nan,nan,nan,nan,nan,nan,nan,nan
0.075,-0.03125,2.3,0,-1,nan,nan,nan,nan,nan,nan,nan,nan,nan,nan,nan,nan,nan,nan,nan,nan,nan,nan,nan,nan,nan,nan
0.075,-0.03125,2.65,0,-1,nan,nan,nan,nan,nan,nan,nan,nan,nan,nan,nan,nan,nan,nan,nan,nan,nan,nan,nan,nan,nan,nan
0.075,-0.03125,3.0,0,-1,nan,nan,nan,nan,nan,nan,nan,nan,nan,nan,nan,nan,nan,nan,nan,nan,nan,nan,nan,nan,nan,nan
0.075,-0.012499999999999997,0.2,0,-1,nan,nan,nan,nan,nan,nan,nan,nan,nan,nan,nan,nan,nan,nan,nan,nan,nan,nan,nan,nan,nan,nan
0.075,-0.012499999999999997,0.55,0,-1,nan,nan,nan,nan,nan,nan,nan,nan,nan,nan,nan,nan,nan,nan,nan,nan,nan,nan,nan,nan,nan,nan
0.075,-0.012499999999999997,0.8999999999999999,0,-1,nan,nan,nan,nan,nan,nan,nan,nan,nan,nan,nan,nan,nan,nan,nan,nan,nan,nan,nan,nan,nan,nan
0.075,-0.012499999999999997,1.2499999999999998,0,-1,nan,nan,nan,nan,nan,nan,nan,nan,nan,nan,nan,nan,nan,nan,nan,nan,nan,nan,nan,nan,nan,nan
0.075,-0.012499999999999997,1.5999999999999999,0,-1,nan,nan,nan,nan,nan,nan,nan,nan,nan,nan,nan,nan,nan,nan,nan,nan,nan,nan,nan,nan,nan,nan
0.075,-0.012499999999999997,1.95,0,-1,nan,nan,nan,nan,nan,nan,nan,nan,nan,nan,nan,nan,nan,nan,nan,nan,nan,nan,nan,nan,nan,nan
0.075,-0.012499999999999997,2.3,0,-1,nan,nan,nan,nan,nan,nan,nan,nan,nan,nan,nan,nan,nan,nan,nan,nan,nan,nan,nan,nan,nan,nan
0.075,-0.012499999999999997,2.65,0,-1,nan,nan,nan,nan,nan,nan,nan,nan,nan,nan,nan,nan,nan,nan,nan,nan,nan,nan,nan,nan,nan,nan
0.075,-0.012499999999999997,3.0,0,-1,nan,nan,nan,nan,nan,nan,nan,nan,nan,nan,nan,nan,nan,nan,nan,nan,nan,nan,nan,nan,nan,nan
0.075,0.0062500000000000056,0.2,0,-1,nan,nan,nan,nan,nan,nan,nan,nan,nan,nan,nan,nan,nan,nan,nan,nan,nan,nan,nan,nan,nan,nan
0.075,0.0062500000000000056,0.55,0,-1,nan,nan,nan,nan,nan,nan,nan,nan,nan,nan,nan,nan,nan,nan,nan,nan,nan,nan,nan,nan,nan,nan
0.075,0.0062500000000000056,0.8999999999999999,0,-1,nan,nan,nan,nan,nan,nan,nan,nan,nan,nan,nan,nan,nan,nan,nan,nan,nan,nan,nan,nan,nan,nan
0.075,0.0062500000000000056,1.2499999999999998,0,-1,nan,nan,nan,nan,nan,nan,nan,nan,nan,nan,nan,nan,nan,nan,nan,nan,nan,nan,nan,nan,nan,nan
0.075,0.0062500000000000056,1.5999999999999999,0,-1,nan,nan,nan,nan,nan,nan,nan,nan,nan,nan,nan,nan,nan,nan,nan,nan,nan,nan,nan,nan,nan,nan
0.075,0.0062500000000000056,1.95,0,-1,nan,nan,nan,nan,nan,nan,nan,nan,nan,nan,nan,nan,nan,nan,nan,nan,nan,nan,nan,nan,nan,nan
0.075,0.0062500000000000056,2.3,0,-1,nan,nan,nan,nan,nan,nan,nan,nan,nan,nan,nan,nan,nan,nan,nan,nan,nan,nan,nan,nan,nan,nan
0.075,0.0062500000000000056,2.65,0,-1,nan,nan,nan,nan,nan,nan,nan,nan,nan,nan,nan,nan,nan,nan,nan,nan,nan,nan,nan,nan,nan,nan
0.075,0.0062500000000000056,3.0,0,-1,nan,nan,nan,nan,nan,nan,nan,nan,nan,nan,nan,nan,nan,nan,nan,nan,nan,nan,nan,nan,nan,nan
0.075,0.02500000000000001,0.2,0,-1,nan,nan,nan,nan,nan,nan,nan,nan,nan,nan,nan,nan,nan,nan,nan,nan,nan,nan,nan,nan,nan,nan
0.075,0.02500000000000001,0.55,0,-1,nan,nan,nan,nan,nan,nan,nan,nan,nan,nan,nan,nan,nan,nan,nan,nan,nan,nan,nan,nan,nan,nan
0.075,0.02500000000000001,0.8999999999999999,0,-1,nan,nan,nan,nan,nan,nan,nan,nan,nan,nan,nan,nan,nan,nan,nan,nan,nan,nan,nan,nan,nan,nan
0.075,0.02500000000000001,1.2499999999999998,0,-1,nan,nan,nan,nan,nan,nan,nan,nan,nan,nan,nan,nan,nan,nan,nan,nan,nan,nan,nan,nan,nan,nan
0.075,0.02500000000000001,1.5999999999999999,0,-1,nan,nan,nan,nan,nan,nan,nan,nan,nan,nan,nan,nan,nan,nan,nan,nan,nan,nan,nan,nan,nan,nan
0.075,0.02500000000000001,1.95,0,-1,nan,nan,nan,nan,nan,nan,nan,nan,nan,nan,nan,nan,nan,nan,nan,nan,nan,nan,nan,nan,nan,nan
0.075,0.02500000000000001,2.3,0,-1,nan,nan,nan,nan,nan,nan,nan,nan,nan,nan,nan,nan,nan,nan,nan,nan,nan,nan,nan,nan,nan,nan
0.075,0.02500000000000001,2.65,0,-1,nan,nan,nan,nan,nan,nan,nan,nan,nan,nan,nan,nan,nan,nan,nan,nan,nan,nan,nan,nan,nan,nan
0.075,0.02500000000000001,3.0,0,-1,nan,nan,nan,nan,nan,nan,nan,nan,nan,nan,nan,nan,nan,nan,nan,nan,nan,nan,nan,nan,nan,nan
0.075,0.04375000000000001,0.2,1,1,4.812478593407832e-08,2.220446049250313e-16,0.0,7.262947775714279,2.3514556414216727,0.7210298356459617,4.907499547885803,2.3514556414216727,3.605149178229808,4.907499547885803,8.742916893356526,3.3514556414216727,0.9210298356459616,1.4799691176422471,1.3155281045708864,0.41110253267840197,-0.004284156862873416,-0.8854610976846718,0.02958154262905561,-0.9150426403137275,-0.3703215571351566,0.5388091442160257
0.075,0.04375000000000001,0.55,1,1,3.254472602520764e-08,1.1102230246251565e-16,0.0,4.67649136764072,2.3803773543038016,0.3570982441465951,1.1490390544195046,2.3803773543038016,0.649269534811991,2.3803773543038016,8.7464064411569,3.3803773543038016,0.9070982441465951,4.06991507351618,1.3155281045708864,1.1305319648656056,0.06478106862709813,-0.2803190481294318,0.02967346266775109,-0.30999251079718293,0.04074434177587094,0.544192563014237
0.075,0.04375000000000001,0.8999999999999999,1,1,2.681701261053604e-08,1.1102230246251565e-16,0.0,2.0895311664525718,2.408976710563256,-0.006290171926905175,0.3137499652367257,2.408976710563256,-0.006989079918783528,2.408976710563256,8.749392195842683,3.408976710563256,0.8937098280730947,6.659861029390111,1.3155281045708864,1.849961397052809,0.13384629411706964,0.32430937618078076,0.029751864479503516,0.29455751170127725,0.45127234918521975,0.5496313279750202
0.075,0.04375000000000001,1.2499999999999998,1,1,2.333004545107542e-08,1.1102230246251565e-16,0.0,-0.4981145681275496,2.437109703211986,-0.3691902953389704,-0.05385134726822957,2.437109703211986,-0.2953522362711764,2.437109703211986,8.751692417136493,3.437109703211986,0.8808097046610294,9.249806985264042,1.3155281045708864,2.5693908292400116,0.20291151960704115,0.9284668055040227,0.02981239297769544,0.8986544125263273,0.8612958199167613,0.5550911394219292
0.075,0.04375000000000001,1.5999999999999999,1,1,1.9103417514543253e-08,2.220446049250313e-16,-3.2903557894793215e-27,-3.08608585261889,2.4648369351567245,-0.7316085939167448,-0.26065458189554686,2.4648369351567245,-0.45725537119796555,2.4648369351567245,8.753667088519085,3.4648369351567245,0.868391406083255,11.839752941137975,1.3155281045708864,3.2888202614272157,0.2719767450970127,1.5321299178390932,0.029863710454049626,1.5022662073850437,1.2708097684386264,0.5605624382539556
0.075,0.04375000000000001,1.95,1,1,1.5258656560490635e-08,1.1102230246251565e-16,-4.248085086531975e-30,-5.674337369520666,2.492461223180607,-1.0935610414766055,-0.3932401784693999,2.492461223180607,-0.560800534090567,2.492461223180607,8.755361527491242,3.492461223180607,0.8564389585233945,14.429698897011908,1.3155281045708864,4.008249693614419,0.34104197058698427,2.135304062949524,0.029906512375334218,2.1053975505741898,1.6798222478601401,0.5660486684484934
0.075,0.04375000000000001,2.3,1,1,1.2130907833807214e-08,1.1102230246251565e-16,0.0,-8.262893694980125,2.519633458210319,-1.4550837233269363,-0.4854915461751879,2.519633458210319,-0.632645097098668,2.519633458210319,8.756751157905715,3.519633458210319,0.8449162766730637,17.01964485288584,1.3155281045708864,4.727679125801623,0.4101071960769558,2.7380535100134065,0.02994122042525031,2.708112289588156,2.0883952624646467,0.5715562146998823
0.075,0.04375000000000001,2.65,1,1,9.388891442085878e-09,1.1102230246251565e-16,0.0,-10.851710877759317,2.5461892797355787,-1.8162004968801155,-0.5533879306095344,2.5461892797355787,-0.6853586780679681,2.5461892797355787,8.757879931000456,3.5461892797355787,0.8337995031198845,19.609590808759773,1.3155281045708864,5.447108557988827,0.47917242156692735,3.3404076878124793,0.02996942044022798,3.3104382673722514,2.496559951540302,0.577082350260889
0.075,0.04375000000000001,3.0,1,1,1.1326005022738173e-08,1.1102230246251565e-16,0.0,-13.440763627849584,2.5721390166606684,-2.176932184066583,-0.6054524367040934,2.5721390166606684,-0.7256440613555277,2.5721390166606684,8.758773136784122,3.5721390166606684,0.823067815933417,22.199536764633706,1.3155281045708864,6.166537990176029,0.5482376470568988,3.9423811604716956,0.029991827708129463,3.912389332763566,2.904332060674848,0.5826199909096148
0.075,0.06250000000000001,0.2,1,1,8.714964394584968e-08,2.220446049250313e-16,0.0,7.227144342529725,2.8861847524844833,0.7199953338764524,4.8833075341756835,2.8861847524844833,3.599976669382262,4.8833075341756835,8.707113460171971,3.8861847524844833,0.9199953338764525,1.4799691176422471,1.3155281045708864,0.41110253267840197,-0.02303415686287342,-0.8815840142937881,0.028327909309821264,-0.9099119236036093,-0.36787609791388,0.6176084314596166
0.075,0.06250000000000001,0.55,1,1,1.5760946325826808e-08,1.1102230246251565e-16,0.0,4.63578933008071,2.908219180753443,0.35602080425019034,1.1390383451111294,2.908219180753443,0.6473105531821642,2.908219180753443,8.70570440359689,3.908219180753443,0.9060208042501904,4.06991507351618,1.3155281045708864,1.1305319648656056,0.04603106862709813,-0.2746105452601417,0.028289297773294735,-0.3028998430334365,0.044784356722616825,0.6246501232523043
0.075,0.06250000000000001,0.8999999999999999,1,1,1.0739093170286651e-08,1.1102230246251565e-16,0.0,2.0443941018227356,2.928655152654444,-0.007378483762540244,0.3069724867832497,2.928655152654444,-0.008198315291711384,2.928655152654444,8.704255131212847,3.928655152654444,0.8926215162374597,6.659861029390111,1.3155281045708864,1.849961397052809,0.11509629411706963,0.3318243472737624,0.028248113191592282,0.30357623408217016,0.456905791718875,0.6316961264148473
0.075,0.06250000000000001,1.2499999999999998,1,1,1.235859770076786e-08,1.1102230246251565e-16,-0.0,-0.5468375679267137,2.9479653585015786,-0.37020400387892016,-0.05911880851112741,2.9479653585015786,-0.2961632031031362,2.9479653585015786,8.702969417337329,3.9479653585015786,0.8797959961210796,9.249806985264042,1.3155281045708864,2.5693908292400116,0.18416151960704114,0.937703349736178,0.02821250367267065,0.9094908460635073,0.868478028469004,0.6387641575770725
0.075,0.06250000000000001,1.5999999999999999,1,1,1.493474144353968e-08,1.1102230246251565e-16,-0.0,-3.1380805749440395,2.9661554183493912,-0.7325123061484978,-0.265046119673712,2.9661554183493912,-0.45782019134281116,2.9661554183493912,8.701672366193936,3.9661554183493912,0.867487693851502,11.839752941137975,1.3155281045708864,3.2888202614272157,0.2532267450970127,1.5430696504202996,0.02817649422975668,1.514893156190543,1.2795371130697395,0.6458273798865515
0.075,0.06250000000000001,1.95,1,1,1.4422411709347216e-08,1.1102230246251565e-16,0.0,-5.729486759215922,2.983285449095897,-1.0943541465547626,-0.39706211474741027,2.983285449095897,-0.561207254643468,2.983285449095897,8.700212137795987,3.983285449095897,0.8556458534452374,14.429698897011908,1.3155281045708864,4.008249693614419,0.3222919705869843,2.1479740389977966,0.028134533681263223,2.1198395053165333,1.690127998375339,0.6528777482193269
0.075,0.06250000000000001,2.3,1,1,1.3394267028843387e-08,2.220446049250313e-16,0.0,-8.32102280173855,2.9994571236604783,-1.4557529310953854,-0.4889069586153934,2.9994571236604783,-0.6329360569979937,2.9994571236604783,8.69862205114729,3.9994571236604783,0.8442470689046144,17.01964485288584,1.3155281045708864,4.727679125801623,0.3913571960769558,2.7524323777829096,0.02808769904576944,2.72434467873714,2.1002679686067482,0.6599127287932176
0.075,0.06250000000000001,2.65,1,1,1.229302171168456e-08,1.1102230246251565e-16,0.0,-10.912647620580067,3.0146999625788373,-1.8167296832696804,-0.5564954275183189,3.0146999625788373,-0.6855583710451625,3.0146999625788373,8.696943188179706,4.014699962578837,0.8332703167303195,19.609590808759773,1.3155281045708864,5.447108557988827,0.46042242156692736,3.3564622044399886,0.028037122632185395,3.328425081807803,2.5099765102642975,0.6669301446884598
0.075,0.06250000000000001,3.0,1,1,1.1159514201608545e-08,1.1102230246251565e-16,0.0,-13.504551060866707,3.0286235031386113,-2.1772849196503765,-0.6083258044546649,3.0286235031386113,-0.7257616398834589,3.0286235031386113,8.694985703767,4.028623503138611,0.8227150803496236,22.199536764633706,1.3155281045708864,6.166537990176029,0.5294876470568989,3.960077298883347,0.0279786292688055,3.9320986696145415,2.9192573400495396,0.6739087310560332
0.075,0.08125000000000003,0.2,1,1,9.262926781161696e-08,2.220446049250313e-16,-0.0,7.150375351119269,3.1320856565084725,0.7170239095112343,4.831435511648108,3.1320856565084725,3.5851195475561712,4.831435511648108,8.630344468761516,4.1320856565084725,0.9170239095112342,1.4799691176422471,1.3155281045708864,0.41110253267840197,-0.041784156862873435,-0.8916008514415483,0.026369432127397507,-0.9179702835689458,-0.38169213223500076,0.6745651662759354
0.075,0.08125000000000003,0.55,1,1,9.25982739374831e-08,2.220446049250313e-16,-0.0,4.558718433950199,3.143231221327584,0.35361243203093085,1.1201016118529767,3.143231221327584,0.6429316946016924,3.143231221327584,8.628633507466379,4.143231221327584,0.9036124320309309,4.06991507351618,1.3155281045708864,1.1305319648656056,0.027281068627098115,-0.28351925524866517,0.026309852439424648,-0.3098291076880898,0.032074774858175115,0.6828713401840402
0.075,0.08125000000000003,0.8999999999999999,0,-1,nan,nan,nan,nan,nan,nan,nan,nan,nan,nan,nan,nan,nan,nan,nan,nan,nan,nan,nan,nan,nan,nan
0.075,0.08125000000000003,1.2499999999999998,1,1,8.564649078834918e-08,2.220446049250313e-16,-0.0,-0.6243650726709777,3.156300137894662,-0.3717721549392933,-0.06750033526814773,3.156300137894662,-0.2974177239514347,3.156300137894662,8.625441912593065,4.156300137894662,0.8782278450607065,9.249806985264042,1.3155281045708864,2.5693908292400116,0.16541151960704115,0.9302360561444627,0.02619170654350215,0.9040443496009606,0.8572169691506375,0.6979511447829848
0.075,0.08125000000000003,1.5999999999999999,1,1,7.887395625516547e-08,1.1102230246251565e-16,-0.0,-3.215795538073232,3.156397943665084,-0.7338751508711481,-0.2716100204168742,3.156397943665084,-0.4586719692944676,3.156397943665084,8.623957403064743,4.156397943665084,0.8661248491288518,11.839752941137975,1.3155281045708864,3.2888202614272157,0.23447674509701266,1.5353516027566219,0.026133185955067445,1.5092184168015543,1.2680337514460616,0.7038727060842342
0.075,0.08125000000000003,1.95,0,-1,nan,nan,nan,nan,nan,nan,nan,nan,nan,nan,nan,nan,nan,nan,nan,nan,nan,nan,nan,nan,nan,nan
0.075,0.08125000000000003,2.3,1,1,6.780939543205022e-08,1.1102230246251565e-16,0.0,-8.396519503311781,3.1596193985832652,-1.4568819652386822,-0.49334281507572547,3.1596193985832652,-0.6334269414081227,3.1596193985832652,8.623125349574059,4.159619398583265,0.8431180347613176,17.01964485288584,1.3155281045708864,4.727679125801623,0.37260719607695575,2.744091037090931,0.0260696668632956,2.718021370227635,2.0882824074792516,0.7159176888472832
0.075,0.08125000000000003,2.65,1,1,4.091225491720252e-08,1.1102230246251565e-16,-0.0,-10.984947486753862,3.1644735284635273,-1.8180853495984926,-0.5601823920694353,3.1644735284635273,-0.6860699432447142,3.1644735284635273,8.62464332200591,4.164473528463527,0.8319146504015074,19.609590808759773,1.3155281045708864,5.447108557988827,0.4416724215669273,3.346641372979851,0.026099254366457006,3.320542118613394,2.496671057106853,0.7208035134749229
0.075,0.08125000000000003,3.0,1,1,4.9730910944845164e-08,2.220446049250313e-16,-0.0,-13.573660140319763,3.1725302760531466,-2.179085402975298,-0.611438891010739,3.1725302760531466,-0.7263618009917661,3.1725302760531466,8.625876624313943,4.172530276053147,0.8209145970247019,22.199536764633706,1.3155281045708864,6.166537990176029,0.5107376470568988,3.9475103149496644,0.02613176899697433,3.92137854595269,2.903354035428708,0.7244712439649736
0.075,0.1,0.2,0,-1,nan,nan,nan,nan,nan,nan,nan,nan,nan,nan,nan,nan,nan,nan,nan,nan,nan,nan,nan,nan,nan,nan
0.075,0.1,0.55,1,1,5.065285080263493e-09,1.1102230246251565e-16,-0.0,4.5111282969210755,3.223081212082443,0.34864501475761367,1.108408459497341,3.223081212082443,0.6339000268320248,3.223081212082443,8.581043370437255,4.223081212082443,0.8986450147576137,4.06991507351618,1.3155281045708864,1.1305319648656056,0.00853106862709814,-0.30495568526331185,0.025151000912673808,-0.33010668617598565,0.008227936093095023,0.7203905254186858
0.075,0.1,0.8999999999999999,0,-1,nan,nan,nan,nan,nan,nan,nan,nan,nan,nan,nan,nan,nan,nan,nan,nan,nan,nan,nan,nan,nan,nan
0.075,0.1,1.2499999999999998,0,-1,nan,nan,nan,nan,nan,nan,nan,nan,nan,nan,nan,nan,nan,nan,nan,nan,nan,nan,nan,nan,nan,nan
0.075,0.1,1.5999999999999999,0,-1,nan,nan,nan,nan,nan,nan,nan,nan,nan,nan,nan,nan,nan,nan,nan,nan,nan,nan,nan,nan,nan,nan
0.075,0.1,1.95,1,1,7.433474280560404e-08,1.1102230246251565e-16,-0.0,-5.848761777108548,3.262306258819649,-1.1015861919681404,-0.4053280542340149,3.262306258819649,-0.5649159958810976,3.262306258819649,8.58093711990336,4.262306258819649,0.8484138080318595,14.429698897011908,1.3155281045708864,4.008249693614419,0.28479197058698424,2.1089226489792345,0.02509214764045938,2.0838305013387752,1.645173368055634,0.7396115380674865
0.075,0.1,2.3,0,-1,nan,nan,nan,nan,nan,nan,nan,nan,nan,nan,nan,nan,nan,nan,nan,nan,nan,nan,nan,nan,nan,nan
0.075,0.1,2.65,0,-1,nan,nan,nan,nan,nan,nan,nan,nan,nan,nan,nan,nan,nan,nan,nan,nan,nan,nan,nan,nan,nan,nan
0.075,0.1,3.0,1,1,5.3919116282941104e-08,2.220446049250313e-16,-0.0,-13.62291205440707,3.2918362133497263,-2.1846179227631346,-0.6136574919937006,3.2918362133497263,-0.7282059742543782,3.2918362133497263,8.576624710226636,4.291836213349726,0.8153820772368656,22.199536764633706,1.3155281045708864,6.166537990176029,0.4919876470568989,3.9118398521203583,0.024943185884784582,3.886896666235574,2.865178262155044,0.7515245496174692
0.09,-0.05,0.2,0,-1,nan,nan,nan,nan,nan,nan,nan,nan,nan,nan,nan,nan,nan,nan,nan,nan,nan,nan,nan,nan,nan,nan
0.09,-0.05,0.55,0,-1,nan,nan,nan,nan,nan,nan,nan,nan,nan,nan,nan,nan,nan,nan,nan,nan,nan,nan,nan,nan,nan,nan
0.09,-0.05,0.8999999999999999,0,-1,nan,nan,nan,nan,nan,nan,nan,nan,nan,nan,nan,nan,nan,nan,nan,nan,nan,nan,nan,nan,nan,nan
0.09,-0.05,1.2499999999999998,0,-1,nan,nan,nan,nan,nan,nan,nan,nan,nan,nan,nan,nan,nan,nan,nan,nan,nan,nan,nan,nan,nan,nan
0.09,-0.05,1.5999999999999999,0,-1,nan,nan,nan,nan,nan,nan,nan,nan,nan,nan,nan,nan,nan,nan,nan,nan,nan,nan,nan,nan,nan,nan
0.09,-0.05,1.95,0,-1,nan,nan,nan,nan,nan,nan,nan,nan,nan,nan,nan,nan,nan,nan,nan,nan,nan,nan,nan,nan,nan,nan
0.09,-0.05,2.3,0,-1,nan,nan,nan,nan,nan,nan,nan,nan,nan,nan,nan,nan,nan,nan,nan,nan,nan,nan,nan,nan,nan,nan
0.09,-0.05,2.65,0,-1,nan,nan,nan,nan,nan,nan,nan,nan,nan,nan,nan,nan,nan,nan,nan,nan,nan,nan,nan,nan,nan,nan
0.09,-0.05,3.0,0,-1,nan,nan,nan,nan,nan,nan,nan,nan,nan,nan,nan,nan,nan,nan,nan,nan,nan,nan,nan,nan,nan,nan
0.09,-0.03125,0.2,0,-1,nan,nan,nan,nan,nan,nan,nan,nan,nan,nan,nan,nan,nan,nan,nan,nan,nan,nan,nan,nan,nan,nan
0.09,-0.03125,0.55,0,-1,nan,nan,nan,nan,nan,nan,nan,nan,nan,nan,nan,nan,nan,nan,nan,nan,nan,nan,nan,nan,nan,nan
0.09,-0.03125,0.8999999999999999,0,-1,nan,nan,nan,nan,nan,nan,nan,nan,nan,nan,nan,nan,nan,nan,nan,nan,nan,nan,nan,nan,nan,nan
0.09,-0.03125,1.2499999999999998,0,-1,nan,nan,nan,nan,nan,nan,nan,nan,nan,nan,nan,nan,nan,nan,nan,nan,nan,nan,nan,nan,nan,nan
0.09,-0.03125,1.5999999999999999,0,-1,nan,nan,nan,nan,nan,nan,nan,nan,nan,nan,nan,nan,nan,nan,nan,nan,nan,nan,nan,nan,nan,nan
0.09,-0.03125,1.95,0,-1,nan,nan,nan,nan,nan,nan,nan,nan,nan,nan,nan,nan,nan,nan,nan,nan,nan,nan,nan,nan,nan,nan
0.09,-0.03125,2.3,0,-1,nan,nan,nan,nan,nan,nan,nan,nan,nan,nan,nan,nan,nan,nan,nan,nan,nan,nan,nan,nan,nan,nan
0.09,-0.03125,2.65,0,-1,nan,nan,nan,nan,nan,nan,nan,nan,nan,nan,nan,nan,nan,nan,nan,nan,nan,nan,nan,nan,nan,nan
0.09,-0.03125,3.0,0,-1,nan,nan,nan,nan,nan,nan,nan,nan,nan,nan,nan,nan,nan,nan,nan,nan,nan,nan,nan,nan,nan,nan
0.09,-0.012499999999999997,0.2,0,-1,nan,nan,nan,nan,nan,nan,nan,nan,nan,nan,nan,nan,nan,nan,nan,nan,nan,nan,nan,nan,nan,nan
0.09,-0.012499999999999997,0.55,0,-1,nan,nan,nan,nan,nan,nan,nan,nan,nan,nan,nan,nan,nan,nan,nan,nan,nan,nan,nan,nan,nan,nan
0.09,-0.012499999999999997,0.8999999999999999,0,-1,nan,nan,nan,nan,nan,nan,nan,nan,nan,nan,nan,nan,nan,nan,nan,nan,nan,nan,nan,nan,nan,nan
0.09,-0.012499999999999997,1.2499999999999998,0,-1,nan,nan,nan,nan,nan,nan,nan,nan,nan,nan,nan,nan,nan,nan,nan,nan,nan,nan,nan,nan,nan,nan
0.09,-0.012499999999999997,1.5999999999999999,0,-1,nan,nan,nan,nan,nan,nan,nan,nan,nan,nan,nan,nan,nan,nan,nan,nan,nan,nan,nan,nan,nan,nan
0.09,-0.012499999999999997,1.95,0,-1,nan,nan,nan,nan,nan,nan,nan,nan,nan,nan,nan,nan,nan,nan,nan,nan,nan,nan,nan,nan,nan,nan
0.09,-0.012499999999999997,2.3,0,-1,nan,nan,nan,nan,nan,nan,nan,nan,nan,nan,nan,nan,nan,nan,nan,nan,nan,nan,nan,nan,nan,nan
0.09,-0.012499999999999997,2.65,0,-1,nan,nan,nan,nan,nan,nan,nan,nan,nan,nan,nan,nan,nan,nan,nan,nan,nan,nan,nan,nan,nan,nan
0.09,-0.012499999999999997,3.0,0,-1,nan,nan,nan,nan,nan,nan,nan,nan,nan,nan,nan,nan,nan,nan,nan,nan,nan,nan,nan,nan,nan,nan
0.09,0.0062500000000000056,0.2,0,-1,nan,nan,nan,nan,nan,nan,nan,nan,nan,nan,nan,nan,nan,nan,nan,nan,nan,nan,nan,nan,nan,nan
0.09,0.0062500000000000056,0.55,0,-1,nan,nan,nan,nan,nan,nan,nan,nan,nan,nan,nan,nan,nan,nan,nan,nan,nan,nan,nan,nan,nan,nan
0.09,0.0062500000000000056,0.8999999999999999,0,-1,nan,nan,nan,nan,nan,nan,nan,nan,nan,nan,nan,nan,nan,nan,nan,nan,nan,nan,nan,nan,nan,nan
0.09,0.0062500000000000056,1.2499999999999998,0,-1,nan,nan,nan,nan,nan,nan,nan,nan,nan,nan,nan,nan,nan,nan,nan,nan,nan,nan,nan,nan,nan,nan
0.09,0.0062500000000000056,1.5999999999999999,0,-1,nan,nan,nan,nan,nan,nan,nan,nan,nan,nan,nan,nan,nan,nan,nan,nan,nan,nan,nan,nan,nan,nan
0.09,0.0062500000000000056,1.95,0,-1,nan,nan,nan,nan,nan,nan,nan,nan,nan,nan,nan,nan,nan,nan,nan,nan,nan,nan,nan,nan,nan,nan
0.09,0.0062500000000000056,2.3,0,-1,nan,nan,nan,nan,nan,nan,nan,nan,nan,nan,nan,nan,nan,nan,nan,nan,nan,nan,nan,nan,nan,nan
0.09,0.0062500000000000056,2.65,0,-1,nan,nan,nan,nan,nan,nan,nan,nan,nan,nan,nan,nan,nan,nan,nan,nan,nan,nan,nan,nan,nan,nan
0.09,0.0062500000000000056,3.0,0,-1,nan,nan,nan,nan,nan,nan,nan,nan,nan,nan,nan,nan,nan,nan,nan,nan,nan,nan,nan,nan,nan,nan
0.09,0.02500000000000001,0.2,0,-1,nan,nan,nan,nan,nan,nan,nan,nan,nan,nan,nan,nan,nan,nan,nan,nan,nan,nan,nan,nan,nan,nan
0.09,0.02500000000000001,0.55,0,-1,nan,nan,nan,nan,nan,nan,nan,nan,nan,nan,nan,nan,nan,nan,nan,nan,nan,nan,nan,nan,nan,nan
0.09,0.02500000000000001,0.8999999999999999,0,-1,nan,nan,nan,nan,nan,nan,nan,nan,nan,nan,nan,nan,nan,nan,nan,nan,nan,nan,nan,nan,nan,nan
0.09,0.02500000000000001,1.2499999999999998,0,-1,nan,nan,nan,nan,nan,nan,nan,nan,nan,nan,nan,nan,nan,nan,nan,nan,nan,nan,nan,nan,nan,nan
0.09,0.02500000000000001,1.5999999999999999,0,-1,nan,nan,nan,nan,nan,nan,nan,nan,nan,nan,nan,nan,nan,nan,nan,nan,nan,nan,nan,nan,nan,nan
0.09,0.02500000000000001,1.95,0,-1,nan,nan,nan,nan,nan,nan,nan,nan,nan,nan,nan,nan,nan,nan,nan,nan,nan,nan,nan,nan,nan,nan
0.09,0.02500000000000001,2.3,0,-1,nan,nan,nan,nan,nan,nan,nan,nan,nan,nan,nan,nan,nan,nan,nan,nan,nan,nan,nan,nan,nan,nan
0.09,0.02500000000000001,2.65,0,-1,nan,nan,nan,nan,nan,nan,nan,nan,nan,nan,nan,nan,nan,nan,nan,nan,nan,nan,nan,nan,nan,nan
0.09,0.02500000000000001,3.0,0,-1,nan,nan,nan,nan,nan,nan,nan,nan,nan,nan,nan,nan,nan,nan,nan,nan,nan,nan,nan,nan,nan,nan
0.09,0.04375000000000001,0.2,0,-1,nan,nan,nan,nan,nan,nan,nan,nan,nan,nan,nan,nan,nan,nan,nan,nan,nan,nan,nan,nan,nan,nan
0.09,0.04375000000000001,0.55,1,1,9.681925661197965e-08,1.1102230246251565e-16,0.0,5.375639049413976,2.39123278340971,0.35924936033414245,1.6431799561236904,2.39123278340971,0.6531806551529862,2.39123278340971,8.647124335843142,3.39123278340971,0.9092493603341425,3.271485286429166,1.2160672579857907,1.0450577998315391,0.05657554878382773,-0.22574288613694402,0.032631880463524804,-0.2583747666004688,0.22543274784678902,0.7013895787206044
0.09,0.04375000000000001,0.8999999999999999,0,-1,nan,nan,nan,nan,nan,nan,nan,nan,nan,nan,nan,nan,nan,nan,nan,nan,nan,nan,nan,nan,nan,nan
0.09,0.04375000000000001,1.2499999999999998,0,-1,nan,nan,nan,nan,nan,nan,nan,nan,nan,nan,nan,nan,nan,nan,nan,nan,nan,nan,nan,nan,nan,nan
0.09,0.04375000000000001,1.5999999999999999,1,1,7.430005055653055e-08,1.1102230246251565e-16,0.0,-0.8610100948940662,2.4282166514567893,-0.730563657035666,-0.09047028924372444,2.4282166514567893,-0.4566022856472913,2.4282166514567893,8.656038011081687,3.4282166514567893,0.8694363429643339,9.517048105975753,1.2160672579857907,3.040168144964477,0.2481061419165897,1.4709445728635993,0.03292629474440408,1.4380182781191952,1.3605273695787288,0.7116093935569138
0.09,0.04375000000000001,1.95,1,1,9.594426586545524e-09,1.1102230246251565e-16,-0.0,-2.9403348622758614,2.4410892684745256,-1.092772077451976,-0.2535011302068845,2.4410892684745256,-0.5603959371548595,2.4410892684745256,8.658567516882089,3.4410892684745256,0.8572279225480238,11.59890237915795,1.2160672579857907,3.7052049266754556,0.31194967296084375,2.035549188947688,0.033009380741587234,2.002539808206101,1.7379096706012738,0.7151555728569685
0.09,0.04375000000000001,2.3,1,1,3.4613893973300947e-08,2.220446049250313e-16,0.0,-5.019868289578417,2.453951794522306,-1.4544994516743561,-0.3669291412123575,2.453951794522306,-0.6323910659453723,2.453951794522306,8.66088836276173,3.453951794522306,0.8455005483256437,13.680756652340147,1.2160672579857907,4.370241708386436,0.37579320400509775,2.599735644995299,0.03308464432588404,2.566651000669415,2.1148628546073573,0.7187694206409689
0.09,0.04375000000000001,2.65,1,1,2.2145449918298254e-08,2.220446049250313e-16,0.0,-7.0994553381338985,2.46682738594338,-1.8157787669344045,-0.45039843790337264,2.46682738594338,-0.6851995346922282,2.46682738594338,8.663155587388445,3.46682738594338,0.8342212330655954,15.762610925522344,1.2160672579857907,5.035278490097415,0.43963673504935175,3.1634076111404177,0.03315676529546605,3.1302508458449516,2.491299865412901,0.7223307988161808
0.09,0.04375000000000001,3.0,1,1,1.6028653959665462e-08,2.220446049250313e-16,-0.0,-9.179196990505707,2.479137362711788,-2.1766759294461773,-0.5144002293311705,2.479137362711788,-0.7255586431487258,2.479137362711788,8.665268208198833,3.479137362711788,0.823324070553823,17.84446519870454,1.2160672579857907,5.700315271808394,0.5034802660936057,3.7265055397133415,0.03322383554441122,3.69328170416893,2.8671539750234163,0.7256795398383956
0.09,0.06250000000000001,0.2,1,1,8.814986074412445e-08,1.1102230246251565e-16,-0.0,7.503537269042437,2.6668867098354436,0.7234321067844329,6.307449272495294,2.6668867098354436,3.6171605339221644,6.307449272495294,8.693168282289406,3.6668867098354436,0.9234321067844329,1.1896310132469694,1.2160672579857907,0.38002101812055966,-0.026017982260426294,-0.7938085888863204,0.03377716831236738,-0.8275857571986878,-0.1522674029848684,0.7621938000506246
0.09,0.06250000000000001,0.55,1,1,7.229692755572614e-08,1.1102230246251565e-16,0.0,5.422600403042007,2.6870219018955943,0.3590397557703159,1.6575347061886951,2.6870219018955943,0.6527995559460288,2.6870219018955943,8.694085689471173,3.6870219018955943,0.9090397557703159,3.271485286429166,1.2160672579857907,1.0450577998315391,0.037825548783827725,-0.22715487068913703,0.03378957453905582,-0.2609444452281928,0.22708959104558746,0.7661524775254337
0.09,0.06250000000000001,0.8999999999999999,1,1,5.416828585680378e-08,1.1102230246251565e-16,0.0,3.340945691365727,2.70934771524788,-0.004398106844148986,0.6240862650618544,2.70934771524788,-0.004886785382387762,2.70934771524788,8.694285250977089,3.70934771524788,0.8956018931558509,5.353339559611362,1.2160672579857907,1.7100945815425181,0.1016690798280817,0.34056558391878217,0.03379516962986845,0.3067704142889137,0.6074555265118294,0.7722436240440733
0.09,0.06250000000000001,1.2499999999999998,1,1,1.673941341095997e-08,2.220446049250313e-16,0.0,1.2590504067135067,2.7309907654222147,-0.3672064576879128,0.16933659498698705,2.7309907654222147,-0.2937651661503303,2.7309907654222147,8.694244239507064,3.7309907654222147,0.882793542312087,7.435193832793558,1.2160672579857907,2.375131363253497,0.1655126108723357,0.9084076769808413,0.03379921844878068,0.8746084585320607,0.9879229951362763,0.7790443303772316
0.09,0.06250000000000001,1.5999999999999999,1,1,1.6612659692327725e-08,1.1102230246251565e-16,-0.0,-0.8230863019562573,2.7514397293858757,-0.7295157584519895,-0.08648546196161828,2.7514397293858757,-0.45594734903249345,2.7514397293858757,8.693961804019496,3.7514397293858757,0.8704842415480104,9.517048105975753,1.2160672579857907,3.040168144964477,0.2293561419165897,1.4759901216194478,0.033796814793476605,1.4421933068259711,1.3681155396499074,0.7860113289041104
0.09,0.06250000000000001,1.95,1,1,1.7418607001218334e-08,1.1102230246251565e-16,-0.0,-2.905375079752732,2.771204381233614,-1.0913667163924798,-0.2504870706536332,2.771204381233614,-0.5596752391756307,2.771204381233614,8.693527299405218,3.771204381233614,0.8586332836075201,11.59890237915795,1.2160672579857907,3.7052049266754556,0.29319967296084376,2.0432505639288374,0.03379037467801135,2.009460189250826,1.7479764320730813,0.7930776751788765
0.09,0.06250000000000001,2.3,1,1,1.5339459480401274e-08,2.220446049250313e-16,-0.0,-4.987731039316724,2.79045197399918,-1.4527692044529743,-0.364580056941774,2.79045197399918,-0.6316387845447715,2.79045197399918,8.693025613023423,3.79045197399918,0.8472307955470255,13.680756652340147,1.2160672579857907,4.370241708386436,0.35704320400509776,2.6101729238089737,0.033782137256688105,2.5763907865522855,2.12749499301378,0.8002329378852007
0.09,0.06250000000000001,2.65,1,1,1.2263392079603364e-08,1.1102230246251565e-16,0.0,-7.070135494460143,2.8092570165310784,-1.8137472770317469,-0.4485383498879867,2.8092570165310784,-0.6844329347289612,2.8092570165310784,8.692475431062201,3.8092570165310784,0.836252722968253,15.762610925522344,1.2160672579857907,5.035278490097415,0.42088673504935176,3.176763164501364,0.03377266384535201,3.142990500656012,2.5066783061545985,0.807463993507479
0.09,0.06250000000000001,3.0,0,-1,nan,nan,nan,nan,nan,nan,nan,nan,nan,nan,nan,nan,nan,nan,nan,nan,nan,nan,nan,nan,nan,nan
0.09,0.08125000000000003,0.2,1,1,2.986053004860878e-08,2.220446049250313e-16,-0.0,7.479927825247043,2.927584064994633,0.7204222106783116,6.287603250045901,2.927584064994633,3.6021110533915577,6.287603250045901,8.669558838494012,3.927584064994633,0.9204222106783115,1.1896310132469694,1.2160672579857907,0.38002101812055966,-0.04476798226042631,-0.803862338206526,0.03289880178828571,-0.8367611399948117,-0.16356763572257793,0.8189681525401266
0.09,0.08125000000000003,0.55,0,-1,nan,nan,nan,nan,nan,nan,nan,nan,nan,nan,nan,nan,nan,nan,nan,nan,nan,nan,nan,nan,nan,nan
0.09,0.08125000000000003,0.8999999999999999,1,1,1.560523443799866e-08,1.1102230246251565e-16,-0.0,3.3175259337473157,2.9499792192314747,-0.00614303380386394,0.6197114710930385,2.9499792192314747,-0.006825593115404378,2.9499792192314747,8.670865493358678,3.9499792192314747,0.893856966196136,5.353339559611362,1.2160672579857907,1.7100945815425181,0.08291907982808168,0.33633698623037306,0.03293513150769617,0.3034018547226769,0.6019791887599352,0.8353152093899509
0.09,0.08125000000000003,1.2499999999999998,1,1,1.299233787221965e-08,1.1102230246251565e-16,-0.0,1.2367832017995086,2.9531691220749154,-0.36883150065438974,0.1663417564643131,2.9531691220749154,-0.2950652005235119,2.9531691220749154,8.671977034593066,3.9531691220749154,0.88116849934561,7.435193832793558,1.2160672579857907,2.375131363253497,0.14676261087233566,0.9048529577037039,0.03295686292471071,0.8718960947789932,0.983206582940949,0.8419062491989032
0.09,0.08125000000000003,1.5999999999999999,0,-1,nan,nan,nan,nan,nan,nan,nan,nan,nan,nan,nan,nan,nan,nan,nan,nan,nan,nan,nan,nan,nan,nan
0.09,0.08125000000000003,1.95,1,1,1.0910451209156236e-08,1.1102230246251565e-16,0.0,-2.9268100913244,2.9636952363554876,-1.0929181784020705,-0.25233509134308957,2.9636952363554876,-0.5604708607190105,2.9636952363554876,8.67209228783355,3.9636952363554876,0.8570818215979293,11.59890237915795,1.2160672579857907,3.7052049266754556,0.2744496729608437,2.0399370016442897,0.03296424569233742,2.0069727559519523,1.7435598477327567,0.8546573751362435
0.09,0.08125000000000003,2.3,0,-1,nan,nan,nan,nan,nan,nan,nan,nan,nan,nan,nan,nan,nan,nan,nan,nan,nan,nan,nan,nan,nan,nan
0.09,0.08125000000000003,2.65,1,1,5.944599479335011e-09,1.1102230246251565e-16,-0.0,-7.09119609642692,2.9807183896339806,-1.8159180720029906,-0.44987446114939433,2.9807183896339806,-0.685252102642638,2.9807183896339806,8.671414829095424,3.9807183896339806,0.8340819279970094,15.762610925522344,1.2160672579857907,5.035278490097415,0.4021367350493517,3.169823681538801,0.03297405805988555,3.1368496234789154,2.498641974800492,0.8637886099928607
0.09,0.08125000000000003,3.0,0,-1,nan,nan,nan,nan,nan,nan,nan,nan,nan,nan,nan,nan,nan,nan,nan,nan,nan,nan,nan,nan,nan,nan
0.09,0.1,0.2,0,-1,nan,nan,nan,nan,nan,nan,nan,nan,nan,nan,nan,nan,nan,nan,nan,nan,nan,nan,nan,nan,nan,nan
0.09,0.1,0.55,0,-1,nan,nan,nan,nan,nan,nan,nan,nan,nan,nan,nan,nan,nan,nan,nan,nan,nan,nan,nan,nan,nan,nan
0.09,0.1,0.8999999999999999,0,-1,nan,nan,nan,nan,nan,nan,nan,nan,nan,nan,nan,nan,nan,nan,nan,nan,nan,nan,nan,nan,nan,nan
0.09,0.1,1.2499999999999998,0,-1,nan,nan,nan,nan,nan,nan,nan,nan,nan,nan,nan,nan,nan,nan,nan,nan,nan,nan,nan,nan,nan,nan
0.09,0.1,1.5999999999999999,0,-1,nan,nan,nan,nan,nan,nan,nan,nan,nan,nan,nan,nan,nan,nan,nan,nan,nan,nan,nan,nan,nan,nan
0.09,0.1,1.95,0,-1,nan,nan,nan,nan,nan,nan,nan,nan,nan,nan,nan,nan,nan,nan,nan,nan,nan,nan,nan,nan,nan,nan
0.09,0.1,2.3,0,-1,nan,nan,nan,nan,nan,nan,nan,nan,nan,nan,nan,nan,nan,nan,nan,nan,nan,nan,nan,nan,nan,nan
0.09,0.1,2.65,1,1,7.890037068136735e-09,1.1102230246251565e-16,-0.0,-7.122566246255401,3.117802015164288,-1.8214421554553657,-0.4518646231838887,3.117802015164288,-0.6873366624359871,3.117802015164288,8.640044679266943,4.117802015164288,0.8285578445446342,15.762610925522344,1.2160672579857907,5.035278490097415,0.3833867350493517,3.1423162538927762,0.0320783771266189,3.110237876766157,2.469206914603171,0.8982403736899152
0.09,0.1,3.0,1,1,6.949246511567253e-09,1.1102230246251565e-16,-0.0,-9.204624061448186,3.128377117517906,-2.1820929248419643,-0.5158251569296913,3.128377117517906,-0.7273643082806548,3.128377117517906,8.639841137256354,4.128377117517906,0.8179070751580358,17.84446519870454,1.2160672579857907,5.700315271808394,0.44723026609360583,3.7059910414490407,0.03206690358152672,3.673924137867514,2.845507972337177,0.9028096882736205
0.105,-0.05,0.2,0,-1,nan,nan,nan,nan,nan,nan,nan,nan,nan,nan,nan,nan,nan,nan,nan,nan,nan,nan,nan,nan,nan,nan
0.105,-0.05,0.55,0,-1,nan,nan,nan,nan,nan,nan,nan,nan,nan,nan,nan,nan,nan,nan,nan,nan,nan,nan,nan,nan,nan,nan
0.105,-0.05,0.8999999999999999,0,-1,nan,nan,nan,nan,nan,nan,nan,nan,nan,nan,nan,nan,nan,nan,nan,nan,nan,nan,nan,nan,nan,nan
0.105,-0.05,1.2499999999999998,0,-1,nan,nan,nan,nan,nan,nan,nan,nan,nan,nan,nan,nan,nan,nan,nan,nan,nan,nan,nan,nan,nan,nan
0.105,-0.05,1.5999999999999999,0,-1,nan,nan,nan,nan,nan,nan,nan,nan,nan,nan,nan,nan,nan,nan,nan,nan,nan,nan,nan,nan,nan,nan
0.105,-0.05,1.95,0,-1,nan,nan,nan,nan,nan,nan,nan,nan,nan,nan,nan,nan,nan,nan,nan,nan,nan,nan,nan,nan,nan,nan
0.105,-0.05,2.3,0,-1,nan,nan,nan,nan,nan,nan,nan,nan,nan,nan,nan,nan,nan,nan,nan,nan,nan,nan,nan,nan,nan,nan
0.105,-0.05,2.65,0,-1,nan,nan,nan,nan,nan,nan,nan,nan,nan,nan,nan,nan,nan,nan,nan,nan,nan,nan,nan,nan,nan,nan
0.105,-0.05,3.0,0,-1,nan,nan,nan,nan,nan,nan,nan,nan,nan,nan,nan,nan,nan,nan,nan,nan,nan,nan,nan,nan,nan,nan
0.105,-0.03125,0.2,0,-1,nan,nan,nan,nan,nan,nan,nan,nan,nan,nan,nan,nan,nan,nan,nan,nan,nan,nan,nan,nan,nan,nan
0.105,-0.03125,0.55,0,-1,nan,nan,nan,nan,nan,nan,nan,nan,nan,nan,nan,nan,nan,nan,nan,nan,nan,nan,nan,nan,nan,nan
0.105,-0.03125,0.8999999999999999,0,-1,nan,nan,nan,nan,nan,nan,nan,nan,nan,nan,nan,nan,nan,nan,nan,nan,nan,nan,nan,nan,nan,nan
0.105,-0.03125,1.2499999999999998,0,-1,nan,nan,nan,nan,nan,nan,nan,nan,nan,nan,nan,nan,nan,nan,nan,nan,nan,nan,nan,nan,nan,nan
0.105,-0.03125,1.5999999999999999,0,-1,nan,nan,nan,nan,nan,nan,nan,nan,nan,nan,nan,nan,nan,nan,nan,nan,nan,nan,nan,nan,nan,nan
0.105,-0.03125,1.95,0,-1,nan,nan,nan,nan,nan,nan,nan,nan,nan,nan,nan,nan,nan,nan,nan,nan,nan,nan,nan,nan,nan,nan
0.105,-0.03125,2.3,0,-1,nan,nan,nan,nan,nan,nan,nan,nan,nan,nan,nan,nan,nan,nan,nan,nan,nan,nan,nan,nan,nan,nan
0.105,-0.03125,2.65,0,-1,nan,nan,nan,nan,nan,nan,nan,nan,nan,nan,nan,nan,nan,nan,nan,nan,nan,nan,nan,nan,nan,nan
0.105,-0.03125,3.0,0,-1,nan,nan,nan,nan,nan,nan,nan,nan,nan,nan,nan,nan,nan,nan,nan,nan,nan,nan,nan,nan,nan,nan
0.105,-0.012499999999999997,0.2,0,-1,nan,nan,nan,nan,nan,nan,nan,nan,nan,nan,nan,nan,nan,nan,nan,nan,nan,nan,nan,nan,nan,nan
0.105,-0.012499999999999997,0.55,0,-1,nan,nan,nan,nan,nan,nan,nan,nan,nan,nan,nan,nan,nan,nan,nan,nan,nan,nan,nan,nan,nan,nan
0.105,-0.012499999999999997,0.8999999999999999,0,-1,nan,nan,nan,nan,nan,nan,nan,nan,nan,nan,nan,nan,nan,nan,nan,nan,nan,nan,nan,nan,nan,nan
0.105,-0.012499999999999997,1.2499999999999998,0,-1,nan,nan,nan,nan,nan,nan,nan,nan,nan,nan,nan,nan,nan,nan,nan,nan,nan,nan,nan,nan,nan,nan
0.105,-0.012499999999999997,1.5999999999999999,0,-1,nan,nan,nan,nan,nan,nan,nan,nan,nan,nan,nan,nan,nan,nan,nan,nan,nan,nan,nan,nan,nan,nan
0.105,-0.012499999999999997,1.95,0,-1,nan,nan,nan,nan,nan,nan,nan,nan,nan,nan,nan,nan,nan,nan,nan,nan,nan,nan,nan,nan,nan,nan
0.105,-0.012499999999999997,2.3,0,-1,nan,nan,nan,nan,nan,nan,nan,nan,nan,nan,nan,nan,nan,nan,nan,nan,nan,nan,nan,nan,nan,nan
0.105,-0.012499999999999997,2.65,0,-1,nan,nan,nan,nan,nan,nan,nan,nan,nan,nan,nan,nan,nan,nan,nan,nan,nan,nan,nan,nan,nan,nan
0.105,-0.012499999999999997,3.0,0,-1,nan,nan,nan,nan,nan,nan,nan,nan,nan,nan,nan,nan,nan,nan,nan,nan,nan,nan,nan,nan,nan,nan
0.105,0.0062500000000000056,0.2,0,-1,nan,nan,nan,nan,nan,nan,nan,nan,nan,nan,nan,nan,nan,nan,nan,nan,nan,nan,nan,nan,nan,nan
0.105,0.0062500000000000056,0.55,0,-1,nan,nan,nan,nan,nan,nan,nan,nan,nan,nan,nan,nan,nan,nan,nan,nan,nan,nan,nan,nan,nan,nan
0.105,0.0062500000000000056,0.8999999999999999,0,-1,nan,nan,nan,nan,nan,nan,nan,nan,nan,nan,nan,nan,nan,nan,nan,nan,nan,nan,nan,nan,nan,nan
0.105,0.0062500000000000056,1.2499999999999998,0,-1,nan,nan,nan,nan,nan,nan,nan,nan,nan,nan,nan,nan,nan,nan,nan,nan,nan,nan,nan,nan,nan,nan
0.105,0.0062500000000000056,1.5999999999999999,0,-1,nan,nan,nan,nan,nan,nan,nan,nan,nan,nan,nan,nan,nan,nan,nan,nan,nan,nan,nan,nan,nan,nan
0.105,0.0062500000000000056,1.95,0,-1,nan,nan,nan,nan,nan,nan,nan,nan,nan,nan,nan,nan,nan,nan,nan,nan,nan,nan,nan,nan,nan,nan
0.105,0.0062500000000000056,2.3,0,-1,nan,nan,nan,nan,nan,nan,nan,nan,nan,nan,nan,nan,nan,nan,nan,nan,nan,nan,nan,nan,nan,nan
0.105,0.0062500000000000056,2.65,0,-1,nan,nan,nan,nan,nan,nan,nan,nan,nan,nan,nan,nan,nan,nan,nan,nan,nan,nan,nan,nan,nan,nan
0.105,0.0062500000000000056,3.0,0,-1,nan,nan,nan,nan,nan,nan,nan,nan,nan,nan,nan,nan,nan,nan,nan,nan,nan,nan,nan,nan,nan,nan
0.105,0.02500000000000001,0.2,0,-1,nan,nan,nan,nan,nan,nan,nan,nan,nan,nan,nan,nan,nan,nan,nan,nan,nan,nan,nan,nan,nan,nan
0.105,0.02500000000000001,0.55,0,-1,nan,nan,nan,nan,nan,nan,nan,nan,nan,nan,nan,nan,nan,nan,nan,nan,nan,nan,nan,nan,nan,nan
0.105,0.02500000000000001,0.8999999999999999,0,-1,nan,nan,nan,nan,nan,nan,nan,nan,nan,nan,nan,nan,nan,nan,nan,nan,nan,nan,nan,nan,nan,nan
0.105,0.02500000000000001,1.2499999999999998,0,-1,nan,nan,nan,nan,nan,nan,nan,nan,nan,nan,nan,nan,nan,nan,nan,nan,nan,nan,nan,nan,nan,nan
0.105,0.02500000000000001,1.5999999999999999,0,-1,nan,nan,nan,nan,nan,nan,nan,nan,nan,nan,nan,nan,nan,nan,nan,nan,nan,nan,nan,nan,nan,nan
0.105,0.02500000000000001,1.95,0,-1,nan,nan,nan,nan,nan,nan,nan,nan,nan,nan,nan,nan,nan,nan,nan,nan,nan,nan,nan,nan,nan,nan
0.105,0.02500000000000001,2.3,0,-1,nan,nan,nan,nan,nan,nan,nan,nan,nan,nan,nan,nan,nan,nan,nan,nan,nan,nan,nan,nan,nan,nan
0.105,0.02500000000000001,2.65,0,-1,nan,nan,nan,nan,nan,nan,nan,nan,nan,nan,nan,nan,nan,nan,nan,nan,nan,nan,nan,nan,nan,nan
0.105,0.02500000000000001,3.0,0,-1,nan,nan,nan,nan,nan,nan,nan,nan,nan,nan,nan,nan,nan,nan,nan,nan,nan,nan,nan,nan,nan,nan
0.105,0.04375000000000001,0.2,0,-1,nan,nan,nan,nan,nan,nan,nan,nan,nan,nan,nan,nan,nan,nan,nan,nan,nan,nan,nan,nan,nan,nan
0.105,0.04375000000000001,0.55,0,-1,nan,nan,nan,nan,nan,nan,nan,nan,nan,nan,nan,nan,nan,nan,nan,nan,nan,nan,nan,nan,nan,nan
0.105,0.04375000000000001,0.8999999999999999,0,-1,nan,nan,nan,nan,nan,nan,nan,nan,nan,nan,nan,nan,nan,nan,nan,nan,nan,nan,nan,nan,nan,nan
0.105,0.04375000000000001,1.2499999999999998,0,-1,nan,nan,nan,nan,nan,nan,nan,nan,nan,nan,nan,nan,nan,nan,nan,nan,nan,nan,nan,nan,nan,nan
0.105,0.04375000000000001,1.5999999999999999,0,-1,nan,nan,nan,nan,nan,nan,nan,nan,nan,nan,nan,nan,nan,nan,nan,nan,nan,nan,nan,nan,nan,nan
0.105,0.04375000000000001,1.95,0,-1,nan,nan,nan,nan,nan,nan,nan,nan,nan,nan,nan,nan,nan,nan,nan,nan,nan,nan,nan,nan,nan,nan
0.105,0.04375000000000001,2.3,0,-1,nan,nan,nan,nan,nan,nan,nan,nan,nan,nan,nan,nan,nan,nan,nan,nan,nan,nan,nan,nan,nan,nan
0.105,0.04375000000000001,2.65,0,-1,nan,nan,nan,nan,nan,nan,nan,nan,nan,nan,nan,nan,nan,nan,nan,nan,nan,nan,nan,nan,nan,nan
0.105,0.04375000000000001,3.0,0,-1,nan,nan,nan,nan,nan,nan,nan,nan,nan,nan,nan,nan,nan,nan,nan,nan,nan,nan,nan,nan,nan,nan
0.105,0.06250000000000001,0.2,0,-1,nan,nan,nan,nan,nan,nan,nan,nan,nan,nan,nan,nan,nan,nan,nan,nan,nan,nan,nan,nan,nan,nan
0.105,0.06250000000000001,0.55,0,-1,nan,nan,nan,nan,nan,nan,nan,nan,nan,nan,nan,nan,nan,nan,nan,nan,nan,nan,nan,nan,nan,nan
0.105,0.06250000000000001,0.8999999999999999,0,-1,nan,nan,nan,nan,nan,nan,nan,nan,nan,nan,nan,nan,nan,nan,nan,nan,nan,nan,nan,nan,nan,nan
0.105,0.06250000000000001,1.2499999999999998,0,-1,nan,nan,nan,nan,nan,nan,nan,nan,nan,nan,nan,nan,nan,nan,nan,nan,nan,nan,nan,nan,nan,nan
0.105,0.06250000000000001,1.5999999999999999,0,-1,nan,nan,nan,nan,nan,nan,nan,nan,nan,nan,nan,nan,nan,nan,nan,nan,nan,nan,nan,nan,nan,nan
0.105,0.06250000000000001,1.95,0,-1,nan,nan,nan,nan,nan,nan,nan,nan,nan,nan,nan,nan,nan,nan,nan,nan,nan,nan,nan,nan,nan,nan
0.105,0.06250000000000001,2.3,0,-1,nan,nan,nan,nan,nan,nan,nan,nan,nan,nan,nan,nan,nan,nan,nan,nan,nan,nan,nan,nan,nan,nan
0.105,0.06250000000000001,2.65,0,-1,nan,nan,nan,nan,nan,nan,nan,nan,nan,nan,nan,nan,nan,nan,nan,nan,nan,nan,nan,nan,nan,nan
0.105,0.06250000000000001,3.0,0,-1,nan,nan,nan,nan,nan,nan,nan,nan,nan,nan,nan,nan,nan,nan,nan,nan,nan,nan,nan,nan,nan,nan
0.105,0.08125000000000003,0.2,0,-1,nan,nan,nan,nan,nan,nan,nan,nan,nan,nan,nan,nan,nan,nan,nan,nan,nan,nan,nan,nan,nan,nan
0.105,0.08125000000000003,0.55,0,-1,nan,nan,nan,nan,nan,nan,nan,nan,nan,nan,nan,nan,nan,nan,nan,nan,nan,nan,nan,nan,nan,nan
0.105,0.08125000000000003,0.8999999999999999,0,-1,nan,nan,nan,nan,nan,nan,nan,nan,nan,nan,nan,nan,nan,nan,nan,nan,nan,nan,nan,nan,nan,nan
0.105,0.08125000000000003,1.2499999999999998,0,-1,nan,nan,nan,nan,nan,nan,nan,nan,nan,nan,nan,nan,nan,nan,nan,nan,nan,nan,nan,nan,nan,nan
0.105,0.08125000000000003,1.5999999999999999,0,-1,nan,nan,nan,nan,nan,nan,nan,nan,nan,nan,nan,nan,nan,nan,nan,nan,nan,nan,nan,nan,nan,nan
0.105,0.08125000000000003,1.95,0,-1,nan,nan,nan,nan,nan,nan,nan,nan,nan,nan,nan,nan,nan,nan,nan,nan,nan,nan,nan,nan,nan,nan
0.105,0.08125000000000003,2.3,0,-1,nan,nan,nan,nan,nan,nan,nan,nan,nan,nan,nan,nan,nan,nan,nan,nan,nan,nan,nan,nan,nan,nan
0.105,0.08125000000000003,2.65,0,-1,nan,nan,nan,nan,nan,nan,nan,nan,nan,nan,nan,nan,nan,nan,nan,nan,nan,nan,nan,nan,nan,nan
0.105,0.08125000000000003,3.0,0,-1,nan,nan,nan,nan,nan,nan,nan,nan,nan,nan,nan,nan,nan,nan,nan,nan,nan,nan,nan,nan,nan,nan
0.105,0.1,0.2,0,-1,nan,nan,nan,nan,nan,nan,nan,nan,nan,nan,nan,nan,nan,nan,nan,nan,nan,nan,nan,nan,nan,nan
0.105,0.1,0.55,0,-1,nan,nan,nan,nan,nan,nan,nan,nan,nan,nan,nan,nan,nan,nan,nan,nan,nan,nan,nan,nan,nan,nan
0.105,0.1,0.8999999999999999,0,-1,nan,nan,nan,nan,nan,nan,nan,nan,nan,nan,nan,nan,nan,nan,nan,nan,nan,nan,nan,nan,nan,nan
0.105,0.1,1.2499999999999998,0,-1,nan,nan,nan,nan,nan,nan,nan,nan,nan,nan,nan,nan,nan,nan,nan,nan,nan,nan,nan,nan,nan,nan
0.105,0.1,1.5999999999999999,0,-1,nan,nan,nan,nan,nan,nan,nan,nan,nan,nan,nan,nan,nan,nan,nan,nan,nan,nan,nan,nan,nan,nan
0.105,0.1,1.95,0,-1,nan,nan,nan,nan,nan,nan,nan,nan,nan,nan,nan,nan,nan,nan,nan,nan,nan,nan,nan,nan,nan,nan
0.105,0.1,2.3,0,-1,nan,nan,nan,nan,nan,nan,nan,nan,nan,nan,nan,nan,nan,nan,nan,nan,nan,nan,nan,nan,nan,nan
0.105,0.1,2.65,0,-1,nan,nan,nan,nan,nan,nan,nan,nan,nan,nan,nan,nan,nan,nan,nan,nan,nan,nan,nan,nan,nan,nan
0.105,0.1,3.0,0,-1,nan,nan,nan,nan,nan,nan,nan,nan,nan,nan,nan,nan,nan,nan,nan,nan,nan,nan,nan,nan,nan,nan
0.12,-0.05,0.2,0,-1,nan,nan,nan,nan,nan,nan,nan,nan,nan,nan,nan,nan,nan,nan,nan,nan,nan,nan,nan,nan,nan,nan
0.12,-0.05,0.55,0,-1,nan,nan,nan,nan,nan,nan,nan,nan,nan,nan,nan,nan,nan,nan,nan,nan,nan,nan,nan,nan,nan,nan
0.12,-0.05,0.8999999999999999,0,-1,nan,nan,nan,nan,nan,nan,nan,nan,nan,nan,nan,nan,nan,nan,nan,nan,nan,nan,nan,nan,nan,nan
0.12,-0.05,1.2499999999999998,0,-1,nan,nan,nan,nan,nan,nan,nan,nan,nan,nan,nan,nan,nan,nan,nan,nan,nan,nan,nan,nan,nan,nan
0.12,-0.05,1.5999999999999999,0,-1,nan,nan,nan,nan,nan,nan,nan,nan,nan,nan,nan,nan,nan,nan,nan,nan,nan,nan,nan,nan,nan,nan
0.12,-0.05,1.95,0,-1,nan,nan,nan,nan,nan,nan,nan,nan,nan,nan,nan,nan,nan,nan,nan,nan,nan,nan,nan,nan,nan,nan
0.12,-0.05,2.3,0,-1,nan,nan,nan,nan,nan,nan,nan,nan,nan,nan,nan,nan,nan,nan,nan,nan,nan,nan,nan,nan,nan,nan
0.12,-0.05,2.65,0,-1,nan,nan,nan,nan,nan,nan,nan,nan,nan,nan,nan,nan,nan,nan,nan,nan,nan,nan,nan,nan,nan,nan
0.12,-0.05,3.0,0,-1,nan,nan,nan,nan,nan,nan,nan,nan,nan,nan,nan,nan,nan,nan,nan,nan,nan,nan,nan,nan,nan,nan
0.12,-0.03125,0.2,0,-1,nan,nan,nan,nan,nan,nan,nan,nan,nan,nan,nan,nan,nan,nan,nan,nan,nan,nan,nan,nan,nan,nan
0.12,-0.03125,0.55,0,-1,nan,nan,nan,nan,nan,nan,nan,nan,nan,nan,nan,nan,nan,nan,nan,nan,nan,nan,nan,nan,nan,nan
0.12,-0.03125,0.8999999999999999,0,-1,nan,nan,nan,nan,nan,nan,nan,nan,nan,nan,nan,nan,nan,nan,nan,nan,nan,nan,nan,nan,nan,nan
0.12,-0.03125,1.2499999999999998,0,-1,nan,nan,nan,nan,nan,nan,nan,nan,nan,nan,nan,nan,nan,nan,nan,nan,nan,nan,nan,nan,nan,nan
0.12,-0.03125,1.5999999999999999,0,-1,nan,nan,nan,nan,nan,nan,nan,nan,nan,nan,nan,nan,nan,nan,nan,nan,nan,nan,nan,nan,nan,nan
0.12,-0.03125,1.95,0,-1,nan,nan,nan,nan,nan,nan,nan,nan,nan,nan,nan,nan,nan,nan,nan,nan,nan,nan,nan,nan,nan,nan
0.12,-0.03125,2.3,0,-1,nan,nan,nan,nan,nan,nan,nan,nan,nan,nan,nan,nan,nan,nan,nan,nan,nan,nan,nan,nan,nan,nan
0.12,-0.03125,2.65,0,-1,nan,nan,nan,nan,nan,nan,nan,nan,nan,nan,nan,nan,nan,nan,nan,nan,nan,nan,nan,nan,nan,nan
0.12,-0.03125,3.0,0,-1,nan,nan,nan,nan,nan,nan,nan,nan,nan,nan,nan,nan,nan,nan,nan,nan,nan,nan,nan,nan,nan,nan
0.12,-0.012499999999999997,0.2,0,-1,nan,nan,nan,nan,nan,nan,nan,nan,nan,nan,nan,nan,nan,nan,nan,nan,nan,nan,nan,nan,nan,nan
0.12,-0.012499999999999997,0.55,0,-1,nan,nan,nan,nan,nan,nan,nan,nan,nan,nan,nan,nan,nan,nan,nan,nan,nan,nan,nan,nan,nan,nan
0.12,-0.012499999999999997,0.8999999999999999,0,-1,nan,nan,nan,nan,nan,nan,nan,nan,nan,nan,nan,nan,nan,nan,nan,nan,nan,nan,nan,nan,nan,nan
0.12,-0.012499999999999997,1.2499999999999998,0,-1,nan,nan,nan,nan,nan,nan,nan,nan,nan,nan,nan,nan,nan,nan,nan,nan,nan,nan,nan,nan,nan,nan
0.12,-0.012499999999999997,1.5999999999999999,0,-1,nan,nan,nan,nan,nan,nan,nan,nan,nan,nan,nan,nan,nan,nan,nan,nan,nan,nan,nan,nan,nan,nan
0.12,-0.012499999999999997,1.95,0,-1,nan,nan,nan,nan,nan,nan,nan,nan,nan,nan,nan,nan,nan,nan,nan,nan,nan,nan,nan,nan,nan,nan
0.12,-0.012499999999999997,2.3,0,-1,nan,nan,nan,nan,nan,nan,nan,nan,nan,nan,nan,nan,nan,nan,nan,nan,nan,nan,nan,nan,nan,nan
0.12,-0.012499999999999997,2.65,0,-1,nan,nan,nan,nan,nan,nan,nan,nan,nan,nan,nan,nan,nan,nan,nan,nan,nan,nan,nan,nan,nan,nan
0.12,-0.012499999999999997,3.0,0,-1,nan,nan,nan,nan,nan,nan,nan,nan,nan,nan,nan,nan,nan,nan,nan,nan,nan,nan,nan,nan,nan,nan
0.12,0.0062500000000000056,0.2,0,-1,nan,nan,nan,nan,nan,nan,nan,nan,nan,nan,nan,nan,nan,nan,nan,nan,nan,nan,nan,nan,nan,nan
0.12,0.0062500000000000056,0.55,0,-1,nan,nan,nan,nan,nan,nan,nan,nan,nan,nan,nan,nan,nan,nan,nan,nan,nan,nan,nan,nan,nan,nan
0.12,0.0062500000000000056,0.8999999999999999,0,-1,nan,nan,nan,nan,nan,nan,nan,nan,nan,nan,nan,nan,nan,nan,nan,nan,nan,nan,nan,nan,nan,nan
0.12,0.0062500000000000056,1.2499999999999998,0,-1,nan,nan,nan,nan,nan,nan,nan,nan,nan,nan,nan,nan,nan,nan,nan,nan,nan,nan,nan,nan,nan,nan
0.12,0.0062500000000000056,1.5999999999999999,0,-1,nan,nan,nan,nan,nan,nan,nan,nan,nan,nan,nan,nan,nan,nan,nan,nan,nan,nan,nan,nan,nan,nan
0.12,0.0062500000000000056,1.95,0,-1,nan,nan,nan,nan,nan,nan,nan,nan,nan,nan,nan,nan,nan,nan,nan,nan,nan,nan,nan,nan,nan,nan
0.12,0.0062500000000000056,2.3,0,-1,nan,nan,nan,nan,nan,nan,nan,nan,nan,nan,nan,nan,nan,nan,nan,nan,nan,nan,nan,nan,nan,nan
0.12,0.0062500000000000056,2.65,0,-1,nan,nan,nan,nan,nan,nan,nan,nan,nan,nan,nan,nan,nan,nan,nan,nan,nan,nan,nan,nan,nan,nan
0.12,0.0062500000000000056,3.0,0,-1,nan,nan,nan,nan,nan,nan,nan,nan,nan,nan,nan,nan,nan,nan,nan,nan,nan,nan,nan,nan,nan,nan
0.12,0.02500000000000001,0.2,0,-1,nan,nan,nan,nan,nan,nan,nan,nan,nan,nan,nan,nan,nan,nan,nan,nan,nan,nan,nan,nan,nan,nan
0.12,0.02500000000000001,0.55,0,-1,nan,nan,nan,nan,nan,nan,nan,nan,nan,nan,nan,nan,nan,nan,nan,nan,nan,nan,nan,nan,nan,nan
0.12,0.02500000000000001,0.8999999999999999,0,-1,nan,nan,nan,nan,nan,nan,nan,nan,nan,nan,nan,nan,nan,nan,nan,nan,nan,nan,nan,nan,nan,nan
0.12,0.02500000000000001,1.2499999999999998,0,-1,nan,nan,nan,nan,nan,nan,nan,nan,nan,nan,nan,nan,nan,nan,nan,nan,nan,nan,nan,nan,nan,nan
0.12,0.02500000000000001,1.5999999999999999,0,-1,nan,nan,nan,nan,nan,nan,nan,nan,nan,nan,nan,nan,nan,nan,nan,nan,nan,nan,nan,nan,nan,nan
0.12,0.02500000000000001,1.95,0,-1,nan,nan,nan,nan,nan,nan,nan,nan,nan,nan,nan,nan,nan,nan,nan,nan,nan,nan,nan,nan,nan,nan
0.12,0.02500000000000001,2.3,0,-1,nan,nan,nan,nan,nan,nan,nan,nan,nan,nan,nan,nan,nan,nan,nan,nan,nan,nan,nan,nan,nan,nan
0.12,0.02500000000000001,2.65,0,-1,nan,nan,nan,nan,nan,nan,nan,nan,nan,nan,nan,nan,nan,nan,nan,nan,nan,nan,nan,nan,nan,nan
0.12,0.02500000000000001,3.0,0,-1,nan,nan,nan,nan,nan,nan,nan,nan,nan,nan,nan,nan,nan,nan,nan,nan,nan,nan,nan,nan,nan,nan
0.12,0.04375000000000001,0.2,0,-1,nan,nan,nan,nan,nan,nan,nan,nan,nan,nan,nan,nan,nan,nan,nan,nan,nan,nan,nan,nan,nan,nan
0.12,0.04375000000000001,0.55,0,-1,nan,nan,nan,nan,nan,nan,nan,nan,nan,nan,nan,nan,nan,nan,nan,nan,nan,nan,nan,nan,nan,nan
0.12,0.04375000000000001,0.8999999999999999,0,-1,nan,nan,nan,nan,nan,nan,nan,nan,nan,nan,nan,nan,nan,nan,nan,nan,nan,nan,nan,nan,nan,nan
0.12,0.04375000000000001,1.2499999999999998,0,-1,nan,nan,nan,nan,nan,nan,nan,nan,nan,nan,nan,nan,nan,nan,nan,nan,nan,nan,nan,nan,nan,nan
0.12,0.04375000000000001,1.5999999999999999,0,-1,nan,nan,nan,nan,nan,nan,nan,nan,nan,nan,nan,nan,nan,nan,nan,nan,nan,nan,nan,nan,nan,nan
0.12,0.04375000000000001,1.95,0,-1,nan,nan,nan,nan,nan,nan,nan,nan,nan,nan,nan,nan,nan,nan,nan,nan,nan,nan,nan,nan,nan,nan
0.12,0.04375000000000001,2.3,0,-1,nan,nan,nan,nan,nan,nan,nan,nan,nan,nan,nan,nan,nan,nan,nan,nan,nan,nan,nan,nan,nan,nan
0.12,0.04375000000000001,2.65,0,-1,nan,nan,nan,nan,nan,nan,nan,nan,nan,nan,nan,nan,nan,nan,nan,nan,nan,nan,nan,nan,nan,nan
0.12,0.04375000000000001,3.0,0,-1,nan,nan,nan,nan,nan,nan,nan,nan,nan,nan,nan,nan,nan,nan,nan,nan,nan,nan,nan,nan,nan,nan
0.12,0.06250000000000001,0.2,0,-1,nan,nan,nan,nan,nan,nan,nan,nan,nan,nan,nan,nan,nan,nan,nan,nan,nan,nan,nan,nan,nan,nan
0.12,0.06250000000000001,0.55,0,-1,nan,nan,nan,nan,nan,nan,nan,nan,nan,nan,nan,nan,nan,nan,nan,nan,nan,nan,nan,nan,nan,nan
0.12,0.06250000000000001,0.8999999999999999,0,-1,nan,nan,nan,nan,nan,nan,nan,nan,nan,nan,nan,nan,nan,nan,nan,nan,nan,nan,nan,nan,nan,nan
0.12,0.06250000000000001,1.2499999999999998,0,-1,nan,nan,nan,nan,nan,nan,nan,nan,nan,nan,nan,nan,nan,nan,nan,nan,nan,nan,nan,nan,nan,nan
0.12,0.06250000000000001,1.5999999999999999,0,-1,nan,nan,nan,nan,nan,nan,nan,nan,nan,nan,nan,nan,nan,nan,nan,nan,nan,nan,nan,nan,nan,nan
0.12,0.06250000000000001,1.95,0,-1,nan,nan,nan,nan,nan,nan,nan,nan,nan,nan,nan,nan,nan,nan,nan,nan,nan,nan,nan,nan,nan,nan
0.12,0.06250000000000001,2.3,0,-1,nan,nan,nan,nan,nan,nan,nan,nan,nan,nan,nan,nan,nan,nan,nan,nan,nan,nan,nan,nan,nan,nan
0.12,0.06250000000000001,2.65,0,-1,nan,nan,nan,nan,nan,nan,nan,nan,nan,nan,nan,nan,nan,nan,nan,nan,nan,nan,nan,nan,nan,nan
0.12,0.06250000000000001,3.0,0,-1,nan,nan,nan,nan,nan,nan,nan,nan,nan,nan,nan,nan,nan,nan,nan,nan,nan,nan,nan,nan,nan,nan
0.12,0.08125000000000003,0.2,0,-1,nan,nan,nan,nan,nan,nan,nan,nan,nan,nan,nan,nan,nan,nan,nan,nan,nan,nan,nan,nan,nan,nan
0.12,0.08125000000000003,0.55,0,-1,nan,nan,nan,nan,nan,nan,nan,nan,nan,nan,nan,nan,nan,nan,nan,nan,nan,nan,nan,nan,nan,nan
0.12,0.08125000000000003,0.8999999999999999,0,-1,nan,nan,nan,nan,nan,nan,nan,nan,nan,nan,nan,nan,nan,nan,nan,nan,nan,nan,nan,nan,nan,nan
0.12,0.08125000000000003,1.2499999999999998,0,-1,nan,nan,nan,nan,nan,nan,nan,nan,nan,nan,nan,nan,nan,nan,nan,nan,nan,nan,nan,nan,nan,nan
0.12,0.08125000000000003,1.5999999999999999,0,-1,nan,nan,nan,nan,nan,nan,nan,nan,nan,nan,nan,nan,nan,nan,nan,nan,nan,nan,nan,nan,nan,nan
0.12,0.08125000000000003,1.95,0,-1,nan,nan,nan,nan,nan,nan,nan,nan,nan,nan,nan,nan,nan,nan,nan,nan,nan,nan,nan,nan,nan,nan
0.12,0.08125000000000003,2.3,0,-1,nan,nan,nan,nan,nan,nan,nan,nan,nan,nan,nan,nan,nan,nan,nan,nan,nan,nan,nan,nan,nan,nan
0.12,0.08125000000000003,2.65,0,-1,nan,nan,nan,nan,nan,nan,nan,nan,nan,nan,nan,nan,nan,nan,nan,nan,nan,nan,nan,nan,nan,nan
0.12,0.08125000000000003,3.0,0,-1,nan,nan,nan,nan,nan,nan,nan,nan,nan,nan,nan,nan,nan,nan,nan,nan,nan,nan,nan,nan,nan,nan
0.12,0.1,0.2,0,-1,nan,nan,nan,nan,nan,nan,nan,nan,nan,nan,nan,nan,nan,nan,nan,nan,nan,nan,nan,nan,nan,nan
0.12,0.1,0.55,0,-1,nan,nan,nan,nan,nan,nan,nan,nan,nan,nan,nan,nan,nan,nan,nan,nan,nan,nan,nan,nan,nan,nan
0.12,0.1,0.8999999999999999,0,-1,nan,nan,nan,nan,nan,nan,nan,nan,nan,nan,nan,nan,nan,nan,nan,nan,nan,nan,nan,nan,nan,nan
0.12,0.1,1.2499999999999998,0,-1,nan,nan,nan,nan,nan,nan,nan,nan,nan,nan,nan,nan,nan,nan,nan,nan,nan,nan,nan,nan,nan,nan
0.12,0.1,1.5999999999999999,0,-1,nan,nan,nan,nan,nan,nan,nan,nan,nan,nan,nan,nan,nan,nan,nan,nan,nan,nan,nan,nan,nan,nan
0.12,0.1,1.95,0,-1,nan,nan,nan,nan,nan,nan,nan,nan,nan,nan,nan,nan,nan,nan,nan,nan,nan,nan,nan,nan,nan,nan
0.12,0.1,2.3,0,-1,nan,nan,nan,nan,nan,nan,nan,nan,nan,nan,nan,nan,nan,nan,nan,nan,nan,nan,nan,nan,nan,nan
0.12,0.1,2.65,0,-1,nan,nan,nan,nan,nan,nan,nan,nan,nan,nan,nan,nan,nan,nan,nan,nan,nan,nan,nan,nan,nan,nan
0.12,0.1,3.0,0,-1,nan,nan,nan,nan,nan,nan,nan,nan,nan,nan,nan,nan,nan,nan,nan,nan,nan,nan,nan,nan,nan,nan
