index,k_lambda,k_delta,k_alpha,lam,trust_fraction,trust_radius,alpha,raw_direction_norm_inf,projected_direction_norm_inf,clipped_direction_norm_inf,linear_solve_residual_inf,finite,active_constraint_count,active_constraint_ids,min_pb_trial,min_pb_node,min_pb_nz,r_trial_inf,residual_ratio,absolute_decrease,armijo_rhs,armijo_pass,material_reduction_flag,max_abs_q1_trial,single_q_ok,conservativity_ok,accepted,reject_reason,nonfinite_reason
1,0,0,0,1.0,1.0,0.0002665541151784989,1.0,0.0002665541151784989,0.0002665541151784989,0.0002665541151784989,5.329070518200751e-15,False,0,,nan,-1,-1,nan,nan,nan,nan,False,False,nan,False,False,False,REJECT_NONFINITE_CANDIDATE,REASSEMBLY_RAISED:BoundaryHJBFailure
2,0,0,1,1.0,1.0,0.0002665541151784989,0.5,0.0002665541151784989,0.0002665541151784989,0.0002665541151784989,5.329070518200751e-15,False,0,,nan,-1,-1,nan,nan,nan,nan,False,False,nan,False,False,False,REJECT_NONFINITE_CANDIDATE,REASSEMBLY_RAISED:BoundaryHJBFailure
3,0,0,2,1.0,1.0,0.0002665541151784989,0.25,0.0002665541151784989,0.0002665541151784989,0.0002665541151784989,5.329070518200751e-15,False,0,,nan,-1,-1,nan,nan,nan,nan,False,False,nan,False,False,False,REJECT_NONFINITE_CANDIDATE,REASSEMBLY_RAISED:BoundaryHJBFailure
4,0,0,3,1.0,1.0,0.0002665541151784989,0.125,0.0002665541151784989,0.0002665541151784989,0.0002665541151784989,5.329070518200751e-15,False,0,,nan,-1,-1,nan,nan,nan,nan,False,False,nan,False,False,False,REJECT_NONFINITE_CANDIDATE,REASSEMBLY_RAISED:BoundaryHJBFailure
5,0,0,4,1.0,1.0,0.0002665541151784989,0.0625,0.0002665541151784989,0.0002665541151784989,0.0002665541151784989,5.329070518200751e-15,False,0,,nan,-1,-1,nan,nan,nan,nan,False,False,nan,False,False,False,REJECT_NONFINITE_CANDIDATE,REASSEMBLY_RAISED:BoundaryHJBFailure
6,0,0,5,1.0,1.0,0.0002665541151784989,0.03125,0.0002665541151784989,0.0002665541151784989,0.0002665541151784989,5.329070518200751e-15,False,0,,nan,-1,-1,nan,nan,nan,nan,False,False,nan,False,False,False,REJECT_NONFINITE_CANDIDATE,REASSEMBLY_RAISED:BoundaryHJBFailure
7,0,0,6,1.0,1.0,0.0002665541151784989,0.015625,0.0002665541151784989,0.0002665541151784989,0.0002665541151784989,5.329070518200751e-15,False,0,,nan,-1,-1,nan,nan,nan,nan,False,False,nan,False,False,False,REJECT_NONFINITE_CANDIDATE,REASSEMBLY_RAISED:BoundaryHJBFailure
8,0,0,7,1.0,1.0,0.0002665541151784989,0.0078125,0.0002665541151784989,0.0002665541151784989,0.0002665541151784989,5.329070518200751e-15,False,0,,nan,-1,-1,nan,nan,nan,nan,False,False,nan,False,False,False,REJECT_NONFINITE_CANDIDATE,REASSEMBLY_RAISED:BoundaryHJBFailure
9,0,0,8,1.0,1.0,0.0002665541151784989,0.00390625,0.0002665541151784989,0.0002665541151784989,0.0002665541151784989,5.329070518200751e-15,False,0,,nan,-1,-1,nan,nan,nan,nan,False,False,nan,False,False,False,REJECT_NONFINITE_CANDIDATE,REASSEMBLY_RAISED:BoundaryHJBFailure
10,0,0,9,1.0,1.0,0.0002665541151784989,0.001953125,0.0002665541151784989,0.0002665541151784989,0.0002665541151784989,5.329070518200751e-15,False,0,,nan,-1,-1,nan,nan,nan,nan,False,False,nan,False,False,False,REJECT_NONFINITE_CANDIDATE,REASSEMBLY_RAISED:BoundaryHJBFailure
11,0,0,10,1.0,1.0,0.0002665541151784989,0.0009765625,0.0002665541151784989,0.0002665541151784989,0.0002665541151784989,5.329070518200751e-15,False,0,,nan,-1,-1,nan,nan,nan,nan,False,False,nan,False,False,False,REJECT_NONFINITE_CANDIDATE,REASSEMBLY_RAISED:BoundaryHJBFailure
12,0,0,11,1.0,1.0,0.0002665541151784989,0.00048828125,0.0002665541151784989,0.0002665541151784989,0.0002665541151784989,5.329070518200751e-15,False,0,,nan,-1,-1,nan,nan,nan,nan,False,False,nan,False,False,False,REJECT_NONFINITE_CANDIDATE,REASSEMBLY_RAISED:BoundaryHJBFailure
13,0,0,12,1.0,1.0,0.0002665541151784989,0.000244140625,0.0002665541151784989,0.0002665541151784989,0.0002665541151784989,5.329070518200751e-15,False,0,,nan,-1,-1,nan,nan,nan,nan,False,False,nan,False,False,False,REJECT_NONFINITE_CANDIDATE,REASSEMBLY_RAISED:BoundaryHJBFailure
14,0,0,13,1.0,1.0,0.0002665541151784989,0.0001220703125,0.0002665541151784989,0.0002665541151784989,0.0002665541151784989,5.329070518200751e-15,False,0,,nan,-1,-1,nan,nan,nan,nan,False,False,nan,False,False,False,REJECT_NONFINITE_CANDIDATE,REASSEMBLY_RAISED:BoundaryHJBFailure
15,0,0,14,1.0,1.0,0.0002665541151784989,6.103515625e-05,0.0002665541151784989,0.0002665541151784989,0.0002665541151784989,5.329070518200751e-15,False,0,,nan,-1,-1,nan,nan,nan,nan,False,False,nan,False,False,False,REJECT_NONFINITE_CANDIDATE,REASSEMBLY_RAISED:BoundaryHJBFailure
16,0,0,15,1.0,1.0,0.0002665541151784989,3.0517578125e-05,0.0002665541151784989,0.0002665541151784989,0.0002665541151784989,5.329070518200751e-15,True,0,,2.9314963155359565e-12,332,1,10.43509430654889,0.9999999993659827,6.6160303902051965e-09,10.43509428131954,False,False,7.76101960475728e-11,True,True,False,REJECT_ARMIJO_CONDITION,
17,0,0,16,1.0,1.0,0.0002665541151784989,1.52587890625e-05,0.0002665541151784989,0.0002665541151784989,0.0002665541151784989,5.329070518200751e-15,True,0,,2.405929170176283e-09,332,1,10.43509430985728,0.9999999996830272,3.3076403838094848e-09,10.43509429724223,False,False,2.4253377084448857e-12,True,True,False,REJECT_ARMIJO_CONDITION,
18,0,0,17,1.0,1.0,0.0002665541151784989,7.62939453125e-06,0.0002665541151784989,0.0002665541151784989,0.0002665541151784989,5.329070518200751e-15,True,0,,3.607437650186642e-09,332,1,10.43509431151099,0.9999999998415031,1.6539303260287852e-09,10.435094305203576,False,False,2.4253377084448857e-12,True,True,False,REJECT_ARMIJO_CONDITION,
19,0,0,18,1.0,1.0,0.0002665541151784989,3.814697265625e-06,0.0002665541151784989,0.0002665541151784989,0.0002665541151784989,5.329070518200751e-15,True,0,,4.208201533271807e-09,332,1,10.43509431233796,0.9999999999207518,8.269616103007138e-10,10.43509430918425,False,False,2.4253377084448857e-12,True,True,False,REJECT_ARMIJO_CONDITION,
20,0,0,19,1.0,1.0,0.0002665541151784989,1.9073486328125e-06,0.0002665541151784989,0.0002665541151784989,0.0002665541151784989,5.329070518200751e-15,True,0,,4.508564188654418e-09,332,1,10.435094312751664,0.9999999999603973,4.1325698418859247e-10,10.435094311174584,False,False,2.4253377084448857e-12,True,True,False,REJECT_ARMIJO_CONDITION,
21,0,0,20,1.0,1.0,0.0002665541151784989,9.5367431640625e-07,0.0002665541151784989,0.0002665541151784989,0.0002665541151784989,5.329070518200751e-15,True,0,,4.658745516345724e-09,332,1,10.435094312958311,0.9999999999802005,2.0660984034748253e-10,10.435094312169753,False,False,2.4253377084448857e-12,True,True,False,REJECT_ARMIJO_CONDITION,
22,0,1,0,1.0,0.5,0.00013327705758924945,1.0,0.0002665541151784989,0.0002665541151784989,0.00013327705758924945,5.329070518200751e-15,False,0,,nan,-1,-1,nan,nan,nan,nan,False,False,nan,False,False,False,REJECT_NONFINITE_CANDIDATE,REASSEMBLY_RAISED:BoundaryHJBFailure
23,0,1,1,1.0,0.5,0.00013327705758924945,0.5,0.0002665541151784989,0.0002665541151784989,0.00013327705758924945,5.329070518200751e-15,False,0,,nan,-1,-1,nan,nan,nan,nan,False,False,nan,False,False,False,REJECT_NONFINITE_CANDIDATE,REASSEMBLY_RAISED:BoundaryHJBFailure
24,0,1,2,1.0,0.5,0.00013327705758924945,0.25,0.0002665541151784989,0.0002665541151784989,0.00013327705758924945,5.329070518200751e-15,False,0,,nan,-1,-1,nan,nan,nan,nan,False,False,nan,False,False,False,REJECT_NONFINITE_CANDIDATE,REASSEMBLY_RAISED:BoundaryHJBFailure
25,0,1,3,1.0,0.5,0.00013327705758924945,0.125,0.0002665541151784989,0.0002665541151784989,0.00013327705758924945,5.329070518200751e-15,False,0,,nan,-1,-1,nan,nan,nan,nan,False,False,nan,False,False,False,REJECT_NONFINITE_CANDIDATE,REASSEMBLY_RAISED:BoundaryHJBFailure
26,0,1,4,1.0,0.5,0.00013327705758924945,0.0625,0.0002665541151784989,0.0002665541151784989,0.00013327705758924945,5.329070518200751e-15,False,0,,nan,-1,-1,nan,nan,nan,nan,False,False,nan,False,False,False,REJECT_NONFINITE_CANDIDATE,REASSEMBLY_RAISED:BoundaryHJBFailure
27,0,1,5,1.0,0.5,0.00013327705758924945,0.03125,0.0002665541151784989,0.0002665541151784989,0.00013327705758924945,5.329070518200751e-15,False,0,,nan,-1,-1,nan,nan,nan,nan,False,False,nan,False,False,False,REJECT_NONFINITE_CANDIDATE,REASSEMBLY_RAISED:BoundaryHJBFailure
28,0,1,6,1.0,0.5,0.00013327705758924945,0.015625,0.0002665541151784989,0.0002665541151784989,0.00013327705758924945,5.329070518200751e-15,False,0,,nan,-1,-1,nan,nan,nan,nan,False,False,nan,False,False,False,REJECT_NONFINITE_CANDIDATE,REASSEMBLY_RAISED:BoundaryHJBFailure
29,0,1,7,1.0,0.5,0.00013327705758924945,0.0078125,0.0002665541151784989,0.0002665541151784989,0.00013327705758924945,5.329070518200751e-15,False,0,,nan,-1,-1,nan,nan,nan,nan,False,False,nan,False,False,False,REJECT_NONFINITE_CANDIDATE,REASSEMBLY_RAISED:BoundaryHJBFailure
30,0,1,8,1.0,0.5,0.00013327705758924945,0.00390625,0.0002665541151784989,0.0002665541151784989,0.00013327705758924945,5.329070518200751e-15,False,0,,nan,-1,-1,nan,nan,nan,nan,False,False,nan,False,False,False,REJECT_NONFINITE_CANDIDATE,REASSEMBLY_RAISED:BoundaryHJBFailure
31,0,1,9,1.0,0.5,0.00013327705758924945,0.001953125,0.0002665541151784989,0.0002665541151784989,0.00013327705758924945,5.329070518200751e-15,False,0,,nan,-1,-1,nan,nan,nan,nan,False,False,nan,False,False,False,REJECT_NONFINITE_CANDIDATE,REASSEMBLY_RAISED:BoundaryHJBFailure
32,0,1,10,1.0,0.5,0.00013327705758924945,0.0009765625,0.0002665541151784989,0.0002665541151784989,0.00013327705758924945,5.329070518200751e-15,False,0,,nan,-1,-1,nan,nan,nan,nan,False,False,nan,False,False,False,REJECT_NONFINITE_CANDIDATE,REASSEMBLY_RAISED:BoundaryHJBFailure
33,0,1,11,1.0,0.5,0.00013327705758924945,0.00048828125,0.0002665541151784989,0.0002665541151784989,0.00013327705758924945,5.329070518200751e-15,False,0,,nan,-1,-1,nan,nan,nan,nan,False,False,nan,False,False,False,REJECT_NONFINITE_CANDIDATE,REASSEMBLY_RAISED:BoundaryHJBFailure
34,0,1,12,1.0,0.5,0.00013327705758924945,0.000244140625,0.0002665541151784989,0.0002665541151784989,0.00013327705758924945,5.329070518200751e-15,False,0,,nan,-1,-1,nan,nan,nan,nan,False,False,nan,False,False,False,REJECT_NONFINITE_CANDIDATE,REASSEMBLY_RAISED:BoundaryHJBFailure
35,0,1,13,1.0,0.5,0.00013327705758924945,0.0001220703125,0.0002665541151784989,0.0002665541151784989,0.00013327705758924945,5.329070518200751e-15,False,0,,nan,-1,-1,nan,nan,nan,nan,False,False,nan,False,False,False,REJECT_NONFINITE_CANDIDATE,REASSEMBLY_RAISED:BoundaryHJBFailure
36,0,1,14,1.0,0.5,0.00013327705758924945,6.103515625e-05,0.0002665541151784989,0.0002665541151784989,0.00013327705758924945,5.329070518200751e-15,False,0,,nan,-1,-1,nan,nan,nan,nan,False,False,nan,False,False,False,REJECT_NONFINITE_CANDIDATE,REASSEMBLY_RAISED:BoundaryHJBFailure
37,0,1,15,1.0,0.5,0.00013327705758924945,3.0517578125e-05,0.0002665541151784989,0.0002665541151784989,0.00013327705758924945,5.329070518200751e-15,True,0,,6.46414223735649e-10,332,1,10.435094310372094,0.9999999997323621,2.7928273027555406e-09,10.43509428131954,False,False,4.85061990573854e-12,True,True,False,REJECT_ARMIJO_CONDITION,
38,0,1,16,1.0,0.5,0.00013327705758924945,1.52587890625e-05,0.0002665541151784989,0.0002665541151784989,0.00013327705758924945,5.329070518200751e-15,True,0,,2.727680176966325e-09,332,1,10.435094311768625,0.9999999998661923,1.3962964118263699e-09,10.43509429724223,False,False,2.4253377084448857e-12,True,True,False,REJECT_ARMIJO_CONDITION,
39,0,1,17,1.0,0.5,0.00013327705758924945,7.62939453125e-06,0.0002665541151784989,0.0002665541151784989,0.00013327705758924945,5.329070518200751e-15,True,0,,3.7683227966616485e-09,332,1,10.435094312466688,0.9999999999330881,6.982325828630565e-10,10.435094305203576,False,False,2.4253377084448857e-12,True,True,False,REJECT_ARMIJO_CONDITION,
40,0,1,18,1.0,0.5,0.00013327705758924945,3.814697265625e-06,0.0002665541151784989,0.0002665541151784989,0.00013327705758924945,5.329070518200751e-15,True,0,,4.2886248203493395e-09,332,1,10.435094312815888,0.999999999966552,3.490328026600764e-10,10.43509430918425,False,False,2.4253377084448857e-12,True,True,False,REJECT_ARMIJO_CONDITION,
41,0,1,19,1.0,0.5,0.00013327705758924945,1.9073486328125e-06,0.0002665541151784989,0.0002665541151784989,0.00013327705758924945,5.329070518200751e-15,True,0,,4.548795118353155e-09,332,1,10.435094312990465,0.9999999999832818,1.744560051974986e-10,10.435094311174584,False,False,2.4253377084448857e-12,True,True,False,REJECT_ARMIJO_CONDITION,
42,0,1,20,1.0,0.5,0.00013327705758924945,9.5367431640625e-07,0.0002665541151784989,0.0002665541151784989,0.00013327705758924945,5.329070518200751e-15,True,0,,4.678860981195092e-09,332,1,10.43509431307775,0.9999999999916463,8.717115917988849e-11,10.435094312169753,False,False,2.4253377084448857e-12,True,True,False,REJECT_ARMIJO_CONDITION,
43,0,2,0,1.0,0.25,6.663852879462473e-05,1.0,0.0002665541151784989,0.0002665541151784989,6.663852879462473e-05,5.329070518200751e-15,True,0,,4.8089461301970005e-09,332,1,10.435048554708565,0.9999956149455882,4.57584563555713e-05,10.434050803733605,False,False,2.4253377084448857e-12,True,True,False,REJECT_ARMIJO_CONDITION,
44,0,2,1,1.0,0.25,6.663852879462473e-05,0.5,0.0002665541151784989,0.0002665541151784989,6.663852879462473e-05,5.329070518200751e-15,True,0,,4.8089461301970005e-09,332,1,10.435071433936715,0.9999978074727913,2.2879228206207358e-05,10.434572558449263,False,False,2.4253377084448857e-12,True,True,False,REJECT_ARMIJO_CONDITION,
45,0,2,2,1.0,0.25,6.663852879462473e-05,0.25,0.0002665541151784989,0.0002665541151784989,6.663852879462473e-05,5.329070518200751e-15,True,0,,4.8089461301970005e-09,332,1,10.435082873550803,0.9999989037363942,1.1439614118202712e-05,10.434833435807091,False,False,2.4253377084448857e-12,True,True,False,REJECT_ARMIJO_CONDITION,
46,0,2,3,1.0,0.25,6.663852879462473e-05,0.125,0.0002665541151784989,0.0002665541151784989,6.663852879462473e-05,5.329070518200751e-15,True,0,,4.8089461301970005e-09,332,1,10.435088593357992,0.9999994518682096,5.719806928539128e-06,10.434963874486007,False,False,2.4253377084448857e-12,True,True,False,REJECT_ARMIJO_CONDITION,
47,0,2,4,1.0,0.25,6.663852879462473e-05,0.0625,0.0002665541151784989,0.0002665541151784989,6.663852879462473e-05,5.329070518200751e-15,True,0,,4.8089461301970005e-09,332,1,10.435091453261514,0.9999997259341102,2.8599034074261453e-06,10.435029093825463,False,False,2.4253377084448857e-12,True,True,False,REJECT_ARMIJO_CONDITION,
48,0,2,5,1.0,0.25,6.663852879462473e-05,0.03125,0.0002665541151784989,0.0002665541151784989,6.663852879462473e-05,5.329070518200751e-15,True,0,,4.8089461301970005e-09,332,1,10.435092883213247,0.999999862967058,1.4299516735150064e-06,10.435061703495192,False,False,2.4253377084448857e-12,True,True,False,REJECT_ARMIJO_CONDITION,
49,0,2,6,1.0,0.25,6.663852879462473e-05,0.015625,0.0002665541151784989,0.0002665541151784989,6.663852879462473e-05,5.329070518200751e-15,True,0,,4.8089461301970005e-09,332,1,10.435093598189056,0.9999999314835263,7.149758651792126e-07,10.435078008330057,False,False,2.4253377084448857e-12,True,True,False,REJECT_ARMIJO_CONDITION,
50,0,2,7,1.0,0.25,6.663852879462473e-05,0.0078125,0.0002665541151784989,0.0002665541151784989,6.663852879462473e-05,5.329070518200751e-15,True,0,,4.8089461301970005e-09,332,1,10.435093955677031,0.9999999657417672,3.5748788995704217e-07,10.435086160747488,False,False,2.4253377084448857e-12,True,True,False,REJECT_ARMIJO_CONDITION,
51,0,2,8,1.0,0.25,6.663852879462473e-05,0.00390625,0.0002665541151784989,0.0002665541151784989,6.663852879462473e-05,5.329070518200751e-15,True,0,,4.8089461301970005e-09,332,1,10.435094134421119,0.9999999828708973,1.7874380198179551e-07,10.435090236956205,False,False,2.4253377084448857e-12,True,True,False,REJECT_ARMIJO_CONDITION,
52,0,2,9,1.0,0.25,6.663852879462473e-05,0.001953125,0.0002665541151784989,0.0002665541151784989,6.663852879462473e-05,5.329070518200751e-15,True,0,,4.8089461301970005e-09,332,1,10.435094223792992,0.999999991435446,8.937192852442877e-08,10.435092275060564,False,False,2.4253377084448857e-12,True,True,False,REJECT_ARMIJO_CONDITION,
53,0,2,10,1.0,0.25,6.663852879462473e-05,0.0009765625,0.0002665541151784989,0.0002665541151784989,6.663852879462473e-05,5.329070518200751e-15,True,0,,4.8089461301970005e-09,332,1,10.435094268479027,0.9999999957177297,4.468589409611923e-08,10.435093294112741,False,False,2.4253377084448857e-12,True,True,False,REJECT_ARMIJO_CONDITION,
54,0,2,11,1.0,0.25,6.663852879462473e-05,0.00048828125,0.0002665541151784989,0.0002665541151784989,6.663852879462473e-05,5.329070518200751e-15,True,0,,4.8089461301970005e-09,332,1,10.435094290821946,0.9999999978588622,2.2342975469769044e-08,10.435093803638832,False,False,2.4253377084448857e-12,True,True,False,REJECT_ARMIJO_CONDITION,
55,0,2,12,1.0,0.25,6.663852879462473e-05,0.000244140625,0.0002665541151784989,0.0002665541151784989,6.663852879462473e-05,5.329070518200751e-15,True,0,,4.8089461301970005e-09,332,1,10.435094301993452,0.9999999989294328,1.1171469083137708e-08,10.435094058401877,False,False,2.4253377084448857e-12,True,True,False,REJECT_ARMIJO_CONDITION,
56,0,2,13,1.0,0.25,6.663852879462473e-05,0.0001220703125,0.0002665541151784989,0.0002665541151784989,6.663852879462473e-05,5.329070518200751e-15,True,0,,4.8089461301970005e-09,332,1,10.435094307579215,0.9999999994647192,5.585706119859424e-09,10.435094185783399,False,False,2.4253377084448857e-12,True,True,False,REJECT_ARMIJO_CONDITION,
57,0,2,14,1.0,0.25,6.663852879462473e-05,6.103515625e-05,0.0002665541151784989,0.0002665541151784989,6.663852879462473e-05,5.329070518200751e-15,True,0,,4.8089461301970005e-09,332,1,10.435094310372094,0.9999999997323621,2.7928273027555406e-09,10.43509424947416,False,False,2.4253377084448857e-12,True,True,False,REJECT_ARMIJO_CONDITION,
58,0,2,15,1.0,0.25,6.663852879462473e-05,3.0517578125e-05,0.0002665541151784989,0.0002665541151784989,6.663852879462473e-05,5.329070518200751e-15,True,0,,4.8089461301970005e-09,332,1,10.435094311768625,0.9999999998661923,1.3962964118263699e-09,10.43509428131954,False,False,2.4253377084448857e-12,True,True,False,REJECT_ARMIJO_CONDITION,
59,0,2,16,1.0,0.25,6.663852879462473e-05,1.52587890625e-05,0.0002665541151784989,0.0002665541151784989,6.663852879462473e-05,5.329070518200751e-15,True,0,,4.8089461301970005e-09,332,1,10.435094312466688,0.9999999999330881,6.982325828630565e-10,10.43509429724223,False,False,2.4253377084448857e-12,True,True,False,REJECT_ARMIJO_CONDITION,
60,0,2,17,1.0,0.25,6.663852879462473e-05,7.62939453125e-06,0.0002665541151784989,0.0002665541151784989,6.663852879462473e-05,5.329070518200751e-15,True,0,,4.8089461301970005e-09,332,1,10.435094312815888,0.999999999966552,3.490328026600764e-10,10.435094305203576,False,False,2.4253377084448857e-12,True,True,False,REJECT_ARMIJO_CONDITION,
61,0,2,18,1.0,0.25,6.663852879462473e-05,3.814697265625e-06,0.0002665541151784989,0.0002665541151784989,6.663852879462473e-05,5.329070518200751e-15,True,0,,4.8089461301970005e-09,332,1,10.435094312990465,0.9999999999832818,1.744560051974986e-10,10.43509430918425,False,False,2.4253377084448857e-12,True,True,False,REJECT_ARMIJO_CONDITION,
62,0,2,19,1.0,0.25,6.663852879462473e-05,1.9073486328125e-06,0.0002665541151784989,0.0002665541151784989,6.663852879462473e-05,5.329070518200751e-15,True,0,,4.8089461301970005e-09,332,1,10.43509431307775,0.9999999999916463,8.717115917988849e-11,10.435094311174584,False,False,2.4253377084448857e-12,True,True,False,REJECT_ARMIJO_CONDITION,
63,0,2,20,1.0,0.25,6.663852879462473e-05,9.5367431640625e-07,0.0002665541151784989,0.0002665541151784989,6.663852879462473e-05,5.329070518200751e-15,True,0,,4.8089461301970005e-09,332,1,10.435094313121294,0.9999999999958191,4.362732397567015e-11,10.435094312169753,False,False,2.4253377084448857e-12,True,True,False,REJECT_ARMIJO_CONDITION,
64,0,3,0,1.0,0.125,3.3319264397312364e-05,1.0,0.0002665541151784989,0.0002665541151784989,3.3319264397312364e-05,5.329070518200751e-15,True,0,,4.8089461301970005e-09,332,1,10.435071433936715,0.9999978074727913,2.2879228206207358e-05,10.434050803733605,False,False,2.4253377084448857e-12,True,True,False,REJECT_ARMIJO_CONDITION,
65,0,3,1,1.0,0.125,3.3319264397312364e-05,0.5,0.0002665541151784989,0.0002665541151784989,3.3319264397312364e-05,5.329070518200751e-15,True,0,,4.8089461301970005e-09,332,1,10.435082873550803,0.9999989037363942,1.1439614118202712e-05,10.434572558449263,False,False,2.4253377084448857e-12,True,True,False,REJECT_ARMIJO_CONDITION,
66,0,3,2,1.0,0.125,3.3319264397312364e-05,0.25,0.0002665541151784989,0.0002665541151784989,3.3319264397312364e-05,5.329070518200751e-15,True,0,,4.8089461301970005e-09,332,1,10.435088593357992,0.9999994518682096,5.719806928539128e-06,10.434833435807091,False,False,2.4253377084448857e-12,True,True,False,REJECT_ARMIJO_CONDITION,
67,0,3,3,1.0,0.125,3.3319264397312364e-05,0.125,0.0002665541151784989,0.0002665541151784989,3.3319264397312364e-05,5.329070518200751e-15,True,0,,4.8089461301970005e-09,332,1,10.435091453261514,0.9999997259341102,2.8599034074261453e-06,10.434963874486007,False,False,2.4253377084448857e-12,True,True,False,REJECT_ARMIJO_CONDITION,
68,0,3,4,1.0,0.125,3.3319264397312364e-05,0.0625,0.0002665541151784989,0.0002665541151784989,3.3319264397312364e-05,5.329070518200751e-15,True,0,,4.8089461301970005e-09,332,1,10.435092883213247,0.999999862967058,1.4299516735150064e-06,10.435029093825463,False,False,2.4253377084448857e-12,True,True,False,REJECT_ARMIJO_CONDITION,
69,0,3,5,1.0,0.125,3.3319264397312364e-05,0.03125,0.0002665541151784989,0.0002665541151784989,3.3319264397312364e-05,5.329070518200751e-15,True,0,,4.8089461301970005e-09,332,1,10.435093598189056,0.9999999314835263,7.149758651792126e-07,10.435061703495192,False,False,2.4253377084448857e-12,True,True,False,REJECT_ARMIJO_CONDITION,
70,0,3,6,1.0,0.125,3.3319264397312364e-05,0.015625,0.0002665541151784989,0.0002665541151784989,3.3319264397312364e-05,5.329070518200751e-15,True,0,,4.8089461301970005e-09,332,1,10.435093955677031,0.9999999657417672,3.5748788995704217e-07,10.435078008330057,False,False,2.4253377084448857e-12,True,True,False,REJECT_ARMIJO_CONDITION,
71,0,3,7,1.0,0.125,3.3319264397312364e-05,0.0078125,0.0002665541151784989,0.0002665541151784989,3.3319264397312364e-05,5.329070518200751e-15,True,0,,4.8089461301970005e-09,332,1,10.435094134421119,0.9999999828708973,1.7874380198179551e-07,10.435086160747488,False,False,2.4253377084448857e-12,True,True,False,REJECT_ARMIJO_CONDITION,
72,0,3,8,1.0,0.125,3.3319264397312364e-05,0.00390625,0.0002665541151784989,0.0002665541151784989,3.3319264397312364e-05,5.329070518200751e-15,True,0,,4.8089461301970005e-09,332,1,10.435094223792992,0.999999991435446,8.937192852442877e-08,10.435090236956205,False,False,2.4253377084448857e-12,True,True,False,REJECT_ARMIJO_CONDITION,
73,0,3,9,1.0,0.125,3.3319264397312364e-05,0.001953125,0.0002665541151784989,0.0002665541151784989,3.3319264397312364e-05,5.329070518200751e-15,True,0,,4.8089461301970005e-09,332,1,10.435094268479027,0.9999999957177297,4.468589409611923e-08,10.435092275060564,False,False,2.4253377084448857e-12,True,True,False,REJECT_ARMIJO_CONDITION,
74,0,3,10,1.0,0.125,3.3319264397312364e-05,0.0009765625,0.0002665541151784989,0.0002665541151784989,3.3319264397312364e-05,5.329070518200751e-15,True,0,,4.8089461301970005e-09,332,1,10.435094290821946,0.9999999978588622,2.2342975469769044e-08,10.435093294112741,False,False,2.4253377084448857e-12,True,True,False,REJECT_ARMIJO_CONDITION,
75,0,3,11,1.0,0.125,3.3319264397312364e-05,0.00048828125,0.0002665541151784989,0.0002665541151784989,3.3319264397312364e-05,5.329070518200751e-15,True,0,,4.8089461301970005e-09,332,1,10.435094301993452,0.9999999989294328,1.1171469083137708e-08,10.435093803638832,False,False,2.4253377084448857e-12,True,True,False,REJECT_ARMIJO_CONDITION,
76,0,3,12,1.0,0.125,3.3319264397312364e-05,0.000244140625,0.0002665541151784989,0.0002665541151784989,3.3319264397312364e-05,5.329070518200751e-15,True,0,,4.8089461301970005e-09,332,1,10.435094307579215,0.9999999994647192,5.585706119859424e-09,10.435094058401877,False,False,2.4253377084448857e-12,True,True,False,REJECT_ARMIJO_CONDITION,
77,0,3,13,1.0,0.125,3.3319264397312364e-05,0.0001220703125,0.0002665541151784989,0.0002665541151784989,3.3319264397312364e-05,5.329070518200751e-15,True,0,,4.8089461301970005e-09,332,1,10.435094310372094,0.9999999997323621,2.7928273027555406e-09,10.435094185783399,False,False,2.4253377084448857e-12,True,True,False,REJECT_ARMIJO_CONDITION,
78,0,3,14,1.0,0.125,3.3319264397312364e-05,6.103515625e-05,0.0002665541151784989,0.0002665541151784989,3.3319264397312364e-05,5.329070518200751e-15,True,0,,4.8089461301970005e-09,332,1,10.435094311768625,0.9999999998661923,1.3962964118263699e-09,10.43509424947416,False,False,2.4253377084448857e-12,True,True,False,REJECT_ARMIJO_CONDITION,
79,0,3,15,1.0,0.125,3.3319264397312364e-05,3.0517578125e-05,0.0002665541151784989,0.0002665541151784989,3.3319264397312364e-05,5.329070518200751e-15,True,0,,4.8089461301970005e-09,332,1,10.435094312466688,0.9999999999330881,6.982325828630565e-10,10.43509428131954,False,False,2.4253377084448857e-12,True,True,False,REJECT_ARMIJO_CONDITION,
80,0,3,16,1.0,0.125,3.3319264397312364e-05,1.52587890625e-05,0.0002665541151784989,0.0002665541151784989,3.3319264397312364e-05,5.329070518200751e-15,True,0,,4.8089461301970005e-09,332,1,10.435094312815888,0.999999999966552,3.490328026600764e-10,10.43509429724223,False,False,2.4253377084448857e-12,True,True,False,REJECT_ARMIJO_CONDITION,
81,0,3,17,1.0,0.125,3.3319264397312364e-05,7.62939453125e-06,0.0002665541151784989,0.0002665541151784989,3.3319264397312364e-05,5.329070518200751e-15,True,0,,4.8089461301970005e-09,332,1,10.435094312990465,0.9999999999832818,1.744560051974986e-10,10.435094305203576,False,False,2.4253377084448857e-12,True,True,False,REJECT_ARMIJO_CONDITION,
82,0,3,18,1.0,0.125,3.3319264397312364e-05,3.814697265625e-06,0.0002665541151784989,0.0002665541151784989,3.3319264397312364e-05,5.329070518200751e-15,True,0,,4.8089461301970005e-09,332,1,10.43509431307775,0.9999999999916463,8.717115917988849e-11,10.43509430918425,False,False,2.4253377084448857e-12,True,True,False,REJECT_ARMIJO_CONDITION,
83,0,3,19,1.0,0.125,3.3319264397312364e-05,1.9073486328125e-06,0.0002665541151784989,0.0002665541151784989,3.3319264397312364e-05,5.329070518200751e-15,True,0,,4.8089461301970005e-09,332,1,10.435094313121294,0.9999999999958191,4.362732397567015e-11,10.435094311174584,False,False,2.4253377084448857e-12,True,True,False,REJECT_ARMIJO_CONDITION,
84,0,3,20,1.0,0.125,3.3319264397312364e-05,9.5367431640625e-07,0.0002665541151784989,0.0002665541151784989,3.3319264397312364e-05,5.329070518200751e-15,True,0,,4.8089461301970005e-09,332,1,10.435094313143235,0.9999999999979219,2.1685764295398258e-11,10.435094312169753,False,False,2.4253377084448857e-12,True,True,False,REJECT_ARMIJO_CONDITION,
85,0,4,0,1.0,0.0625,1.6659632198656182e-05,1.0,0.0002665541151784989,0.0002665541151784989,1.6659632198656182e-05,5.329070518200751e-15,True,0,,4.8089461301970005e-09,332,1,10.435082873550803,0.9999989037363942,1.1439614118202712e-05,10.434050803733605,False,False,2.4253377084448857e-12,True,True,False,REJECT_ARMIJO_CONDITION,
86,0,4,1,1.0,0.0625,1.6659632198656182e-05,0.5,0.0002665541151784989,0.0002665541151784989,1.6659632198656182e-05,5.329070518200751e-15,True,0,,4.8089461301970005e-09,332,1,10.435088593357992,0.9999994518682096,5.719806928539128e-06,10.434572558449263,False,False,2.4253377084448857e-12,True,True,False,REJECT_ARMIJO_CONDITION,
87,0,4,2,1.0,0.0625,1.6659632198656182e-05,0.25,0.0002665541151784989,0.0002665541151784989,1.6659632198656182e-05,5.329070518200751e-15,True,0,,4.8089461301970005e-09,332,1,10.435091453261514,0.9999997259341102,2.8599034074261453e-06,10.434833435807091,False,False,2.4253377084448857e-12,True,True,False,REJECT_ARMIJO_CONDITION,
88,0,4,3,1.0,0.0625,1.6659632198656182e-05,0.125,0.0002665541151784989,0.0002665541151784989,1.6659632198656182e-05,5.329070518200751e-15,True,0,,4.8089461301970005e-09,332,1,10.435092883213247,0.999999862967058,1.4299516735150064e-06,10.434963874486007,False,False,2.4253377084448857e-12,True,True,False,REJECT_ARMIJO_CONDITION,
89,0,4,4,1.0,0.0625,1.6659632198656182e-05,0.0625,0.0002665541151784989,0.0002665541151784989,1.6659632198656182e-05,5.329070518200751e-15,True,0,,4.8089461301970005e-09,332,1,10.435093598189056,0.9999999314835263,7.149758651792126e-07,10.435029093825463,False,False,2.4253377084448857e-12,True,True,False,REJECT_ARMIJO_CONDITION,
90,0,4,5,1.0,0.0625,1.6659632198656182e-05,0.03125,0.0002665541151784989,0.0002665541151784989,1.6659632198656182e-05,5.329070518200751e-15,True,0,,4.8089461301970005e-09,332,1,10.435093955677031,0.9999999657417672,3.5748788995704217e-07,10.435061703495192,False,False,2.4253377084448857e-12,True,True,False,REJECT_ARMIJO_CONDITION,
91,0,4,6,1.0,0.0625,1.6659632198656182e-05,0.015625,0.0002665541151784989,0.0002665541151784989,1.6659632198656182e-05,5.329070518200751e-15,True,0,,4.8089461301970005e-09,332,1,10.435094134421119,0.9999999828708973,1.7874380198179551e-07,10.435078008330057,False,False,2.4253377084448857e-12,True,True,False,REJECT_ARMIJO_CONDITION,
92,0,4,7,1.0,0.0625,1.6659632198656182e-05,0.0078125,0.0002665541151784989,0.0002665541151784989,1.6659632198656182e-05,5.329070518200751e-15,True,0,,4.8089461301970005e-09,332,1,10.435094223792992,0.999999991435446,8.937192852442877e-08,10.435086160747488,False,False,2.4253377084448857e-12,True,True,False,REJECT_ARMIJO_CONDITION,
93,0,4,8,1.0,0.0625,1.6659632198656182e-05,0.00390625,0.0002665541151784989,0.0002665541151784989,1.6659632198656182e-05,5.329070518200751e-15,True,0,,4.8089461301970005e-09,332,1,10.435094268479027,0.9999999957177297,4.468589409611923e-08,10.435090236956205,False,False,2.4253377084448857e-12,True,True,False,REJECT_ARMIJO_CONDITION,
94,0,4,9,1.0,0.0625,1.6659632198656182e-05,0.001953125,0.0002665541151784989,0.0002665541151784989,1.6659632198656182e-05,5.329070518200751e-15,True,0,,4.8089461301970005e-09,332,1,10.435094290821946,0.9999999978588622,2.2342975469769044e-08,10.435092275060564,False,False,2.4253377084448857e-12,True,True,False,REJECT_ARMIJO_CONDITION,
95,0,4,10,1.0,0.0625,1.6659632198656182e-05,0.0009765625,0.0002665541151784989,0.0002665541151784989,1.6659632198656182e-05,5.329070518200751e-15,True,0,,4.8089461301970005e-09,332,1,10.435094301993452,0.9999999989294328,1.1171469083137708e-08,10.435093294112741,False,False,2.4253377084448857e-12,True,True,False,REJECT_ARMIJO_CONDITION,
96,0,4,11,1.0,0.0625,1.6659632198656182e-05,0.00048828125,0.0002665541151784989,0.0002665541151784989,1.6659632198656182e-05,5.329070518200751e-15,True,0,,4.8089461301970005e-09,332,1,10.435094307579215,0.9999999994647192,5.585706119859424e-09,10.435093803638832,False,False,2.4253377084448857e-12,True,True,False,REJECT_ARMIJO_CONDITION,
97,0,4,12,1.0,0.0625,1.6659632198656182e-05,0.000244140625,0.0002665541151784989,0.0002665541151784989,1.6659632198656182e-05,5.329070518200751e-15,True,0,,4.8089461301970005e-09,332,1,10.435094310372094,0.9999999997323621,2.7928273027555406e-09,10.435094058401877,False,False,2.4253377084448857e-12,True,True,False,REJECT_ARMIJO_CONDITION,
98,0,4,13,1.0,0.0625,1.6659632198656182e-05,0.0001220703125,0.0002665541151784989,0.0002665541151784989,1.6659632198656182e-05,5.329070518200751e-15,True,0,,4.8089461301970005e-09,332,1,10.435094311768625,0.9999999998661923,1.3962964118263699e-09,10.435094185783399,False,False,2.4253377084448857e-12,True,True,False,REJECT_ARMIJO_CONDITION,
99,0,4,14,1.0,0.0625,1.6659632198656182e-05,6.103515625e-05,0.0002665541151784989,0.0002665541151784989,1.6659632198656182e-05,5.329070518200751e-15,True,0,,4.8089461301970005e-09,332,1,10.435094312466688,0.9999999999330881,6.982325828630565e-10,10.43509424947416,False,False,2.4253377084448857e-12,True,True,False,REJECT_ARMIJO_CONDITION,
100,0,4,15,1.0,0.0625,1.6659632198656182e-05,3.0517578125e-05,0.0002665541151784989,0.0002665541151784989,1.6659632198656182e-05,5.329070518200751e-15,True,0,,4.8089461301970005e-09,332,1,10.435094312815888,0.999999999966552,3.490328026600764e-10,10.43509428131954,False,False,2.4253377084448857e-12,True,True,False,REJECT_ARMIJO_CONDITION,
101,0,4,16,1.0,0.0625,1.6659632198656182e-05,1.52587890625e-05,0.0002665541151784989,0.0002665541151784989,1.6659632198656182e-05,5.329070518200751e-15,True,0,,4.8089461301970005e-09,332,1,10.435094312990465,0.9999999999832818,1.744560051974986e-10,10.43509429724223,False,False,2.4253377084448857e-12,True,True,False,REJECT_ARMIJO_CONDITION,
102,0,4,17,1.0,0.0625,1.6659632198656182e-05,7.62939453125e-06,0.0002665541151784989,0.0002665541151784989,1.6659632198656182e-05,5.329070518200751e-15,True,0,,4.8089461301970005e-09,332,1,10.43509431307775,0.9999999999916463,8.717115917988849e-11,10.435094305203576,False,False,2.4253377084448857e-12,True,True,False,REJECT_ARMIJO_CONDITION,
103,0,4,18,1.0,0.0625,1.6659632198656182e-05,3.814697265625e-06,0.0002665541151784989,0.0002665541151784989,1.6659632198656182e-05,5.329070518200751e-15,True,0,,4.8089461301970005e-09,332,1,10.435094313121294,0.9999999999958191,4.362732397567015e-11,10.43509430918425,False,False,2.4253377084448857e-12,True,True,False,REJECT_ARMIJO_CONDITION,
104,0,4,19,1.0,0.0625,1.6659632198656182e-05,1.9073486328125e-06,0.0002665541151784989,0.0002665541151784989,1.6659632198656182e-05,5.329070518200751e-15,True,0,,4.8089461301970005e-09,332,1,10.435094313143235,0.9999999999979219,2.1685764295398258e-11,10.435094311174584,False,False,2.4253377084448857e-12,True,True,False,REJECT_ARMIJO_CONDITION,
105,0,4,20,1.0,0.0625,1.6659632198656182e-05,9.5367431640625e-07,0.0002665541151784989,0.0002665541151784989,1.6659632198656182e-05,5.329070518200751e-15,True,0,,4.8089461301970005e-09,332,1,10.43509431315408,0.999999999998961,1.0841105790859729e-11,10.435094312169753,False,False,2.4253377084448857e-12,True,True,False,REJECT_ARMIJO_CONDITION,
106,0,5,0,1.0,0.03125,8.329816099328091e-06,1.0,0.0002665541151784989,0.0002665541151784989,8.329816099328091e-06,5.329070518200751e-15,True,0,,4.8089461301970005e-09,332,1,10.435088593357992,0.9999994518682096,5.719806928539128e-06,10.434050803733605,False,False,2.4253377084448857e-12,True,True,False,REJECT_ARMIJO_CONDITION,
107,0,5,1,1.0,0.03125,8.329816099328091e-06,0.5,0.0002665541151784989,0.0002665541151784989,8.329816099328091e-06,5.329070518200751e-15,True,0,,4.8089461301970005e-09,332,1,10.435091453261514,0.9999997259341102,2.8599034074261453e-06,10.434572558449263,False,False,2.4253377084448857e-12,True,True,False,REJECT_ARMIJO_CONDITION,
108,0,5,2,1.0,0.03125,8.329816099328091e-06,0.25,0.0002665541151784989,0.0002665541151784989,8.329816099328091e-06,5.329070518200751e-15,True,0,,4.8089461301970005e-09,332,1,10.435092883213247,0.999999862967058,1.4299516735150064e-06,10.434833435807091,False,False,2.4253377084448857e-12,True,True,False,REJECT_ARMIJO_CONDITION,
109,0,5,3,1.0,0.03125,8.329816099328091e-06,0.125,0.0002665541151784989,0.0002665541151784989,8.329816099328091e-06,5.329070518200751e-15,True,0,,4.8089461301970005e-09,332,1,10.435093598189056,0.9999999314835263,7.149758651792126e-07,10.434963874486007,False,False,2.4253377084448857e-12,True,True,False,REJECT_ARMIJO_CONDITION,
110,0,5,4,1.0,0.03125,8.329816099328091e-06,0.0625,0.0002665541151784989,0.0002665541151784989,8.329816099328091e-06,5.329070518200751e-15,True,0,,4.8089461301970005e-09,332,1,10.435093955677031,0.9999999657417672,3.5748788995704217e-07,10.435029093825463,False,False,2.4253377084448857e-12,True,True,False,REJECT_ARMIJO_CONDITION,
111,0,5,5,1.0,0.03125,8.329816099328091e-06,0.03125,0.0002665541151784989,0.0002665541151784989,8.329816099328091e-06,5.329070518200751e-15,True,0,,4.8089461301970005e-09,332,1,10.435094134421119,0.9999999828708973,1.7874380198179551e-07,10.435061703495192,False,False,2.4253377084448857e-12,True,True,False,REJECT_ARMIJO_CONDITION,
112,0,5,6,1.0,0.03125,8.329816099328091e-06,0.015625,0.0002665541151784989,0.0002665541151784989,8.329816099328091e-06,5.329070518200751e-15,True,0,,4.8089461301970005e-09,332,1,10.435094223792992,0.999999991435446,8.937192852442877e-08,10.435078008330057,False,False,2.4253377084448857e-12,True,True,False,REJECT_ARMIJO_CONDITION,
113,0,5,7,1.0,0.03125,8.329816099328091e-06,0.0078125,0.0002665541151784989,0.0002665541151784989,8.329816099328091e-06,5.329070518200751e-15,True,0,,4.8089461301970005e-09,332,1,10.435094268479027,0.9999999957177297,4.468589409611923e-08,10.435086160747488,False,False,2.4253377084448857e-12,True,True,False,REJECT_ARMIJO_CONDITION,
114,0,5,8,1.0,0.03125,8.329816099328091e-06,0.00390625,0.0002665541151784989,0.0002665541151784989,8.329816099328091e-06,5.329070518200751e-15,True,0,,4.8089461301970005e-09,332,1,10.435094290821946,0.9999999978588622,2.2342975469769044e-08,10.435090236956205,False,False,2.4253377084448857e-12,True,True,False,REJECT_ARMIJO_CONDITION,
115,0,5,9,1.0,0.03125,8.329816099328091e-06,0.001953125,0.0002665541151784989,0.0002665541151784989,8.329816099328091e-06,5.329070518200751e-15,True,0,,4.8089461301970005e-09,332,1,10.435094301993452,0.9999999989294328,1.1171469083137708e-08,10.435092275060564,False,False,2.4253377084448857e-12,True,True,False,REJECT_ARMIJO_CONDITION,
116,0,5,10,1.0,0.03125,8.329816099328091e-06,0.0009765625,0.0002665541151784989,0.0002665541151784989,8.329816099328091e-06,5.329070518200751e-15,True,0,,4.8089461301970005e-09,332,1,10.435094307579215,0.9999999994647192,5.585706119859424e-09,10.435093294112741,False,False,2.4253377084448857e-12,True,True,False,REJECT_ARMIJO_CONDITION,
117,0,5,11,1.0,0.03125,8.329816099328091e-06,0.00048828125,0.0002665541151784989,0.0002665541151784989,8.329816099328091e-06,5.329070518200751e-15,True,0,,4.8089461301970005e-09,332,1,10.435094310372094,0.9999999997323621,2.7928273027555406e-09,10.435093803638832,False,False,2.4253377084448857e-12,True,True,False,REJECT_ARMIJO_CONDITION,
118,0,5,12,1.0,0.03125,8.329816099328091e-06,0.000244140625,0.0002665541151784989,0.0002665541151784989,8.329816099328091e-06,5.329070518200751e-15,True,0,,4.8089461301970005e-09,332,1,10.435094311768625,0.9999999998661923,1.3962964118263699e-09,10.435094058401877,False,False,2.4253377084448857e-12,True,True,False,REJECT_ARMIJO_CONDITION,
119,0,5,13,1.0,0.03125,8.329816099328091e-06,0.0001220703125,0.0002665541151784989,0.0002665541151784989,8.329816099328091e-06,5.329070518200751e-15,True,0,,4.8089461301970005e-09,332,1,10.435094312466688,0.9999999999330881,6.982325828630565e-10,10.435094185783399,False,False,2.4253377084448857e-12,True,True,False,REJECT_ARMIJO_CONDITION,
120,0,5,14,1.0,0.03125,8.329816099328091e-06,6.103515625e-05,0.0002665541151784989,0.0002665541151784989,8.329816099328091e-06,5.329070518200751e-15,True,0,,4.8089461301970005e-09,332,1,10.435094312815888,0.999999999966552,3.490328026600764e-10,10.43509424947416,False,False,2.4253377084448857e-12,True,True,False,REJECT_ARMIJO_CONDITION,
121,0,5,15,1.0,0.03125,8.329816099328091e-06,3.0517578125e-05,0.0002665541151784989,0.0002665541151784989,8.329816099328091e-06,5.329070518200751e-15,True,0,,4.8089461301970005e-09,332,1,10.435094312990465,0.9999999999832818,1.744560051974986e-10,10.43509428131954,False,False,2.4253377084448857e-12,True,True,False,REJECT_ARMIJO_CONDITION,
122,0,5,16,1.0,0.03125,8.329816099328091e-06,1.52587890625e-05,0.0002665541151784989,0.0002665541151784989,8.329816099328091e-06,5.329070518200751e-15,True,0,,4.8089461301970005e-09,332,1,10.43509431307775,0.9999999999916463,8.717115917988849e-11,10.43509429724223,False,False,2.4253377084448857e-12,True,True,False,REJECT_ARMIJO_CONDITION,
123,0,5,17,1.0,0.03125,8.329816099328091e-06,7.62939453125e-06,0.0002665541151784989,0.0002665541151784989,8.329816099328091e-06,5.329070518200751e-15,True,0,,4.8089461301970005e-09,332,1,10.435094313121294,0.9999999999958191,4.362732397567015e-11,10.435094305203576,False,False,2.4253377084448857e-12,True,True,False,REJECT_ARMIJO_CONDITION,
124,0,5,18,1.0,0.03125,8.329816099328091e-06,3.814697265625e-06,0.0002665541151784989,0.0002665541151784989,8.329816099328091e-06,5.329070518200751e-15,True,0,,4.8089461301970005e-09,332,1,10.435094313143235,0.9999999999979219,2.1685764295398258e-11,10.43509430918425,False,False,2.4253377084448857e-12,True,True,False,REJECT_ARMIJO_CONDITION,
125,0,5,19,1.0,0.03125,8.329816099328091e-06,1.9073486328125e-06,0.0002665541151784989,0.0002665541151784989,8.329816099328091e-06,5.329070518200751e-15,True,0,,4.8089461301970005e-09,332,1,10.43509431315408,0.999999999998961,1.0841105790859729e-11,10.435094311174584,False,False,2.4253377084448857e-12,True,True,False,REJECT_ARMIJO_CONDITION,
126,0,5,20,1.0,0.03125,8.329816099328091e-06,9.5367431640625e-07,0.0002665541151784989,0.0002665541151784989,8.329816099328091e-06,5.329070518200751e-15,True,0,,4.8089461301970005e-09,332,1,10.435094313159558,0.9999999999994861,5.362821298149356e-12,10.435094312169753,False,False,2.4253377084448857e-12,True,True,False,REJECT_ARMIJO_CONDITION,
127,0,6,0,1.0,0.015625,4.1649080496640455e-06,1.0,0.0002665541151784989,0.0002665541151784989,4.1649080496640455e-06,5.329070518200751e-15,True,0,,4.8089461301970005e-09,332,1,10.435091453261514,0.9999997259341102,2.8599034074261453e-06,10.434050803733605,False,False,2.4253377084448857e-12,True,True,False,REJECT_ARMIJO_CONDITION,
128,0,6,1,1.0,0.015625,4.1649080496640455e-06,0.5,0.0002665541151784989,0.0002665541151784989,4.1649080496640455e-06,5.329070518200751e-15,True,0,,4.8089461301970005e-09,332,1,10.435092883213247,0.999999862967058,1.4299516735150064e-06,10.434572558449263,False,False,2.4253377084448857e-12,True,True,False,REJECT_ARMIJO_CONDITION,
129,0,6,2,1.0,0.015625,4.1649080496640455e-06,0.25,0.0002665541151784989,0.0002665541151784989,4.1649080496640455e-06,5.329070518200751e-15,True,0,,4.8089461301970005e-09,332,1,10.435093598189056,0.9999999314835263,7.149758651792126e-07,10.434833435807091,False,False,2.4253377084448857e-12,True,True,False,REJECT_ARMIJO_CONDITION,
130,0,6,3,1.0,0.015625,4.1649080496640455e-06,0.125,0.0002665541151784989,0.0002665541151784989,4.1649080496640455e-06,5.329070518200751e-15,True,0,,4.8089461301970005e-09,332,1,10.435093955677031,0.9999999657417672,3.5748788995704217e-07,10.434963874486007,False,False,2.4253377084448857e-12,True,True,False,REJECT_ARMIJO_CONDITION,
131,0,6,4,1.0,0.015625,4.1649080496640455e-06,0.0625,0.0002665541151784989,0.0002665541151784989,4.1649080496640455e-06,5.329070518200751e-15,True,0,,4.8089461301970005e-09,332,1,10.435094134421119,0.9999999828708973,1.7874380198179551e-07,10.435029093825463,False,False,2.4253377084448857e-12,True,True,False,REJECT_ARMIJO_CONDITION,
132,0,6,5,1.0,0.015625,4.1649080496640455e-06,0.03125,0.0002665541151784989,0.0002665541151784989,4.1649080496640455e-06,5.329070518200751e-15,True,0,,4.8089461301970005e-09,332,1,10.435094223792992,0.999999991435446,8.937192852442877e-08,10.435061703495192,False,False,2.4253377084448857e-12,True,True,False,REJECT_ARMIJO_CONDITION,
133,0,6,6,1.0,0.015625,4.1649080496640455e-06,0.015625,0.0002665541151784989,0.0002665541151784989,4.1649080496640455e-06,5.329070518200751e-15,True,0,,4.8089461301970005e-09,332,1,10.435094268479027,0.9999999957177297,4.468589409611923e-08,10.435078008330057,False,False,2.4253377084448857e-12,True,True,False,REJECT_ARMIJO_CONDITION,
134,0,6,7,1.0,0.015625,4.1649080496640455e-06,0.0078125,0.0002665541151784989,0.0002665541151784989,4.1649080496640455e-06,5.329070518200751e-15,True,0,,4.8089461301970005e-09,332,1,10.435094290821946,0.9999999978588622,2.2342975469769044e-08,10.435086160747488,False,False,2.4253377084448857e-12,True,True,False,REJECT_ARMIJO_CONDITION,
135,0,6,8,1.0,0.015625,4.1649080496640455e-06,0.00390625,0.0002665541151784989,0.0002665541151784989,4.1649080496640455e-06,5.329070518200751e-15,True,0,,4.8089461301970005e-09,332,1,10.435094301993452,0.9999999989294328,1.1171469083137708e-08,10.435090236956205,False,False,2.4253377084448857e-12,True,True,False,REJECT_ARMIJO_CONDITION,
136,0,6,9,1.0,0.015625,4.1649080496640455e-06,0.001953125,0.0002665541151784989,0.0002665541151784989,4.1649080496640455e-06,5.329070518200751e-15,True,0,,4.8089461301970005e-09,332,1,10.435094307579215,0.9999999994647192,5.585706119859424e-09,10.435092275060564,False,False,2.4253377084448857e-12,True,True,False,REJECT_ARMIJO_CONDITION,
137,0,6,10,1.0,0.015625,4.1649080496640455e-06,0.0009765625,0.0002665541151784989,0.0002665541151784989,4.1649080496640455e-06,5.329070518200751e-15,True,0,,4.8089461301970005e-09,332,1,10.435094310372094,0.9999999997323621,2.7928273027555406e-09,10.435093294112741,False,False,2.4253377084448857e-12,True,True,False,REJECT_ARMIJO_CONDITION,
138,0,6,11,1.0,0.015625,4.1649080496640455e-06,0.00048828125,0.0002665541151784989,0.0002665541151784989,4.1649080496640455e-06,5.329070518200751e-15,True,0,,4.8089461301970005e-09,332,1,10.435094311768625,0.9999999998661923,1.3962964118263699e-09,10.435093803638832,False,False,2.4253377084448857e-12,True,True,False,REJECT_ARMIJO_CONDITION,
139,0,6,12,1.0,0.015625,4.1649080496640455e-06,0.000244140625,0.0002665541151784989,0.0002665541151784989,4.1649080496640455e-06,5.329070518200751e-15,True,0,,4.8089461301970005e-09,332,1,10.435094312466688,0.9999999999330881,6.982325828630565e-10,10.435094058401877,False,False,2.4253377084448857e-12,True,True,False,REJECT_ARMIJO_CONDITION,
140,0,6,13,1.0,0.015625,4.1649080496640455e-06,0.0001220703125,0.0002665541151784989,0.0002665541151784989,4.1649080496640455e-06,5.329070518200751e-15,True,0,,4.8089461301970005e-09,332,1,10.435094312815888,0.999999999966552,3.490328026600764e-10,10.435094185783399,False,False,2.4253377084448857e-12,True,True,False,REJECT_ARMIJO_CONDITION,
141,0,6,14,1.0,0.015625,4.1649080496640455e-06,6.103515625e-05,0.0002665541151784989,0.0002665541151784989,4.1649080496640455e-06,5.329070518200751e-15,True,0,,4.8089461301970005e-09,332,1,10.435094312990465,0.9999999999832818,1.744560051974986e-10,10.43509424947416,False,False,2.4253377084448857e-12,True,True,False,REJECT_ARMIJO_CONDITION,
142,0,6,15,1.0,0.015625,4.1649080496640455e-06,3.0517578125e-05,0.0002665541151784989,0.0002665541151784989,4.1649080496640455e-06,5.329070518200751e-15,True,0,,4.8089461301970005e-09,332,1,10.43509431307775,0.9999999999916463,8.717115917988849e-11,10.43509428131954,False,False,2.4253377084448857e-12,True,True,False,REJECT_ARMIJO_CONDITION,
143,0,6,16,1.0,0.015625,4.1649080496640455e-06,1.52587890625e-05,0.0002665541151784989,0.0002665541151784989,4.1649080496640455e-06,5.329070518200751e-15,True,0,,4.8089461301970005e-09,332,1,10.435094313121294,0.9999999999958191,4.362732397567015e-11,10.43509429724223,False,False,2.4253377084448857e-12,True,True,False,REJECT_ARMIJO_CONDITION,
144,0,6,17,1.0,0.015625,4.1649080496640455e-06,7.62939453125e-06,0.0002665541151784989,0.0002665541151784989,4.1649080496640455e-06,5.329070518200751e-15,True,0,,4.8089461301970005e-09,332,1,10.435094313143235,0.9999999999979219,2.1685764295398258e-11,10.435094305203576,False,False,2.4253377084448857e-12,True,True,False,REJECT_ARMIJO_CONDITION,
145,0,6,18,1.0,0.015625,4.1649080496640455e-06,3.814697265625e-06,0.0002665541151784989,0.0002665541151784989,4.1649080496640455e-06,5.329070518200751e-15,True,0,,4.8089461301970005e-09,332,1,10.43509431315408,0.999999999998961,1.0841105790859729e-11,10.43509430918425,False,False,2.4253377084448857e-12,True,True,False,REJECT_ARMIJO_CONDITION,
146,0,6,19,1.0,0.015625,4.1649080496640455e-06,1.9073486328125e-06,0.0002665541151784989,0.0002665541151784989,4.1649080496640455e-06,5.329070518200751e-15,True,0,,4.8089461301970005e-09,332,1,10.435094313159558,0.9999999999994861,5.362821298149356e-12,10.435094311174584,False,False,2.4253377084448857e-12,True,True,False,REJECT_ARMIJO_CONDITION,
147,0,6,20,1.0,0.015625,4.1649080496640455e-06,9.5367431640625e-07,0.0002665541151784989,0.0002665541151784989,4.1649080496640455e-06,5.329070518200751e-15,True,0,,4.8089461301970005e-09,332,1,10.435094313162326,0.9999999999997513,2.595257342363766e-12,10.435094312169753,False,False,2.4253377084448857e-12,True,True,False,REJECT_ARMIJO_CONDITION,
148,0,7,0,1.0,0.0078125,2.0824540248320227e-06,1.0,0.0002665541151784989,0.0002665541151784989,2.0824540248320227e-06,5.329070518200751e-15,True,0,,4.8089461301970005e-09,332,1,10.435092883213247,0.999999862967058,1.4299516735150064e-06,10.434050803733605,False,False,2.4253377084448857e-12,True,True,False,REJECT_ARMIJO_CONDITION,
149,0,7,1,1.0,0.0078125,2.0824540248320227e-06,0.5,0.0002665541151784989,0.0002665541151784989,2.0824540248320227e-06,5.329070518200751e-15,True,0,,4.8089461301970005e-09,332,1,10.435093598189056,0.9999999314835263,7.149758651792126e-07,10.434572558449263,False,False,2.4253377084448857e-12,True,True,False,REJECT_ARMIJO_CONDITION,
150,0,7,2,1.0,0.0078125,2.0824540248320227e-06,0.25,0.0002665541151784989,0.0002665541151784989,2.0824540248320227e-06,5.329070518200751e-15,True,0,,4.8089461301970005e-09,332,1,10.435093955677031,0.9999999657417672,3.5748788995704217e-07,10.434833435807091,False,False,2.4253377084448857e-12,True,True,False,REJECT_ARMIJO_CONDITION,
151,0,7,3,1.0,0.0078125,2.0824540248320227e-06,0.125,0.0002665541151784989,0.0002665541151784989,2.0824540248320227e-06,5.329070518200751e-15,True,0,,4.8089461301970005e-09,332,1,10.435094134421119,0.9999999828708973,1.7874380198179551e-07,10.434963874486007,False,False,2.4253377084448857e-12,True,True,False,REJECT_ARMIJO_CONDITION,
152,0,7,4,1.0,0.0078125,2.0824540248320227e-06,0.0625,0.0002665541151784989,0.0002665541151784989,2.0824540248320227e-06,5.329070518200751e-15,True,0,,4.8089461301970005e-09,332,1,10.435094223792992,0.999999991435446,8.937192852442877e-08,10.435029093825463,False,False,2.4253377084448857e-12,True,True,False,REJECT_ARMIJO_CONDITION,
153,0,7,5,1.0,0.0078125,2.0824540248320227e-06,0.03125,0.0002665541151784989,0.0002665541151784989,2.0824540248320227e-06,5.329070518200751e-15,True,0,,4.8089461301970005e-09,332,1,10.435094268479027,0.9999999957177297,4.468589409611923e-08,10.435061703495192,False,False,2.4253377084448857e-12,True,True,False,REJECT_ARMIJO_CONDITION,
154,0,7,6,1.0,0.0078125,2.0824540248320227e-06,0.015625,0.0002665541151784989,0.0002665541151784989,2.0824540248320227e-06,5.329070518200751e-15,True,0,,4.8089461301970005e-09,332,1,10.435094290821946,0.9999999978588622,2.2342975469769044e-08,10.435078008330057,False,False,2.4253377084448857e-12,True,True,False,REJECT_ARMIJO_CONDITION,
155,0,7,7,1.0,0.0078125,2.0824540248320227e-06,0.0078125,0.0002665541151784989,0.0002665541151784989,2.0824540248320227e-06,5.329070518200751e-15,True,0,,4.8089461301970005e-09,332,1,10.435094301993452,0.9999999989294328,1.1171469083137708e-08,10.435086160747488,False,False,2.4253377084448857e-12,True,True,False,REJECT_ARMIJO_CONDITION,
156,0,7,8,1.0,0.0078125,2.0824540248320227e-06,0.00390625,0.0002665541151784989,0.0002665541151784989,2.0824540248320227e-06,5.329070518200751e-15,True,0,,4.8089461301970005e-09,332,1,10.435094307579215,0.9999999994647192,5.585706119859424e-09,10.435090236956205,False,False,2.4253377084448857e-12,True,True,False,REJECT_ARMIJO_CONDITION,
157,0,7,9,1.0,0.0078125,2.0824540248320227e-06,0.001953125,0.0002665541151784989,0.0002665541151784989,2.0824540248320227e-06,5.329070518200751e-15,True,0,,4.8089461301970005e-09,332,1,10.435094310372094,0.9999999997323621,2.7928273027555406e-09,10.435092275060564,False,False,2.4253377084448857e-12,True,True,False,REJECT_ARMIJO_CONDITION,
158,0,7,10,1.0,0.0078125,2.0824540248320227e-06,0.0009765625,0.0002665541151784989,0.0002665541151784989,2.0824540248320227e-06,5.329070518200751e-15,True,0,,4.8089461301970005e-09,332,1,10.435094311768625,0.9999999998661923,1.3962964118263699e-09,10.435093294112741,False,False,2.4253377084448857e-12,True,True,False,REJECT_ARMIJO_CONDITION,
159,0,7,11,1.0,0.0078125,2.0824540248320227e-06,0.00048828125,0.0002665541151784989,0.0002665541151784989,2.0824540248320227e-06,5.329070518200751e-15,True,0,,4.8089461301970005e-09,332,1,10.435094312466688,0.9999999999330881,6.982325828630565e-10,10.435093803638832,False,False,2.4253377084448857e-12,True,True,False,REJECT_ARMIJO_CONDITION,
160,0,7,12,1.0,0.0078125,2.0824540248320227e-06,0.000244140625,0.0002665541151784989,0.0002665541151784989,2.0824540248320227e-06,5.329070518200751e-15,True,0,,4.8089461301970005e-09,332,1,10.435094312815888,0.999999999966552,3.490328026600764e-10,10.435094058401877,False,False,2.4253377084448857e-12,True,True,False,REJECT_ARMIJO_CONDITION,
161,0,7,13,1.0,0.0078125,2.0824540248320227e-06,0.0001220703125,0.0002665541151784989,0.0002665541151784989,2.0824540248320227e-06,5.329070518200751e-15,True,0,,4.8089461301970005e-09,332,1,10.435094312990465,0.9999999999832818,1.744560051974986e-10,10.435094185783399,False,False,2.4253377084448857e-12,True,True,False,REJECT_ARMIJO_CONDITION,
162,0,7,14,1.0,0.0078125,2.0824540248320227e-06,6.103515625e-05,0.0002665541151784989,0.0002665541151784989,2.0824540248320227e-06,5.329070518200751e-15,True,0,,4.8089461301970005e-09,332,1,10.43509431307775,0.9999999999916463,8.717115917988849e-11,10.43509424947416,False,False,2.4253377084448857e-12,True,True,False,REJECT_ARMIJO_CONDITION,
163,0,7,15,1.0,0.0078125,2.0824540248320227e-06,3.0517578125e-05,0.0002665541151784989,0.0002665541151784989,2.0824540248320227e-06,5.329070518200751e-15,True,0,,4.8089461301970005e-09,332,1,10.435094313121294,0.9999999999958191,4.362732397567015e-11,10.43509428131954,False,False,2.4253377084448857e-12,True,True,False,REJECT_ARMIJO_CONDITION,
164,0,7,16,1.0,0.0078125,2.0824540248320227e-06,1.52587890625e-05,0.0002665541151784989,0.0002665541151784989,2.0824540248320227e-06,5.329070518200751e-15,True,0,,4.8089461301970005e-09,332,1,10.435094313143235,0.9999999999979219,2.1685764295398258e-11,10.43509429724223,False,False,2.4253377084448857e-12,True,True,False,REJECT_ARMIJO_CONDITION,
165,0,7,17,1.0,0.0078125,2.0824540248320227e-06,7.62939453125e-06,0.0002665541151784989,0.0002665541151784989,2.0824540248320227e-06,5.329070518200751e-15,True,0,,4.8089461301970005e-09,332,1,10.43509431315408,0.999999999998961,1.0841105790859729e-11,10.435094305203576,False,False,2.4253377084448857e-12,True,True,False,REJECT_ARMIJO_CONDITION,
166,0,7,18,1.0,0.0078125,2.0824540248320227e-06,3.814697265625e-06,0.0002665541151784989,0.0002665541151784989,2.0824540248320227e-06,5.329070518200751e-15,True,0,,4.8089461301970005e-09,332,1,10.435094313159558,0.9999999999994861,5.362821298149356e-12,10.43509430918425,False,False,2.4253377084448857e-12,True,True,False,REJECT_ARMIJO_CONDITION,
167,0,7,19,1.0,0.0078125,2.0824540248320227e-06,1.9073486328125e-06,0.0002665541151784989,0.0002665541151784989,2.0824540248320227e-06,5.329070518200751e-15,True,0,,4.8089461301970005e-09,332,1,10.435094313162326,0.9999999999997513,2.595257342363766e-12,10.435094311174584,False,False,2.4253377084448857e-12,True,True,False,REJECT_ARMIJO_CONDITION,
168,0,7,20,1.0,0.0078125,2.0824540248320227e-06,9.5367431640625e-07,0.0002665541151784989,0.0002665541151784989,2.0824540248320227e-06,5.329070518200751e-15,True,0,,4.8089461301970005e-09,332,1,10.435094313163624,0.9999999999998758,1.2967404927621828e-12,10.435094312169753,False,False,2.4253377084448857e-12,True,True,False,REJECT_ARMIJO_CONDITION,
169,0,8,0,1.0,0.00390625,1.0412270124160114e-06,1.0,0.0002665541151784989,0.0002665541151784989,1.0412270124160114e-06,5.329070518200751e-15,True,0,,4.8089461301970005e-09,332,1,10.435093598189056,0.9999999314835263,7.149758651792126e-07,10.434050803733605,False,False,2.4253377084448857e-12,True,True,False,REJECT_ARMIJO_CONDITION,
170,0,8,1,1.0,0.00390625,1.0412270124160114e-06,0.5,0.0002665541151784989,0.0002665541151784989,1.0412270124160114e-06,5.329070518200751e-15,True,0,,4.8089461301970005e-09,332,1,10.435093955677031,0.9999999657417672,3.5748788995704217e-07,10.434572558449263,False,False,2.4253377084448857e-12,True,True,False,REJECT_ARMIJO_CONDITION,
171,0,8,2,1.0,0.00390625,1.0412270124160114e-06,0.25,0.0002665541151784989,0.0002665541151784989,1.0412270124160114e-06,5.329070518200751e-15,True,0,,4.8089461301970005e-09,332,1,10.435094134421119,0.9999999828708973,1.7874380198179551e-07,10.434833435807091,False,False,2.4253377084448857e-12,True,True,False,REJECT_ARMIJO_CONDITION,
172,0,8,3,1.0,0.00390625,1.0412270124160114e-06,0.125,0.0002665541151784989,0.0002665541151784989,1.0412270124160114e-06,5.329070518200751e-15,True,0,,4.8089461301970005e-09,332,1,10.435094223792992,0.999999991435446,8.937192852442877e-08,10.434963874486007,False,False,2.4253377084448857e-12,True,True,False,REJECT_ARMIJO_CONDITION,
173,0,8,4,1.0,0.00390625,1.0412270124160114e-06,0.0625,0.0002665541151784989,0.0002665541151784989,1.0412270124160114e-06,5.329070518200751e-15,True,0,,4.8089461301970005e-09,332,1,10.435094268479027,0.9999999957177297,4.468589409611923e-08,10.435029093825463,False,False,2.4253377084448857e-12,True,True,False,REJECT_ARMIJO_CONDITION,
174,0,8,5,1.0,0.00390625,1.0412270124160114e-06,0.03125,0.0002665541151784989,0.0002665541151784989,1.0412270124160114e-06,5.329070518200751e-15,True,0,,4.8089461301970005e-09,332,1,10.435094290821946,0.9999999978588622,2.2342975469769044e-08,10.435061703495192,False,False,2.4253377084448857e-12,True,True,False,REJECT_ARMIJO_CONDITION,
175,0,8,6,1.0,0.00390625,1.0412270124160114e-06,0.015625,0.0002665541151784989,0.0002665541151784989,1.0412270124160114e-06,5.329070518200751e-15,True,0,,4.8089461301970005e-09,332,1,10.435094301993452,0.9999999989294328,1.1171469083137708e-08,10.435078008330057,False,False,2.4253377084448857e-12,True,True,False,REJECT_ARMIJO_CONDITION,
176,0,8,7,1.0,0.00390625,1.0412270124160114e-06,0.0078125,0.0002665541151784989,0.0002665541151784989,1.0412270124160114e-06,5.329070518200751e-15,True,0,,4.8089461301970005e-09,332,1,10.435094307579215,0.9999999994647192,5.585706119859424e-09,10.435086160747488,False,False,2.4253377084448857e-12,True,True,False,REJECT_ARMIJO_CONDITION,
177,0,8,8,1.0,0.00390625,1.0412270124160114e-06,0.00390625,0.0002665541151784989,0.0002665541151784989,1.0412270124160114e-06,5.329070518200751e-15,True,0,,4.8089461301970005e-09,332,1,10.435094310372094,0.9999999997323621,2.7928273027555406e-09,10.435090236956205,False,False,2.4253377084448857e-12,True,True,False,REJECT_ARMIJO_CONDITION,
178,0,8,9,1.0,0.00390625,1.0412270124160114e-06,0.001953125,0.0002665541151784989,0.0002665541151784989,1.0412270124160114e-06,5.329070518200751e-15,True,0,,4.8089461301970005e-09,332,1,10.435094311768625,0.9999999998661923,1.3962964118263699e-09,10.435092275060564,False,False,2.4253377084448857e-12,True,True,False,REJECT_ARMIJO_CONDITION,
179,0,8,10,1.0,0.00390625,1.0412270124160114e-06,0.0009765625,0.0002665541151784989,0.0002665541151784989,1.0412270124160114e-06,5.329070518200751e-15,True,0,,4.8089461301970005e-09,332,1,10.435094312466688,0.9999999999330881,6.982325828630565e-10,10.435093294112741,False,False,2.4253377084448857e-12,True,True,False,REJECT_ARMIJO_CONDITION,
180,0,8,11,1.0,0.00390625,1.0412270124160114e-06,0.00048828125,0.0002665541151784989,0.0002665541151784989,1.0412270124160114e-06,5.329070518200751e-15,True,0,,4.8089461301970005e-09,332,1,10.435094312815888,0.999999999966552,3.490328026600764e-10,10.435093803638832,False,False,2.4253377084448857e-12,True,True,False,REJECT_ARMIJO_CONDITION,
181,0,8,12,1.0,0.00390625,1.0412270124160114e-06,0.000244140625,0.0002665541151784989,0.0002665541151784989,1.0412270124160114e-06,5.329070518200751e-15,True,0,,4.8089461301970005e-09,332,1,10.435094312990465,0.9999999999832818,1.744560051974986e-10,10.435094058401877,False,False,2.4253377084448857e-12,True,True,False,REJECT_ARMIJO_CONDITION,
182,0,8,13,1.0,0.00390625,1.0412270124160114e-06,0.0001220703125,0.0002665541151784989,0.0002665541151784989,1.0412270124160114e-06,5.329070518200751e-15,True,0,,4.8089461301970005e-09,332,1,10.43509431307775,0.9999999999916463,8.717115917988849e-11,10.435094185783399,False,False,2.4253377084448857e-12,True,True,False,REJECT_ARMIJO_CONDITION,
183,0,8,14,1.0,0.00390625,1.0412270124160114e-06,6.103515625e-05,0.0002665541151784989,0.0002665541151784989,1.0412270124160114e-06,5.329070518200751e-15,True,0,,4.8089461301970005e-09,332,1,10.435094313121294,0.9999999999958191,4.362732397567015e-11,10.43509424947416,False,False,2.4253377084448857e-12,True,True,False,REJECT_ARMIJO_CONDITION,
184,0,8,15,1.0,0.00390625,1.0412270124160114e-06,3.0517578125e-05,0.0002665541151784989,0.0002665541151784989,1.0412270124160114e-06,5.329070518200751e-15,True,0,,4.8089461301970005e-09,332,1,10.435094313143235,0.9999999999979219,2.1685764295398258e-11,10.43509428131954,False,False,2.4253377084448857e-12,True,True,False,REJECT_ARMIJO_CONDITION,
185,0,8,16,1.0,0.00390625,1.0412270124160114e-06,1.52587890625e-05,0.0002665541151784989,0.0002665541151784989,1.0412270124160114e-06,5.329070518200751e-15,True,0,,4.8089461301970005e-09,332,1,10.43509431315408,0.999999999998961,1.0841105790859729e-11,10.43509429724223,False,False,2.4253377084448857e-12,True,True,False,REJECT_ARMIJO_CONDITION,
186,0,8,17,1.0,0.00390625,1.0412270124160114e-06,7.62939453125e-06,0.0002665541151784989,0.0002665541151784989,1.0412270124160114e-06,5.329070518200751e-15,True,0,,4.8089461301970005e-09,332,1,10.435094313159558,0.9999999999994861,5.362821298149356e-12,10.435094305203576,False,False,2.4253377084448857e-12,True,True,False,REJECT_ARMIJO_CONDITION,
187,0,8,18,1.0,0.00390625,1.0412270124160114e-06,3.814697265625e-06,0.0002665541151784989,0.0002665541151784989,1.0412270124160114e-06,5.329070518200751e-15,True,0,,4.8089461301970005e-09,332,1,10.435094313162326,0.9999999999997513,2.595257342363766e-12,10.43509430918425,False,False,2.4253377084448857e-12,True,True,False,REJECT_ARMIJO_CONDITION,
188,0,8,19,1.0,0.00390625,1.0412270124160114e-06,1.9073486328125e-06,0.0002665541151784989,0.0002665541151784989,1.0412270124160114e-06,5.329070518200751e-15,True,0,,4.8089461301970005e-09,332,1,10.435094313163624,0.9999999999998758,1.2967404927621828e-12,10.435094311174584,False,False,2.4253377084448857e-12,True,True,False,REJECT_ARMIJO_CONDITION,
189,0,8,20,1.0,0.00390625,1.0412270124160114e-06,9.5367431640625e-07,0.0002665541151784989,0.0002665541151784989,1.0412270124160114e-06,5.329070518200751e-15,True,0,,4.8089461301970005e-09,332,1,10.4350943131644,0.9999999999999502,5.204725539442734e-13,10.435094312169753,False,False,2.4253377084448857e-12,True,True,False,REJECT_ABSOLUTE_DECREASE_BELOW_FLOOR,
190,0,9,0,1.0,0.001953125,5.206135062080057e-07,1.0,0.0002665541151784989,0.0002665541151784989,5.206135062080057e-07,5.329070518200751e-15,True,0,,4.8089461301970005e-09,332,1,10.435093955677031,0.9999999657417672,3.5748788995704217e-07,10.434050803733605,False,False,2.4253377084448857e-12,True,True,False,REJECT_ARMIJO_CONDITION,
191,0,9,1,1.0,0.001953125,5.206135062080057e-07,0.5,0.0002665541151784989,0.0002665541151784989,5.206135062080057e-07,5.329070518200751e-15,True,0,,4.8089461301970005e-09,332,1,10.435094134421119,0.9999999828708973,1.7874380198179551e-07,10.434572558449263,False,False,2.4253377084448857e-12,True,True,False,REJECT_ARMIJO_CONDITION,
192,0,9,2,1.0,0.001953125,5.206135062080057e-07,0.25,0.0002665541151784989,0.0002665541151784989,5.206135062080057e-07,5.329070518200751e-15,True,0,,4.8089461301970005e-09,332,1,10.435094223792992,0.999999991435446,8.937192852442877e-08,10.434833435807091,False,False,2.4253377084448857e-12,True,True,False,REJECT_ARMIJO_CONDITION,
193,0,9,3,1.0,0.001953125,5.206135062080057e-07,0.125,0.0002665541151784989,0.0002665541151784989,5.206135062080057e-07,5.329070518200751e-15,True,0,,4.8089461301970005e-09,332,1,10.435094268479027,0.9999999957177297,4.468589409611923e-08,10.434963874486007,False,False,2.4253377084448857e-12,True,True,False,REJECT_ARMIJO_CONDITION,
194,0,9,4,1.0,0.001953125,5.206135062080057e-07,0.0625,0.0002665541151784989,0.0002665541151784989,5.206135062080057e-07,5.329070518200751e-15,True,0,,4.8089461301970005e-09,332,1,10.435094290821946,0.9999999978588622,2.2342975469769044e-08,10.435029093825463,False,False,2.4253377084448857e-12,True,True,False,REJECT_ARMIJO_CONDITION,
195,0,9,5,1.0,0.001953125,5.206135062080057e-07,0.03125,0.0002665541151784989,0.0002665541151784989,5.206135062080057e-07,5.329070518200751e-15,True,0,,4.8089461301970005e-09,332,1,10.435094301993452,0.9999999989294328,1.1171469083137708e-08,10.435061703495192,False,False,2.4253377084448857e-12,True,True,False,REJECT_ARMIJO_CONDITION,
196,0,9,6,1.0,0.001953125,5.206135062080057e-07,0.015625,0.0002665541151784989,0.0002665541151784989,5.206135062080057e-07,5.329070518200751e-15,True,0,,4.8089461301970005e-09,332,1,10.435094307579215,0.9999999994647192,5.585706119859424e-09,10.435078008330057,False,False,2.4253377084448857e-12,True,True,False,REJECT_ARMIJO_CONDITION,
197,0,9,7,1.0,0.001953125,5.206135062080057e-07,0.0078125,0.0002665541151784989,0.0002665541151784989,5.206135062080057e-07,5.329070518200751e-15,True,0,,4.8089461301970005e-09,332,1,10.435094310372094,0.9999999997323621,2.7928273027555406e-09,10.435086160747488,False,False,2.4253377084448857e-12,True,True,False,REJECT_ARMIJO_CONDITION,
198,0,9,8,1.0,0.001953125,5.206135062080057e-07,0.00390625,0.0002665541151784989,0.0002665541151784989,5.206135062080057e-07,5.329070518200751e-15,True,0,,4.8089461301970005e-09,332,1,10.435094311768625,0.9999999998661923,1.3962964118263699e-09,10.435090236956205,False,False,2.4253377084448857e-12,True,True,False,REJECT_ARMIJO_CONDITION,
199,0,9,9,1.0,0.001953125,5.206135062080057e-07,0.001953125,0.0002665541151784989,0.0002665541151784989,5.206135062080057e-07,5.329070518200751e-15,True,0,,4.8089461301970005e-09,332,1,10.435094312466688,0.9999999999330881,6.982325828630565e-10,10.435092275060564,False,False,2.4253377084448857e-12,True,True,False,REJECT_ARMIJO_CONDITION,
200,0,9,10,1.0,0.001953125,5.206135062080057e-07,0.0009765625,0.0002665541151784989,0.0002665541151784989,5.206135062080057e-07,5.329070518200751e-15,True,0,,4.8089461301970005e-09,332,1,10.435094312815888,0.999999999966552,3.490328026600764e-10,10.435093294112741,False,False,2.4253377084448857e-12,True,True,False,REJECT_ARMIJO_CONDITION,
201,0,9,11,1.0,0.001953125,5.206135062080057e-07,0.00048828125,0.0002665541151784989,0.0002665541151784989,5.206135062080057e-07,5.329070518200751e-15,True,0,,4.8089461301970005e-09,332,1,10.435094312990465,0.9999999999832818,1.744560051974986e-10,10.435093803638832,False,False,2.4253377084448857e-12,True,True,False,REJECT_ARMIJO_CONDITION,
202,0,9,12,1.0,0.001953125,5.206135062080057e-07,0.000244140625,0.0002665541151784989,0.0002665541151784989,5.206135062080057e-07,5.329070518200751e-15,True,0,,4.8089461301970005e-09,332,1,10.43509431307775,0.9999999999916463,8.717115917988849e-11,10.435094058401877,False,False,2.4253377084448857e-12,True,True,False,REJECT_ARMIJO_CONDITION,
203,0,9,13,1.0,0.001953125,5.206135062080057e-07,0.0001220703125,0.0002665541151784989,0.0002665541151784989,5.206135062080057e-07,5.329070518200751e-15,True,0,,4.8089461301970005e-09,332,1,10.435094313121294,0.9999999999958191,4.362732397567015e-11,10.435094185783399,False,False,2.4253377084448857e-12,True,True,False,REJECT_ARMIJO_CONDITION,
204,0,9,14,1.0,0.001953125,5.206135062080057e-07,6.103515625e-05,0.0002665541151784989,0.0002665541151784989,5.206135062080057e-07,5.329070518200751e-15,True,0,,4.8089461301970005e-09,332,1,10.435094313143235,0.9999999999979219,2.1685764295398258e-11,10.43509424947416,False,False,2.4253377084448857e-12,True,True,False,REJECT_ARMIJO_CONDITION,
205,0,9,15,1.0,0.001953125,5.206135062080057e-07,3.0517578125e-05,0.0002665541151784989,0.0002665541151784989,5.206135062080057e-07,5.329070518200751e-15,True,0,,4.8089461301970005e-09,332,1,10.43509431315408,0.999999999998961,1.0841105790859729e-11,10.43509428131954,False,False,2.4253377084448857e-12,True,True,False,REJECT_ARMIJO_CONDITION,
206,0,9,16,1.0,0.001953125,5.206135062080057e-07,1.52587890625e-05,0.0002665541151784989,0.0002665541151784989,5.206135062080057e-07,5.329070518200751e-15,True,0,,4.8089461301970005e-09,332,1,10.435094313159558,0.9999999999994861,5.362821298149356e-12,10.43509429724223,False,False,2.4253377084448857e-12,True,True,False,REJECT_ARMIJO_CONDITION,
207,0,9,17,1.0,0.001953125,5.206135062080057e-07,7.62939453125e-06,0.0002665541151784989,0.0002665541151784989,5.206135062080057e-07,5.329070518200751e-15,True,0,,4.8089461301970005e-09,332,1,10.435094313162326,0.9999999999997513,2.595257342363766e-12,10.435094305203576,False,False,2.4253377084448857e-12,True,True,False,REJECT_ARMIJO_CONDITION,
208,0,9,18,1.0,0.001953125,5.206135062080057e-07,3.814697265625e-06,0.0002665541151784989,0.0002665541151784989,5.206135062080057e-07,5.329070518200751e-15,True,0,,4.8089461301970005e-09,332,1,10.435094313163624,0.9999999999998758,1.2967404927621828e-12,10.43509430918425,False,False,2.4253377084448857e-12,True,True,False,REJECT_ARMIJO_CONDITION,
209,0,9,19,1.0,0.001953125,5.206135062080057e-07,1.9073486328125e-06,0.0002665541151784989,0.0002665541151784989,5.206135062080057e-07,5.329070518200751e-15,True,0,,4.8089461301970005e-09,332,1,10.4350943131644,0.9999999999999502,5.204725539442734e-13,10.435094311174584,False,False,2.4253377084448857e-12,True,True,False,REJECT_ABSOLUTE_DECREASE_BELOW_FLOOR,
210,0,9,20,1.0,0.001953125,5.206135062080057e-07,9.5367431640625e-07,0.0002665541151784989,0.0002665541151784989,5.206135062080057e-07,5.329070518200751e-15,True,0,,4.8089461301970005e-09,332,1,10.435094313164662,0.9999999999999751,2.5934809855243657e-13,10.435094312169753,False,False,2.4253377084448857e-12,True,True,False,REJECT_ABSOLUTE_DECREASE_BELOW_FLOOR,
211,0,10,0,1.0,0.0009765625,2.6030675310400284e-07,1.0,0.0002665541151784989,0.0002665541151784989,2.6030675310400284e-07,5.329070518200751e-15,True,0,,4.8089461301970005e-09,332,1,10.435094134421119,0.9999999828708973,1.7874380198179551e-07,10.434050803733605,False,False,2.4253377084448857e-12,True,True,False,REJECT_ARMIJO_CONDITION,
212,0,10,1,1.0,0.0009765625,2.6030675310400284e-07,0.5,0.0002665541151784989,0.0002665541151784989,2.6030675310400284e-07,5.329070518200751e-15,True,0,,4.8089461301970005e-09,332,1,10.435094223792992,0.999999991435446,8.937192852442877e-08,10.434572558449263,False,False,2.4253377084448857e-12,True,True,False,REJECT_ARMIJO_CONDITION,
213,0,10,2,1.0,0.0009765625,2.6030675310400284e-07,0.25,0.0002665541151784989,0.0002665541151784989,2.6030675310400284e-07,5.329070518200751e-15,True,0,,4.8089461301970005e-09,332,1,10.435094268479027,0.9999999957177297,4.468589409611923e-08,10.434833435807091,False,False,2.4253377084448857e-12,True,True,False,REJECT_ARMIJO_CONDITION,
214,0,10,3,1.0,0.0009765625,2.6030675310400284e-07,0.125,0.0002665541151784989,0.0002665541151784989,2.6030675310400284e-07,5.329070518200751e-15,True,0,,4.8089461301970005e-09,332,1,10.435094290821946,0.9999999978588622,2.2342975469769044e-08,10.434963874486007,False,False,2.4253377084448857e-12,True,True,False,REJECT_ARMIJO_CONDITION,
215,0,10,4,1.0,0.0009765625,2.6030675310400284e-07,0.0625,0.0002665541151784989,0.0002665541151784989,2.6030675310400284e-07,5.329070518200751e-15,True,0,,4.8089461301970005e-09,332,1,10.435094301993452,0.9999999989294328,1.1171469083137708e-08,10.435029093825463,False,False,2.4253377084448857e-12,True,True,False,REJECT_ARMIJO_CONDITION,
216,0,10,5,1.0,0.0009765625,2.6030675310400284e-07,0.03125,0.0002665541151784989,0.0002665541151784989,2.6030675310400284e-07,5.329070518200751e-15,True,0,,4.8089461301970005e-09,332,1,10.435094307579215,0.9999999994647192,5.585706119859424e-09,10.435061703495192,False,False,2.4253377084448857e-12,True,True,False,REJECT_ARMIJO_CONDITION,
217,0,10,6,1.0,0.0009765625,2.6030675310400284e-07,0.015625,0.0002665541151784989,0.0002665541151784989,2.6030675310400284e-07,5.329070518200751e-15,True,0,,4.8089461301970005e-09,332,1,10.435094310372094,0.9999999997323621,2.7928273027555406e-09,10.435078008330057,False,False,2.4253377084448857e-12,True,True,False,REJECT_ARMIJO_CONDITION,
218,0,10,7,1.0,0.0009765625,2.6030675310400284e-07,0.0078125,0.0002665541151784989,0.0002665541151784989,2.6030675310400284e-07,5.329070518200751e-15,True,0,,4.8089461301970005e-09,332,1,10.435094311768625,0.9999999998661923,1.3962964118263699e-09,10.435086160747488,False,False,2.4253377084448857e-12,True,True,False,REJECT_ARMIJO_CONDITION,
219,0,10,8,1.0,0.0009765625,2.6030675310400284e-07,0.00390625,0.0002665541151784989,0.0002665541151784989,2.6030675310400284e-07,5.329070518200751e-15,True,0,,4.8089461301970005e-09,332,1,10.435094312466688,0.9999999999330881,6.982325828630565e-10,10.435090236956205,False,False,2.4253377084448857e-12,True,True,False,REJECT_ARMIJO_CONDITION,
220,0,10,9,1.0,0.0009765625,2.6030675310400284e-07,0.001953125,0.0002665541151784989,0.0002665541151784989,2.6030675310400284e-07,5.329070518200751e-15,True,0,,4.8089461301970005e-09,332,1,10.435094312815888,0.999999999966552,3.490328026600764e-10,10.435092275060564,False,False,2.4253377084448857e-12,True,True,False,REJECT_ARMIJO_CONDITION,
221,0,10,10,1.0,0.0009765625,2.6030675310400284e-07,0.0009765625,0.0002665541151784989,0.0002665541151784989,2.6030675310400284e-07,5.329070518200751e-15,True,0,,4.8089461301970005e-09,332,1,10.435094312990465,0.9999999999832818,1.744560051974986e-10,10.435093294112741,False,False,2.4253377084448857e-12,True,True,False,REJECT_ARMIJO_CONDITION,
222,0,10,11,1.0,0.0009765625,2.6030675310400284e-07,0.00048828125,0.0002665541151784989,0.0002665541151784989,2.6030675310400284e-07,5.329070518200751e-15,True,0,,4.8089461301970005e-09,332,1,10.43509431307775,0.9999999999916463,8.717115917988849e-11,10.435093803638832,False,False,2.4253377084448857e-12,True,True,False,REJECT_ARMIJO_CONDITION,
223,0,10,12,1.0,0.0009765625,2.6030675310400284e-07,0.000244140625,0.0002665541151784989,0.0002665541151784989,2.6030675310400284e-07,5.329070518200751e-15,True,0,,4.8089461301970005e-09,332,1,10.435094313121294,0.9999999999958191,4.362732397567015e-11,10.435094058401877,False,False,2.4253377084448857e-12,True,True,False,REJECT_ARMIJO_CONDITION,
224,0,10,13,1.0,0.0009765625,2.6030675310400284e-07,0.0001220703125,0.0002665541151784989,0.0002665541151784989,2.6030675310400284e-07,5.329070518200751e-15,True,0,,4.8089461301970005e-09,332,1,10.435094313143235,0.9999999999979219,2.1685764295398258e-11,10.435094185783399,False,False,2.4253377084448857e-12,True,True,False,REJECT_ARMIJO_CONDITION,
225,0,10,14,1.0,0.0009765625,2.6030675310400284e-07,6.103515625e-05,0.0002665541151784989,0.0002665541151784989,2.6030675310400284e-07,5.329070518200751e-15,True,0,,4.8089461301970005e-09,332,1,10.43509431315408,0.999999999998961,1.0841105790859729e-11,10.43509424947416,False,False,2.4253377084448857e-12,True,True,False,REJECT_ARMIJO_CONDITION,
226,0,10,15,1.0,0.0009765625,2.6030675310400284e-07,3.0517578125e-05,0.0002665541151784989,0.0002665541151784989,2.6030675310400284e-07,5.329070518200751e-15,True,0,,4.8089461301970005e-09,332,1,10.435094313159558,0.9999999999994861,5.362821298149356e-12,10.43509428131954,False,False,2.4253377084448857e-12,True,True,False,REJECT_ARMIJO_CONDITION,
227,0,10,16,1.0,0.0009765625,2.6030675310400284e-07,1.52587890625e-05,0.0002665541151784989,0.0002665541151784989,2.6030675310400284e-07,5.329070518200751e-15,True,0,,4.8089461301970005e-09,332,1,10.435094313162326,0.9999999999997513,2.595257342363766e-12,10.43509429724223,False,False,2.4253377084448857e-12,True,True,False,REJECT_ARMIJO_CONDITION,
228,0,10,17,1.0,0.0009765625,2.6030675310400284e-07,7.62939453125e-06,0.0002665541151784989,0.0002665541151784989,2.6030675310400284e-07,5.329070518200751e-15,True,0,,4.8089461301970005e-09,332,1,10.435094313163624,0.9999999999998758,1.2967404927621828e-12,10.435094305203576,False,False,2.4253377084448857e-12,True,True,False,REJECT_ARMIJO_CONDITION,
229,0,10,18,1.0,0.0009765625,2.6030675310400284e-07,3.814697265625e-06,0.0002665541151784989,0.0002665541151784989,2.6030675310400284e-07,5.329070518200751e-15,True,0,,4.8089461301970005e-09,332,1,10.4350943131644,0.9999999999999502,5.204725539442734e-13,10.43509430918425,False,False,2.4253377084448857e-12,True,True,False,REJECT_ABSOLUTE_DECREASE_BELOW_FLOOR,
230,0,10,19,1.0,0.0009765625,2.6030675310400284e-07,1.9073486328125e-06,0.0002665541151784989,0.0002665541151784989,2.6030675310400284e-07,5.329070518200751e-15,True,0,,4.8089461301970005e-09,332,1,10.435094313164662,0.9999999999999751,2.5934809855243657e-13,10.435094311174584,False,False,2.4253377084448857e-12,True,True,False,REJECT_ABSOLUTE_DECREASE_BELOW_FLOOR,
231,0,10,20,1.0,0.0009765625,2.6030675310400284e-07,9.5367431640625e-07,0.0002665541151784989,0.0002665541151784989,2.6030675310400284e-07,5.329070518200751e-15,True,0,,4.8089461301970005e-09,332,1,10.435094313164777,0.9999999999999862,1.438849039914203e-13,10.435094312169753,False,False,2.4253377084448857e-12,True,True,False,REJECT_ABSOLUTE_DECREASE_BELOW_FLOOR,
232,0,11,0,1.0,0.00048828125,1.3015337655200142e-07,1.0,0.0002665541151784989,0.0002665541151784989,1.3015337655200142e-07,5.329070518200751e-15,True,0,,4.8089461301970005e-09,332,1,10.435094223792992,0.999999991435446,8.937192852442877e-08,10.434050803733605,False,False,2.4253377084448857e-12,True,True,False,REJECT_ARMIJO_CONDITION,
233,0,11,1,1.0,0.00048828125,1.3015337655200142e-07,0.5,0.0002665541151784989,0.0002665541151784989,1.3015337655200142e-07,5.329070518200751e-15,True,0,,4.8089461301970005e-09,332,1,10.435094268479027,0.9999999957177297,4.468589409611923e-08,10.434572558449263,False,False,2.4253377084448857e-12,True,True,False,REJECT_ARMIJO_CONDITION,
234,0,11,2,1.0,0.00048828125,1.3015337655200142e-07,0.25,0.0002665541151784989,0.0002665541151784989,1.3015337655200142e-07,5.329070518200751e-15,True,0,,4.8089461301970005e-09,332,1,10.435094290821946,0.9999999978588622,2.2342975469769044e-08,10.434833435807091,False,False,2.4253377084448857e-12,True,True,False,REJECT_ARMIJO_CONDITION,
235,0,11,3,1.0,0.00048828125,1.3015337655200142e-07,0.125,0.0002665541151784989,0.0002665541151784989,1.3015337655200142e-07,5.329070518200751e-15,True,0,,4.8089461301970005e-09,332,1,10.435094301993452,0.9999999989294328,1.1171469083137708e-08,10.434963874486007,False,False,2.4253377084448857e-12,True,True,False,REJECT_ARMIJO_CONDITION,
236,0,11,4,1.0,0.00048828125,1.3015337655200142e-07,0.0625,0.0002665541151784989,0.0002665541151784989,1.3015337655200142e-07,5.329070518200751e-15,True,0,,4.8089461301970005e-09,332,1,10.435094307579215,0.9999999994647192,5.585706119859424e-09,10.435029093825463,False,False,2.4253377084448857e-12,True,True,False,REJECT_ARMIJO_CONDITION,
237,0,11,5,1.0,0.00048828125,1.3015337655200142e-07,0.03125,0.0002665541151784989,0.0002665541151784989,1.3015337655200142e-07,5.329070518200751e-15,True,0,,4.8089461301970005e-09,332,1,10.435094310372094,0.9999999997323621,2.7928273027555406e-09,10.435061703495192,False,False,2.4253377084448857e-12,True,True,False,REJECT_ARMIJO_CONDITION,
238,0,11,6,1.0,0.00048828125,1.3015337655200142e-07,0.015625,0.0002665541151784989,0.0002665541151784989,1.3015337655200142e-07,5.329070518200751e-15,True,0,,4.8089461301970005e-09,332,1,10.435094311768625,0.9999999998661923,1.3962964118263699e-09,10.435078008330057,False,False,2.4253377084448857e-12,True,True,False,REJECT_ARMIJO_CONDITION,
239,0,11,7,1.0,0.00048828125,1.3015337655200142e-07,0.0078125,0.0002665541151784989,0.0002665541151784989,1.3015337655200142e-07,5.329070518200751e-15,True,0,,4.8089461301970005e-09,332,1,10.435094312466688,0.9999999999330881,6.982325828630565e-10,10.435086160747488,False,False,2.4253377084448857e-12,True,True,False,REJECT_ARMIJO_CONDITION,
240,0,11,8,1.0,0.00048828125,1.3015337655200142e-07,0.00390625,0.0002665541151784989,0.0002665541151784989,1.3015337655200142e-07,5.329070518200751e-15,True,0,,4.8089461301970005e-09,332,1,10.435094312815888,0.999999999966552,3.490328026600764e-10,10.435090236956205,False,False,2.4253377084448857e-12,True,True,False,REJECT_ARMIJO_CONDITION,
241,0,11,9,1.0,0.00048828125,1.3015337655200142e-07,0.001953125,0.0002665541151784989,0.0002665541151784989,1.3015337655200142e-07,5.329070518200751e-15,True,0,,4.8089461301970005e-09,332,1,10.435094312990465,0.9999999999832818,1.744560051974986e-10,10.435092275060564,False,False,2.4253377084448857e-12,True,True,False,REJECT_ARMIJO_CONDITION,
242,0,11,10,1.0,0.00048828125,1.3015337655200142e-07,0.0009765625,0.0002665541151784989,0.0002665541151784989,1.3015337655200142e-07,5.329070518200751e-15,True,0,,4.8089461301970005e-09,332,1,10.43509431307775,0.9999999999916463,8.717115917988849e-11,10.435093294112741,False,False,2.4253377084448857e-12,True,True,False,REJECT_ARMIJO_CONDITION,
243,0,11,11,1.0,0.00048828125,1.3015337655200142e-07,0.00048828125,0.0002665541151784989,0.0002665541151784989,1.3015337655200142e-07,5.329070518200751e-15,True,0,,4.8089461301970005e-09,332,1,10.435094313121294,0.9999999999958191,4.362732397567015e-11,10.435093803638832,False,False,2.4253377084448857e-12,True,True,False,REJECT_ARMIJO_CONDITION,
244,0,11,12,1.0,0.00048828125,1.3015337655200142e-07,0.000244140625,0.0002665541151784989,0.0002665541151784989,1.3015337655200142e-07,5.329070518200751e-15,True,0,,4.8089461301970005e-09,332,1,10.435094313143235,0.9999999999979219,2.1685764295398258e-11,10.435094058401877,False,False,2.4253377084448857e-12,True,True,False,REJECT_ARMIJO_CONDITION,
245,0,11,13,1.0,0.00048828125,1.3015337655200142e-07,0.0001220703125,0.0002665541151784989,0.0002665541151784989,1.3015337655200142e-07,5.329070518200751e-15,True,0,,4.8089461301970005e-09,332,1,10.43509431315408,0.999999999998961,1.0841105790859729e-11,10.435094185783399,False,False,2.4253377084448857e-12,True,True,False,REJECT_ARMIJO_CONDITION,
246,0,11,14,1.0,0.00048828125,1.3015337655200142e-07,6.103515625e-05,0.0002665541151784989,0.0002665541151784989,1.3015337655200142e-07,5.329070518200751e-15,True,0,,4.8089461301970005e-09,332,1,10.435094313159558,0.9999999999994861,5.362821298149356e-12,10.43509424947416,False,False,2.4253377084448857e-12,True,True,False,REJECT_ARMIJO_CONDITION,
247,0,11,15,1.0,0.00048828125,1.3015337655200142e-07,3.0517578125e-05,0.0002665541151784989,0.0002665541151784989,1.3015337655200142e-07,5.329070518200751e-15,True,0,,4.8089461301970005e-09,332,1,10.435094313162326,0.9999999999997513,2.595257342363766e-12,10.43509428131954,False,False,2.4253377084448857e-12,True,True,False,REJECT_ARMIJO_CONDITION,
248,0,11,16,1.0,0.00048828125,1.3015337655200142e-07,1.52587890625e-05,0.0002665541151784989,0.0002665541151784989,1.3015337655200142e-07,5.329070518200751e-15,True,0,,4.8089461301970005e-09,332,1,10.435094313163624,0.9999999999998758,1.2967404927621828e-12,10.43509429724223,False,False,2.4253377084448857e-12,True,True,False,REJECT_ARMIJO_CONDITION,
249,0,11,17,1.0,0.00048828125,1.3015337655200142e-07,7.62939453125e-06,0.0002665541151784989,0.0002665541151784989,1.3015337655200142e-07,5.329070518200751e-15,True,0,,4.8089461301970005e-09,332,1,10.4350943131644,0.9999999999999502,5.204725539442734e-13,10.435094305203576,False,False,2.4253377084448857e-12,True,True,False,REJECT_ABSOLUTE_DECREASE_BELOW_FLOOR,
250,0,11,18,1.0,0.00048828125,1.3015337655200142e-07,3.814697265625e-06,0.0002665541151784989,0.0002665541151784989,1.3015337655200142e-07,5.329070518200751e-15,True,0,,4.8089461301970005e-09,332,1,10.435094313164662,0.9999999999999751,2.5934809855243657e-13,10.43509430918425,False,False,2.4253377084448857e-12,True,True,False,REJECT_ABSOLUTE_DECREASE_BELOW_FLOOR,
251,0,11,19,1.0,0.00048828125,1.3015337655200142e-07,1.9073486328125e-06,0.0002665541151784989,0.0002665541151784989,1.3015337655200142e-07,5.329070518200751e-15,True,0,,4.8089461301970005e-09,332,1,10.435094313164777,0.9999999999999862,1.438849039914203e-13,10.435094311174584,False,False,2.4253377084448857e-12,True,True,False,REJECT_ABSOLUTE_DECREASE_BELOW_FLOOR,
252,0,11,20,1.0,0.00048828125,1.3015337655200142e-07,9.5367431640625e-07,0.0002665541151784989,0.0002665541151784989,1.3015337655200142e-07,5.329070518200751e-15,True,0,,4.8089461301970005e-09,332,1,10.435094313164937,1.0000000000000016,-1.5987211554602254e-14,10.435094312169753,False,False,2.4253377084448857e-12,True,True,False,REJECT_NOT_RESIDUAL_REDUCING,
253,0,12,0,1.0,0.000244140625,6.507668827600071e-08,1.0,0.0002665541151784989,0.0002665541151784989,6.507668827600071e-08,5.329070518200751e-15,True,0,,4.8089461301970005e-09,332,1,10.435094268479027,0.9999999957177297,4.468589409611923e-08,10.434050803733605,False,False,2.4253377084448857e-12,True,True,False,REJECT_ARMIJO_CONDITION,
254,0,12,1,1.0,0.000244140625,6.507668827600071e-08,0.5,0.0002665541151784989,0.0002665541151784989,6.507668827600071e-08,5.329070518200751e-15,True,0,,4.8089461301970005e-09,332,1,10.435094290821946,0.9999999978588622,2.2342975469769044e-08,10.434572558449263,False,False,2.4253377084448857e-12,True,True,False,REJECT_ARMIJO_CONDITION,
255,0,12,2,1.0,0.000244140625,6.507668827600071e-08,0.25,0.0002665541151784989,0.0002665541151784989,6.507668827600071e-08,5.329070518200751e-15,True,0,,4.8089461301970005e-09,332,1,10.435094301993452,0.9999999989294328,1.1171469083137708e-08,10.434833435807091,False,False,2.4253377084448857e-12,True,True,False,REJECT_ARMIJO_CONDITION,
256,0,12,3,1.0,0.000244140625,6.507668827600071e-08,0.125,0.0002665541151784989,0.0002665541151784989,6.507668827600071e-08,5.329070518200751e-15,True,0,,4.8089461301970005e-09,332,1,10.435094307579215,0.9999999994647192,5.585706119859424e-09,10.434963874486007,False,False,2.4253377084448857e-12,True,True,False,REJECT_ARMIJO_CONDITION,
257,0,12,4,1.0,0.000244140625,6.507668827600071e-08,0.0625,0.0002665541151784989,0.0002665541151784989,6.507668827600071e-08,5.329070518200751e-15,True,0,,4.8089461301970005e-09,332,1,10.435094310372094,0.9999999997323621,2.7928273027555406e-09,10.435029093825463,False,False,2.4253377084448857e-12,True,True,False,REJECT_ARMIJO_CONDITION,
258,0,12,5,1.0,0.000244140625,6.507668827600071e-08,0.03125,0.0002665541151784989,0.0002665541151784989,6.507668827600071e-08,5.329070518200751e-15,True,0,,4.8089461301970005e-09,332,1,10.435094311768625,0.9999999998661923,1.3962964118263699e-09,10.435061703495192,False,False,2.4253377084448857e-12,True,True,False,REJECT_ARMIJO_CONDITION,
259,0,12,6,1.0,0.000244140625,6.507668827600071e-08,0.015625,0.0002665541151784989,0.0002665541151784989,6.507668827600071e-08,5.329070518200751e-15,True,0,,4.8089461301970005e-09,332,1,10.435094312466688,0.9999999999330881,6.982325828630565e-10,10.435078008330057,False,False,2.4253377084448857e-12,True,True,False,REJECT_ARMIJO_CONDITION,
260,0,12,7,1.0,0.000244140625,6.507668827600071e-08,0.0078125,0.0002665541151784989,0.0002665541151784989,6.507668827600071e-08,5.329070518200751e-15,True,0,,4.8089461301970005e-09,332,1,10.435094312815888,0.999999999966552,3.490328026600764e-10,10.435086160747488,False,False,2.4253377084448857e-12,True,True,False,REJECT_ARMIJO_CONDITION,
261,0,12,8,1.0,0.000244140625,6.507668827600071e-08,0.00390625,0.0002665541151784989,0.0002665541151784989,6.507668827600071e-08,5.329070518200751e-15,True,0,,4.8089461301970005e-09,332,1,10.435094312990465,0.9999999999832818,1.744560051974986e-10,10.435090236956205,False,False,2.4253377084448857e-12,True,True,False,REJECT_ARMIJO_CONDITION,
262,0,12,9,1.0,0.000244140625,6.507668827600071e-08,0.001953125,0.0002665541151784989,0.0002665541151784989,6.507668827600071e-08,5.329070518200751e-15,True,0,,4.8089461301970005e-09,332,1,10.43509431307775,0.9999999999916463,8.717115917988849e-11,10.435092275060564,False,False,2.4253377084448857e-12,True,True,False,REJECT_ARMIJO_CONDITION,
263,0,12,10,1.0,0.000244140625,6.507668827600071e-08,0.0009765625,0.0002665541151784989,0.0002665541151784989,6.507668827600071e-08,5.329070518200751e-15,True,0,,4.8089461301970005e-09,332,1,10.435094313121294,0.9999999999958191,4.362732397567015e-11,10.435093294112741,False,False,2.4253377084448857e-12,True,True,False,REJECT_ARMIJO_CONDITION,
264,0,12,11,1.0,0.000244140625,6.507668827600071e-08,0.00048828125,0.0002665541151784989,0.0002665541151784989,6.507668827600071e-08,5.329070518200751e-15,True,0,,4.8089461301970005e-09,332,1,10.435094313143235,0.9999999999979219,2.1685764295398258e-11,10.435093803638832,False,False,2.4253377084448857e-12,True,True,False,REJECT_ARMIJO_CONDITION,
265,0,12,12,1.0,0.000244140625,6.507668827600071e-08,0.000244140625,0.0002665541151784989,0.0002665541151784989,6.507668827600071e-08,5.329070518200751e-15,True,0,,4.8089461301970005e-09,332,1,10.43509431315408,0.999999999998961,1.0841105790859729e-11,10.435094058401877,False,False,2.4253377084448857e-12,True,True,False,REJECT_ARMIJO_CONDITION,
266,0,12,13,1.0,0.000244140625,6.507668827600071e-08,0.0001220703125,0.0002665541151784989,0.0002665541151784989,6.507668827600071e-08,5.329070518200751e-15,True,0,,4.8089461301970005e-09,332,1,10.435094313159558,0.9999999999994861,5.362821298149356e-12,10.435094185783399,False,False,2.4253377084448857e-12,True,True,False,REJECT_ARMIJO_CONDITION,
267,0,12,14,1.0,0.000244140625,6.507668827600071e-08,6.103515625e-05,0.0002665541151784989,0.0002665541151784989,6.507668827600071e-08,5.329070518200751e-15,True,0,,4.8089461301970005e-09,332,1,10.435094313162326,0.9999999999997513,2.595257342363766e-12,10.43509424947416,False,False,2.4253377084448857e-12,True,True,False,REJECT_ARMIJO_CONDITION,
268,0,12,15,1.0,0.000244140625,6.507668827600071e-08,3.0517578125e-05,0.0002665541151784989,0.0002665541151784989,6.507668827600071e-08,5.329070518200751e-15,True,0,,4.8089461301970005e-09,332,1,10.435094313163624,0.9999999999998758,1.2967404927621828e-12,10.43509428131954,False,False,2.4253377084448857e-12,True,True,False,REJECT_ARMIJO_CONDITION,
269,0,12,16,1.0,0.000244140625,6.507668827600071e-08,1.52587890625e-05,0.0002665541151784989,0.0002665541151784989,6.507668827600071e-08,5.329070518200751e-15,True,0,,4.8089461301970005e-09,332,1,10.4350943131644,0.9999999999999502,5.204725539442734e-13,10.43509429724223,False,False,2.4253377084448857e-12,True,True,False,REJECT_ABSOLUTE_DECREASE_BELOW_FLOOR,
270,0,12,17,1.0,0.000244140625,6.507668827600071e-08,7.62939453125e-06,0.0002665541151784989,0.0002665541151784989,6.507668827600071e-08,5.329070518200751e-15,True,0,,4.8089461301970005e-09,332,1,10.435094313164662,0.9999999999999751,2.5934809855243657e-13,10.435094305203576,False,False,2.4253377084448857e-12,True,True,False,REJECT_ABSOLUTE_DECREASE_BELOW_FLOOR,
271,0,12,18,1.0,0.000244140625,6.507668827600071e-08,3.814697265625e-06,0.0002665541151784989,0.0002665541151784989,6.507668827600071e-08,5.329070518200751e-15,True,0,,4.8089461301970005e-09,332,1,10.435094313164777,0.9999999999999862,1.438849039914203e-13,10.43509430918425,False,False,2.4253377084448857e-12,True,True,False,REJECT_ABSOLUTE_DECREASE_BELOW_FLOOR,
272,0,12,19,1.0,0.000244140625,6.507668827600071e-08,1.9073486328125e-06,0.0002665541151784989,0.0002665541151784989,6.507668827600071e-08,5.329070518200751e-15,True,0,,4.8089461301970005e-09,332,1,10.435094313164937,1.0000000000000016,-1.5987211554602254e-14,10.435094311174584,False,False,2.4253377084448857e-12,True,True,False,REJECT_NOT_RESIDUAL_REDUCING,
273,0,12,20,1.0,0.000244140625,6.507668827600071e-08,9.5367431640625e-07,0.0002665541151784989,0.0002665541151784989,6.507668827600071e-08,5.329070518200751e-15,True,0,,4.8089461301970005e-09,332,1,10.435094313164955,1.0000000000000033,-3.375077994860476e-14,10.435094312169753,False,False,2.4253377084448857e-12,True,True,False,REJECT_NOT_RESIDUAL_REDUCING,
274,0,13,0,1.0,0.0001220703125,3.2538344138000355e-08,1.0,0.0002665541151784989,0.0002665541151784989,3.2538344138000355e-08,5.329070518200751e-15,True,0,,4.8089461301970005e-09,332,1,10.435094290821946,0.9999999978588622,2.2342975469769044e-08,10.434050803733605,False,False,2.4253377084448857e-12,True,True,False,REJECT_ARMIJO_CONDITION,
275,0,13,1,1.0,0.0001220703125,3.2538344138000355e-08,0.5,0.0002665541151784989,0.0002665541151784989,3.2538344138000355e-08,5.329070518200751e-15,True,0,,4.8089461301970005e-09,332,1,10.435094301993452,0.9999999989294328,1.1171469083137708e-08,10.434572558449263,False,False,2.4253377084448857e-12,True,True,False,REJECT_ARMIJO_CONDITION,
276,0,13,2,1.0,0.0001220703125,3.2538344138000355e-08,0.25,0.0002665541151784989,0.0002665541151784989,3.2538344138000355e-08,5.329070518200751e-15,True,0,,4.8089461301970005e-09,332,1,10.435094307579215,0.9999999994647192,5.585706119859424e-09,10.434833435807091,False,False,2.4253377084448857e-12,True,True,False,REJECT_ARMIJO_CONDITION,
277,0,13,3,1.0,0.0001220703125,3.2538344138000355e-08,0.125,0.0002665541151784989,0.0002665541151784989,3.2538344138000355e-08,5.329070518200751e-15,True,0,,4.8089461301970005e-09,332,1,10.435094310372094,0.9999999997323621,2.7928273027555406e-09,10.434963874486007,False,False,2.4253377084448857e-12,True,True,False,REJECT_ARMIJO_CONDITION,
278,0,13,4,1.0,0.0001220703125,3.2538344138000355e-08,0.0625,0.0002665541151784989,0.0002665541151784989,3.2538344138000355e-08,5.329070518200751e-15,True,0,,4.8089461301970005e-09,332,1,10.435094311768625,0.9999999998661923,1.3962964118263699e-09,10.435029093825463,False,False,2.4253377084448857e-12,True,True,False,REJECT_ARMIJO_CONDITION,
279,0,13,5,1.0,0.0001220703125,3.2538344138000355e-08,0.03125,0.0002665541151784989,0.0002665541151784989,3.2538344138000355e-08,5.329070518200751e-15,True,0,,4.8089461301970005e-09,332,1,10.435094312466688,0.9999999999330881,6.982325828630565e-10,10.435061703495192,False,False,2.4253377084448857e-12,True,True,False,REJECT_ARMIJO_CONDITION,
280,0,13,6,1.0,0.0001220703125,3.2538344138000355e-08,0.015625,0.0002665541151784989,0.0002665541151784989,3.2538344138000355e-08,5.329070518200751e-15,True,0,,4.8089461301970005e-09,332,1,10.435094312815888,0.999999999966552,3.490328026600764e-10,10.435078008330057,False,False,2.4253377084448857e-12,True,True,False,REJECT_ARMIJO_CONDITION,
281,0,13,7,1.0,0.0001220703125,3.2538344138000355e-08,0.0078125,0.0002665541151784989,0.0002665541151784989,3.2538344138000355e-08,5.329070518200751e-15,True,0,,4.8089461301970005e-09,332,1,10.435094312990465,0.9999999999832818,1.744560051974986e-10,10.435086160747488,False,False,2.4253377084448857e-12,True,True,False,REJECT_ARMIJO_CONDITION,
282,0,13,8,1.0,0.0001220703125,3.2538344138000355e-08,0.00390625,0.0002665541151784989,0.0002665541151784989,3.2538344138000355e-08,5.329070518200751e-15,True,0,,4.8089461301970005e-09,332,1,10.43509431307775,0.9999999999916463,8.717115917988849e-11,10.435090236956205,False,False,2.4253377084448857e-12,True,True,False,REJECT_ARMIJO_CONDITION,
283,0,13,9,1.0,0.0001220703125,3.2538344138000355e-08,0.001953125,0.0002665541151784989,0.0002665541151784989,3.2538344138000355e-08,5.329070518200751e-15,True,0,,4.8089461301970005e-09,332,1,10.435094313121294,0.9999999999958191,4.362732397567015e-11,10.435092275060564,False,False,2.4253377084448857e-12,True,True,False,REJECT_ARMIJO_CONDITION,
284,0,13,10,1.0,0.0001220703125,3.2538344138000355e-08,0.0009765625,0.0002665541151784989,0.0002665541151784989,3.2538344138000355e-08,5.329070518200751e-15,True,0,,4.8089461301970005e-09,332,1,10.435094313143235,0.9999999999979219,2.1685764295398258e-11,10.435093294112741,False,False,2.4253377084448857e-12,True,True,False,REJECT_ARMIJO_CONDITION,
285,0,13,11,1.0,0.0001220703125,3.2538344138000355e-08,0.00048828125,0.0002665541151784989,0.0002665541151784989,3.2538344138000355e-08,5.329070518200751e-15,True,0,,4.8089461301970005e-09,332,1,10.43509431315408,0.999999999998961,1.0841105790859729e-11,10.435093803638832,False,False,2.4253377084448857e-12,True,True,False,REJECT_ARMIJO_CONDITION,
286,0,13,12,1.0,0.0001220703125,3.2538344138000355e-08,0.000244140625,0.0002665541151784989,0.0002665541151784989,3.2538344138000355e-08,5.329070518200751e-15,True,0,,4.8089461301970005e-09,332,1,10.435094313159558,0.9999999999994861,5.362821298149356e-12,10.435094058401877,False,False,2.4253377084448857e-12,True,True,False,REJECT_ARMIJO_CONDITION,
287,0,13,13,1.0,0.0001220703125,3.2538344138000355e-08,0.0001220703125,0.0002665541151784989,0.0002665541151784989,3.2538344138000355e-08,5.329070518200751e-15,True,0,,4.8089461301970005e-09,332,1,10.435094313162326,0.9999999999997513,2.595257342363766e-12,10.435094185783399,False,False,2.4253377084448857e-12,True,True,False,REJECT_ARMIJO_CONDITION,
288,0,13,14,1.0,0.0001220703125,3.2538344138000355e-08,6.103515625e-05,0.0002665541151784989,0.0002665541151784989,3.2538344138000355e-08,5.329070518200751e-15,True,0,,4.8089461301970005e-09,332,1,10.435094313163624,0.9999999999998758,1.2967404927621828e-12,10.43509424947416,False,False,2.4253377084448857e-12,True,True,False,REJECT_ARMIJO_CONDITION,
289,0,13,15,1.0,0.0001220703125,3.2538344138000355e-08,3.0517578125e-05,0.0002665541151784989,0.0002665541151784989,3.2538344138000355e-08,5.329070518200751e-15,True,0,,4.8089461301970005e-09,332,1,10.4350943131644,0.9999999999999502,5.204725539442734e-13,10.43509428131954,False,False,2.4253377084448857e-12,True,True,False,REJECT_ABSOLUTE_DECREASE_BELOW_FLOOR,
290,0,13,16,1.0,0.0001220703125,3.2538344138000355e-08,1.52587890625e-05,0.0002665541151784989,0.0002665541151784989,3.2538344138000355e-08,5.329070518200751e-15,True,0,,4.8089461301970005e-09,332,1,10.435094313164662,0.9999999999999751,2.5934809855243657e-13,10.43509429724223,False,False,2.4253377084448857e-12,True,True,False,REJECT_ABSOLUTE_DECREASE_BELOW_FLOOR,
291,0,13,17,1.0,0.0001220703125,3.2538344138000355e-08,7.62939453125e-06,0.0002665541151784989,0.0002665541151784989,3.2538344138000355e-08,5.329070518200751e-15,True,0,,4.8089461301970005e-09,332,1,10.435094313164777,0.9999999999999862,1.438849039914203e-13,10.435094305203576,False,False,2.4253377084448857e-12,True,True,False,REJECT_ABSOLUTE_DECREASE_BELOW_FLOOR,
292,0,13,18,1.0,0.0001220703125,3.2538344138000355e-08,3.814697265625e-06,0.0002665541151784989,0.0002665541151784989,3.2538344138000355e-08,5.329070518200751e-15,True,0,,4.8089461301970005e-09,332,1,10.435094313164937,1.0000000000000016,-1.5987211554602254e-14,10.43509430918425,False,False,2.4253377084448857e-12,True,True,False,REJECT_NOT_RESIDUAL_REDUCING,
293,0,13,19,1.0,0.0001220703125,3.2538344138000355e-08,1.9073486328125e-06,0.0002665541151784989,0.0002665541151784989,3.2538344138000355e-08,5.329070518200751e-15,True,0,,4.8089461301970005e-09,332,1,10.435094313164955,1.0000000000000033,-3.375077994860476e-14,10.435094311174584,False,False,2.4253377084448857e-12,True,True,False,REJECT_NOT_RESIDUAL_REDUCING,
294,0,13,20,1.0,0.0001220703125,3.2538344138000355e-08,9.5367431640625e-07,0.0002665541151784989,0.0002665541151784989,3.2538344138000355e-08,5.329070518200751e-15,True,0,,4.8089461301970005e-09,332,1,10.435094313164885,0.9999999999999966,3.552713678800501e-14,10.435094312169753,False,False,2.4253377084448857e-12,True,True,False,REJECT_ABSOLUTE_DECREASE_BELOW_FLOOR,
295,0,14,0,1.0,6.103515625e-05,1.6269172069000178e-08,1.0,0.0002665541151784989,0.0002665541151784989,1.6269172069000178e-08,5.329070518200751e-15,True,0,,4.8089461301970005e-09,332,1,10.435094301993452,0.9999999989294328,1.1171469083137708e-08,10.434050803733605,False,False,2.4253377084448857e-12,True,True,False,REJECT_ARMIJO_CONDITION,
296,0,14,1,1.0,6.103515625e-05,1.6269172069000178e-08,0.5,0.0002665541151784989,0.0002665541151784989,1.6269172069000178e-08,5.329070518200751e-15,True,0,,4.8089461301970005e-09,332,1,10.435094307579215,0.9999999994647192,5.585706119859424e-09,10.434572558449263,False,False,2.4253377084448857e-12,True,True,False,REJECT_ARMIJO_CONDITION,
297,0,14,2,1.0,6.103515625e-05,1.6269172069000178e-08,0.25,0.0002665541151784989,0.0002665541151784989,1.6269172069000178e-08,5.329070518200751e-15,True,0,,4.8089461301970005e-09,332,1,10.435094310372094,0.9999999997323621,2.7928273027555406e-09,10.434833435807091,False,False,2.4253377084448857e-12,True,True,False,REJECT_ARMIJO_CONDITION,
298,0,14,3,1.0,6.103515625e-05,1.6269172069000178e-08,0.125,0.0002665541151784989,0.0002665541151784989,1.6269172069000178e-08,5.329070518200751e-15,True,0,,4.8089461301970005e-09,332,1,10.435094311768625,0.9999999998661923,1.3962964118263699e-09,10.434963874486007,False,False,2.4253377084448857e-12,True,True,False,REJECT_ARMIJO_CONDITION,
299,0,14,4,1.0,6.103515625e-05,1.6269172069000178e-08,0.0625,0.0002665541151784989,0.0002665541151784989,1.6269172069000178e-08,5.329070518200751e-15,True,0,,4.8089461301970005e-09,332,1,10.435094312466688,0.9999999999330881,6.982325828630565e-10,10.435029093825463,False,False,2.4253377084448857e-12,True,True,False,REJECT_ARMIJO_CONDITION,
300,0,14,5,1.0,6.103515625e-05,1.6269172069000178e-08,0.03125,0.0002665541151784989,0.0002665541151784989,1.6269172069000178e-08,5.329070518200751e-15,True,0,,4.8089461301970005e-09,332,1,10.435094312815888,0.999999999966552,3.490328026600764e-10,10.435061703495192,False,False,2.4253377084448857e-12,True,True,False,REJECT_ARMIJO_CONDITION,
301,0,14,6,1.0,6.103515625e-05,1.6269172069000178e-08,0.015625,0.0002665541151784989,0.0002665541151784989,1.6269172069000178e-08,5.329070518200751e-15,True,0,,4.8089461301970005e-09,332,1,10.435094312990465,0.9999999999832818,1.744560051974986e-10,10.435078008330057,False,False,2.4253377084448857e-12,True,True,False,REJECT_ARMIJO_CONDITION,
302,0,14,7,1.0,6.103515625e-05,1.6269172069000178e-08,0.0078125,0.0002665541151784989,0.0002665541151784989,1.6269172069000178e-08,5.329070518200751e-15,True,0,,4.8089461301970005e-09,332,1,10.43509431307775,0.9999999999916463,8.717115917988849e-11,10.435086160747488,False,False,2.4253377084448857e-12,True,True,False,REJECT_ARMIJO_CONDITION,
303,0,14,8,1.0,6.103515625e-05,1.6269172069000178e-08,0.00390625,0.0002665541151784989,0.0002665541151784989,1.6269172069000178e-08,5.329070518200751e-15,True,0,,4.8089461301970005e-09,332,1,10.435094313121294,0.9999999999958191,4.362732397567015e-11,10.435090236956205,False,False,2.4253377084448857e-12,True,True,False,REJECT_ARMIJO_CONDITION,
304,0,14,9,1.0,6.103515625e-05,1.6269172069000178e-08,0.001953125,0.0002665541151784989,0.0002665541151784989,1.6269172069000178e-08,5.329070518200751e-15,True,0,,4.8089461301970005e-09,332,1,10.435094313143235,0.9999999999979219,2.1685764295398258e-11,10.435092275060564,False,False,2.4253377084448857e-12,True,True,False,REJECT_ARMIJO_CONDITION,
305,0,14,10,1.0,6.103515625e-05,1.6269172069000178e-08,0.0009765625,0.0002665541151784989,0.0002665541151784989,1.6269172069000178e-08,5.329070518200751e-15,True,0,,4.8089461301970005e-09,332,1,10.43509431315408,0.999999999998961,1.0841105790859729e-11,10.435093294112741,False,False,2.4253377084448857e-12,True,True,False,REJECT_ARMIJO_CONDITION,
306,0,14,11,1.0,6.103515625e-05,1.6269172069000178e-08,0.00048828125,0.0002665541151784989,0.0002665541151784989,1.6269172069000178e-08,5.329070518200751e-15,True,0,,4.8089461301970005e-09,332,1,10.435094313159558,0.9999999999994861,5.362821298149356e-12,10.435093803638832,False,False,2.4253377084448857e-12,True,True,False,REJECT_ARMIJO_CONDITION,
307,0,14,12,1.0,6.103515625e-05,1.6269172069000178e-08,0.000244140625,0.0002665541151784989,0.0002665541151784989,1.6269172069000178e-08,5.329070518200751e-15,True,0,,4.8089461301970005e-09,332,1,10.435094313162326,0.9999999999997513,2.595257342363766e-12,10.435094058401877,False,False,2.4253377084448857e-12,True,True,False,REJECT_ARMIJO_CONDITION,
308,0,14,13,1.0,6.103515625e-05,1.6269172069000178e-08,0.0001220703125,0.0002665541151784989,0.0002665541151784989,1.6269172069000178e-08,5.329070518200751e-15,True,0,,4.8089461301970005e-09,332,1,10.435094313163624,0.9999999999998758,1.2967404927621828e-12,10.435094185783399,False,False,2.4253377084448857e-12,True,True,False,REJECT_ARMIJO_CONDITION,
309,0,14,14,1.0,6.103515625e-05,1.6269172069000178e-08,6.103515625e-05,0.0002665541151784989,0.0002665541151784989,1.6269172069000178e-08,5.329070518200751e-15,True,0,,4.8089461301970005e-09,332,1,10.4350943131644,0.9999999999999502,5.204725539442734e-13,10.43509424947416,False,False,2.4253377084448857e-12,True,True,False,REJECT_ABSOLUTE_DECREASE_BELOW_FLOOR,
310,0,14,15,1.0,6.103515625e-05,1.6269172069000178e-08,3.0517578125e-05,0.0002665541151784989,0.0002665541151784989,1.6269172069000178e-08,5.329070518200751e-15,True,0,,4.8089461301970005e-09,332,1,10.435094313164662,0.9999999999999751,2.5934809855243657e-13,10.43509428131954,False,False,2.4253377084448857e-12,True,True,False,REJECT_ABSOLUTE_DECREASE_BELOW_FLOOR,
311,0,14,16,1.0,6.103515625e-05,1.6269172069000178e-08,1.52587890625e-05,0.0002665541151784989,0.0002665541151784989,1.6269172069000178e-08,5.329070518200751e-15,True,0,,4.8089461301970005e-09,332,1,10.435094313164777,0.9999999999999862,1.438849039914203e-13,10.43509429724223,False,False,2.4253377084448857e-12,True,True,False,REJECT_ABSOLUTE_DECREASE_BELOW_FLOOR,
312,0,14,17,1.0,6.103515625e-05,1.6269172069000178e-08,7.62939453125e-06,0.0002665541151784989,0.0002665541151784989,1.6269172069000178e-08,5.329070518200751e-15,True,0,,4.8089461301970005e-09,332,1,10.435094313164937,1.0000000000000016,-1.5987211554602254e-14,10.435094305203576,False,False,2.4253377084448857e-12,True,True,False,REJECT_NOT_RESIDUAL_REDUCING,
313,0,14,18,1.0,6.103515625e-05,1.6269172069000178e-08,3.814697265625e-06,0.0002665541151784989,0.0002665541151784989,1.6269172069000178e-08,5.329070518200751e-15,True,0,,4.8089461301970005e-09,332,1,10.435094313164955,1.0000000000000033,-3.375077994860476e-14,10.43509430918425,False,False,2.4253377084448857e-12,True,True,False,REJECT_NOT_RESIDUAL_REDUCING,
314,0,14,19,1.0,6.103515625e-05,1.6269172069000178e-08,1.9073486328125e-06,0.0002665541151784989,0.0002665541151784989,1.6269172069000178e-08,5.329070518200751e-15,True,0,,4.8089461301970005e-09,332,1,10.435094313164885,0.9999999999999966,3.552713678800501e-14,10.435094311174584,False,False,2.4253377084448857e-12,True,True,False,REJECT_ABSOLUTE_DECREASE_BELOW_FLOOR,
315,0,14,20,1.0,6.103515625e-05,1.6269172069000178e-08,9.5367431640625e-07,0.0002665541151784989,0.0002665541151784989,1.6269172069000178e-08,5.329070518200751e-15,True,0,,4.8089461301970005e-09,332,1,10.435094313164974,1.000000000000005,-5.3290705182007514e-14,10.435094312169753,False,False,2.4253377084448857e-12,True,True,False,REJECT_NOT_RESIDUAL_REDUCING,
316,0,15,0,1.0,3.0517578125e-05,8.134586034500089e-09,1.0,0.0002665541151784989,0.0002665541151784989,8.134586034500089e-09,5.329070518200751e-15,True,0,,4.8089461301970005e-09,332,1,10.435094307579215,0.9999999994647192,5.585706119859424e-09,10.434050803733605,False,False,2.4253377084448857e-12,True,True,False,REJECT_ARMIJO_CONDITION,
317,0,15,1,1.0,3.0517578125e-05,8.134586034500089e-09,0.5,0.0002665541151784989,0.0002665541151784989,8.134586034500089e-09,5.329070518200751e-15,True,0,,4.8089461301970005e-09,332,1,10.435094310372094,0.9999999997323621,2.7928273027555406e-09,10.434572558449263,False,False,2.4253377084448857e-12,True,True,False,REJECT_ARMIJO_CONDITION,
318,0,15,2,1.0,3.0517578125e-05,8.134586034500089e-09,0.25,0.0002665541151784989,0.0002665541151784989,8.134586034500089e-09,5.329070518200751e-15,True,0,,4.8089461301970005e-09,332,1,10.435094311768625,0.9999999998661923,1.3962964118263699e-09,10.434833435807091,False,False,2.4253377084448857e-12,True,True,False,REJECT_ARMIJO_CONDITION,
319,0,15,3,1.0,3.0517578125e-05,8.134586034500089e-09,0.125,0.0002665541151784989,0.0002665541151784989,8.134586034500089e-09,5.329070518200751e-15,True,0,,4.8089461301970005e-09,332,1,10.435094312466688,0.9999999999330881,6.982325828630565e-10,10.434963874486007,False,False,2.4253377084448857e-12,True,True,False,REJECT_ARMIJO_CONDITION,
320,0,15,4,1.0,3.0517578125e-05,8.134586034500089e-09,0.0625,0.0002665541151784989,0.0002665541151784989,8.134586034500089e-09,5.329070518200751e-15,True,0,,4.8089461301970005e-09,332,1,10.435094312815888,0.999999999966552,3.490328026600764e-10,10.435029093825463,False,False,2.4253377084448857e-12,True,True,False,REJECT_ARMIJO_CONDITION,
321,0,15,5,1.0,3.0517578125e-05,8.134586034500089e-09,0.03125,0.0002665541151784989,0.0002665541151784989,8.134586034500089e-09,5.329070518200751e-15,True,0,,4.8089461301970005e-09,332,1,10.435094312990465,0.9999999999832818,1.744560051974986e-10,10.435061703495192,False,False,2.4253377084448857e-12,True,True,False,REJECT_ARMIJO_CONDITION,
322,0,15,6,1.0,3.0517578125e-05,8.134586034500089e-09,0.015625,0.0002665541151784989,0.0002665541151784989,8.134586034500089e-09,5.329070518200751e-15,True,0,,4.8089461301970005e-09,332,1,10.43509431307775,0.9999999999916463,8.717115917988849e-11,10.435078008330057,False,False,2.4253377084448857e-12,True,True,False,REJECT_ARMIJO_CONDITION,
323,0,15,7,1.0,3.0517578125e-05,8.134586034500089e-09,0.0078125,0.0002665541151784989,0.0002665541151784989,8.134586034500089e-09,5.329070518200751e-15,True,0,,4.8089461301970005e-09,332,1,10.435094313121294,0.9999999999958191,4.362732397567015e-11,10.435086160747488,False,False,2.4253377084448857e-12,True,True,False,REJECT_ARMIJO_CONDITION,
324,0,15,8,1.0,3.0517578125e-05,8.134586034500089e-09,0.00390625,0.0002665541151784989,0.0002665541151784989,8.134586034500089e-09,5.329070518200751e-15,True,0,,4.8089461301970005e-09,332,1,10.435094313143235,0.9999999999979219,2.1685764295398258e-11,10.435090236956205,False,False,2.4253377084448857e-12,True,True,False,REJECT_ARMIJO_CONDITION,
325,0,15,9,1.0,3.0517578125e-05,8.134586034500089e-09,0.001953125,0.0002665541151784989,0.0002665541151784989,8.134586034500089e-09,5.329070518200751e-15,True,0,,4.8089461301970005e-09,332,1,10.43509431315408,0.999999999998961,1.0841105790859729e-11,10.435092275060564,False,False,2.4253377084448857e-12,True,True,False,REJECT_ARMIJO_CONDITION,
326,0,15,10,1.0,3.0517578125e-05,8.134586034500089e-09,0.0009765625,0.0002665541151784989,0.0002665541151784989,8.134586034500089e-09,5.329070518200751e-15,True,0,,4.8089461301970005e-09,332,1,10.435094313159558,0.9999999999994861,5.362821298149356e-12,10.435093294112741,False,False,2.4253377084448857e-12,True,True,False,REJECT_ARMIJO_CONDITION,
327,0,15,11,1.0,3.0517578125e-05,8.134586034500089e-09,0.00048828125,0.0002665541151784989,0.0002665541151784989,8.134586034500089e-09,5.329070518200751e-15,True,0,,4.8089461301970005e-09,332,1,10.435094313162326,0.9999999999997513,2.595257342363766e-12,10.435093803638832,False,False,2.4253377084448857e-12,True,True,False,REJECT_ARMIJO_CONDITION,
328,0,15,12,1.0,3.0517578125e-05,8.134586034500089e-09,0.000244140625,0.0002665541151784989,0.0002665541151784989,8.134586034500089e-09,5.329070518200751e-15,True,0,,4.8089461301970005e-09,332,1,10.435094313163624,0.9999999999998758,1.2967404927621828e-12,10.435094058401877,False,False,2.4253377084448857e-12,True,True,False,REJECT_ARMIJO_CONDITION,
329,0,15,13,1.0,3.0517578125e-05,8.134586034500089e-09,0.0001220703125,0.0002665541151784989,0.0002665541151784989,8.134586034500089e-09,5.329070518200751e-15,True,0,,4.8089461301970005e-09,332,1,10.4350943131644,0.9999999999999502,5.204725539442734e-13,10.435094185783399,False,False,2.4253377084448857e-12,True,True,False,REJECT_ABSOLUTE_DECREASE_BELOW_FLOOR,
330,0,15,14,1.0,3.0517578125e-05,8.134586034500089e-09,6.103515625e-05,0.0002665541151784989,0.0002665541151784989,8.134586034500089e-09,5.329070518200751e-15,True,0,,4.8089461301970005e-09,332,1,10.435094313164662,0.9999999999999751,2.5934809855243657e-13,10.43509424947416,False,False,2.4253377084448857e-12,True,True,False,REJECT_ABSOLUTE_DECREASE_BELOW_FLOOR,
331,0,15,15,1.0,3.0517578125e-05,8.134586034500089e-09,3.0517578125e-05,0.0002665541151784989,0.0002665541151784989,8.134586034500089e-09,5.329070518200751e-15,True,0,,4.8089461301970005e-09,332,1,10.435094313164777,0.9999999999999862,1.438849039914203e-13,10.43509428131954,False,False,2.4253377084448857e-12,True,True,False,REJECT_ABSOLUTE_DECREASE_BELOW_FLOOR,
332,0,15,16,1.0,3.0517578125e-05,8.134586034500089e-09,1.52587890625e-05,0.0002665541151784989,0.0002665541151784989,8.134586034500089e-09,5.329070518200751e-15,True,0,,4.8089461301970005e-09,332,1,10.435094313164937,1.0000000000000016,-1.5987211554602254e-14,10.43509429724223,False,False,2.4253377084448857e-12,True,True,False,REJECT_NOT_RESIDUAL_REDUCING,
333,0,15,17,1.0,3.0517578125e-05,8.134586034500089e-09,7.62939453125e-06,0.0002665541151784989,0.0002665541151784989,8.134586034500089e-09,5.329070518200751e-15,True,0,,4.8089461301970005e-09,332,1,10.435094313164955,1.0000000000000033,-3.375077994860476e-14,10.435094305203576,False,False,2.4253377084448857e-12,True,True,False,REJECT_NOT_RESIDUAL_REDUCING,
334,0,15,18,1.0,3.0517578125e-05,8.134586034500089e-09,3.814697265625e-06,0.0002665541151784989,0.0002665541151784989,8.134586034500089e-09,5.329070518200751e-15,True,0,,4.8089461301970005e-09,332,1,10.435094313164885,0.9999999999999966,3.552713678800501e-14,10.43509430918425,False,False,2.4253377084448857e-12,True,True,False,REJECT_ABSOLUTE_DECREASE_BELOW_FLOOR,
335,0,15,19,1.0,3.0517578125e-05,8.134586034500089e-09,1.9073486328125e-06,0.0002665541151784989,0.0002665541151784989,8.134586034500089e-09,5.329070518200751e-15,True,0,,4.8089461301970005e-09,332,1,10.435094313164974,1.000000000000005,-5.3290705182007514e-14,10.435094311174584,False,False,2.4253377084448857e-12,True,True,False,REJECT_NOT_RESIDUAL_REDUCING,
336,0,15,20,1.0,3.0517578125e-05,8.134586034500089e-09,9.5367431640625e-07,0.0002665541151784989,0.0002665541151784989,8.134586034500089e-09,5.329070518200751e-15,True,0,,4.8089461301970005e-09,332,1,10.435094313164978,1.0000000000000056,-5.684341886080802e-14,10.435094312169753,False,False,2.4253377084448857e-12,True,True,False,REJECT_NOT_RESIDUAL_REDUCING,
337,0,16,0,1.0,1.52587890625e-05,4.067293017250044e-09,1.0,0.0002665541151784989,0.0002665541151784989,4.067293017250044e-09,5.329070518200751e-15,True,0,,4.8089461301970005e-09,332,1,10.435094310372094,0.9999999997323621,2.7928273027555406e-09,10.434050803733605,False,False,2.4253377084448857e-12,True,True,False,REJECT_ARMIJO_CONDITION,
338,0,16,1,1.0,1.52587890625e-05,4.067293017250044e-09,0.5,0.0002665541151784989,0.0002665541151784989,4.067293017250044e-09,5.329070518200751e-15,True,0,,4.8089461301970005e-09,332,1,10.435094311768625,0.9999999998661923,1.3962964118263699e-09,10.434572558449263,False,False,2.4253377084448857e-12,True,True,False,REJECT_ARMIJO_CONDITION,
339,0,16,2,1.0,1.52587890625e-05,4.067293017250044e-09,0.25,0.0002665541151784989,0.0002665541151784989,4.067293017250044e-09,5.329070518200751e-15,True,0,,4.8089461301970005e-09,332,1,10.435094312466688,0.9999999999330881,6.982325828630565e-10,10.434833435807091,False,False,2.4253377084448857e-12,True,True,False,REJECT_ARMIJO_CONDITION,
340,0,16,3,1.0,1.52587890625e-05,4.067293017250044e-09,0.125,0.0002665541151784989,0.0002665541151784989,4.067293017250044e-09,5.329070518200751e-15,True,0,,4.8089461301970005e-09,332,1,10.435094312815888,0.999999999966552,3.490328026600764e-10,10.434963874486007,False,False,2.4253377084448857e-12,True,True,False,REJECT_ARMIJO_CONDITION,
341,0,16,4,1.0,1.52587890625e-05,4.067293017250044e-09,0.0625,0.0002665541151784989,0.0002665541151784989,4.067293017250044e-09,5.329070518200751e-15,True,0,,4.8089461301970005e-09,332,1,10.435094312990465,0.9999999999832818,1.744560051974986e-10,10.435029093825463,False,False,2.4253377084448857e-12,True,True,False,REJECT_ARMIJO_CONDITION,
342,0,16,5,1.0,1.52587890625e-05,4.067293017250044e-09,0.03125,0.0002665541151784989,0.0002665541151784989,4.067293017250044e-09,5.329070518200751e-15,True,0,,4.8089461301970005e-09,332,1,10.43509431307775,0.9999999999916463,8.717115917988849e-11,10.435061703495192,False,False,2.4253377084448857e-12,True,True,False,REJECT_ARMIJO_CONDITION,
343,0,16,6,1.0,1.52587890625e-05,4.067293017250044e-09,0.015625,0.0002665541151784989,0.0002665541151784989,4.067293017250044e-09,5.329070518200751e-15,True,0,,4.8089461301970005e-09,332,1,10.435094313121294,0.9999999999958191,4.362732397567015e-11,10.435078008330057,False,False,2.4253377084448857e-12,True,True,False,REJECT_ARMIJO_CONDITION,
344,0,16,7,1.0,1.52587890625e-05,4.067293017250044e-09,0.0078125,0.0002665541151784989,0.0002665541151784989,4.067293017250044e-09,5.329070518200751e-15,True,0,,4.8089461301970005e-09,332,1,10.435094313143235,0.9999999999979219,2.1685764295398258e-11,10.435086160747488,False,False,2.4253377084448857e-12,True,True,False,REJECT_ARMIJO_CONDITION,
345,0,16,8,1.0,1.52587890625e-05,4.067293017250044e-09,0.00390625,0.0002665541151784989,0.0002665541151784989,4.067293017250044e-09,5.329070518200751e-15,True,0,,4.8089461301970005e-09,332,1,10.43509431315408,0.999999999998961,1.0841105790859729e-11,10.435090236956205,False,False,2.4253377084448857e-12,True,True,False,REJECT_ARMIJO_CONDITION,
346,0,16,9,1.0,1.52587890625e-05,4.067293017250044e-09,0.001953125,0.0002665541151784989,0.0002665541151784989,4.067293017250044e-09,5.329070518200751e-15,True,0,,4.8089461301970005e-09,332,1,10.435094313159558,0.9999999999994861,5.362821298149356e-12,10.435092275060564,False,False,2.4253377084448857e-12,True,True,False,REJECT_ARMIJO_CONDITION,
347,0,16,10,1.0,1.52587890625e-05,4.067293017250044e-09,0.0009765625,0.0002665541151784989,0.0002665541151784989,4.067293017250044e-09,5.329070518200751e-15,True,0,,4.8089461301970005e-09,332,1,10.435094313162326,0.9999999999997513,2.595257342363766e-12,10.435093294112741,False,False,2.4253377084448857e-12,True,True,False,REJECT_ARMIJO_CONDITION,
348,0,16,11,1.0,1.52587890625e-05,4.067293017250044e-09,0.00048828125,0.0002665541151784989,0.0002665541151784989,4.067293017250044e-09,5.329070518200751e-15,True,0,,4.8089461301970005e-09,332,1,10.435094313163624,0.9999999999998758,1.2967404927621828e-12,10.435093803638832,False,False,2.4253377084448857e-12,True,True,False,REJECT_ARMIJO_CONDITION,
349,0,16,12,1.0,1.52587890625e-05,4.067293017250044e-09,0.000244140625,0.0002665541151784989,0.0002665541151784989,4.067293017250044e-09,5.329070518200751e-15,True,0,,4.8089461301970005e-09,332,1,10.4350943131644,0.9999999999999502,5.204725539442734e-13,10.435094058401877,False,False,2.4253377084448857e-12,True,True,False,REJECT_ABSOLUTE_DECREASE_BELOW_FLOOR,
350,0,16,13,1.0,1.52587890625e-05,4.067293017250044e-09,0.0001220703125,0.0002665541151784989,0.0002665541151784989,4.067293017250044e-09,5.329070518200751e-15,True,0,,4.8089461301970005e-09,332,1,10.435094313164662,0.9999999999999751,2.5934809855243657e-13,10.435094185783399,False,False,2.4253377084448857e-12,True,True,False,REJECT_ABSOLUTE_DECREASE_BELOW_FLOOR,
351,0,16,14,1.0,1.52587890625e-05,4.067293017250044e-09,6.103515625e-05,0.0002665541151784989,0.0002665541151784989,4.067293017250044e-09,5.329070518200751e-15,True,0,,4.8089461301970005e-09,332,1,10.435094313164777,0.9999999999999862,1.438849039914203e-13,10.43509424947416,False,False,2.4253377084448857e-12,True,True,False,REJECT_ABSOLUTE_DECREASE_BELOW_FLOOR,
352,0,16,15,1.0,1.52587890625e-05,4.067293017250044e-09,3.0517578125e-05,0.0002665541151784989,0.0002665541151784989,4.067293017250044e-09,5.329070518200751e-15,True,0,,4.8089461301970005e-09,332,1,10.435094313164937,1.0000000000000016,-1.5987211554602254e-14,10.43509428131954,False,False,2.4253377084448857e-12,True,True,False,REJECT_NOT_RESIDUAL_REDUCING,
353,0,16,16,1.0,1.52587890625e-05,4.067293017250044e-09,1.52587890625e-05,0.0002665541151784989,0.0002665541151784989,4.067293017250044e-09,5.329070518200751e-15,True,0,,4.8089461301970005e-09,332,1,10.435094313164955,1.0000000000000033,-3.375077994860476e-14,10.43509429724223,False,False,2.4253377084448857e-12,True,True,False,REJECT_NOT_RESIDUAL_REDUCING,
354,0,16,17,1.0,1.52587890625e-05,4.067293017250044e-09,7.62939453125e-06,0.0002665541151784989,0.0002665541151784989,4.067293017250044e-09,5.329070518200751e-15,True,0,,4.8089461301970005e-09,332,1,10.435094313164885,0.9999999999999966,3.552713678800501e-14,10.435094305203576,False,False,2.4253377084448857e-12,True,True,False,REJECT_ABSOLUTE_DECREASE_BELOW_FLOOR,
355,0,16,18,1.0,1.52587890625e-05,4.067293017250044e-09,3.814697265625e-06,0.0002665541151784989,0.0002665541151784989,4.067293017250044e-09,5.329070518200751e-15,True,0,,4.8089461301970005e-09,332,1,10.435094313164974,1.000000000000005,-5.3290705182007514e-14,10.43509430918425,False,False,2.4253377084448857e-12,True,True,False,REJECT_NOT_RESIDUAL_REDUCING,
356,0,16,19,1.0,1.52587890625e-05,4.067293017250044e-09,1.9073486328125e-06,0.0002665541151784989,0.0002665541151784989,4.067293017250044e-09,5.329070518200751e-15,True,0,,4.8089461301970005e-09,332,1,10.435094313164978,1.0000000000000056,-5.684341886080802e-14,10.435094311174584,False,False,2.4253377084448857e-12,True,True,False,REJECT_NOT_RESIDUAL_REDUCING,
357,0,16,20,1.0,1.52587890625e-05,4.067293017250044e-09,9.5367431640625e-07,0.0002665541151784989,0.0002665541151784989,4.067293017250044e-09,5.329070518200751e-15,True,0,,4.8089461301970005e-09,332,1,10.435094313164921,1.0,0.0,10.435094312169753,False,False,2.4253377084448857e-12,True,True,False,REJECT_NOT_RESIDUAL_REDUCING,
358,0,17,0,1.0,7.62939453125e-06,2.033646508625022e-09,1.0,0.0002665541151784989,0.0002665541151784989,2.033646508625022e-09,5.329070518200751e-15,True,0,,4.8089461301970005e-09,332,1,10.435094311768625,0.9999999998661923,1.3962964118263699e-09,10.434050803733605,False,False,2.4253377084448857e-12,True,True,False,REJECT_ARMIJO_CONDITION,
359,0,17,1,1.0,7.62939453125e-06,2.033646508625022e-09,0.5,0.0002665541151784989,0.0002665541151784989,2.033646508625022e-09,5.329070518200751e-15,True,0,,4.8089461301970005e-09,332,1,10.435094312466688,0.9999999999330881,6.982325828630565e-10,10.434572558449263,False,False,2.4253377084448857e-12,True,True,False,REJECT_ARMIJO_CONDITION,
360,0,17,2,1.0,7.62939453125e-06,2.033646508625022e-09,0.25,0.0002665541151784989,0.0002665541151784989,2.033646508625022e-09,5.329070518200751e-15,True,0,,4.8089461301970005e-09,332,1,10.435094312815888,0.999999999966552,3.490328026600764e-10,10.434833435807091,False,False,2.4253377084448857e-12,True,True,False,REJECT_ARMIJO_CONDITION,
361,0,17,3,1.0,7.62939453125e-06,2.033646508625022e-09,0.125,0.0002665541151784989,0.0002665541151784989,2.033646508625022e-09,5.329070518200751e-15,True,0,,4.8089461301970005e-09,332,1,10.435094312990465,0.9999999999832818,1.744560051974986e-10,10.434963874486007,False,False,2.4253377084448857e-12,True,True,False,REJECT_ARMIJO_CONDITION,
362,0,17,4,1.0,7.62939453125e-06,2.033646508625022e-09,0.0625,0.0002665541151784989,0.0002665541151784989,2.033646508625022e-09,5.329070518200751e-15,True,0,,4.8089461301970005e-09,332,1,10.43509431307775,0.9999999999916463,8.717115917988849e-11,10.435029093825463,False,False,2.4253377084448857e-12,True,True,False,REJECT_ARMIJO_CONDITION,
363,0,17,5,1.0,7.62939453125e-06,2.033646508625022e-09,0.03125,0.0002665541151784989,0.0002665541151784989,2.033646508625022e-09,5.329070518200751e-15,True,0,,4.8089461301970005e-09,332,1,10.435094313121294,0.9999999999958191,4.362732397567015e-11,10.435061703495192,False,False,2.4253377084448857e-12,True,True,False,REJECT_ARMIJO_CONDITION,
364,0,17,6,1.0,7.62939453125e-06,2.033646508625022e-09,0.015625,0.0002665541151784989,0.0002665541151784989,2.033646508625022e-09,5.329070518200751e-15,True,0,,4.8089461301970005e-09,332,1,10.435094313143235,0.9999999999979219,2.1685764295398258e-11,10.435078008330057,False,False,2.4253377084448857e-12,True,True,False,REJECT_ARMIJO_CONDITION,
365,0,17,7,1.0,7.62939453125e-06,2.033646508625022e-09,0.0078125,0.0002665541151784989,0.0002665541151784989,2.033646508625022e-09,5.329070518200751e-15,True,0,,4.8089461301970005e-09,332,1,10.43509431315408,0.999999999998961,1.0841105790859729e-11,10.435086160747488,False,False,2.4253377084448857e-12,True,True,False,REJECT_ARMIJO_CONDITION,
366,0,17,8,1.0,7.62939453125e-06,2.033646508625022e-09,0.00390625,0.0002665541151784989,0.0002665541151784989,2.033646508625022e-09,5.329070518200751e-15,True,0,,4.8089461301970005e-09,332,1,10.435094313159558,0.9999999999994861,5.362821298149356e-12,10.435090236956205,False,False,2.4253377084448857e-12,True,True,False,REJECT_ARMIJO_CONDITION,
367,0,17,9,1.0,7.62939453125e-06,2.033646508625022e-09,0.001953125,0.0002665541151784989,0.0002665541151784989,2.033646508625022e-09,5.329070518200751e-15,True,0,,4.8089461301970005e-09,332,1,10.435094313162326,0.9999999999997513,2.595257342363766e-12,10.435092275060564,False,False,2.4253377084448857e-12,True,True,False,REJECT_ARMIJO_CONDITION,
368,0,17,10,1.0,7.62939453125e-06,2.033646508625022e-09,0.0009765625,0.0002665541151784989,0.0002665541151784989,2.033646508625022e-09,5.329070518200751e-15,True,0,,4.8089461301970005e-09,332,1,10.435094313163624,0.9999999999998758,1.2967404927621828e-12,10.435093294112741,False,False,2.4253377084448857e-12,True,True,False,REJECT_ARMIJO_CONDITION,
369,0,17,11,1.0,7.62939453125e-06,2.033646508625022e-09,0.00048828125,0.0002665541151784989,0.0002665541151784989,2.033646508625022e-09,5.329070518200751e-15,True,0,,4.8089461301970005e-09,332,1,10.4350943131644,0.9999999999999502,5.204725539442734e-13,10.435093803638832,False,False,2.4253377084448857e-12,True,True,False,REJECT_ABSOLUTE_DECREASE_BELOW_FLOOR,
370,0,17,12,1.0,7.62939453125e-06,2.033646508625022e-09,0.000244140625,0.0002665541151784989,0.0002665541151784989,2.033646508625022e-09,5.329070518200751e-15,True,0,,4.8089461301970005e-09,332,1,10.435094313164662,0.9999999999999751,2.5934809855243657e-13,10.435094058401877,False,False,2.4253377084448857e-12,True,True,False,REJECT_ABSOLUTE_DECREASE_BELOW_FLOOR,
371,0,17,13,1.0,7.62939453125e-06,2.033646508625022e-09,0.0001220703125,0.0002665541151784989,0.0002665541151784989,2.033646508625022e-09,5.329070518200751e-15,True,0,,4.8089461301970005e-09,332,1,10.435094313164777,0.9999999999999862,1.438849039914203e-13,10.435094185783399,False,False,2.4253377084448857e-12,True,True,False,REJECT_ABSOLUTE_DECREASE_BELOW_FLOOR,
372,0,17,14,1.0,7.62939453125e-06,2.033646508625022e-09,6.103515625e-05,0.0002665541151784989,0.0002665541151784989,2.033646508625022e-09,5.329070518200751e-15,True,0,,4.8089461301970005e-09,332,1,10.435094313164937,1.0000000000000016,-1.5987211554602254e-14,10.43509424947416,False,False,2.4253377084448857e-12,True,True,False,REJECT_NOT_RESIDUAL_REDUCING,
373,0,17,15,1.0,7.62939453125e-06,2.033646508625022e-09,3.0517578125e-05,0.0002665541151784989,0.0002665541151784989,2.033646508625022e-09,5.329070518200751e-15,True,0,,4.8089461301970005e-09,332,1,10.435094313164955,1.0000000000000033,-3.375077994860476e-14,10.43509428131954,False,False,2.4253377084448857e-12,True,True,False,REJECT_NOT_RESIDUAL_REDUCING,
374,0,17,16,1.0,7.62939453125e-06,2.033646508625022e-09,1.52587890625e-05,0.0002665541151784989,0.0002665541151784989,2.033646508625022e-09,5.329070518200751e-15,True,0,,4.8089461301970005e-09,332,1,10.435094313164885,0.9999999999999966,3.552713678800501e-14,10.43509429724223,False,False,2.4253377084448857e-12,True,True,False,REJECT_ABSOLUTE_DECREASE_BELOW_FLOOR,
375,0,17,17,1.0,7.62939453125e-06,2.033646508625022e-09,7.62939453125e-06,0.0002665541151784989,0.0002665541151784989,2.033646508625022e-09,5.329070518200751e-15,True,0,,4.8089461301970005e-09,332,1,10.435094313164974,1.000000000000005,-5.3290705182007514e-14,10.435094305203576,False,False,2.4253377084448857e-12,True,True,False,REJECT_NOT_RESIDUAL_REDUCING,
376,0,17,18,1.0,7.62939453125e-06,2.033646508625022e-09,3.814697265625e-06,0.0002665541151784989,0.0002665541151784989,2.033646508625022e-09,5.329070518200751e-15,True,0,,4.8089461301970005e-09,332,1,10.435094313164978,1.0000000000000056,-5.684341886080802e-14,10.43509430918425,False,False,2.4253377084448857e-12,True,True,False,REJECT_NOT_RESIDUAL_REDUCING,
377,0,17,19,1.0,7.62939453125e-06,2.033646508625022e-09,1.9073486328125e-06,0.0002665541151784989,0.0002665541151784989,2.033646508625022e-09,5.329070518200751e-15,True,0,,4.8089461301970005e-09,332,1,10.435094313164921,1.0,0.0,10.435094311174584,False,False,2.4253377084448857e-12,True,True,False,REJECT_NOT_RESIDUAL_REDUCING,
378,0,17,20,1.0,7.62939453125e-06,2.033646508625022e-09,9.5367431640625e-07,0.0002665541151784989,0.0002665541151784989,2.033646508625022e-09,5.329070518200751e-15,True,0,,4.8089461301970005e-09,332,1,10.435094313164921,1.0,0.0,10.435094312169753,False,False,2.4253377084448857e-12,True,True,False,REJECT_NOT_RESIDUAL_REDUCING,
379,0,18,0,1.0,3.814697265625e-06,1.016823254312511e-09,1.0,0.0002665541151784989,0.0002665541151784989,1.016823254312511e-09,5.329070518200751e-15,True,0,,4.8089461301970005e-09,332,1,10.435094312466688,0.9999999999330881,6.982325828630565e-10,10.434050803733605,False,False,2.4253377084448857e-12,True,True,False,REJECT_ARMIJO_CONDITION,
380,0,18,1,1.0,3.814697265625e-06,1.016823254312511e-09,0.5,0.0002665541151784989,0.0002665541151784989,1.016823254312511e-09,5.329070518200751e-15,True,0,,4.8089461301970005e-09,332,1,10.435094312815888,0.999999999966552,3.490328026600764e-10,10.434572558449263,False,False,2.4253377084448857e-12,True,True,False,REJECT_ARMIJO_CONDITION,
381,0,18,2,1.0,3.814697265625e-06,1.016823254312511e-09,0.25,0.0002665541151784989,0.0002665541151784989,1.016823254312511e-09,5.329070518200751e-15,True,0,,4.8089461301970005e-09,332,1,10.435094312990465,0.9999999999832818,1.744560051974986e-10,10.434833435807091,False,False,2.4253377084448857e-12,True,True,False,REJECT_ARMIJO_CONDITION,
382,0,18,3,1.0,3.814697265625e-06,1.016823254312511e-09,0.125,0.0002665541151784989,0.0002665541151784989,1.016823254312511e-09,5.329070518200751e-15,True,0,,4.8089461301970005e-09,332,1,10.43509431307775,0.9999999999916463,8.717115917988849e-11,10.434963874486007,False,False,2.4253377084448857e-12,True,True,False,REJECT_ARMIJO_CONDITION,
383,0,18,4,1.0,3.814697265625e-06,1.016823254312511e-09,0.0625,0.0002665541151784989,0.0002665541151784989,1.016823254312511e-09,5.329070518200751e-15,True,0,,4.8089461301970005e-09,332,1,10.435094313121294,0.9999999999958191,4.362732397567015e-11,10.435029093825463,False,False,2.4253377084448857e-12,True,True,False,REJECT_ARMIJO_CONDITION,
384,0,18,5,1.0,3.814697265625e-06,1.016823254312511e-09,0.03125,0.0002665541151784989,0.0002665541151784989,1.016823254312511e-09,5.329070518200751e-15,True,0,,4.8089461301970005e-09,332,1,10.435094313143235,0.9999999999979219,2.1685764295398258e-11,10.435061703495192,False,False,2.4253377084448857e-12,True,True,False,REJECT_ARMIJO_CONDITION,
385,0,18,6,1.0,3.814697265625e-06,1.016823254312511e-09,0.015625,0.0002665541151784989,0.0002665541151784989,1.016823254312511e-09,5.329070518200751e-15,True,0,,4.8089461301970005e-09,332,1,10.43509431315408,0.999999999998961,1.0841105790859729e-11,10.435078008330057,False,False,2.4253377084448857e-12,True,True,False,REJECT_ARMIJO_CONDITION,
386,0,18,7,1.0,3.814697265625e-06,1.016823254312511e-09,0.0078125,0.0002665541151784989,0.0002665541151784989,1.016823254312511e-09,5.329070518200751e-15,True,0,,4.8089461301970005e-09,332,1,10.435094313159558,0.9999999999994861,5.362821298149356e-12,10.435086160747488,False,False,2.4253377084448857e-12,True,True,False,REJECT_ARMIJO_CONDITION,
387,0,18,8,1.0,3.814697265625e-06,1.016823254312511e-09,0.00390625,0.0002665541151784989,0.0002665541151784989,1.016823254312511e-09,5.329070518200751e-15,True,0,,4.8089461301970005e-09,332,1,10.435094313162326,0.9999999999997513,2.595257342363766e-12,10.435090236956205,False,False,2.4253377084448857e-12,True,True,False,REJECT_ARMIJO_CONDITION,
388,0,18,9,1.0,3.814697265625e-06,1.016823254312511e-09,0.001953125,0.0002665541151784989,0.0002665541151784989,1.016823254312511e-09,5.329070518200751e-15,True,0,,4.8089461301970005e-09,332,1,10.435094313163624,0.9999999999998758,1.2967404927621828e-12,10.435092275060564,False,False,2.4253377084448857e-12,True,True,False,REJECT_ARMIJO_CONDITION,
389,0,18,10,1.0,3.814697265625e-06,1.016823254312511e-09,0.0009765625,0.0002665541151784989,0.0002665541151784989,1.016823254312511e-09,5.329070518200751e-15,True,0,,4.8089461301970005e-09,332,1,10.4350943131644,0.9999999999999502,5.204725539442734e-13,10.435093294112741,False,False,2.4253377084448857e-12,True,True,False,REJECT_ABSOLUTE_DECREASE_BELOW_FLOOR,
390,0,18,11,1.0,3.814697265625e-06,1.016823254312511e-09,0.00048828125,0.0002665541151784989,0.0002665541151784989,1.016823254312511e-09,5.329070518200751e-15,True,0,,4.8089461301970005e-09,332,1,10.435094313164662,0.9999999999999751,2.5934809855243657e-13,10.435093803638832,False,False,2.4253377084448857e-12,True,True,False,REJECT_ABSOLUTE_DECREASE_BELOW_FLOOR,
391,0,18,12,1.0,3.814697265625e-06,1.016823254312511e-09,0.000244140625,0.0002665541151784989,0.0002665541151784989,1.016823254312511e-09,5.329070518200751e-15,True,0,,4.8089461301970005e-09,332,1,10.435094313164777,0.9999999999999862,1.438849039914203e-13,10.435094058401877,False,False,2.4253377084448857e-12,True,True,False,REJECT_ABSOLUTE_DECREASE_BELOW_FLOOR,
392,0,18,13,1.0,3.814697265625e-06,1.016823254312511e-09,0.0001220703125,0.0002665541151784989,0.0002665541151784989,1.016823254312511e-09,5.329070518200751e-15,True,0,,4.8089461301970005e-09,332,1,10.435094313164937,1.0000000000000016,-1.5987211554602254e-14,10.435094185783399,False,False,2.4253377084448857e-12,True,True,False,REJECT_NOT_RESIDUAL_REDUCING,
393,0,18,14,1.0,3.814697265625e-06,1.016823254312511e-09,6.103515625e-05,0.0002665541151784989,0.0002665541151784989,1.016823254312511e-09,5.329070518200751e-15,True,0,,4.8089461301970005e-09,332,1,10.435094313164955,1.0000000000000033,-3.375077994860476e-14,10.43509424947416,False,False,2.4253377084448857e-12,True,True,False,REJECT_NOT_RESIDUAL_REDUCING,
394,0,18,15,1.0,3.814697265625e-06,1.016823254312511e-09,3.0517578125e-05,0.0002665541151784989,0.0002665541151784989,1.016823254312511e-09,5.329070518200751e-15,True,0,,4.8089461301970005e-09,332,1,10.435094313164885,0.9999999999999966,3.552713678800501e-14,10.43509428131954,False,False,2.4253377084448857e-12,True,True,False,REJECT_ABSOLUTE_DECREASE_BELOW_FLOOR,
395,0,18,16,1.0,3.814697265625e-06,1.016823254312511e-09,1.52587890625e-05,0.0002665541151784989,0.0002665541151784989,1.016823254312511e-09,5.329070518200751e-15,True,0,,4.8089461301970005e-09,332,1,10.435094313164974,1.000000000000005,-5.3290705182007514e-14,10.43509429724223,False,False,2.4253377084448857e-12,True,True,False,REJECT_NOT_RESIDUAL_REDUCING,
396,0,18,17,1.0,3.814697265625e-06,1.016823254312511e-09,7.62939453125e-06,0.0002665541151784989,0.0002665541151784989,1.016823254312511e-09,5.329070518200751e-15,True,0,,4.8089461301970005e-09,332,1,10.435094313164978,1.0000000000000056,-5.684341886080802e-14,10.435094305203576,False,False,2.4253377084448857e-12,True,True,False,REJECT_NOT_RESIDUAL_REDUCING,
397,0,18,18,1.0,3.814697265625e-06,1.016823254312511e-09,3.814697265625e-06,0.0002665541151784989,0.0002665541151784989,1.016823254312511e-09,5.329070518200751e-15,True,0,,4.8089461301970005e-09,332,1,10.435094313164921,1.0,0.0,10.43509430918425,False,False,2.4253377084448857e-12,True,True,False,REJECT_NOT_RESIDUAL_REDUCING,
398,0,18,19,1.0,3.814697265625e-06,1.016823254312511e-09,1.9073486328125e-06,0.0002665541151784989,0.0002665541151784989,1.016823254312511e-09,5.329070518200751e-15,True,0,,4.8089461301970005e-09,332,1,10.435094313164921,1.0,0.0,10.435094311174584,False,False,2.4253377084448857e-12,True,True,False,REJECT_NOT_RESIDUAL_REDUCING,
399,0,18,20,1.0,3.814697265625e-06,1.016823254312511e-09,9.5367431640625e-07,0.0002665541151784989,0.0002665541151784989,1.016823254312511e-09,5.329070518200751e-15,True,0,,4.8089461301970005e-09,332,1,10.435094313164921,1.0,0.0,10.435094312169753,False,False,2.4253377084448857e-12,True,True,False,REJECT_NOT_RESIDUAL_REDUCING,
400,0,19,0,1.0,1.9073486328125e-06,5.084116271562555e-10,1.0,0.0002665541151784989,0.0002665541151784989,5.084116271562555e-10,5.329070518200751e-15,True,0,,4.8089461301970005e-09,332,1,10.435094312815888,0.999999999966552,3.490328026600764e-10,10.434050803733605,False,False,2.4253377084448857e-12,True,True,False,REJECT_ARMIJO_CONDITION,
401,0,19,1,1.0,1.9073486328125e-06,5.084116271562555e-10,0.5,0.0002665541151784989,0.0002665541151784989,5.084116271562555e-10,5.329070518200751e-15,True,0,,4.8089461301970005e-09,332,1,10.435094312990465,0.9999999999832818,1.744560051974986e-10,10.434572558449263,False,False,2.4253377084448857e-12,True,True,False,REJECT_ARMIJO_CONDITION,
402,0,19,2,1.0,1.9073486328125e-06,5.084116271562555e-10,0.25,0.0002665541151784989,0.0002665541151784989,5.084116271562555e-10,5.329070518200751e-15,True,0,,4.8089461301970005e-09,332,1,10.43509431307775,0.9999999999916463,8.717115917988849e-11,10.434833435807091,False,False,2.4253377084448857e-12,True,True,False,REJECT_ARMIJO_CONDITION,
403,0,19,3,1.0,1.9073486328125e-06,5.084116271562555e-10,0.125,0.0002665541151784989,0.0002665541151784989,5.084116271562555e-10,5.329070518200751e-15,True,0,,4.8089461301970005e-09,332,1,10.435094313121294,0.9999999999958191,4.362732397567015e-11,10.434963874486007,False,False,2.4253377084448857e-12,True,True,False,REJECT_ARMIJO_CONDITION,
404,0,19,4,1.0,1.9073486328125e-06,5.084116271562555e-10,0.0625,0.0002665541151784989,0.0002665541151784989,5.084116271562555e-10,5.329070518200751e-15,True,0,,4.8089461301970005e-09,332,1,10.435094313143235,0.9999999999979219,2.1685764295398258e-11,10.435029093825463,False,False,2.4253377084448857e-12,True,True,False,REJECT_ARMIJO_CONDITION,
405,0,19,5,1.0,1.9073486328125e-06,5.084116271562555e-10,0.03125,0.0002665541151784989,0.0002665541151784989,5.084116271562555e-10,5.329070518200751e-15,True,0,,4.8089461301970005e-09,332,1,10.43509431315408,0.999999999998961,1.0841105790859729e-11,10.435061703495192,False,False,2.4253377084448857e-12,True,True,False,REJECT_ARMIJO_CONDITION,
406,0,19,6,1.0,1.9073486328125e-06,5.084116271562555e-10,0.015625,0.0002665541151784989,0.0002665541151784989,5.084116271562555e-10,5.329070518200751e-15,True,0,,4.8089461301970005e-09,332,1,10.435094313159558,0.9999999999994861,5.362821298149356e-12,10.435078008330057,False,False,2.4253377084448857e-12,True,True,False,REJECT_ARMIJO_CONDITION,
407,0,19,7,1.0,1.9073486328125e-06,5.084116271562555e-10,0.0078125,0.0002665541151784989,0.0002665541151784989,5.084116271562555e-10,5.329070518200751e-15,True,0,,4.8089461301970005e-09,332,1,10.435094313162326,0.9999999999997513,2.595257342363766e-12,10.435086160747488,False,False,2.4253377084448857e-12,True,True,False,REJECT_ARMIJO_CONDITION,
408,0,19,8,1.0,1.9073486328125e-06,5.084116271562555e-10,0.00390625,0.0002665541151784989,0.0002665541151784989,5.084116271562555e-10,5.329070518200751e-15,True,0,,4.8089461301970005e-09,332,1,10.435094313163624,0.9999999999998758,1.2967404927621828e-12,10.435090236956205,False,False,2.4253377084448857e-12,True,True,False,REJECT_ARMIJO_CONDITION,
409,0,19,9,1.0,1.9073486328125e-06,5.084116271562555e-10,0.001953125,0.0002665541151784989,0.0002665541151784989,5.084116271562555e-10,5.329070518200751e-15,True,0,,4.8089461301970005e-09,332,1,10.4350943131644,0.9999999999999502,5.204725539442734e-13,10.435092275060564,False,False,2.4253377084448857e-12,True,True,False,REJECT_ABSOLUTE_DECREASE_BELOW_FLOOR,
410,0,19,10,1.0,1.9073486328125e-06,5.084116271562555e-10,0.0009765625,0.0002665541151784989,0.0002665541151784989,5.084116271562555e-10,5.329070518200751e-15,True,0,,4.8089461301970005e-09,332,1,10.435094313164662,0.9999999999999751,2.5934809855243657e-13,10.435093294112741,False,False,2.4253377084448857e-12,True,True,False,REJECT_ABSOLUTE_DECREASE_BELOW_FLOOR,
411,0,19,11,1.0,1.9073486328125e-06,5.084116271562555e-10,0.00048828125,0.0002665541151784989,0.0002665541151784989,5.084116271562555e-10,5.329070518200751e-15,True,0,,4.8089461301970005e-09,332,1,10.435094313164777,0.9999999999999862,1.438849039914203e-13,10.435093803638832,False,False,2.4253377084448857e-12,True,True,False,REJECT_ABSOLUTE_DECREASE_BELOW_FLOOR,
412,0,19,12,1.0,1.9073486328125e-06,5.084116271562555e-10,0.000244140625,0.0002665541151784989,0.0002665541151784989,5.084116271562555e-10,5.329070518200751e-15,True,0,,4.8089461301970005e-09,332,1,10.435094313164937,1.0000000000000016,-1.5987211554602254e-14,10.435094058401877,False,False,2.4253377084448857e-12,True,True,False,REJECT_NOT_RESIDUAL_REDUCING,
413,0,19,13,1.0,1.9073486328125e-06,5.084116271562555e-10,0.0001220703125,0.0002665541151784989,0.0002665541151784989,5.084116271562555e-10,5.329070518200751e-15,True,0,,4.8089461301970005e-09,332,1,10.435094313164955,1.0000000000000033,-3.375077994860476e-14,10.435094185783399,False,False,2.4253377084448857e-12,True,True,False,REJECT_NOT_RESIDUAL_REDUCING,
414,0,19,14,1.0,1.9073486328125e-06,5.084116271562555e-10,6.103515625e-05,0.0002665541151784989,0.0002665541151784989,5.084116271562555e-10,5.329070518200751e-15,True,0,,4.8089461301970005e-09,332,1,10.435094313164885,0.9999999999999966,3.552713678800501e-14,10.43509424947416,False,False,2.4253377084448857e-12,True,True,False,REJECT_ABSOLUTE_DECREASE_BELOW_FLOOR,
415,0,19,15,1.0,1.9073486328125e-06,5.084116271562555e-10,3.0517578125e-05,0.0002665541151784989,0.0002665541151784989,5.084116271562555e-10,5.329070518200751e-15,True,0,,4.8089461301970005e-09,332,1,10.435094313164974,1.000000000000005,-5.3290705182007514e-14,10.43509428131954,False,False,2.4253377084448857e-12,True,True,False,REJECT_NOT_RESIDUAL_REDUCING,
416,0,19,16,1.0,1.9073486328125e-06,5.084116271562555e-10,1.52587890625e-05,0.0002665541151784989,0.0002665541151784989,5.084116271562555e-10,5.329070518200751e-15,True,0,,4.8089461301970005e-09,332,1,10.435094313164978,1.0000000000000056,-5.684341886080802e-14,10.43509429724223,False,False,2.4253377084448857e-12,True,True,False,REJECT_NOT_RESIDUAL_REDUCING,
417,0,19,17,1.0,1.9073486328125e-06,5.084116271562555e-10,7.62939453125e-06,0.0002665541151784989,0.0002665541151784989,5.084116271562555e-10,5.329070518200751e-15,True,0,,4.8089461301970005e-09,332,1,10.435094313164921,1.0,0.0,10.435094305203576,False,False,2.4253377084448857e-12,True,True,False,REJECT_NOT_RESIDUAL_REDUCING,
418,0,19,18,1.0,1.9073486328125e-06,5.084116271562555e-10,3.814697265625e-06,0.0002665541151784989,0.0002665541151784989,5.084116271562555e-10,5.329070518200751e-15,True,0,,4.8089461301970005e-09,332,1,10.435094313164921,1.0,0.0,10.43509430918425,False,False,2.4253377084448857e-12,True,True,False,REJECT_NOT_RESIDUAL_REDUCING,
419,0,19,19,1.0,1.9073486328125e-06,5.084116271562555e-10,1.9073486328125e-06,0.0002665541151784989,0.0002665541151784989,5.084116271562555e-10,5.329070518200751e-15,True,0,,4.8089461301970005e-09,332,1,10.435094313164921,1.0,0.0,10.435094311174584,False,False,2.4253377084448857e-12,True,True,False,REJECT_NOT_RESIDUAL_REDUCING,
420,0,19,20,1.0,1.9073486328125e-06,5.084116271562555e-10,9.5367431640625e-07,0.0002665541151784989,0.0002665541151784989,5.084116271562555e-10,5.329070518200751e-15,True,0,,4.8089461301970005e-09,332,1,10.435094313164921,1.0,0.0,10.435094312169753,False,False,2.4253377084448857e-12,True,True,False,REJECT_NOT_RESIDUAL_REDUCING,
421,0,20,0,1.0,9.5367431640625e-07,2.542058135781278e-10,1.0,0.0002665541151784989,0.0002665541151784989,2.542058135781278e-10,5.329070518200751e-15,True,0,,4.8089461301970005e-09,332,1,10.435094312990465,0.9999999999832818,1.744560051974986e-10,10.434050803733605,False,False,2.4253377084448857e-12,True,True,False,REJECT_ARMIJO_CONDITION,
422,0,20,1,1.0,9.5367431640625e-07,2.542058135781278e-10,0.5,0.0002665541151784989,0.0002665541151784989,2.542058135781278e-10,5.329070518200751e-15,True,0,,4.8089461301970005e-09,332,1,10.43509431307775,0.9999999999916463,8.717115917988849e-11,10.434572558449263,False,False,2.4253377084448857e-12,True,True,False,REJECT_ARMIJO_CONDITION,
423,0,20,2,1.0,9.5367431640625e-07,2.542058135781278e-10,0.25,0.0002665541151784989,0.0002665541151784989,2.542058135781278e-10,5.329070518200751e-15,True,0,,4.8089461301970005e-09,332,1,10.435094313121294,0.9999999999958191,4.362732397567015e-11,10.434833435807091,False,False,2.4253377084448857e-12,True,True,False,REJECT_ARMIJO_CONDITION,
424,0,20,3,1.0,9.5367431640625e-07,2.542058135781278e-10,0.125,0.0002665541151784989,0.0002665541151784989,2.542058135781278e-10,5.329070518200751e-15,True,0,,4.8089461301970005e-09,332,1,10.435094313143235,0.9999999999979219,2.1685764295398258e-11,10.434963874486007,False,False,2.4253377084448857e-12,True,True,False,REJECT_ARMIJO_CONDITION,
425,0,20,4,1.0,9.5367431640625e-07,2.542058135781278e-10,0.0625,0.0002665541151784989,0.0002665541151784989,2.542058135781278e-10,5.329070518200751e-15,True,0,,4.8089461301970005e-09,332,1,10.43509431315408,0.999999999998961,1.0841105790859729e-11,10.435029093825463,False,False,2.4253377084448857e-12,True,True,False,REJECT_ARMIJO_CONDITION,
426,0,20,5,1.0,9.5367431640625e-07,2.542058135781278e-10,0.03125,0.0002665541151784989,0.0002665541151784989,2.542058135781278e-10,5.329070518200751e-15,True,0,,4.8089461301970005e-09,332,1,10.435094313159558,0.9999999999994861,5.362821298149356e-12,10.435061703495192,False,False,2.4253377084448857e-12,True,True,False,REJECT_ARMIJO_CONDITION,
427,0,20,6,1.0,9.5367431640625e-07,2.542058135781278e-10,0.015625,0.0002665541151784989,0.0002665541151784989,2.542058135781278e-10,5.329070518200751e-15,True,0,,4.8089461301970005e-09,332,1,10.435094313162326,0.9999999999997513,2.595257342363766e-12,10.435078008330057,False,False,2.4253377084448857e-12,True,True,False,REJECT_ARMIJO_CONDITION,
428,0,20,7,1.0,9.5367431640625e-07,2.542058135781278e-10,0.0078125,0.0002665541151784989,0.0002665541151784989,2.542058135781278e-10,5.329070518200751e-15,True,0,,4.8089461301970005e-09,332,1,10.435094313163624,0.9999999999998758,1.2967404927621828e-12,10.435086160747488,False,False,2.4253377084448857e-12,True,True,False,REJECT_ARMIJO_CONDITION,
429,0,20,8,1.0,9.5367431640625e-07,2.542058135781278e-10,0.00390625,0.0002665541151784989,0.0002665541151784989,2.542058135781278e-10,5.329070518200751e-15,True,0,,4.8089461301970005e-09,332,1,10.4350943131644,0.9999999999999502,5.204725539442734e-13,10.435090236956205,False,False,2.4253377084448857e-12,True,True,False,REJECT_ABSOLUTE_DECREASE_BELOW_FLOOR,
430,0,20,9,1.0,9.5367431640625e-07,2.542058135781278e-10,0.001953125,0.0002665541151784989,0.0002665541151784989,2.542058135781278e-10,5.329070518200751e-15,True,0,,4.8089461301970005e-09,332,1,10.435094313164662,0.9999999999999751,2.5934809855243657e-13,10.435092275060564,False,False,2.4253377084448857e-12,True,True,False,REJECT_ABSOLUTE_DECREASE_BELOW_FLOOR,
431,0,20,10,1.0,9.5367431640625e-07,2.542058135781278e-10,0.0009765625,0.0002665541151784989,0.0002665541151784989,2.542058135781278e-10,5.329070518200751e-15,True,0,,4.8089461301970005e-09,332,1,10.435094313164777,0.9999999999999862,1.438849039914203e-13,10.435093294112741,False,False,2.4253377084448857e-12,True,True,False,REJECT_ABSOLUTE_DECREASE_BELOW_FLOOR,
432,0,20,11,1.0,9.5367431640625e-07,2.542058135781278e-10,0.00048828125,0.0002665541151784989,0.0002665541151784989,2.542058135781278e-10,5.329070518200751e-15,True,0,,4.8089461301970005e-09,332,1,10.435094313164937,1.0000000000000016,-1.5987211554602254e-14,10.435093803638832,False,False,2.4253377084448857e-12,True,True,False,REJECT_NOT_RESIDUAL_REDUCING,
433,0,20,12,1.0,9.5367431640625e-07,2.542058135781278e-10,0.000244140625,0.0002665541151784989,0.0002665541151784989,2.542058135781278e-10,5.329070518200751e-15,True,0,,4.8089461301970005e-09,332,1,10.435094313164955,1.0000000000000033,-3.375077994860476e-14,10.435094058401877,False,False,2.4253377084448857e-12,True,True,False,REJECT_NOT_RESIDUAL_REDUCING,
434,0,20,13,1.0,9.5367431640625e-07,2.542058135781278e-10,0.0001220703125,0.0002665541151784989,0.0002665541151784989,2.542058135781278e-10,5.329070518200751e-15,True,0,,4.8089461301970005e-09,332,1,10.435094313164885,0.9999999999999966,3.552713678800501e-14,10.435094185783399,False,False,2.4253377084448857e-12,True,True,False,REJECT_ABSOLUTE_DECREASE_BELOW_FLOOR,
435,0,20,14,1.0,9.5367431640625e-07,2.542058135781278e-10,6.103515625e-05,0.0002665541151784989,0.0002665541151784989,2.542058135781278e-10,5.329070518200751e-15,True,0,,4.8089461301970005e-09,332,1,10.435094313164974,1.000000000000005,-5.3290705182007514e-14,10.43509424947416,False,False,2.4253377084448857e-12,True,True,False,REJECT_NOT_RESIDUAL_REDUCING,
436,0,20,15,1.0,9.5367431640625e-07,2.542058135781278e-10,3.0517578125e-05,0.0002665541151784989,0.0002665541151784989,2.542058135781278e-10,5.329070518200751e-15,True,0,,4.8089461301970005e-09,332,1,10.435094313164978,1.0000000000000056,-5.684341886080802e-14,10.43509428131954,False,False,2.4253377084448857e-12,True,True,False,REJECT_NOT_RESIDUAL_REDUCING,
437,0,20,16,1.0,9.5367431640625e-07,2.542058135781278e-10,1.52587890625e-05,0.0002665541151784989,0.0002665541151784989,2.542058135781278e-10,5.329070518200751e-15,True,0,,4.8089461301970005e-09,332,1,10.435094313164921,1.0,0.0,10.43509429724223,False,False,2.4253377084448857e-12,True,True,False,REJECT_NOT_RESIDUAL_REDUCING,
438,0,20,17,1.0,9.5367431640625e-07,2.542058135781278e-10,7.62939453125e-06,0.0002665541151784989,0.0002665541151784989,2.542058135781278e-10,5.329070518200751e-15,True,0,,4.8089461301970005e-09,332,1,10.435094313164921,1.0,0.0,10.435094305203576,False,False,2.4253377084448857e-12,True,True,False,REJECT_NOT_RESIDUAL_REDUCING,
439,0,20,18,1.0,9.5367431640625e-07,2.542058135781278e-10,3.814697265625e-06,0.0002665541151784989,0.0002665541151784989,2.542058135781278e-10,5.329070518200751e-15,True,0,,4.8089461301970005e-09,332,1,10.435094313164921,1.0,0.0,10.43509430918425,False,False,2.4253377084448857e-12,True,True,False,REJECT_NOT_RESIDUAL_REDUCING,
440,0,20,19,1.0,9.5367431640625e-07,2.542058135781278e-10,1.9073486328125e-06,0.0002665541151784989,0.0002665541151784989,2.542058135781278e-10,5.329070518200751e-15,True,0,,4.8089461301970005e-09,332,1,10.435094313164921,1.0,0.0,10.435094311174584,False,False,2.4253377084448857e-12,True,True,False,REJECT_NOT_RESIDUAL_REDUCING,
441,0,20,20,1.0,9.5367431640625e-07,2.542058135781278e-10,9.5367431640625e-07,0.0002665541151784989,0.0002665541151784989,2.542058135781278e-10,5.329070518200751e-15,True,0,,4.8089461301970005e-09,332,1,10.435094313164921,1.0,0.0,10.435094312169753,False,False,2.4253377084448857e-12,True,True,False,REJECT_NOT_RESIDUAL_REDUCING,
442,1,0,0,0.5,1.0,0.0005330971488208655,1.0,0.0005330971488208655,0.0005330971488208655,0.0005330971488208655,3.552713678800501e-15,False,0,,nan,-1,-1,nan,nan,nan,nan,False,False,nan,False,False,False,REJECT_NONFINITE_CANDIDATE,REASSEMBLY_RAISED:BoundaryHJBFailure
443,1,0,1,0.5,1.0,0.0005330971488208655,0.5,0.0005330971488208655,0.0005330971488208655,0.0005330971488208655,3.552713678800501e-15,False,0,,nan,-1,-1,nan,nan,nan,nan,False,False,nan,False,False,False,REJECT_NONFINITE_CANDIDATE,REASSEMBLY_RAISED:BoundaryHJBFailure
444,1,0,2,0.5,1.0,0.0005330971488208655,0.25,0.0005330971488208655,0.0005330971488208655,0.0005330971488208655,3.552713678800501e-15,False,0,,nan,-1,-1,nan,nan,nan,nan,False,False,nan,False,False,False,REJECT_NONFINITE_CANDIDATE,REASSEMBLY_RAISED:BoundaryHJBFailure
445,1,0,3,0.5,1.0,0.0005330971488208655,0.125,0.0005330971488208655,0.0005330971488208655,0.0005330971488208655,3.552713678800501e-15,False,0,,nan,-1,-1,nan,nan,nan,nan,False,False,nan,False,False,False,REJECT_NONFINITE_CANDIDATE,REASSEMBLY_RAISED:BoundaryHJBFailure
446,1,0,4,0.5,1.0,0.0005330971488208655,0.0625,0.0005330971488208655,0.0005330971488208655,0.0005330971488208655,3.552713678800501e-15,False,0,,nan,-1,-1,nan,nan,nan,nan,False,False,nan,False,False,False,REJECT_NONFINITE_CANDIDATE,REASSEMBLY_RAISED:BoundaryHJBFailure
447,1,0,5,0.5,1.0,0.0005330971488208655,0.03125,0.0005330971488208655,0.0005330971488208655,0.0005330971488208655,3.552713678800501e-15,False,0,,nan,-1,-1,nan,nan,nan,nan,False,False,nan,False,False,False,REJECT_NONFINITE_CANDIDATE,REASSEMBLY_RAISED:BoundaryHJBFailure
448,1,0,6,0.5,1.0,0.0005330971488208655,0.015625,0.0005330971488208655,0.0005330971488208655,0.0005330971488208655,3.552713678800501e-15,False,0,,nan,-1,-1,nan,nan,nan,nan,False,False,nan,False,False,False,REJECT_NONFINITE_CANDIDATE,REASSEMBLY_RAISED:BoundaryHJBFailure
449,1,0,7,0.5,1.0,0.0005330971488208655,0.0078125,0.0005330971488208655,0.0005330971488208655,0.0005330971488208655,3.552713678800501e-15,False,0,,nan,-1,-1,nan,nan,nan,nan,False,False,nan,False,False,False,REJECT_NONFINITE_CANDIDATE,REASSEMBLY_RAISED:BoundaryHJBFailure
450,1,0,8,0.5,1.0,0.0005330971488208655,0.00390625,0.0005330971488208655,0.0005330971488208655,0.0005330971488208655,3.552713678800501e-15,False,0,,nan,-1,-1,nan,nan,nan,nan,False,False,nan,False,False,False,REJECT_NONFINITE_CANDIDATE,REASSEMBLY_RAISED:BoundaryHJBFailure
451,1,0,9,0.5,1.0,0.0005330971488208655,0.001953125,0.0005330971488208655,0.0005330971488208655,0.0005330971488208655,3.552713678800501e-15,False,0,,nan,-1,-1,nan,nan,nan,nan,False,False,nan,False,False,False,REJECT_NONFINITE_CANDIDATE,REASSEMBLY_RAISED:BoundaryHJBFailure
452,1,0,10,0.5,1.0,0.0005330971488208655,0.0009765625,0.0005330971488208655,0.0005330971488208655,0.0005330971488208655,3.552713678800501e-15,False,0,,nan,-1,-1,nan,nan,nan,nan,False,False,nan,False,False,False,REJECT_NONFINITE_CANDIDATE,REASSEMBLY_RAISED:BoundaryHJBFailure
453,1,0,11,0.5,1.0,0.0005330971488208655,0.00048828125,0.0005330971488208655,0.0005330971488208655,0.0005330971488208655,3.552713678800501e-15,False,0,,nan,-1,-1,nan,nan,nan,nan,False,False,nan,False,False,False,REJECT_NONFINITE_CANDIDATE,REASSEMBLY_RAISED:BoundaryHJBFailure
454,1,0,12,0.5,1.0,0.0005330971488208655,0.000244140625,0.0005330971488208655,0.0005330971488208655,0.0005330971488208655,3.552713678800501e-15,False,0,,nan,-1,-1,nan,nan,nan,nan,False,False,nan,False,False,False,REJECT_NONFINITE_CANDIDATE,REASSEMBLY_RAISED:BoundaryHJBFailure
455,1,0,13,0.5,1.0,0.0005330971488208655,0.0001220703125,0.0005330971488208655,0.0005330971488208655,0.0005330971488208655,3.552713678800501e-15,False,0,,nan,-1,-1,nan,nan,nan,nan,False,False,nan,False,False,False,REJECT_NONFINITE_CANDIDATE,REASSEMBLY_RAISED:BoundaryHJBFailure
456,1,0,14,0.5,1.0,0.0005330971488208655,6.103515625e-05,0.0005330971488208655,0.0005330971488208655,0.0005330971488208655,3.552713678800501e-15,False,0,,nan,-1,-1,nan,nan,nan,nan,False,False,nan,False,False,False,REJECT_NONFINITE_CANDIDATE,REASSEMBLY_RAISED:BoundaryHJBFailure
457,1,0,15,0.5,1.0,0.0005330971488208655,3.0517578125e-05,0.0005330971488208655,0.0005330971488208655,0.0005330971488208655,3.552713678800501e-15,False,0,,nan,-1,-1,nan,nan,nan,nan,False,False,nan,False,False,False,REJECT_NONFINITE_CANDIDATE,REASSEMBLY_RAISED:BoundaryHJBFailure
458,1,0,16,0.5,1.0,0.0005330971488208655,1.52587890625e-05,0.0005330971488208655,0.0005330971488208655,0.0005330971488208655,3.552713678800501e-15,True,0,,1.6054571005952312e-09,332,1,10.43509430654739,0.9999999993658388,6.61753141173449e-09,10.43509429724223,False,False,4.85061990573854e-12,True,True,False,REJECT_ARMIJO_CONDITION,
459,1,0,17,0.5,1.0,0.0005330971488208655,7.62939453125e-06,0.0005330971488208655,0.0005330971488208655,0.0005330971488208655,3.552713678800501e-15,True,0,,3.2071919723161308e-09,332,1,10.435094309856146,0.9999999996829185,3.3087754758298615e-09,10.435094305203576,False,False,2.4253377084448857e-12,True,True,False,REJECT_ARMIJO_CONDITION,
460,1,0,18,0.5,1.0,0.0005330971488208655,3.814697265625e-06,0.0005330971488208655,0.0005330971488208655,0.0005330971488208655,3.552713678800501e-15,True,0,,4.008069051256566e-09,332,1,10.435094311510657,0.999999999841471,1.6542642811145924e-09,10.43509430918425,False,False,2.4253377084448857e-12,True,True,False,REJECT_ARMIJO_CONDITION,
461,1,0,19,0.5,1.0,0.0005330971488208655,1.9073486328125e-06,0.0005330971488208655,0.0005330971488208655,0.0005330971488208655,3.552713678800501e-15,True,0,,4.4085075907267836e-09,332,1,10.43509431233772,0.9999999999207289,8.272014184740328e-10,10.435094311174584,False,False,2.4253377084448857e-12,True,True,False,REJECT_ARMIJO_CONDITION,
462,1,0,20,0.5,1.0,0.0005330971488208655,9.5367431640625e-07,0.0005330971488208655,0.0005330971488208655,0.0005330971488208655,3.552713678800501e-15,True,0,,4.608736503541877e-09,332,1,10.435094312751339,0.9999999999603663,4.135820574902027e-10,10.435094312169753,False,False,2.4253377084448857e-12,True,True,False,REJECT_ARMIJO_CONDITION,
463,1,1,0,0.5,0.5,0.00026654857441043276,1.0,0.0005330971488208655,0.0005330971488208655,0.00026654857441043276,3.552713678800501e-15,False,0,,nan,-1,-1,nan,nan,nan,nan,False,False,nan,False,False,False,REJECT_NONFINITE_CANDIDATE,REASSEMBLY_RAISED:BoundaryHJBFailure
464,1,1,1,0.5,0.5,0.00026654857441043276,0.5,0.0005330971488208655,0.0005330971488208655,0.00026654857441043276,3.552713678800501e-15,False,0,,nan,-1,-1,nan,nan,nan,nan,False,False,nan,False,False,False,REJECT_NONFINITE_CANDIDATE,REASSEMBLY_RAISED:BoundaryHJBFailure
465,1,1,2,0.5,0.5,0.00026654857441043276,0.25,0.0005330971488208655,0.0005330971488208655,0.00026654857441043276,3.552713678800501e-15,False,0,,nan,-1,-1,nan,nan,nan,nan,False,False,nan,False,False,False,REJECT_NONFINITE_CANDIDATE,REASSEMBLY_RAISED:BoundaryHJBFailure
466,1,1,3,0.5,0.5,0.00026654857441043276,0.125,0.0005330971488208655,0.0005330971488208655,0.00026654857441043276,3.552713678800501e-15,False,0,,nan,-1,-1,nan,nan,nan,nan,False,False,nan,False,False,False,REJECT_NONFINITE_CANDIDATE,REASSEMBLY_RAISED:BoundaryHJBFailure
467,1,1,4,0.5,0.5,0.00026654857441043276,0.0625,0.0005330971488208655,0.0005330971488208655,0.00026654857441043276,3.552713678800501e-15,False,0,,nan,-1,-1,nan,nan,nan,nan,False,False,nan,False,False,False,REJECT_NONFINITE_CANDIDATE,REASSEMBLY_RAISED:BoundaryHJBFailure
468,1,1,5,0.5,0.5,0.00026654857441043276,0.03125,0.0005330971488208655,0.0005330971488208655,0.00026654857441043276,3.552713678800501e-15,False,0,,nan,-1,-1,nan,nan,nan,nan,False,False,nan,False,False,False,REJECT_NONFINITE_CANDIDATE,REASSEMBLY_RAISED:BoundaryHJBFailure
469,1,1,6,0.5,0.5,0.00026654857441043276,0.015625,0.0005330971488208655,0.0005330971488208655,0.00026654857441043276,3.552713678800501e-15,False,0,,nan,-1,-1,nan,nan,nan,nan,False,False,nan,False,False,False,REJECT_NONFINITE_CANDIDATE,REASSEMBLY_RAISED:BoundaryHJBFailure
470,1,1,7,0.5,0.5,0.00026654857441043276,0.0078125,0.0005330971488208655,0.0005330971488208655,0.00026654857441043276,3.552713678800501e-15,False,0,,nan,-1,-1,nan,nan,nan,nan,False,False,nan,False,False,False,REJECT_NONFINITE_CANDIDATE,REASSEMBLY_RAISED:BoundaryHJBFailure
471,1,1,8,0.5,0.5,0.00026654857441043276,0.00390625,0.0005330971488208655,0.0005330971488208655,0.00026654857441043276,3.552713678800501e-15,False,0,,nan,-1,-1,nan,nan,nan,nan,False,False,nan,False,False,False,REJECT_NONFINITE_CANDIDATE,REASSEMBLY_RAISED:BoundaryHJBFailure
472,1,1,9,0.5,0.5,0.00026654857441043276,0.001953125,0.0005330971488208655,0.0005330971488208655,0.00026654857441043276,3.552713678800501e-15,False,0,,nan,-1,-1,nan,nan,nan,nan,False,False,nan,False,False,False,REJECT_NONFINITE_CANDIDATE,REASSEMBLY_RAISED:BoundaryHJBFailure
473,1,1,10,0.5,0.5,0.00026654857441043276,0.0009765625,0.0005330971488208655,0.0005330971488208655,0.00026654857441043276,3.552713678800501e-15,False,0,,nan,-1,-1,nan,nan,nan,nan,False,False,nan,False,False,False,REJECT_NONFINITE_CANDIDATE,REASSEMBLY_RAISED:BoundaryHJBFailure
474,1,1,11,0.5,0.5,0.00026654857441043276,0.00048828125,0.0005330971488208655,0.0005330971488208655,0.00026654857441043276,3.552713678800501e-15,False,0,,nan,-1,-1,nan,nan,nan,nan,False,False,nan,False,False,False,REJECT_NONFINITE_CANDIDATE,REASSEMBLY_RAISED:BoundaryHJBFailure
475,1,1,12,0.5,0.5,0.00026654857441043276,0.000244140625,0.0005330971488208655,0.0005330971488208655,0.00026654857441043276,3.552713678800501e-15,False,0,,nan,-1,-1,nan,nan,nan,nan,False,False,nan,False,False,False,REJECT_NONFINITE_CANDIDATE,REASSEMBLY_RAISED:BoundaryHJBFailure
476,1,1,13,0.5,0.5,0.00026654857441043276,0.0001220703125,0.0005330971488208655,0.0005330971488208655,0.00026654857441043276,3.552713678800501e-15,False,0,,nan,-1,-1,nan,nan,nan,nan,False,False,nan,False,False,False,REJECT_NONFINITE_CANDIDATE,REASSEMBLY_RAISED:BoundaryHJBFailure
477,1,1,14,0.5,0.5,0.00026654857441043276,6.103515625e-05,0.0005330971488208655,0.0005330971488208655,0.00026654857441043276,3.552713678800501e-15,False,0,,nan,-1,-1,nan,nan,nan,nan,False,False,nan,False,False,False,REJECT_NONFINITE_CANDIDATE,REASSEMBLY_RAISED:BoundaryHJBFailure
478,1,1,15,0.5,0.5,0.00026654857441043276,3.0517578125e-05,0.0005330971488208655,0.0005330971488208655,0.00026654857441043276,3.552713678800501e-15,False,0,,nan,-1,-1,nan,nan,nan,nan,False,False,nan,False,False,False,REJECT_NONFINITE_CANDIDATE,REASSEMBLY_RAISED:BoundaryHJBFailure
479,1,1,16,0.5,0.5,0.00026654857441043276,1.52587890625e-05,0.0005330971488208655,0.0005330971488208655,0.00026654857441043276,3.552713678800501e-15,True,0,,1.6054571005952312e-09,332,1,10.43509431037221,0.9999999997323731,2.7927118395609796e-09,10.43509429724223,False,False,4.85061990573854e-12,True,True,False,REJECT_ARMIJO_CONDITION,
480,1,1,17,0.5,0.5,0.00026654857441043276,7.62939453125e-06,0.0005330971488208655,0.0005330971488208655,0.00026654857441043276,3.552713678800501e-15,True,0,,3.2071919723161308e-09,332,1,10.435094311768527,0.9999999998661829,1.3963941114525369e-09,10.435094305203576,False,False,2.4253377084448857e-12,True,True,False,REJECT_ARMIJO_CONDITION,
481,1,1,18,0.5,0.5,0.00026654857441043276,3.814697265625e-06,0.0005330971488208655,0.0005330971488208655,0.00026654857441043276,3.552713678800501e-15,True,0,,4.008069051256566e-09,332,1,10.435094312466724,0.9999999999330914,6.981970557262684e-10,10.43509430918425,False,False,2.4253377084448857e-12,True,True,False,REJECT_ARMIJO_CONDITION,
482,1,1,19,0.5,0.5,0.00026654857441043276,1.9073486328125e-06,0.0005330971488208655,0.0005330971488208655,0.00026654857441043276,3.552713678800501e-15,True,0,,4.4085075907267836e-09,332,1,10.435094312815895,0.9999999999665528,3.490256972327188e-10,10.435094311174584,False,False,2.4253377084448857e-12,True,True,False,REJECT_ARMIJO_CONDITION,
483,1,1,20,0.5,0.5,0.00026654857441043276,9.5367431640625e-07,0.0005330971488208655,0.0005330971488208655,0.00026654857441043276,3.552713678800501e-15,True,0,,4.608736503541877e-09,332,1,10.435094312990465,0.9999999999832818,1.744560051974986e-10,10.435094312169753,False,False,2.4253377084448857e-12,True,True,False,REJECT_ARMIJO_CONDITION,
484,1,2,0,0.5,0.25,0.00013327428720521638,1.0,0.0005330971488208655,0.0005330971488208655,0.00013327428720521638,3.552713678800501e-15,True,0,,4.8089461301970005e-09,332,1,10.435002798154496,0.9999912300734733,9.151501042481414e-05,10.434050803733605,False,False,2.4253377084448857e-12,True,True,False,REJECT_ARMIJO_CONDITION,
485,1,2,1,0.5,0.25,0.00013327428720521638,0.5,0.0005330971488208655,0.0005330971488208655,0.00013327428720521638,3.552713678800501e-15,True,0,,4.8089461301970005e-09,332,1,10.435048555659765,0.9999956150367422,4.575750515556365e-05,10.434572558449263,False,False,2.4253377084448857e-12,True,True,False,REJECT_ARMIJO_CONDITION,
486,1,2,2,0.5,0.25,0.00013327428720521638,0.25,0.0005330971488208655,0.0005330971488208655,0.00013327428720521638,3.552713678800501e-15,True,0,,4.8089461301970005e-09,332,1,10.43507143441233,0.9999978075183699,2.2878752590216322e-05,10.434833435807091,False,False,2.4253377084448857e-12,True,True,False,REJECT_ARMIJO_CONDITION,
487,1,2,3,0.5,0.25,0.00013327428720521638,0.125,0.0005330971488208655,0.0005330971488208655,0.00013327428720521638,3.552713678800501e-15,True,0,,4.8089461301970005e-09,332,1,10.435082873788641,0.9999989037591864,1.1439376280009128e-05,10.434963874486007,False,False,2.4253377084448857e-12,True,True,False,REJECT_ARMIJO_CONDITION,
488,1,2,4,0.5,0.25,0.00013327428720521638,0.0625,0.0005330971488208655,0.0005330971488208655,0.00013327428720521638,3.552713678800501e-15,True,0,,4.8089461301970005e-09,332,1,10.435088593476781,0.9999994518795932,5.719688140004564e-06,10.435029093825463,False,False,2.4253377084448857e-12,True,True,False,REJECT_ARMIJO_CONDITION,
489,1,2,5,0.5,0.25,0.00013327428720521638,0.03125,0.0005330971488208655,0.0005330971488208655,0.00013327428720521638,3.552713678800501e-15,True,0,,4.8089461301970005e-09,332,1,10.435091453320924,0.9999997259398036,2.8598439971716516e-06,10.435061703495192,False,False,2.4253377084448857e-12,True,True,False,REJECT_ARMIJO_CONDITION,
490,1,2,6,0.5,0.25,0.00013327428720521638,0.015625,0.0005330971488208655,0.0005330971488208655,0.00013327428720521638,3.552713678800501e-15,True,0,,4.8089461301970005e-09,332,1,10.435092883242952,0.9999998629699046,1.429921969275938e-06,10.435078008330057,False,False,2.4253377084448857e-12,True,True,False,REJECT_ARMIJO_CONDITION,
491,1,2,7,0.5,0.25,0.00013327428720521638,0.0078125,0.0005330971488208655,0.0005330971488208655,0.00013327428720521638,3.552713678800501e-15,True,0,,4.8089461301970005e-09,332,1,10.435093598204066,0.9999999314849647,7.149608549639197e-07,10.435086160747488,False,False,2.4253377084448857e-12,True,True,False,REJECT_ARMIJO_CONDITION,
492,1,2,8,0.5,0.25,0.00013327428720521638,0.00390625,0.0005330971488208655,0.0005330971488208655,0.00013327428720521638,3.552713678800501e-15,True,0,,4.8089461301970005e-09,332,1,10.435093955684495,0.9999999657424825,3.57480425705603e-07,10.435090236956205,False,False,2.4253377084448857e-12,True,True,False,REJECT_ARMIJO_CONDITION,
493,1,2,9,0.5,0.25,0.00013327428720521638,0.001953125,0.0005330971488208655,0.0005330971488208655,0.00013327428720521638,3.552713678800501e-15,True,0,,4.8089461301970005e-09,332,1,10.435094134424736,0.9999999828712439,1.787401853192705e-07,10.435092275060564,False,False,2.4253377084448857e-12,True,True,False,REJECT_ARMIJO_CONDITION,
494,1,2,10,0.5,0.25,0.00013327428720521638,0.0009765625,0.0005330971488208655,0.0005330971488208655,0.00013327428720521638,3.552713678800501e-15,True,0,,4.8089461301970005e-09,332,1,10.435094223794856,0.9999999914356246,8.937006512610424e-08,10.435093294112741,False,False,2.4253377084448857e-12,True,True,False,REJECT_ARMIJO_CONDITION,
495,1,2,11,0.5,0.25,0.00013327428720521638,0.00048828125,0.0005330971488208655,0.0005330971488208655,0.00013327428720521638,3.552713678800501e-15,True,0,,4.8089461301970005e-09,332,1,10.435094268479878,0.9999999957178113,4.4685043221193155e-08,10.435093803638832,False,False,2.4253377084448857e-12,True,True,False,REJECT_ARMIJO_CONDITION,
496,1,2,12,0.5,0.25,0.00013327428720521638,0.000244140625,0.0005330971488208655,0.0005330971488208655,0.00013327428720521638,3.552713678800501e-15,True,0,,4.8089461301970005e-09,332,1,10.435094290822441,0.9999999978589096,2.234247986621085e-08,10.435094058401877,False,False,2.4253377084448857e-12,True,True,False,REJECT_ARMIJO_CONDITION,
497,1,2,13,0.5,0.25,0.00013327428720521638,0.0001220703125,0.0005330971488208655,0.0005330971488208655,0.00013327428720521638,3.552713678800501e-15,True,0,,4.8089461301970005e-09,332,1,10.435094301993681,0.9999999989294548,1.1171239933105426e-08,10.435094185783399,False,False,2.4253377084448857e-12,True,True,False,REJECT_ARMIJO_CONDITION,
498,1,2,14,0.5,0.25,0.00013327428720521638,6.103515625e-05,0.0005330971488208655,0.0005330971488208655,0.00013327428720521638,3.552713678800501e-15,True,0,,4.8089461301970005e-09,332,1,10.435094307579446,0.9999999994647413,5.585475193470302e-09,10.43509424947416,False,False,2.4253377084448857e-12,True,True,False,REJECT_ARMIJO_CONDITION,
499,1,2,15,0.5,0.25,0.00013327428720521638,3.0517578125e-05,0.0005330971488208655,0.0005330971488208655,0.00013327428720521638,3.552713678800501e-15,True,0,,4.8089461301970005e-09,332,1,10.43509431037221,0.9999999997323731,2.7927118395609796e-09,10.43509428131954,False,False,2.4253377084448857e-12,True,True,False,REJECT_ARMIJO_CONDITION,
500,1,2,16,0.5,0.25,0.00013327428720521638,1.52587890625e-05,0.0005330971488208655,0.0005330971488208655,0.00013327428720521638,3.552713678800501e-15,True,0,,4.8089461301970005e-09,332,1,10.435094311768527,0.9999999998661829,1.3963941114525369e-09,10.43509429724223,False,False,2.4253377084448857e-12,True,True,False,REJECT_ARMIJO_CONDITION,
501,1,2,17,0.5,0.25,0.00013327428720521638,7.62939453125e-06,0.0005330971488208655,0.0005330971488208655,0.00013327428720521638,3.552713678800501e-15,True,0,,4.8089461301970005e-09,332,1,10.435094312466724,0.9999999999330914,6.981970557262684e-10,10.435094305203576,False,False,2.4253377084448857e-12,True,True,False,REJECT_ARMIJO_CONDITION,
502,1,2,18,0.5,0.25,0.00013327428720521638,3.814697265625e-06,0.0005330971488208655,0.0005330971488208655,0.00013327428720521638,3.552713678800501e-15,True,0,,4.8089461301970005e-09,332,1,10.435094312815895,0.9999999999665528,3.490256972327188e-10,10.43509430918425,False,False,2.4253377084448857e-12,True,True,False,REJECT_ARMIJO_CONDITION,
503,1,2,19,0.5,0.25,0.00013327428720521638,1.9073486328125e-06,0.0005330971488208655,0.0005330971488208655,0.00013327428720521638,3.552713678800501e-15,True,0,,4.8089461301970005e-09,332,1,10.435094312990465,0.9999999999832818,1.744560051974986e-10,10.435094311174584,False,False,2.4253377084448857e-12,True,True,False,REJECT_ARMIJO_CONDITION,
504,1,2,20,0.5,0.25,0.00013327428720521638,9.5367431640625e-07,0.0005330971488208655,0.0005330971488208655,0.00013327428720521638,3.552713678800501e-15,True,0,,4.8089461301970005e-09,332,1,10.43509431307775,0.9999999999916463,8.717115917988849e-11,10.435094312169753,False,False,2.4253377084448857e-12,True,True,False,REJECT_ARMIJO_CONDITION,
505,1,3,0,0.5,0.125,6.663714360260819e-05,1.0,0.0005330971488208655,0.0005330971488208655,6.663714360260819e-05,3.552713678800501e-15,True,0,,4.8089461301970005e-09,332,1,10.435048555659765,0.9999956150367422,4.575750515556365e-05,10.434050803733605,False,False,2.4253377084448857e-12,True,True,False,REJECT_ARMIJO_CONDITION,
506,1,3,1,0.5,0.125,6.663714360260819e-05,0.5,0.0005330971488208655,0.0005330971488208655,6.663714360260819e-05,3.552713678800501e-15,True,0,,4.8089461301970005e-09,332,1,10.43507143441233,0.9999978075183699,2.2878752590216322e-05,10.434572558449263,False,False,2.4253377084448857e-12,True,True,False,REJECT_ARMIJO_CONDITION,
507,1,3,2,0.5,0.125,6.663714360260819e-05,0.25,0.0005330971488208655,0.0005330971488208655,6.663714360260819e-05,3.552713678800501e-15,True,0,,4.8089461301970005e-09,332,1,10.435082873788641,0.9999989037591864,1.1439376280009128e-05,10.434833435807091,False,False,2.4253377084448857e-12,True,True,False,REJECT_ARMIJO_CONDITION,
508,1,3,3,0.5,0.125,6.663714360260819e-05,0.125,0.0005330971488208655,0.0005330971488208655,6.663714360260819e-05,3.552713678800501e-15,True,0,,4.8089461301970005e-09,332,1,10.435088593476781,0.9999994518795932,5.719688140004564e-06,10.434963874486007,False,False,2.4253377084448857e-12,True,True,False,REJECT_ARMIJO_CONDITION,
509,1,3,4,0.5,0.125,6.663714360260819e-05,0.0625,0.0005330971488208655,0.0005330971488208655,6.663714360260819e-05,3.552713678800501e-15,True,0,,4.8089461301970005e-09,332,1,10.435091453320924,0.9999997259398036,2.8598439971716516e-06,10.435029093825463,False,False,2.4253377084448857e-12,True,True,False,REJECT_ARMIJO_CONDITION,
510,1,3,5,0.5,0.125,6.663714360260819e-05,0.03125,0.0005330971488208655,0.0005330971488208655,6.663714360260819e-05,3.552713678800501e-15,True,0,,4.8089461301970005e-09,332,1,10.435092883242952,0.9999998629699046,1.429921969275938e-06,10.435061703495192,False,False,2.4253377084448857e-12,True,True,False,REJECT_ARMIJO_CONDITION,
511,1,3,6,0.5,0.125,6.663714360260819e-05,0.015625,0.0005330971488208655,0.0005330971488208655,6.663714360260819e-05,3.552713678800501e-15,True,0,,4.8089461301970005e-09,332,1,10.435093598204066,0.9999999314849647,7.149608549639197e-07,10.435078008330057,False,False,2.4253377084448857e-12,True,True,False,REJECT_ARMIJO_CONDITION,
512,1,3,7,0.5,0.125,6.663714360260819e-05,0.0078125,0.0005330971488208655,0.0005330971488208655,6.663714360260819e-05,3.552713678800501e-15,True,0,,4.8089461301970005e-09,332,1,10.435093955684495,0.9999999657424825,3.57480425705603e-07,10.435086160747488,False,False,2.4253377084448857e-12,True,True,False,REJECT_ARMIJO_CONDITION,
513,1,3,8,0.5,0.125,6.663714360260819e-05,0.00390625,0.0005330971488208655,0.0005330971488208655,6.663714360260819e-05,3.552713678800501e-15,True,0,,4.8089461301970005e-09,332,1,10.435094134424736,0.9999999828712439,1.787401853192705e-07,10.435090236956205,False,False,2.4253377084448857e-12,True,True,False,REJECT_ARMIJO_CONDITION,
514,1,3,9,0.5,0.125,6.663714360260819e-05,0.001953125,0.0005330971488208655,0.0005330971488208655,6.663714360260819e-05,3.552713678800501e-15,True,0,,4.8089461301970005e-09,332,1,10.435094223794856,0.9999999914356246,8.937006512610424e-08,10.435092275060564,False,False,2.4253377084448857e-12,True,True,False,REJECT_ARMIJO_CONDITION,
515,1,3,10,0.5,0.125,6.663714360260819e-05,0.0009765625,0.0005330971488208655,0.0005330971488208655,6.663714360260819e-05,3.552713678800501e-15,True,0,,4.8089461301970005e-09,332,1,10.435094268479878,0.9999999957178113,4.4685043221193155e-08,10.435093294112741,False,False,2.4253377084448857e-12,True,True,False,REJECT_ARMIJO_CONDITION,
516,1,3,11,0.5,0.125,6.663714360260819e-05,0.00048828125,0.0005330971488208655,0.0005330971488208655,6.663714360260819e-05,3.552713678800501e-15,True,0,,4.8089461301970005e-09,332,1,10.435094290822441,0.9999999978589096,2.234247986621085e-08,10.435093803638832,False,False,2.4253377084448857e-12,True,True,False,REJECT_ARMIJO_CONDITION,
517,1,3,12,0.5,0.125,6.663714360260819e-05,0.000244140625,0.0005330971488208655,0.0005330971488208655,6.663714360260819e-05,3.552713678800501e-15,True,0,,4.8089461301970005e-09,332,1,10.435094301993681,0.9999999989294548,1.1171239933105426e-08,10.435094058401877,False,False,2.4253377084448857e-12,True,True,False,REJECT_ARMIJO_CONDITION,
518,1,3,13,0.5,0.125,6.663714360260819e-05,0.0001220703125,0.0005330971488208655,0.0005330971488208655,6.663714360260819e-05,3.552713678800501e-15,True,0,,4.8089461301970005e-09,332,1,10.435094307579446,0.9999999994647413,5.585475193470302e-09,10.435094185783399,False,False,2.4253377084448857e-12,True,True,False,REJECT_ARMIJO_CONDITION,
519,1,3,14,0.5,0.125,6.663714360260819e-05,6.103515625e-05,0.0005330971488208655,0.0005330971488208655,6.663714360260819e-05,3.552713678800501e-15,True,0,,4.8089461301970005e-09,332,1,10.43509431037221,0.9999999997323731,2.7927118395609796e-09,10.43509424947416,False,False,2.4253377084448857e-12,True,True,False,REJECT_ARMIJO_CONDITION,
520,1,3,15,0.5,0.125,6.663714360260819e-05,3.0517578125e-05,0.0005330971488208655,0.0005330971488208655,6.663714360260819e-05,3.552713678800501e-15,True,0,,4.8089461301970005e-09,332,1,10.435094311768527,0.9999999998661829,1.3963941114525369e-09,10.43509428131954,False,False,2.4253377084448857e-12,True,True,False,REJECT_ARMIJO_CONDITION,
521,1,3,16,0.5,0.125,6.663714360260819e-05,1.52587890625e-05,0.0005330971488208655,0.0005330971488208655,6.663714360260819e-05,3.552713678800501e-15,True,0,,4.8089461301970005e-09,332,1,10.435094312466724,0.9999999999330914,6.981970557262684e-10,10.43509429724223,False,False,2.4253377084448857e-12,True,True,False,REJECT_ARMIJO_CONDITION,
522,1,3,17,0.5,0.125,6.663714360260819e-05,7.62939453125e-06,0.0005330971488208655,0.0005330971488208655,6.663714360260819e-05,3.552713678800501e-15,True,0,,4.8089461301970005e-09,332,1,10.435094312815895,0.9999999999665528,3.490256972327188e-10,10.435094305203576,False,False,2.4253377084448857e-12,True,True,False,REJECT_ARMIJO_CONDITION,
523,1,3,18,0.5,0.125,6.663714360260819e-05,3.814697265625e-06,0.0005330971488208655,0.0005330971488208655,6.663714360260819e-05,3.552713678800501e-15,True,0,,4.8089461301970005e-09,332,1,10.435094312990465,0.9999999999832818,1.744560051974986e-10,10.43509430918425,False,False,2.4253377084448857e-12,True,True,False,REJECT_ARMIJO_CONDITION,
524,1,3,19,0.5,0.125,6.663714360260819e-05,1.9073486328125e-06,0.0005330971488208655,0.0005330971488208655,6.663714360260819e-05,3.552713678800501e-15,True,0,,4.8089461301970005e-09,332,1,10.43509431307775,0.9999999999916463,8.717115917988849e-11,10.435094311174584,False,False,2.4253377084448857e-12,True,True,False,REJECT_ARMIJO_CONDITION,
525,1,3,20,0.5,0.125,6.663714360260819e-05,9.5367431640625e-07,0.0005330971488208655,0.0005330971488208655,6.663714360260819e-05,3.552713678800501e-15,True,0,,4.8089461301970005e-09,332,1,10.435094313121294,0.9999999999958191,4.362732397567015e-11,10.435094312169753,False,False,2.4253377084448857e-12,True,True,False,REJECT_ARMIJO_CONDITION,
526,1,4,0,0.5,0.0625,3.3318571801304095e-05,1.0,0.0005330971488208655,0.0005330971488208655,3.3318571801304095e-05,3.552713678800501e-15,True,0,,4.8089461301970005e-09,332,1,10.43507143441233,0.9999978075183699,2.2878752590216322e-05,10.434050803733605,False,False,2.4253377084448857e-12,True,True,False,REJECT_ARMIJO_CONDITION,
527,1,4,1,0.5,0.0625,3.3318571801304095e-05,0.5,0.0005330971488208655,0.0005330971488208655,3.3318571801304095e-05,3.552713678800501e-15,True,0,,4.8089461301970005e-09,332,1,10.435082873788641,0.9999989037591864,1.1439376280009128e-05,10.434572558449263,False,False,2.4253377084448857e-12,True,True,False,REJECT_ARMIJO_CONDITION,
528,1,4,2,0.5,0.0625,3.3318571801304095e-05,0.25,0.0005330971488208655,0.0005330971488208655,3.3318571801304095e-05,3.552713678800501e-15,True,0,,4.8089461301970005e-09,332,1,10.435088593476781,0.9999994518795932,5.719688140004564e-06,10.434833435807091,False,False,2.4253377084448857e-12,True,True,False,REJECT_ARMIJO_CONDITION,
529,1,4,3,0.5,0.0625,3.3318571801304095e-05,0.125,0.0005330971488208655,0.0005330971488208655,3.3318571801304095e-05,3.552713678800501e-15,True,0,,4.8089461301970005e-09,332,1,10.435091453320924,0.9999997259398036,2.8598439971716516e-06,10.434963874486007,False,False,2.4253377084448857e-12,True,True,False,REJECT_ARMIJO_CONDITION,
530,1,4,4,0.5,0.0625,3.3318571801304095e-05,0.0625,0.0005330971488208655,0.0005330971488208655,3.3318571801304095e-05,3.552713678800501e-15,True,0,,4.8089461301970005e-09,332,1,10.435092883242952,0.9999998629699046,1.429921969275938e-06,10.435029093825463,False,False,2.4253377084448857e-12,True,True,False,REJECT_ARMIJO_CONDITION,
531,1,4,5,0.5,0.0625,3.3318571801304095e-05,0.03125,0.0005330971488208655,0.0005330971488208655,3.3318571801304095e-05,3.552713678800501e-15,True,0,,4.8089461301970005e-09,332,1,10.435093598204066,0.9999999314849647,7.149608549639197e-07,10.435061703495192,False,False,2.4253377084448857e-12,True,True,False,REJECT_ARMIJO_CONDITION,
532,1,4,6,0.5,0.0625,3.3318571801304095e-05,0.015625,0.0005330971488208655,0.0005330971488208655,3.3318571801304095e-05,3.552713678800501e-15,True,0,,4.8089461301970005e-09,332,1,10.435093955684495,0.9999999657424825,3.57480425705603e-07,10.435078008330057,False,False,2.4253377084448857e-12,True,True,False,REJECT_ARMIJO_CONDITION,
533,1,4,7,0.5,0.0625,3.3318571801304095e-05,0.0078125,0.0005330971488208655,0.0005330971488208655,3.3318571801304095e-05,3.552713678800501e-15,True,0,,4.8089461301970005e-09,332,1,10.435094134424736,0.9999999828712439,1.787401853192705e-07,10.435086160747488,False,False,2.4253377084448857e-12,True,True,False,REJECT_ARMIJO_CONDITION,
534,1,4,8,0.5,0.0625,3.3318571801304095e-05,0.00390625,0.0005330971488208655,0.0005330971488208655,3.3318571801304095e-05,3.552713678800501e-15,True,0,,4.8089461301970005e-09,332,1,10.435094223794856,0.9999999914356246,8.937006512610424e-08,10.435090236956205,False,False,2.4253377084448857e-12,True,True,False,REJECT_ARMIJO_CONDITION,
535,1,4,9,0.5,0.0625,3.3318571801304095e-05,0.001953125,0.0005330971488208655,0.0005330971488208655,3.3318571801304095e-05,3.552713678800501e-15,True,0,,4.8089461301970005e-09,332,1,10.435094268479878,0.9999999957178113,4.4685043221193155e-08,10.435092275060564,False,False,2.4253377084448857e-12,True,True,False,REJECT_ARMIJO_CONDITION,
536,1,4,10,0.5,0.0625,3.3318571801304095e-05,0.0009765625,0.0005330971488208655,0.0005330971488208655,3.3318571801304095e-05,3.552713678800501e-15,True,0,,4.8089461301970005e-09,332,1,10.435094290822441,0.9999999978589096,2.234247986621085e-08,10.435093294112741,False,False,2.4253377084448857e-12,True,True,False,REJECT_ARMIJO_CONDITION,
537,1,4,11,0.5,0.0625,3.3318571801304095e-05,0.00048828125,0.0005330971488208655,0.0005330971488208655,3.3318571801304095e-05,3.552713678800501e-15,True,0,,4.8089461301970005e-09,332,1,10.435094301993681,0.9999999989294548,1.1171239933105426e-08,10.435093803638832,False,False,2.4253377084448857e-12,True,True,False,REJECT_ARMIJO_CONDITION,
538,1,4,12,0.5,0.0625,3.3318571801304095e-05,0.000244140625,0.0005330971488208655,0.0005330971488208655,3.3318571801304095e-05,3.552713678800501e-15,True,0,,4.8089461301970005e-09,332,1,10.435094307579446,0.9999999994647413,5.585475193470302e-09,10.435094058401877,False,False,2.4253377084448857e-12,True,True,False,REJECT_ARMIJO_CONDITION,
539,1,4,13,0.5,0.0625,3.3318571801304095e-05,0.0001220703125,0.0005330971488208655,0.0005330971488208655,3.3318571801304095e-05,3.552713678800501e-15,True,0,,4.8089461301970005e-09,332,1,10.43509431037221,0.9999999997323731,2.7927118395609796e-09,10.435094185783399,False,False,2.4253377084448857e-12,True,True,False,REJECT_ARMIJO_CONDITION,
540,1,4,14,0.5,0.0625,3.3318571801304095e-05,6.103515625e-05,0.0005330971488208655,0.0005330971488208655,3.3318571801304095e-05,3.552713678800501e-15,True,0,,4.8089461301970005e-09,332,1,10.435094311768527,0.9999999998661829,1.3963941114525369e-09,10.43509424947416,False,False,2.4253377084448857e-12,True,True,False,REJECT_ARMIJO_CONDITION,
541,1,4,15,0.5,0.0625,3.3318571801304095e-05,3.0517578125e-05,0.0005330971488208655,0.0005330971488208655,3.3318571801304095e-05,3.552713678800501e-15,True,0,,4.8089461301970005e-09,332,1,10.435094312466724,0.9999999999330914,6.981970557262684e-10,10.43509428131954,False,False,2.4253377084448857e-12,True,True,False,REJECT_ARMIJO_CONDITION,
542,1,4,16,0.5,0.0625,3.3318571801304095e-05,1.52587890625e-05,0.0005330971488208655,0.0005330971488208655,3.3318571801304095e-05,3.552713678800501e-15,True,0,,4.8089461301970005e-09,332,1,10.435094312815895,0.9999999999665528,3.490256972327188e-10,10.43509429724223,False,False,2.4253377084448857e-12,True,True,False,REJECT_ARMIJO_CONDITION,
543,1,4,17,0.5,0.0625,3.3318571801304095e-05,7.62939453125e-06,0.0005330971488208655,0.0005330971488208655,3.3318571801304095e-05,3.552713678800501e-15,True,0,,4.8089461301970005e-09,332,1,10.435094312990465,0.9999999999832818,1.744560051974986e-10,10.435094305203576,False,False,2.4253377084448857e-12,True,True,False,REJECT_ARMIJO_CONDITION,
544,1,4,18,0.5,0.0625,3.3318571801304095e-05,3.814697265625e-06,0.0005330971488208655,0.0005330971488208655,3.3318571801304095e-05,3.552713678800501e-15,True,0,,4.8089461301970005e-09,332,1,10.43509431307775,0.9999999999916463,8.717115917988849e-11,10.43509430918425,False,False,2.4253377084448857e-12,True,True,False,REJECT_ARMIJO_CONDITION,
545,1,4,19,0.5,0.0625,3.3318571801304095e-05,1.9073486328125e-06,0.0005330971488208655,0.0005330971488208655,3.3318571801304095e-05,3.552713678800501e-15,True,0,,4.8089461301970005e-09,332,1,10.435094313121294,0.9999999999958191,4.362732397567015e-11,10.435094311174584,False,False,2.4253377084448857e-12,True,True,False,REJECT_ARMIJO_CONDITION,
546,1,4,20,0.5,0.0625,3.3318571801304095e-05,9.5367431640625e-07,0.0005330971488208655,0.0005330971488208655,3.3318571801304095e-05,3.552713678800501e-15,True,0,,4.8089461301970005e-09,332,1,10.435094313143235,0.9999999999979219,2.1685764295398258e-11,10.435094312169753,False,False,2.4253377084448857e-12,True,True,False,REJECT_ARMIJO_CONDITION,
547,1,5,0,0.5,0.03125,1.6659285900652048e-05,1.0,0.0005330971488208655,0.0005330971488208655,1.6659285900652048e-05,3.552713678800501e-15,True,0,,4.8089461301970005e-09,332,1,10.435082873788641,0.9999989037591864,1.1439376280009128e-05,10.434050803733605,False,False,2.4253377084448857e-12,True,True,False,REJECT_ARMIJO_CONDITION,
548,1,5,1,0.5,0.03125,1.6659285900652048e-05,0.5,0.0005330971488208655,0.0005330971488208655,1.6659285900652048e-05,3.552713678800501e-15,True,0,,4.8089461301970005e-09,332,1,10.435088593476781,0.9999994518795932,5.719688140004564e-06,10.434572558449263,False,False,2.4253377084448857e-12,True,True,False,REJECT_ARMIJO_CONDITION,
549,1,5,2,0.5,0.03125,1.6659285900652048e-05,0.25,0.0005330971488208655,0.0005330971488208655,1.6659285900652048e-05,3.552713678800501e-15,True,0,,4.8089461301970005e-09,332,1,10.435091453320924,0.9999997259398036,2.8598439971716516e-06,10.434833435807091,False,False,2.4253377084448857e-12,True,True,False,REJECT_ARMIJO_CONDITION,
550,1,5,3,0.5,0.03125,1.6659285900652048e-05,0.125,0.0005330971488208655,0.0005330971488208655,1.6659285900652048e-05,3.552713678800501e-15,True,0,,4.8089461301970005e-09,332,1,10.435092883242952,0.9999998629699046,1.429921969275938e-06,10.434963874486007,False,False,2.4253377084448857e-12,True,True,False,REJECT_ARMIJO_CONDITION,
551,1,5,4,0.5,0.03125,1.6659285900652048e-05,0.0625,0.0005330971488208655,0.0005330971488208655,1.6659285900652048e-05,3.552713678800501e-15,True,0,,4.8089461301970005e-09,332,1,10.435093598204066,0.9999999314849647,7.149608549639197e-07,10.435029093825463,False,False,2.4253377084448857e-12,True,True,False,REJECT_ARMIJO_CONDITION,
552,1,5,5,0.5,0.03125,1.6659285900652048e-05,0.03125,0.0005330971488208655,0.0005330971488208655,1.6659285900652048e-05,3.552713678800501e-15,True,0,,4.8089461301970005e-09,332,1,10.435093955684495,0.9999999657424825,3.57480425705603e-07,10.435061703495192,False,False,2.4253377084448857e-12,True,True,False,REJECT_ARMIJO_CONDITION,
553,1,5,6,0.5,0.03125,1.6659285900652048e-05,0.015625,0.0005330971488208655,0.0005330971488208655,1.6659285900652048e-05,3.552713678800501e-15,True,0,,4.8089461301970005e-09,332,1,10.435094134424736,0.9999999828712439,1.787401853192705e-07,10.435078008330057,False,False,2.4253377084448857e-12,True,True,False,REJECT_ARMIJO_CONDITION,
554,1,5,7,0.5,0.03125,1.6659285900652048e-05,0.0078125,0.0005330971488208655,0.0005330971488208655,1.6659285900652048e-05,3.552713678800501e-15,True,0,,4.8089461301970005e-09,332,1,10.435094223794856,0.9999999914356246,8.937006512610424e-08,10.435086160747488,False,False,2.4253377084448857e-12,True,True,False,REJECT_ARMIJO_CONDITION,
555,1,5,8,0.5,0.03125,1.6659285900652048e-05,0.00390625,0.0005330971488208655,0.0005330971488208655,1.6659285900652048e-05,3.552713678800501e-15,True,0,,4.8089461301970005e-09,332,1,10.435094268479878,0.9999999957178113,4.4685043221193155e-08,10.435090236956205,False,False,2.4253377084448857e-12,True,True,False,REJECT_ARMIJO_CONDITION,
556,1,5,9,0.5,0.03125,1.6659285900652048e-05,0.001953125,0.0005330971488208655,0.0005330971488208655,1.6659285900652048e-05,3.552713678800501e-15,True,0,,4.8089461301970005e-09,332,1,10.435094290822441,0.9999999978589096,2.234247986621085e-08,10.435092275060564,False,False,2.4253377084448857e-12,True,True,False,REJECT_ARMIJO_CONDITION,
557,1,5,10,0.5,0.03125,1.6659285900652048e-05,0.0009765625,0.0005330971488208655,0.0005330971488208655,1.6659285900652048e-05,3.552713678800501e-15,True,0,,4.8089461301970005e-09,332,1,10.435094301993681,0.9999999989294548,1.1171239933105426e-08,10.435093294112741,False,False,2.4253377084448857e-12,True,True,False,REJECT_ARMIJO_CONDITION,
558,1,5,11,0.5,0.03125,1.6659285900652048e-05,0.00048828125,0.0005330971488208655,0.0005330971488208655,1.6659285900652048e-05,3.552713678800501e-15,True,0,,4.8089461301970005e-09,332,1,10.435094307579446,0.9999999994647413,5.585475193470302e-09,10.435093803638832,False,False,2.4253377084448857e-12,True,True,False,REJECT_ARMIJO_CONDITION,
559,1,5,12,0.5,0.03125,1.6659285900652048e-05,0.000244140625,0.0005330971488208655,0.0005330971488208655,1.6659285900652048e-05,3.552713678800501e-15,True,0,,4.8089461301970005e-09,332,1,10.43509431037221,0.9999999997323731,2.7927118395609796e-09,10.435094058401877,False,False,2.4253377084448857e-12,True,True,False,REJECT_ARMIJO_CONDITION,
560,1,5,13,0.5,0.03125,1.6659285900652048e-05,0.0001220703125,0.0005330971488208655,0.0005330971488208655,1.6659285900652048e-05,3.552713678800501e-15,True,0,,4.8089461301970005e-09,332,1,10.435094311768527,0.9999999998661829,1.3963941114525369e-09,10.435094185783399,False,False,2.4253377084448857e-12,True,True,False,REJECT_ARMIJO_CONDITION,
561,1,5,14,0.5,0.03125,1.6659285900652048e-05,6.103515625e-05,0.0005330971488208655,0.0005330971488208655,1.6659285900652048e-05,3.552713678800501e-15,True,0,,4.8089461301970005e-09,332,1,10.435094312466724,0.9999999999330914,6.981970557262684e-10,10.43509424947416,False,False,2.4253377084448857e-12,True,True,False,REJECT_ARMIJO_CONDITION,
562,1,5,15,0.5,0.03125,1.6659285900652048e-05,3.0517578125e-05,0.0005330971488208655,0.0005330971488208655,1.6659285900652048e-05,3.552713678800501e-15,True,0,,4.8089461301970005e-09,332,1,10.435094312815895,0.9999999999665528,3.490256972327188e-10,10.43509428131954,False,False,2.4253377084448857e-12,True,True,False,REJECT_ARMIJO_CONDITION,
563,1,5,16,0.5,0.03125,1.6659285900652048e-05,1.52587890625e-05,0.0005330971488208655,0.0005330971488208655,1.6659285900652048e-05,3.552713678800501e-15,True,0,,4.8089461301970005e-09,332,1,10.435094312990465,0.9999999999832818,1.744560051974986e-10,10.43509429724223,False,False,2.4253377084448857e-12,True,True,False,REJECT_ARMIJO_CONDITION,
564,1,5,17,0.5,0.03125,1.6659285900652048e-05,7.62939453125e-06,0.0005330971488208655,0.0005330971488208655,1.6659285900652048e-05,3.552713678800501e-15,True,0,,4.8089461301970005e-09,332,1,10.43509431307775,0.9999999999916463,8.717115917988849e-11,10.435094305203576,False,False,2.4253377084448857e-12,True,True,False,REJECT_ARMIJO_CONDITION,
565,1,5,18,0.5,0.03125,1.6659285900652048e-05,3.814697265625e-06,0.0005330971488208655,0.0005330971488208655,1.6659285900652048e-05,3.552713678800501e-15,True,0,,4.8089461301970005e-09,332,1,10.435094313121294,0.9999999999958191,4.362732397567015e-11,10.43509430918425,False,False,2.4253377084448857e-12,True,True,False,REJECT_ARMIJO_CONDITION,
566,1,5,19,0.5,0.03125,1.6659285900652048e-05,1.9073486328125e-06,0.0005330971488208655,0.0005330971488208655,1.6659285900652048e-05,3.552713678800501e-15,True,0,,4.8089461301970005e-09,332,1,10.435094313143235,0.9999999999979219,2.1685764295398258e-11,10.435094311174584,False,False,2.4253377084448857e-12,True,True,False,REJECT_ARMIJO_CONDITION,
567,1,5,20,0.5,0.03125,1.6659285900652048e-05,9.5367431640625e-07,0.0005330971488208655,0.0005330971488208655,1.6659285900652048e-05,3.552713678800501e-15,True,0,,4.8089461301970005e-09,332,1,10.43509431315408,0.999999999998961,1.0841105790859729e-11,10.435094312169753,False,False,2.4253377084448857e-12,True,True,False,REJECT_ARMIJO_CONDITION,
568,1,6,0,0.5,0.015625,8.329642950326024e-06,1.0,0.0005330971488208655,0.0005330971488208655,8.329642950326024e-06,3.552713678800501e-15,True,0,,4.8089461301970005e-09,332,1,10.435088593476781,0.9999994518795932,5.719688140004564e-06,10.434050803733605,False,False,2.4253377084448857e-12,True,True,False,REJECT_ARMIJO_CONDITION,
569,1,6,1,0.5,0.015625,8.329642950326024e-06,0.5,0.0005330971488208655,0.0005330971488208655,8.329642950326024e-06,3.552713678800501e-15,True,0,,4.8089461301970005e-09,332,1,10.435091453320924,0.9999997259398036,2.8598439971716516e-06,10.434572558449263,False,False,2.4253377084448857e-12,True,True,False,REJECT_ARMIJO_CONDITION,
570,1,6,2,0.5,0.015625,8.329642950326024e-06,0.25,0.0005330971488208655,0.0005330971488208655,8.329642950326024e-06,3.552713678800501e-15,True,0,,4.8089461301970005e-09,332,1,10.435092883242952,0.9999998629699046,1.429921969275938e-06,10.434833435807091,False,False,2.4253377084448857e-12,True,True,False,REJECT_ARMIJO_CONDITION,
571,1,6,3,0.5,0.015625,8.329642950326024e-06,0.125,0.0005330971488208655,0.0005330971488208655,8.329642950326024e-06,3.552713678800501e-15,True,0,,4.8089461301970005e-09,332,1,10.435093598204066,0.9999999314849647,7.149608549639197e-07,10.434963874486007,False,False,2.4253377084448857e-12,True,True,False,REJECT_ARMIJO_CONDITION,
572,1,6,4,0.5,0.015625,8.329642950326024e-06,0.0625,0.0005330971488208655,0.0005330971488208655,8.329642950326024e-06,3.552713678800501e-15,True,0,,4.8089461301970005e-09,332,1,10.435093955684495,0.9999999657424825,3.57480425705603e-07,10.435029093825463,False,False,2.4253377084448857e-12,True,True,False,REJECT_ARMIJO_CONDITION,
573,1,6,5,0.5,0.015625,8.329642950326024e-06,0.03125,0.0005330971488208655,0.0005330971488208655,8.329642950326024e-06,3.552713678800501e-15,True,0,,4.8089461301970005e-09,332,1,10.435094134424736,0.9999999828712439,1.787401853192705e-07,10.435061703495192,False,False,2.4253377084448857e-12,True,True,False,REJECT_ARMIJO_CONDITION,
574,1,6,6,0.5,0.015625,8.329642950326024e-06,0.015625,0.0005330971488208655,0.0005330971488208655,8.329642950326024e-06,3.552713678800501e-15,True,0,,4.8089461301970005e-09,332,1,10.435094223794856,0.9999999914356246,8.937006512610424e-08,10.435078008330057,False,False,2.4253377084448857e-12,True,True,False,REJECT_ARMIJO_CONDITION,
575,1,6,7,0.5,0.015625,8.329642950326024e-06,0.0078125,0.0005330971488208655,0.0005330971488208655,8.329642950326024e-06,3.552713678800501e-15,True,0,,4.8089461301970005e-09,332,1,10.435094268479878,0.9999999957178113,4.4685043221193155e-08,10.435086160747488,False,False,2.4253377084448857e-12,True,True,False,REJECT_ARMIJO_CONDITION,
576,1,6,8,0.5,0.015625,8.329642950326024e-06,0.00390625,0.0005330971488208655,0.0005330971488208655,8.329642950326024e-06,3.552713678800501e-15,True,0,,4.8089461301970005e-09,332,1,10.435094290822441,0.9999999978589096,2.234247986621085e-08,10.435090236956205,False,False,2.4253377084448857e-12,True,True,False,REJECT_ARMIJO_CONDITION,
577,1,6,9,0.5,0.015625,8.329642950326024e-06,0.001953125,0.0005330971488208655,0.0005330971488208655,8.329642950326024e-06,3.552713678800501e-15,True,0,,4.8089461301970005e-09,332,1,10.435094301993681,0.9999999989294548,1.1171239933105426e-08,10.435092275060564,False,False,2.4253377084448857e-12,True,True,False,REJECT_ARMIJO_CONDITION,
578,1,6,10,0.5,0.015625,8.329642950326024e-06,0.0009765625,0.0005330971488208655,0.0005330971488208655,8.329642950326024e-06,3.552713678800501e-15,True,0,,4.8089461301970005e-09,332,1,10.435094307579446,0.9999999994647413,5.585475193470302e-09,10.435093294112741,False,False,2.4253377084448857e-12,True,True,False,REJECT_ARMIJO_CONDITION,
579,1,6,11,0.5,0.015625,8.329642950326024e-06,0.00048828125,0.0005330971488208655,0.0005330971488208655,8.329642950326024e-06,3.552713678800501e-15,True,0,,4.8089461301970005e-09,332,1,10.43509431037221,0.9999999997323731,2.7927118395609796e-09,10.435093803638832,False,False,2.4253377084448857e-12,True,True,False,REJECT_ARMIJO_CONDITION,
580,1,6,12,0.5,0.015625,8.329642950326024e-06,0.000244140625,0.0005330971488208655,0.0005330971488208655,8.329642950326024e-06,3.552713678800501e-15,True,0,,4.8089461301970005e-09,332,1,10.435094311768527,0.9999999998661829,1.3963941114525369e-09,10.435094058401877,False,False,2.4253377084448857e-12,True,True,False,REJECT_ARMIJO_CONDITION,
581,1,6,13,0.5,0.015625,8.329642950326024e-06,0.0001220703125,0.0005330971488208655,0.0005330971488208655,8.329642950326024e-06,3.552713678800501e-15,True,0,,4.8089461301970005e-09,332,1,10.435094312466724,0.9999999999330914,6.981970557262684e-10,10.435094185783399,False,False,2.4253377084448857e-12,True,True,False,REJECT_ARMIJO_CONDITION,
582,1,6,14,0.5,0.015625,8.329642950326024e-06,6.103515625e-05,0.0005330971488208655,0.0005330971488208655,8.329642950326024e-06,3.552713678800501e-15,True,0,,4.8089461301970005e-09,332,1,10.435094312815895,0.9999999999665528,3.490256972327188e-10,10.43509424947416,False,False,2.4253377084448857e-12,True,True,False,REJECT_ARMIJO_CONDITION,
583,1,6,15,0.5,0.015625,8.329642950326024e-06,3.0517578125e-05,0.0005330971488208655,0.0005330971488208655,8.329642950326024e-06,3.552713678800501e-15,True,0,,4.8089461301970005e-09,332,1,10.435094312990465,0.9999999999832818,1.744560051974986e-10,10.43509428131954,False,False,2.4253377084448857e-12,True,True,False,REJECT_ARMIJO_CONDITION,
584,1,6,16,0.5,0.015625,8.329642950326024e-06,1.52587890625e-05,0.0005330971488208655,0.0005330971488208655,8.329642950326024e-06,3.552713678800501e-15,True,0,,4.8089461301970005e-09,332,1,10.43509431307775,0.9999999999916463,8.717115917988849e-11,10.43509429724223,False,False,2.4253377084448857e-12,True,True,False,REJECT_ARMIJO_CONDITION,
585,1,6,17,0.5,0.015625,8.329642950326024e-06,7.62939453125e-06,0.0005330971488208655,0.0005330971488208655,8.329642950326024e-06,3.552713678800501e-15,True,0,,4.8089461301970005e-09,332,1,10.435094313121294,0.9999999999958191,4.362732397567015e-11,10.435094305203576,False,False,2.4253377084448857e-12,True,True,False,REJECT_ARMIJO_CONDITION,
586,1,6,18,0.5,0.015625,8.329642950326024e-06,3.814697265625e-06,0.0005330971488208655,0.0005330971488208655,8.329642950326024e-06,3.552713678800501e-15,True,0,,4.8089461301970005e-09,332,1,10.435094313143235,0.9999999999979219,2.1685764295398258e-11,10.43509430918425,False,False,2.4253377084448857e-12,True,True,False,REJECT_ARMIJO_CONDITION,
587,1,6,19,0.5,0.015625,8.329642950326024e-06,1.9073486328125e-06,0.0005330971488208655,0.0005330971488208655,8.329642950326024e-06,3.552713678800501e-15,True,0,,4.8089461301970005e-09,332,1,10.43509431315408,0.999999999998961,1.0841105790859729e-11,10.435094311174584,False,False,2.4253377084448857e-12,True,True,False,REJECT_ARMIJO_CONDITION,
588,1,6,20,0.5,0.015625,8.329642950326024e-06,9.5367431640625e-07,0.0005330971488208655,0.0005330971488208655,8.329642950326024e-06,3.552713678800501e-15,True,0,,4.8089461301970005e-09,332,1,10.435094313159558,0.9999999999994861,5.362821298149356e-12,10.435094312169753,False,False,2.4253377084448857e-12,True,True,False,REJECT_ARMIJO_CONDITION,
589,1,7,0,0.5,0.0078125,4.164821475163012e-06,1.0,0.0005330971488208655,0.0005330971488208655,4.164821475163012e-06,3.552713678800501e-15,True,0,,4.8089461301970005e-09,332,1,10.435091453320924,0.9999997259398036,2.8598439971716516e-06,10.434050803733605,False,False,2.4253377084448857e-12,True,True,False,REJECT_ARMIJO_CONDITION,
590,1,7,1,0.5,0.0078125,4.164821475163012e-06,0.5,0.0005330971488208655,0.0005330971488208655,4.164821475163012e-06,3.552713678800501e-15,True,0,,4.8089461301970005e-09,332,1,10.435092883242952,0.9999998629699046,1.429921969275938e-06,10.434572558449263,False,False,2.4253377084448857e-12,True,True,False,REJECT_ARMIJO_CONDITION,
591,1,7,2,0.5,0.0078125,4.164821475163012e-06,0.25,0.0005330971488208655,0.0005330971488208655,4.164821475163012e-06,3.552713678800501e-15,True,0,,4.8089461301970005e-09,332,1,10.435093598204066,0.9999999314849647,7.149608549639197e-07,10.434833435807091,False,False,2.4253377084448857e-12,True,True,False,REJECT_ARMIJO_CONDITION,
592,1,7,3,0.5,0.0078125,4.164821475163012e-06,0.125,0.0005330971488208655,0.0005330971488208655,4.164821475163012e-06,3.552713678800501e-15,True,0,,4.8089461301970005e-09,332,1,10.435093955684495,0.9999999657424825,3.57480425705603e-07,10.434963874486007,False,False,2.4253377084448857e-12,True,True,False,REJECT_ARMIJO_CONDITION,
593,1,7,4,0.5,0.0078125,4.164821475163012e-06,0.0625,0.0005330971488208655,0.0005330971488208655,4.164821475163012e-06,3.552713678800501e-15,True,0,,4.8089461301970005e-09,332,1,10.435094134424736,0.9999999828712439,1.787401853192705e-07,10.435029093825463,False,False,2.4253377084448857e-12,True,True,False,REJECT_ARMIJO_CONDITION,
594,1,7,5,0.5,0.0078125,4.164821475163012e-06,0.03125,0.0005330971488208655,0.0005330971488208655,4.164821475163012e-06,3.552713678800501e-15,True,0,,4.8089461301970005e-09,332,1,10.435094223794856,0.9999999914356246,8.937006512610424e-08,10.435061703495192,False,False,2.4253377084448857e-12,True,True,False,REJECT_ARMIJO_CONDITION,
595,1,7,6,0.5,0.0078125,4.164821475163012e-06,0.015625,0.0005330971488208655,0.0005330971488208655,4.164821475163012e-06,3.552713678800501e-15,True,0,,4.8089461301970005e-09,332,1,10.435094268479878,0.9999999957178113,4.4685043221193155e-08,10.435078008330057,False,False,2.4253377084448857e-12,True,True,False,REJECT_ARMIJO_CONDITION,
596,1,7,7,0.5,0.0078125,4.164821475163012e-06,0.0078125,0.0005330971488208655,0.0005330971488208655,4.164821475163012e-06,3.552713678800501e-15,True,0,,4.8089461301970005e-09,332,1,10.435094290822441,0.9999999978589096,2.234247986621085e-08,10.435086160747488,False,False,2.4253377084448857e-12,True,True,False,REJECT_ARMIJO_CONDITION,
597,1,7,8,0.5,0.0078125,4.164821475163012e-06,0.00390625,0.0005330971488208655,0.0005330971488208655,4.164821475163012e-06,3.552713678800501e-15,True,0,,4.8089461301970005e-09,332,1,10.435094301993681,0.9999999989294548,1.1171239933105426e-08,10.435090236956205,False,False,2.4253377084448857e-12,True,True,False,REJECT_ARMIJO_CONDITION,
598,1,7,9,0.5,0.0078125,4.164821475163012e-06,0.001953125,0.0005330971488208655,0.0005330971488208655,4.164821475163012e-06,3.552713678800501e-15,True,0,,4.8089461301970005e-09,332,1,10.435094307579446,0.9999999994647413,5.585475193470302e-09,10.435092275060564,False,False,2.4253377084448857e-12,True,True,False,REJECT_ARMIJO_CONDITION,
599,1,7,10,0.5,0.0078125,4.164821475163012e-06,0.0009765625,0.0005330971488208655,0.0005330971488208655,4.164821475163012e-06,3.552713678800501e-15,True,0,,4.8089461301970005e-09,332,1,10.43509431037221,0.9999999997323731,2.7927118395609796e-09,10.435093294112741,False,False,2.4253377084448857e-12,True,True,False,REJECT_ARMIJO_CONDITION,
600,1,7,11,0.5,0.0078125,4.164821475163012e-06,0.00048828125,0.0005330971488208655,0.0005330971488208655,4.164821475163012e-06,3.552713678800501e-15,True,0,,4.8089461301970005e-09,332,1,10.435094311768527,0.9999999998661829,1.3963941114525369e-09,10.435093803638832,False,False,2.4253377084448857e-12,True,True,False,REJECT_ARMIJO_CONDITION,
601,1,7,12,0.5,0.0078125,4.164821475163012e-06,0.000244140625,0.0005330971488208655,0.0005330971488208655,4.164821475163012e-06,3.552713678800501e-15,True,0,,4.8089461301970005e-09,332,1,10.435094312466724,0.9999999999330914,6.981970557262684e-10,10.435094058401877,False,False,2.4253377084448857e-12,True,True,False,REJECT_ARMIJO_CONDITION,
602,1,7,13,0.5,0.0078125,4.164821475163012e-06,0.0001220703125,0.0005330971488208655,0.0005330971488208655,4.164821475163012e-06,3.552713678800501e-15,True,0,,4.8089461301970005e-09,332,1,10.435094312815895,0.9999999999665528,3.490256972327188e-10,10.435094185783399,False,False,2.4253377084448857e-12,True,True,False,REJECT_ARMIJO_CONDITION,
603,1,7,14,0.5,0.0078125,4.164821475163012e-06,6.103515625e-05,0.0005330971488208655,0.0005330971488208655,4.164821475163012e-06,3.552713678800501e-15,True,0,,4.8089461301970005e-09,332,1,10.435094312990465,0.9999999999832818,1.744560051974986e-10,10.43509424947416,False,False,2.4253377084448857e-12,True,True,False,REJECT_ARMIJO_CONDITION,
604,1,7,15,0.5,0.0078125,4.164821475163012e-06,3.0517578125e-05,0.0005330971488208655,0.0005330971488208655,4.164821475163012e-06,3.552713678800501e-15,True,0,,4.8089461301970005e-09,332,1,10.43509431307775,0.9999999999916463,8.717115917988849e-11,10.43509428131954,False,False,2.4253377084448857e-12,True,True,False,REJECT_ARMIJO_CONDITION,
605,1,7,16,0.5,0.0078125,4.164821475163012e-06,1.52587890625e-05,0.0005330971488208655,0.0005330971488208655,4.164821475163012e-06,3.552713678800501e-15,True,0,,4.8089461301970005e-09,332,1,10.435094313121294,0.9999999999958191,4.362732397567015e-11,10.43509429724223,False,False,2.4253377084448857e-12,True,True,False,REJECT_ARMIJO_CONDITION,
606,1,7,17,0.5,0.0078125,4.164821475163012e-06,7.62939453125e-06,0.0005330971488208655,0.0005330971488208655,4.164821475163012e-06,3.552713678800501e-15,True,0,,4.8089461301970005e-09,332,1,10.435094313143235,0.9999999999979219,2.1685764295398258e-11,10.435094305203576,False,False,2.4253377084448857e-12,True,True,False,REJECT_ARMIJO_CONDITION,
607,1,7,18,0.5,0.0078125,4.164821475163012e-06,3.814697265625e-06,0.0005330971488208655,0.0005330971488208655,4.164821475163012e-06,3.552713678800501e-15,True,0,,4.8089461301970005e-09,332,1,10.43509431315408,0.999999999998961,1.0841105790859729e-11,10.43509430918425,False,False,2.4253377084448857e-12,True,True,False,REJECT_ARMIJO_CONDITION,
608,1,7,19,0.5,0.0078125,4.164821475163012e-06,1.9073486328125e-06,0.0005330971488208655,0.0005330971488208655,4.164821475163012e-06,3.552713678800501e-15,True,0,,4.8089461301970005e-09,332,1,10.435094313159558,0.9999999999994861,5.362821298149356e-12,10.435094311174584,False,False,2.4253377084448857e-12,True,True,False,REJECT_ARMIJO_CONDITION,
609,1,7,20,0.5,0.0078125,4.164821475163012e-06,9.5367431640625e-07,0.0005330971488208655,0.0005330971488208655,4.164821475163012e-06,3.552713678800501e-15,True,0,,4.8089461301970005e-09,332,1,10.435094313162269,0.9999999999997459,2.652100761224574e-12,10.435094312169753,False,False,2.4253377084448857e-12,True,True,False,REJECT_ARMIJO_CONDITION,
610,1,8,0,0.5,0.00390625,2.082410737581506e-06,1.0,0.0005330971488208655,0.0005330971488208655,2.082410737581506e-06,3.552713678800501e-15,True,0,,4.8089461301970005e-09,332,1,10.435092883242952,0.9999998629699046,1.429921969275938e-06,10.434050803733605,False,False,2.4253377084448857e-12,True,True,False,REJECT_ARMIJO_CONDITION,
611,1,8,1,0.5,0.00390625,2.082410737581506e-06,0.5,0.0005330971488208655,0.0005330971488208655,2.082410737581506e-06,3.552713678800501e-15,True,0,,4.8089461301970005e-09,332,1,10.435093598204066,0.9999999314849647,7.149608549639197e-07,10.434572558449263,False,False,2.4253377084448857e-12,True,True,False,REJECT_ARMIJO_CONDITION,
612,1,8,2,0.5,0.00390625,2.082410737581506e-06,0.25,0.0005330971488208655,0.0005330971488208655,2.082410737581506e-06,3.552713678800501e-15,True,0,,4.8089461301970005e-09,332,1,10.435093955684495,0.9999999657424825,3.57480425705603e-07,10.434833435807091,False,False,2.4253377084448857e-12,True,True,False,REJECT_ARMIJO_CONDITION,
613,1,8,3,0.5,0.00390625,2.082410737581506e-06,0.125,0.0005330971488208655,0.0005330971488208655,2.082410737581506e-06,3.552713678800501e-15,True,0,,4.8089461301970005e-09,332,1,10.435094134424736,0.9999999828712439,1.787401853192705e-07,10.434963874486007,False,False,2.4253377084448857e-12,True,True,False,REJECT_ARMIJO_CONDITION,
614,1,8,4,0.5,0.00390625,2.082410737581506e-06,0.0625,0.0005330971488208655,0.0005330971488208655,2.082410737581506e-06,3.552713678800501e-15,True,0,,4.8089461301970005e-09,332,1,10.435094223794856,0.9999999914356246,8.937006512610424e-08,10.435029093825463,False,False,2.4253377084448857e-12,True,True,False,REJECT_ARMIJO_CONDITION,
615,1,8,5,0.5,0.00390625,2.082410737581506e-06,0.03125,0.0005330971488208655,0.0005330971488208655,2.082410737581506e-06,3.552713678800501e-15,True,0,,4.8089461301970005e-09,332,1,10.435094268479878,0.9999999957178113,4.4685043221193155e-08,10.435061703495192,False,False,2.4253377084448857e-12,True,True,False,REJECT_ARMIJO_CONDITION,
616,1,8,6,0.5,0.00390625,2.082410737581506e-06,0.015625,0.0005330971488208655,0.0005330971488208655,2.082410737581506e-06,3.552713678800501e-15,True,0,,4.8089461301970005e-09,332,1,10.435094290822441,0.9999999978589096,2.234247986621085e-08,10.435078008330057,False,False,2.4253377084448857e-12,True,True,False,REJECT_ARMIJO_CONDITION,
617,1,8,7,0.5,0.00390625,2.082410737581506e-06,0.0078125,0.0005330971488208655,0.0005330971488208655,2.082410737581506e-06,3.552713678800501e-15,True,0,,4.8089461301970005e-09,332,1,10.435094301993681,0.9999999989294548,1.1171239933105426e-08,10.435086160747488,False,False,2.4253377084448857e-12,True,True,False,REJECT_ARMIJO_CONDITION,
618,1,8,8,0.5,0.00390625,2.082410737581506e-06,0.00390625,0.0005330971488208655,0.0005330971488208655,2.082410737581506e-06,3.552713678800501e-15,True,0,,4.8089461301970005e-09,332,1,10.435094307579446,0.9999999994647413,5.585475193470302e-09,10.435090236956205,False,False,2.4253377084448857e-12,True,True,False,REJECT_ARMIJO_CONDITION,
619,1,8,9,0.5,0.00390625,2.082410737581506e-06,0.001953125,0.0005330971488208655,0.0005330971488208655,2.082410737581506e-06,3.552713678800501e-15,True,0,,4.8089461301970005e-09,332,1,10.43509431037221,0.9999999997323731,2.7927118395609796e-09,10.435092275060564,False,False,2.4253377084448857e-12,True,True,False,REJECT_ARMIJO_CONDITION,
620,1,8,10,0.5,0.00390625,2.082410737581506e-06,0.0009765625,0.0005330971488208655,0.0005330971488208655,2.082410737581506e-06,3.552713678800501e-15,True,0,,4.8089461301970005e-09,332,1,10.435094311768527,0.9999999998661829,1.3963941114525369e-09,10.435093294112741,False,False,2.4253377084448857e-12,True,True,False,REJECT_ARMIJO_CONDITION,
621,1,8,11,0.5,0.00390625,2.082410737581506e-06,0.00048828125,0.0005330971488208655,0.0005330971488208655,2.082410737581506e-06,3.552713678800501e-15,True,0,,4.8089461301970005e-09,332,1,10.435094312466724,0.9999999999330914,6.981970557262684e-10,10.435093803638832,False,False,2.4253377084448857e-12,True,True,False,REJECT_ARMIJO_CONDITION,
622,1,8,12,0.5,0.00390625,2.082410737581506e-06,0.000244140625,0.0005330971488208655,0.0005330971488208655,2.082410737581506e-06,3.552713678800501e-15,True,0,,4.8089461301970005e-09,332,1,10.435094312815895,0.9999999999665528,3.490256972327188e-10,10.435094058401877,False,False,2.4253377084448857e-12,True,True,False,REJECT_ARMIJO_CONDITION,
623,1,8,13,0.5,0.00390625,2.082410737581506e-06,0.0001220703125,0.0005330971488208655,0.0005330971488208655,2.082410737581506e-06,3.552713678800501e-15,True,0,,4.8089461301970005e-09,332,1,10.435094312990465,0.9999999999832818,1.744560051974986e-10,10.435094185783399,False,False,2.4253377084448857e-12,True,True,False,REJECT_ARMIJO_CONDITION,
624,1,8,14,0.5,0.00390625,2.082410737581506e-06,6.103515625e-05,0.0005330971488208655,0.0005330971488208655,2.082410737581506e-06,3.552713678800501e-15,True,0,,4.8089461301970005e-09,332,1,10.43509431307775,0.9999999999916463,8.717115917988849e-11,10.43509424947416,False,False,2.4253377084448857e-12,True,True,False,REJECT_ARMIJO_CONDITION,
625,1,8,15,0.5,0.00390625,2.082410737581506e-06,3.0517578125e-05,0.0005330971488208655,0.0005330971488208655,2.082410737581506e-06,3.552713678800501e-15,True,0,,4.8089461301970005e-09,332,1,10.435094313121294,0.9999999999958191,4.362732397567015e-11,10.43509428131954,False,False,2.4253377084448857e-12,True,True,False,REJECT_ARMIJO_CONDITION,
626,1,8,16,0.5,0.00390625,2.082410737581506e-06,1.52587890625e-05,0.0005330971488208655,0.0005330971488208655,2.082410737581506e-06,3.552713678800501e-15,True,0,,4.8089461301970005e-09,332,1,10.435094313143235,0.9999999999979219,2.1685764295398258e-11,10.43509429724223,False,False,2.4253377084448857e-12,True,True,False,REJECT_ARMIJO_CONDITION,
627,1,8,17,0.5,0.00390625,2.082410737581506e-06,7.62939453125e-06,0.0005330971488208655,0.0005330971488208655,2.082410737581506e-06,3.552713678800501e-15,True,0,,4.8089461301970005e-09,332,1,10.43509431315408,0.999999999998961,1.0841105790859729e-11,10.435094305203576,False,False,2.4253377084448857e-12,True,True,False,REJECT_ARMIJO_CONDITION,
628,1,8,18,0.5,0.00390625,2.082410737581506e-06,3.814697265625e-06,0.0005330971488208655,0.0005330971488208655,2.082410737581506e-06,3.552713678800501e-15,True,0,,4.8089461301970005e-09,332,1,10.435094313159558,0.9999999999994861,5.362821298149356e-12,10.43509430918425,False,False,2.4253377084448857e-12,True,True,False,REJECT_ARMIJO_CONDITION,
629,1,8,19,0.5,0.00390625,2.082410737581506e-06,1.9073486328125e-06,0.0005330971488208655,0.0005330971488208655,2.082410737581506e-06,3.552713678800501e-15,True,0,,4.8089461301970005e-09,332,1,10.435094313162269,0.9999999999997459,2.652100761224574e-12,10.435094311174584,False,False,2.4253377084448857e-12,True,True,False,REJECT_ARMIJO_CONDITION,
630,1,8,20,0.5,0.00390625,2.082410737581506e-06,9.5367431640625e-07,0.0005330971488208655,0.0005330971488208655,2.082410737581506e-06,3.552713678800501e-15,True,0,,4.8089461301970005e-09,332,1,10.435094313163624,0.9999999999998758,1.2967404927621828e-12,10.435094312169753,False,False,2.4253377084448857e-12,True,True,False,REJECT_ARMIJO_CONDITION,
631,1,9,0,0.5,0.001953125,1.041205368790753e-06,1.0,0.0005330971488208655,0.0005330971488208655,1.041205368790753e-06,3.552713678800501e-15,True,0,,4.8089461301970005e-09,332,1,10.435093598204066,0.9999999314849647,7.149608549639197e-07,10.434050803733605,False,False,2.4253377084448857e-12,True,True,False,REJECT_ARMIJO_CONDITION,
632,1,9,1,0.5,0.001953125,1.041205368790753e-06,0.5,0.0005330971488208655,0.0005330971488208655,1.041205368790753e-06,3.552713678800501e-15,True,0,,4.8089461301970005e-09,332,1,10.435093955684495,0.9999999657424825,3.57480425705603e-07,10.434572558449263,False,False,2.4253377084448857e-12,True,True,False,REJECT_ARMIJO_CONDITION,
633,1,9,2,0.5,0.001953125,1.041205368790753e-06,0.25,0.0005330971488208655,0.0005330971488208655,1.041205368790753e-06,3.552713678800501e-15,True,0,,4.8089461301970005e-09,332,1,10.435094134424736,0.9999999828712439,1.787401853192705e-07,10.434833435807091,False,False,2.4253377084448857e-12,True,True,False,REJECT_ARMIJO_CONDITION,
634,1,9,3,0.5,0.001953125,1.041205368790753e-06,0.125,0.0005330971488208655,0.0005330971488208655,1.041205368790753e-06,3.552713678800501e-15,True,0,,4.8089461301970005e-09,332,1,10.435094223794856,0.9999999914356246,8.937006512610424e-08,10.434963874486007,False,False,2.4253377084448857e-12,True,True,False,REJECT_ARMIJO_CONDITION,
635,1,9,4,0.5,0.001953125,1.041205368790753e-06,0.0625,0.0005330971488208655,0.0005330971488208655,1.041205368790753e-06,3.552713678800501e-15,True,0,,4.8089461301970005e-09,332,1,10.435094268479878,0.9999999957178113,4.4685043221193155e-08,10.435029093825463,False,False,2.4253377084448857e-12,True,True,False,REJECT_ARMIJO_CONDITION,
636,1,9,5,0.5,0.001953125,1.041205368790753e-06,0.03125,0.0005330971488208655,0.0005330971488208655,1.041205368790753e-06,3.552713678800501e-15,True,0,,4.8089461301970005e-09,332,1,10.435094290822441,0.9999999978589096,2.234247986621085e-08,10.435061703495192,False,False,2.4253377084448857e-12,True,True,False,REJECT_ARMIJO_CONDITION,
637,1,9,6,0.5,0.001953125,1.041205368790753e-06,0.015625,0.0005330971488208655,0.0005330971488208655,1.041205368790753e-06,3.552713678800501e-15,True,0,,4.8089461301970005e-09,332,1,10.435094301993681,0.9999999989294548,1.1171239933105426e-08,10.435078008330057,False,False,2.4253377084448857e-12,True,True,False,REJECT_ARMIJO_CONDITION,
638,1,9,7,0.5,0.001953125,1.041205368790753e-06,0.0078125,0.0005330971488208655,0.0005330971488208655,1.041205368790753e-06,3.552713678800501e-15,True,0,,4.8089461301970005e-09,332,1,10.435094307579446,0.9999999994647413,5.585475193470302e-09,10.435086160747488,False,False,2.4253377084448857e-12,True,True,False,REJECT_ARMIJO_CONDITION,
639,1,9,8,0.5,0.001953125,1.041205368790753e-06,0.00390625,0.0005330971488208655,0.0005330971488208655,1.041205368790753e-06,3.552713678800501e-15,True,0,,4.8089461301970005e-09,332,1,10.43509431037221,0.9999999997323731,2.7927118395609796e-09,10.435090236956205,False,False,2.4253377084448857e-12,True,True,False,REJECT_ARMIJO_CONDITION,
640,1,9,9,0.5,0.001953125,1.041205368790753e-06,0.001953125,0.0005330971488208655,0.0005330971488208655,1.041205368790753e-06,3.552713678800501e-15,True,0,,4.8089461301970005e-09,332,1,10.435094311768527,0.9999999998661829,1.3963941114525369e-09,10.435092275060564,False,False,2.4253377084448857e-12,True,True,False,REJECT_ARMIJO_CONDITION,
641,1,9,10,0.5,0.001953125,1.041205368790753e-06,0.0009765625,0.0005330971488208655,0.0005330971488208655,1.041205368790753e-06,3.552713678800501e-15,True,0,,4.8089461301970005e-09,332,1,10.435094312466724,0.9999999999330914,6.981970557262684e-10,10.435093294112741,False,False,2.4253377084448857e-12,True,True,False,REJECT_ARMIJO_CONDITION,
642,1,9,11,0.5,0.001953125,1.041205368790753e-06,0.00048828125,0.0005330971488208655,0.0005330971488208655,1.041205368790753e-06,3.552713678800501e-15,True,0,,4.8089461301970005e-09,332,1,10.435094312815895,0.9999999999665528,3.490256972327188e-10,10.435093803638832,False,False,2.4253377084448857e-12,True,True,False,REJECT_ARMIJO_CONDITION,
643,1,9,12,0.5,0.001953125,1.041205368790753e-06,0.000244140625,0.0005330971488208655,0.0005330971488208655,1.041205368790753e-06,3.552713678800501e-15,True,0,,4.8089461301970005e-09,332,1,10.435094312990465,0.9999999999832818,1.744560051974986e-10,10.435094058401877,False,False,2.4253377084448857e-12,True,True,False,REJECT_ARMIJO_CONDITION,
644,1,9,13,0.5,0.001953125,1.041205368790753e-06,0.0001220703125,0.0005330971488208655,0.0005330971488208655,1.041205368790753e-06,3.552713678800501e-15,True,0,,4.8089461301970005e-09,332,1,10.43509431307775,0.9999999999916463,8.717115917988849e-11,10.435094185783399,False,False,2.4253377084448857e-12,True,True,False,REJECT_ARMIJO_CONDITION,
645,1,9,14,0.5,0.001953125,1.041205368790753e-06,6.103515625e-05,0.0005330971488208655,0.0005330971488208655,1.041205368790753e-06,3.552713678800501e-15,True,0,,4.8089461301970005e-09,332,1,10.435094313121294,0.9999999999958191,4.362732397567015e-11,10.43509424947416,False,False,2.4253377084448857e-12,True,True,False,REJECT_ARMIJO_CONDITION,
646,1,9,15,0.5,0.001953125,1.041205368790753e-06,3.0517578125e-05,0.0005330971488208655,0.0005330971488208655,1.041205368790753e-06,3.552713678800501e-15,True,0,,4.8089461301970005e-09,332,1,10.435094313143235,0.9999999999979219,2.1685764295398258e-11,10.43509428131954,False,False,2.4253377084448857e-12,True,True,False,REJECT_ARMIJO_CONDITION,
647,1,9,16,0.5,0.001953125,1.041205368790753e-06,1.52587890625e-05,0.0005330971488208655,0.0005330971488208655,1.041205368790753e-06,3.552713678800501e-15,True,0,,4.8089461301970005e-09,332,1,10.43509431315408,0.999999999998961,1.0841105790859729e-11,10.43509429724223,False,False,2.4253377084448857e-12,True,True,False,REJECT_ARMIJO_CONDITION,
648,1,9,17,0.5,0.001953125,1.041205368790753e-06,7.62939453125e-06,0.0005330971488208655,0.0005330971488208655,1.041205368790753e-06,3.552713678800501e-15,True,0,,4.8089461301970005e-09,332,1,10.435094313159558,0.9999999999994861,5.362821298149356e-12,10.435094305203576,False,False,2.4253377084448857e-12,True,True,False,REJECT_ARMIJO_CONDITION,
649,1,9,18,0.5,0.001953125,1.041205368790753e-06,3.814697265625e-06,0.0005330971488208655,0.0005330971488208655,1.041205368790753e-06,3.552713678800501e-15,True,0,,4.8089461301970005e-09,332,1,10.435094313162269,0.9999999999997459,2.652100761224574e-12,10.43509430918425,False,False,2.4253377084448857e-12,True,True,False,REJECT_ARMIJO_CONDITION,
650,1,9,19,0.5,0.001953125,1.041205368790753e-06,1.9073486328125e-06,0.0005330971488208655,0.0005330971488208655,1.041205368790753e-06,3.552713678800501e-15,True,0,,4.8089461301970005e-09,332,1,10.435094313163624,0.9999999999998758,1.2967404927621828e-12,10.435094311174584,False,False,2.4253377084448857e-12,True,True,False,REJECT_ARMIJO_CONDITION,
651,1,9,20,0.5,0.001953125,1.041205368790753e-06,9.5367431640625e-07,0.0005330971488208655,0.0005330971488208655,1.041205368790753e-06,3.552713678800501e-15,True,0,,4.8089461301970005e-09,332,1,10.4350943131644,0.9999999999999502,5.204725539442734e-13,10.435094312169753,False,False,2.4253377084448857e-12,True,True,False,REJECT_ABSOLUTE_DECREASE_BELOW_FLOOR,
652,1,10,0,0.5,0.0009765625,5.206026843953765e-07,1.0,0.0005330971488208655,0.0005330971488208655,5.206026843953765e-07,3.552713678800501e-15,True,0,,4.8089461301970005e-09,332,1,10.435093955684495,0.9999999657424825,3.57480425705603e-07,10.434050803733605,False,False,2.4253377084448857e-12,True,True,False,REJECT_ARMIJO_CONDITION,
653,1,10,1,0.5,0.0009765625,5.206026843953765e-07,0.5,0.0005330971488208655,0.0005330971488208655,5.206026843953765e-07,3.552713678800501e-15,True,0,,4.8089461301970005e-09,332,1,10.435094134424736,0.9999999828712439,1.787401853192705e-07,10.434572558449263,False,False,2.4253377084448857e-12,True,True,False,REJECT_ARMIJO_CONDITION,
654,1,10,2,0.5,0.0009765625,5.206026843953765e-07,0.25,0.0005330971488208655,0.0005330971488208655,5.206026843953765e-07,3.552713678800501e-15,True,0,,4.8089461301970005e-09,332,1,10.435094223794856,0.9999999914356246,8.937006512610424e-08,10.434833435807091,False,False,2.4253377084448857e-12,True,True,False,REJECT_ARMIJO_CONDITION,
655,1,10,3,0.5,0.0009765625,5.206026843953765e-07,0.125,0.0005330971488208655,0.0005330971488208655,5.206026843953765e-07,3.552713678800501e-15,True,0,,4.8089461301970005e-09,332,1,10.435094268479878,0.9999999957178113,4.4685043221193155e-08,10.434963874486007,False,False,2.4253377084448857e-12,True,True,False,REJECT_ARMIJO_CONDITION,
656,1,10,4,0.5,0.0009765625,5.206026843953765e-07,0.0625,0.0005330971488208655,0.0005330971488208655,5.206026843953765e-07,3.552713678800501e-15,True,0,,4.8089461301970005e-09,332,1,10.435094290822441,0.9999999978589096,2.234247986621085e-08,10.435029093825463,False,False,2.4253377084448857e-12,True,True,False,REJECT_ARMIJO_CONDITION,
657,1,10,5,0.5,0.0009765625,5.206026843953765e-07,0.03125,0.0005330971488208655,0.0005330971488208655,5.206026843953765e-07,3.552713678800501e-15,True,0,,4.8089461301970005e-09,332,1,10.435094301993681,0.9999999989294548,1.1171239933105426e-08,10.435061703495192,False,False,2.4253377084448857e-12,True,True,False,REJECT_ARMIJO_CONDITION,
658,1,10,6,0.5,0.0009765625,5.206026843953765e-07,0.015625,0.0005330971488208655,0.0005330971488208655,5.206026843953765e-07,3.552713678800501e-15,True,0,,4.8089461301970005e-09,332,1,10.435094307579446,0.9999999994647413,5.585475193470302e-09,10.435078008330057,False,False,2.4253377084448857e-12,True,True,False,REJECT_ARMIJO_CONDITION,
659,1,10,7,0.5,0.0009765625,5.206026843953765e-07,0.0078125,0.0005330971488208655,0.0005330971488208655,5.206026843953765e-07,3.552713678800501e-15,True,0,,4.8089461301970005e-09,332,1,10.43509431037221,0.9999999997323731,2.7927118395609796e-09,10.435086160747488,False,False,2.4253377084448857e-12,True,True,False,REJECT_ARMIJO_CONDITION,
660,1,10,8,0.5,0.0009765625,5.206026843953765e-07,0.00390625,0.0005330971488208655,0.0005330971488208655,5.206026843953765e-07,3.552713678800501e-15,True,0,,4.8089461301970005e-09,332,1,10.435094311768527,0.9999999998661829,1.3963941114525369e-09,10.435090236956205,False,False,2.4253377084448857e-12,True,True,False,REJECT_ARMIJO_CONDITION,
661,1,10,9,0.5,0.0009765625,5.206026843953765e-07,0.001953125,0.0005330971488208655,0.0005330971488208655,5.206026843953765e-07,3.552713678800501e-15,True,0,,4.8089461301970005e-09,332,1,10.435094312466724,0.9999999999330914,6.981970557262684e-10,10.435092275060564,False,False,2.4253377084448857e-12,True,True,False,REJECT_ARMIJO_CONDITION,
662,1,10,10,0.5,0.0009765625,5.206026843953765e-07,0.0009765625,0.0005330971488208655,0.0005330971488208655,5.206026843953765e-07,3.552713678800501e-15,True,0,,4.8089461301970005e-09,332,1,10.435094312815895,0.9999999999665528,3.490256972327188e-10,10.435093294112741,False,False,2.4253377084448857e-12,True,True,False,REJECT_ARMIJO_CONDITION,
663,1,10,11,0.5,0.0009765625,5.206026843953765e-07,0.00048828125,0.0005330971488208655,0.0005330971488208655,5.206026843953765e-07,3.552713678800501e-15,True,0,,4.8089461301970005e-09,332,1,10.435094312990465,0.9999999999832818,1.744560051974986e-10,10.435093803638832,False,False,2.4253377084448857e-12,True,True,False,REJECT_ARMIJO_CONDITION,
664,1,10,12,0.5,0.0009765625,5.206026843953765e-07,0.000244140625,0.0005330971488208655,0.0005330971488208655,5.206026843953765e-07,3.552713678800501e-15,True,0,,4.8089461301970005e-09,332,1,10.43509431307775,0.9999999999916463,8.717115917988849e-11,10.435094058401877,False,False,2.4253377084448857e-12,True,True,False,REJECT_ARMIJO_CONDITION,
665,1,10,13,0.5,0.0009765625,5.206026843953765e-07,0.0001220703125,0.0005330971488208655,0.0005330971488208655,5.206026843953765e-07,3.552713678800501e-15,True,0,,4.8089461301970005e-09,332,1,10.435094313121294,0.9999999999958191,4.362732397567015e-11,10.435094185783399,False,False,2.4253377084448857e-12,True,True,False,REJECT_ARMIJO_CONDITION,
666,1,10,14,0.5,0.0009765625,5.206026843953765e-07,6.103515625e-05,0.0005330971488208655,0.0005330971488208655,5.206026843953765e-07,3.552713678800501e-15,True,0,,4.8089461301970005e-09,332,1,10.435094313143235,0.9999999999979219,2.1685764295398258e-11,10.43509424947416,False,False,2.4253377084448857e-12,True,True,False,REJECT_ARMIJO_CONDITION,
667,1,10,15,0.5,0.0009765625,5.206026843953765e-07,3.0517578125e-05,0.0005330971488208655,0.0005330971488208655,5.206026843953765e-07,3.552713678800501e-15,True,0,,4.8089461301970005e-09,332,1,10.43509431315408,0.999999999998961,1.0841105790859729e-11,10.43509428131954,False,False,2.4253377084448857e-12,True,True,False,REJECT_ARMIJO_CONDITION,
668,1,10,16,0.5,0.0009765625,5.206026843953765e-07,1.52587890625e-05,0.0005330971488208655,0.0005330971488208655,5.206026843953765e-07,3.552713678800501e-15,True,0,,4.8089461301970005e-09,332,1,10.435094313159558,0.9999999999994861,5.362821298149356e-12,10.43509429724223,False,False,2.4253377084448857e-12,True,True,False,REJECT_ARMIJO_CONDITION,
669,1,10,17,0.5,0.0009765625,5.206026843953765e-07,7.62939453125e-06,0.0005330971488208655,0.0005330971488208655,5.206026843953765e-07,3.552713678800501e-15,True,0,,4.8089461301970005e-09,332,1,10.435094313162269,0.9999999999997459,2.652100761224574e-12,10.435094305203576,False,False,2.4253377084448857e-12,True,True,False,REJECT_ARMIJO_CONDITION,
670,1,10,18,0.5,0.0009765625,5.206026843953765e-07,3.814697265625e-06,0.0005330971488208655,0.0005330971488208655,5.206026843953765e-07,3.552713678800501e-15,True,0,,4.8089461301970005e-09,332,1,10.435094313163624,0.9999999999998758,1.2967404927621828e-12,10.43509430918425,False,False,2.4253377084448857e-12,True,True,False,REJECT_ARMIJO_CONDITION,
671,1,10,19,0.5,0.0009765625,5.206026843953765e-07,1.9073486328125e-06,0.0005330971488208655,0.0005330971488208655,5.206026843953765e-07,3.552713678800501e-15,True,0,,4.8089461301970005e-09,332,1,10.4350943131644,0.9999999999999502,5.204725539442734e-13,10.435094311174584,False,False,2.4253377084448857e-12,True,True,False,REJECT_ABSOLUTE_DECREASE_BELOW_FLOOR,
672,1,10,20,0.5,0.0009765625,5.206026843953765e-07,9.5367431640625e-07,0.0005330971488208655,0.0005330971488208655,5.206026843953765e-07,3.552713678800501e-15,True,0,,4.8089461301970005e-09,332,1,10.435094313164662,0.9999999999999751,2.5934809855243657e-13,10.435094312169753,False,False,2.4253377084448857e-12,True,True,False,REJECT_ABSOLUTE_DECREASE_BELOW_FLOOR,
673,1,11,0,0.5,0.00048828125,2.6030134219768824e-07,1.0,0.0005330971488208655,0.0005330971488208655,2.6030134219768824e-07,3.552713678800501e-15,True,0,,4.8089461301970005e-09,332,1,10.435094134424736,0.9999999828712439,1.787401853192705e-07,10.434050803733605,False,False,2.4253377084448857e-12,True,True,False,REJECT_ARMIJO_CONDITION,
674,1,11,1,0.5,0.00048828125,2.6030134219768824e-07,0.5,0.0005330971488208655,0.0005330971488208655,2.6030134219768824e-07,3.552713678800501e-15,True,0,,4.8089461301970005e-09,332,1,10.435094223794856,0.9999999914356246,8.937006512610424e-08,10.434572558449263,False,False,2.4253377084448857e-12,True,True,False,REJECT_ARMIJO_CONDITION,
675,1,11,2,0.5,0.00048828125,2.6030134219768824e-07,0.25,0.0005330971488208655,0.0005330971488208655,2.6030134219768824e-07,3.552713678800501e-15,True,0,,4.8089461301970005e-09,332,1,10.435094268479878,0.9999999957178113,4.4685043221193155e-08,10.434833435807091,False,False,2.4253377084448857e-12,True,True,False,REJECT_ARMIJO_CONDITION,
676,1,11,3,0.5,0.00048828125,2.6030134219768824e-07,0.125,0.0005330971488208655,0.0005330971488208655,2.6030134219768824e-07,3.552713678800501e-15,True,0,,4.8089461301970005e-09,332,1,10.435094290822441,0.9999999978589096,2.234247986621085e-08,10.434963874486007,False,False,2.4253377084448857e-12,True,True,False,REJECT_ARMIJO_CONDITION,
677,1,11,4,0.5,0.00048828125,2.6030134219768824e-07,0.0625,0.0005330971488208655,0.0005330971488208655,2.6030134219768824e-07,3.552713678800501e-15,True,0,,4.8089461301970005e-09,332,1,10.435094301993681,0.9999999989294548,1.1171239933105426e-08,10.435029093825463,False,False,2.4253377084448857e-12,True,True,False,REJECT_ARMIJO_CONDITION,
678,1,11,5,0.5,0.00048828125,2.6030134219768824e-07,0.03125,0.0005330971488208655,0.0005330971488208655,2.6030134219768824e-07,3.552713678800501e-15,True,0,,4.8089461301970005e-09,332,1,10.435094307579446,0.9999999994647413,5.585475193470302e-09,10.435061703495192,False,False,2.4253377084448857e-12,True,True,False,REJECT_ARMIJO_CONDITION,
679,1,11,6,0.5,0.00048828125,2.6030134219768824e-07,0.015625,0.0005330971488208655,0.0005330971488208655,2.6030134219768824e-07,3.552713678800501e-15,True,0,,4.8089461301970005e-09,332,1,10.43509431037221,0.9999999997323731,2.7927118395609796e-09,10.435078008330057,False,False,2.4253377084448857e-12,True,True,False,REJECT_ARMIJO_CONDITION,
680,1,11,7,0.5,0.00048828125,2.6030134219768824e-07,0.0078125,0.0005330971488208655,0.0005330971488208655,2.6030134219768824e-07,3.552713678800501e-15,True,0,,4.8089461301970005e-09,332,1,10.435094311768527,0.9999999998661829,1.3963941114525369e-09,10.435086160747488,False,False,2.4253377084448857e-12,True,True,False,REJECT_ARMIJO_CONDITION,
681,1,11,8,0.5,0.00048828125,2.6030134219768824e-07,0.00390625,0.0005330971488208655,0.0005330971488208655,2.6030134219768824e-07,3.552713678800501e-15,True,0,,4.8089461301970005e-09,332,1,10.435094312466724,0.9999999999330914,6.981970557262684e-10,10.435090236956205,False,False,2.4253377084448857e-12,True,True,False,REJECT_ARMIJO_CONDITION,
682,1,11,9,0.5,0.00048828125,2.6030134219768824e-07,0.001953125,0.0005330971488208655,0.0005330971488208655,2.6030134219768824e-07,3.552713678800501e-15,True,0,,4.8089461301970005e-09,332,1,10.435094312815895,0.9999999999665528,3.490256972327188e-10,10.435092275060564,False,False,2.4253377084448857e-12,True,True,False,REJECT_ARMIJO_CONDITION,
683,1,11,10,0.5,0.00048828125,2.6030134219768824e-07,0.0009765625,0.0005330971488208655,0.0005330971488208655,2.6030134219768824e-07,3.552713678800501e-15,True,0,,4.8089461301970005e-09,332,1,10.435094312990465,0.9999999999832818,1.744560051974986e-10,10.435093294112741,False,False,2.4253377084448857e-12,True,True,False,REJECT_ARMIJO_CONDITION,
684,1,11,11,0.5,0.00048828125,2.6030134219768824e-07,0.00048828125,0.0005330971488208655,0.0005330971488208655,2.6030134219768824e-07,3.552713678800501e-15,True,0,,4.8089461301970005e-09,332,1,10.43509431307775,0.9999999999916463,8.717115917988849e-11,10.435093803638832,False,False,2.4253377084448857e-12,True,True,False,REJECT_ARMIJO_CONDITION,
685,1,11,12,0.5,0.00048828125,2.6030134219768824e-07,0.000244140625,0.0005330971488208655,0.0005330971488208655,2.6030134219768824e-07,3.552713678800501e-15,True,0,,4.8089461301970005e-09,332,1,10.435094313121294,0.9999999999958191,4.362732397567015e-11,10.435094058401877,False,False,2.4253377084448857e-12,True,True,False,REJECT_ARMIJO_CONDITION,
686,1,11,13,0.5,0.00048828125,2.6030134219768824e-07,0.0001220703125,0.0005330971488208655,0.0005330971488208655,2.6030134219768824e-07,3.552713678800501e-15,True,0,,4.8089461301970005e-09,332,1,10.435094313143235,0.9999999999979219,2.1685764295398258e-11,10.435094185783399,False,False,2.4253377084448857e-12,True,True,False,REJECT_ARMIJO_CONDITION,
687,1,11,14,0.5,0.00048828125,2.6030134219768824e-07,6.103515625e-05,0.0005330971488208655,0.0005330971488208655,2.6030134219768824e-07,3.552713678800501e-15,True,0,,4.8089461301970005e-09,332,1,10.43509431315408,0.999999999998961,1.0841105790859729e-11,10.43509424947416,False,False,2.4253377084448857e-12,True,True,False,REJECT_ARMIJO_CONDITION,
688,1,11,15,0.5,0.00048828125,2.6030134219768824e-07,3.0517578125e-05,0.0005330971488208655,0.0005330971488208655,2.6030134219768824e-07,3.552713678800501e-15,True,0,,4.8089461301970005e-09,332,1,10.435094313159558,0.9999999999994861,5.362821298149356e-12,10.43509428131954,False,False,2.4253377084448857e-12,True,True,False,REJECT_ARMIJO_CONDITION,
689,1,11,16,0.5,0.00048828125,2.6030134219768824e-07,1.52587890625e-05,0.0005330971488208655,0.0005330971488208655,2.6030134219768824e-07,3.552713678800501e-15,True,0,,4.8089461301970005e-09,332,1,10.435094313162269,0.9999999999997459,2.652100761224574e-12,10.43509429724223,False,False,2.4253377084448857e-12,True,True,False,REJECT_ARMIJO_CONDITION,
690,1,11,17,0.5,0.00048828125,2.6030134219768824e-07,7.62939453125e-06,0.0005330971488208655,0.0005330971488208655,2.6030134219768824e-07,3.552713678800501e-15,True,0,,4.8089461301970005e-09,332,1,10.435094313163624,0.9999999999998758,1.2967404927621828e-12,10.435094305203576,False,False,2.4253377084448857e-12,True,True,False,REJECT_ARMIJO_CONDITION,
691,1,11,18,0.5,0.00048828125,2.6030134219768824e-07,3.814697265625e-06,0.0005330971488208655,0.0005330971488208655,2.6030134219768824e-07,3.552713678800501e-15,True,0,,4.8089461301970005e-09,332,1,10.4350943131644,0.9999999999999502,5.204725539442734e-13,10.43509430918425,False,False,2.4253377084448857e-12,True,True,False,REJECT_ABSOLUTE_DECREASE_BELOW_FLOOR,
692,1,11,19,0.5,0.00048828125,2.6030134219768824e-07,1.9073486328125e-06,0.0005330971488208655,0.0005330971488208655,2.6030134219768824e-07,3.552713678800501e-15,True,0,,4.8089461301970005e-09,332,1,10.435094313164662,0.9999999999999751,2.5934809855243657e-13,10.435094311174584,False,False,2.4253377084448857e-12,True,True,False,REJECT_ABSOLUTE_DECREASE_BELOW_FLOOR,
693,1,11,20,0.5,0.00048828125,2.6030134219768824e-07,9.5367431640625e-07,0.0005330971488208655,0.0005330971488208655,2.6030134219768824e-07,3.552713678800501e-15,True,0,,4.8089461301970005e-09,332,1,10.435094313164777,0.9999999999999862,1.438849039914203e-13,10.435094312169753,False,False,2.4253377084448857e-12,True,True,False,REJECT_ABSOLUTE_DECREASE_BELOW_FLOOR,
694,1,12,0,0.5,0.000244140625,1.3015067109884412e-07,1.0,0.0005330971488208655,0.0005330971488208655,1.3015067109884412e-07,3.552713678800501e-15,True,0,,4.8089461301970005e-09,332,1,10.435094223794856,0.9999999914356246,8.937006512610424e-08,10.434050803733605,False,False,2.4253377084448857e-12,True,True,False,REJECT_ARMIJO_CONDITION,
695,1,12,1,0.5,0.000244140625,1.3015067109884412e-07,0.5,0.0005330971488208655,0.0005330971488208655,1.3015067109884412e-07,3.552713678800501e-15,True,0,,4.8089461301970005e-09,332,1,10.435094268479878,0.9999999957178113,4.4685043221193155e-08,10.434572558449263,False,False,2.4253377084448857e-12,True,True,False,REJECT_ARMIJO_CONDITION,
696,1,12,2,0.5,0.000244140625,1.3015067109884412e-07,0.25,0.0005330971488208655,0.0005330971488208655,1.3015067109884412e-07,3.552713678800501e-15,True,0,,4.8089461301970005e-09,332,1,10.435094290822441,0.9999999978589096,2.234247986621085e-08,10.434833435807091,False,False,2.4253377084448857e-12,True,True,False,REJECT_ARMIJO_CONDITION,
697,1,12,3,0.5,0.000244140625,1.3015067109884412e-07,0.125,0.0005330971488208655,0.0005330971488208655,1.3015067109884412e-07,3.552713678800501e-15,True,0,,4.8089461301970005e-09,332,1,10.435094301993681,0.9999999989294548,1.1171239933105426e-08,10.434963874486007,False,False,2.4253377084448857e-12,True,True,False,REJECT_ARMIJO_CONDITION,
698,1,12,4,0.5,0.000244140625,1.3015067109884412e-07,0.0625,0.0005330971488208655,0.0005330971488208655,1.3015067109884412e-07,3.552713678800501e-15,True,0,,4.8089461301970005e-09,332,1,10.435094307579446,0.9999999994647413,5.585475193470302e-09,10.435029093825463,False,False,2.4253377084448857e-12,True,True,False,REJECT_ARMIJO_CONDITION,
699,1,12,5,0.5,0.000244140625,1.3015067109884412e-07,0.03125,0.0005330971488208655,0.0005330971488208655,1.3015067109884412e-07,3.552713678800501e-15,True,0,,4.8089461301970005e-09,332,1,10.43509431037221,0.9999999997323731,2.7927118395609796e-09,10.435061703495192,False,False,2.4253377084448857e-12,True,True,False,REJECT_ARMIJO_CONDITION,
700,1,12,6,0.5,0.000244140625,1.3015067109884412e-07,0.015625,0.0005330971488208655,0.0005330971488208655,1.3015067109884412e-07,3.552713678800501e-15,True,0,,4.8089461301970005e-09,332,1,10.435094311768527,0.9999999998661829,1.3963941114525369e-09,10.435078008330057,False,False,2.4253377084448857e-12,True,True,False,REJECT_ARMIJO_CONDITION,
701,1,12,7,0.5,0.000244140625,1.3015067109884412e-07,0.0078125,0.0005330971488208655,0.0005330971488208655,1.3015067109884412e-07,3.552713678800501e-15,True,0,,4.8089461301970005e-09,332,1,10.435094312466724,0.9999999999330914,6.981970557262684e-10,10.435086160747488,False,False,2.4253377084448857e-12,True,True,False,REJECT_ARMIJO_CONDITION,
702,1,12,8,0.5,0.000244140625,1.3015067109884412e-07,0.00390625,0.0005330971488208655,0.0005330971488208655,1.3015067109884412e-07,3.552713678800501e-15,True,0,,4.8089461301970005e-09,332,1,10.435094312815895,0.9999999999665528,3.490256972327188e-10,10.435090236956205,False,False,2.4253377084448857e-12,True,True,False,REJECT_ARMIJO_CONDITION,
703,1,12,9,0.5,0.000244140625,1.3015067109884412e-07,0.001953125,0.0005330971488208655,0.0005330971488208655,1.3015067109884412e-07,3.552713678800501e-15,True,0,,4.8089461301970005e-09,332,1,10.435094312990465,0.9999999999832818,1.744560051974986e-10,10.435092275060564,False,False,2.4253377084448857e-12,True,True,False,REJECT_ARMIJO_CONDITION,
704,1,12,10,0.5,0.000244140625,1.3015067109884412e-07,0.0009765625,0.0005330971488208655,0.0005330971488208655,1.3015067109884412e-07,3.552713678800501e-15,True,0,,4.8089461301970005e-09,332,1,10.43509431307775,0.9999999999916463,8.717115917988849e-11,10.435093294112741,False,False,2.4253377084448857e-12,True,True,False,REJECT_ARMIJO_CONDITION,
705,1,12,11,0.5,0.000244140625,1.3015067109884412e-07,0.00048828125,0.0005330971488208655,0.0005330971488208655,1.3015067109884412e-07,3.552713678800501e-15,True,0,,4.8089461301970005e-09,332,1,10.435094313121294,0.9999999999958191,4.362732397567015e-11,10.435093803638832,False,False,2.4253377084448857e-12,True,True,False,REJECT_ARMIJO_CONDITION,
706,1,12,12,0.5,0.000244140625,1.3015067109884412e-07,0.000244140625,0.0005330971488208655,0.0005330971488208655,1.3015067109884412e-07,3.552713678800501e-15,True,0,,4.8089461301970005e-09,332,1,10.435094313143235,0.9999999999979219,2.1685764295398258e-11,10.435094058401877,False,False,2.4253377084448857e-12,True,True,False,REJECT_ARMIJO_CONDITION,
707,1,12,13,0.5,0.000244140625,1.3015067109884412e-07,0.0001220703125,0.0005330971488208655,0.0005330971488208655,1.3015067109884412e-07,3.552713678800501e-15,True,0,,4.8089461301970005e-09,332,1,10.43509431315408,0.999999999998961,1.0841105790859729e-11,10.435094185783399,False,False,2.4253377084448857e-12,True,True,False,REJECT_ARMIJO_CONDITION,
708,1,12,14,0.5,0.000244140625,1.3015067109884412e-07,6.103515625e-05,0.0005330971488208655,0.0005330971488208655,1.3015067109884412e-07,3.552713678800501e-15,True,0,,4.8089461301970005e-09,332,1,10.435094313159558,0.9999999999994861,5.362821298149356e-12,10.43509424947416,False,False,2.4253377084448857e-12,True,True,False,REJECT_ARMIJO_CONDITION,
709,1,12,15,0.5,0.000244140625,1.3015067109884412e-07,3.0517578125e-05,0.0005330971488208655,0.0005330971488208655,1.3015067109884412e-07,3.552713678800501e-15,True,0,,4.8089461301970005e-09,332,1,10.435094313162269,0.9999999999997459,2.652100761224574e-12,10.43509428131954,False,False,2.4253377084448857e-12,True,True,False,REJECT_ARMIJO_CONDITION,
710,1,12,16,0.5,0.000244140625,1.3015067109884412e-07,1.52587890625e-05,0.0005330971488208655,0.0005330971488208655,1.3015067109884412e-07,3.552713678800501e-15,True,0,,4.8089461301970005e-09,332,1,10.435094313163624,0.9999999999998758,1.2967404927621828e-12,10.43509429724223,False,False,2.4253377084448857e-12,True,True,False,REJECT_ARMIJO_CONDITION,
711,1,12,17,0.5,0.000244140625,1.3015067109884412e-07,7.62939453125e-06,0.0005330971488208655,0.0005330971488208655,1.3015067109884412e-07,3.552713678800501e-15,True,0,,4.8089461301970005e-09,332,1,10.4350943131644,0.9999999999999502,5.204725539442734e-13,10.435094305203576,False,False,2.4253377084448857e-12,True,True,False,REJECT_ABSOLUTE_DECREASE_BELOW_FLOOR,
712,1,12,18,0.5,0.000244140625,1.3015067109884412e-07,3.814697265625e-06,0.0005330971488208655,0.0005330971488208655,1.3015067109884412e-07,3.552713678800501e-15,True,0,,4.8089461301970005e-09,332,1,10.435094313164662,0.9999999999999751,2.5934809855243657e-13,10.43509430918425,False,False,2.4253377084448857e-12,True,True,False,REJECT_ABSOLUTE_DECREASE_BELOW_FLOOR,
713,1,12,19,0.5,0.000244140625,1.3015067109884412e-07,1.9073486328125e-06,0.0005330971488208655,0.0005330971488208655,1.3015067109884412e-07,3.552713678800501e-15,True,0,,4.8089461301970005e-09,332,1,10.435094313164777,0.9999999999999862,1.438849039914203e-13,10.435094311174584,False,False,2.4253377084448857e-12,True,True,False,REJECT_ABSOLUTE_DECREASE_BELOW_FLOOR,
714,1,12,20,0.5,0.000244140625,1.3015067109884412e-07,9.5367431640625e-07,0.0005330971488208655,0.0005330971488208655,1.3015067109884412e-07,3.552713678800501e-15,True,0,,4.8089461301970005e-09,332,1,10.435094313164937,1.0000000000000016,-1.5987211554602254e-14,10.435094312169753,False,False,2.4253377084448857e-12,True,True,False,REJECT_NOT_RESIDUAL_REDUCING,
715,1,13,0,0.5,0.0001220703125,6.507533554942206e-08,1.0,0.0005330971488208655,0.0005330971488208655,6.507533554942206e-08,3.552713678800501e-15,True,0,,4.8089461301970005e-09,332,1,10.435094268479878,0.9999999957178113,4.4685043221193155e-08,10.434050803733605,False,False,2.4253377084448857e-12,True,True,False,REJECT_ARMIJO_CONDITION,
716,1,13,1,0.5,0.0001220703125,6.507533554942206e-08,0.5,0.0005330971488208655,0.0005330971488208655,6.507533554942206e-08,3.552713678800501e-15,True,0,,4.8089461301970005e-09,332,1,10.435094290822441,0.9999999978589096,2.234247986621085e-08,10.434572558449263,False,False,2.4253377084448857e-12,True,True,False,REJECT_ARMIJO_CONDITION,
717,1,13,2,0.5,0.0001220703125,6.507533554942206e-08,0.25,0.0005330971488208655,0.0005330971488208655,6.507533554942206e-08,3.552713678800501e-15,True,0,,4.8089461301970005e-09,332,1,10.435094301993681,0.9999999989294548,1.1171239933105426e-08,10.434833435807091,False,False,2.4253377084448857e-12,True,True,False,REJECT_ARMIJO_CONDITION,
718,1,13,3,0.5,0.0001220703125,6.507533554942206e-08,0.125,0.0005330971488208655,0.0005330971488208655,6.507533554942206e-08,3.552713678800501e-15,True,0,,4.8089461301970005e-09,332,1,10.435094307579446,0.9999999994647413,5.585475193470302e-09,10.434963874486007,False,False,2.4253377084448857e-12,True,True,False,REJECT_ARMIJO_CONDITION,
719,1,13,4,0.5,0.0001220703125,6.507533554942206e-08,0.0625,0.0005330971488208655,0.0005330971488208655,6.507533554942206e-08,3.552713678800501e-15,True,0,,4.8089461301970005e-09,332,1,10.43509431037221,0.9999999997323731,2.7927118395609796e-09,10.435029093825463,False,False,2.4253377084448857e-12,True,True,False,REJECT_ARMIJO_CONDITION,
720,1,13,5,0.5,0.0001220703125,6.507533554942206e-08,0.03125,0.0005330971488208655,0.0005330971488208655,6.507533554942206e-08,3.552713678800501e-15,True,0,,4.8089461301970005e-09,332,1,10.435094311768527,0.9999999998661829,1.3963941114525369e-09,10.435061703495192,False,False,2.4253377084448857e-12,True,True,False,REJECT_ARMIJO_CONDITION,
721,1,13,6,0.5,0.0001220703125,6.507533554942206e-08,0.015625,0.0005330971488208655,0.0005330971488208655,6.507533554942206e-08,3.552713678800501e-15,True,0,,4.8089461301970005e-09,332,1,10.435094312466724,0.9999999999330914,6.981970557262684e-10,10.435078008330057,False,False,2.4253377084448857e-12,True,True,False,REJECT_ARMIJO_CONDITION,
722,1,13,7,0.5,0.0001220703125,6.507533554942206e-08,0.0078125,0.0005330971488208655,0.0005330971488208655,6.507533554942206e-08,3.552713678800501e-15,True,0,,4.8089461301970005e-09,332,1,10.435094312815895,0.9999999999665528,3.490256972327188e-10,10.435086160747488,False,False,2.4253377084448857e-12,True,True,False,REJECT_ARMIJO_CONDITION,
723,1,13,8,0.5,0.0001220703125,6.507533554942206e-08,0.00390625,0.0005330971488208655,0.0005330971488208655,6.507533554942206e-08,3.552713678800501e-15,True,0,,4.8089461301970005e-09,332,1,10.435094312990465,0.9999999999832818,1.744560051974986e-10,10.435090236956205,False,False,2.4253377084448857e-12,True,True,False,REJECT_ARMIJO_CONDITION,
724,1,13,9,0.5,0.0001220703125,6.507533554942206e-08,0.001953125,0.0005330971488208655,0.0005330971488208655,6.507533554942206e-08,3.552713678800501e-15,True,0,,4.8089461301970005e-09,332,1,10.43509431307775,0.9999999999916463,8.717115917988849e-11,10.435092275060564,False,False,2.4253377084448857e-12,True,True,False,REJECT_ARMIJO_CONDITION,
725,1,13,10,0.5,0.0001220703125,6.507533554942206e-08,0.0009765625,0.0005330971488208655,0.0005330971488208655,6.507533554942206e-08,3.552713678800501e-15,True,0,,4.8089461301970005e-09,332,1,10.435094313121294,0.9999999999958191,4.362732397567015e-11,10.435093294112741,False,False,2.4253377084448857e-12,True,True,False,REJECT_ARMIJO_CONDITION,
726,1,13,11,0.5,0.0001220703125,6.507533554942206e-08,0.00048828125,0.0005330971488208655,0.0005330971488208655,6.507533554942206e-08,3.552713678800501e-15,True,0,,4.8089461301970005e-09,332,1,10.435094313143235,0.9999999999979219,2.1685764295398258e-11,10.435093803638832,False,False,2.4253377084448857e-12,True,True,False,REJECT_ARMIJO_CONDITION,
727,1,13,12,0.5,0.0001220703125,6.507533554942206e-08,0.000244140625,0.0005330971488208655,0.0005330971488208655,6.507533554942206e-08,3.552713678800501e-15,True,0,,4.8089461301970005e-09,332,1,10.43509431315408,0.999999999998961,1.0841105790859729e-11,10.435094058401877,False,False,2.4253377084448857e-12,True,True,False,REJECT_ARMIJO_CONDITION,
728,1,13,13,0.5,0.0001220703125,6.507533554942206e-08,0.0001220703125,0.0005330971488208655,0.0005330971488208655,6.507533554942206e-08,3.552713678800501e-15,True,0,,4.8089461301970005e-09,332,1,10.435094313159558,0.9999999999994861,5.362821298149356e-12,10.435094185783399,False,False,2.4253377084448857e-12,True,True,False,REJECT_ARMIJO_CONDITION,
729,1,13,14,0.5,0.0001220703125,6.507533554942206e-08,6.103515625e-05,0.0005330971488208655,0.0005330971488208655,6.507533554942206e-08,3.552713678800501e-15,True,0,,4.8089461301970005e-09,332,1,10.435094313162269,0.9999999999997459,2.652100761224574e-12,10.43509424947416,False,False,2.4253377084448857e-12,True,True,False,REJECT_ARMIJO_CONDITION,
730,1,13,15,0.5,0.0001220703125,6.507533554942206e-08,3.0517578125e-05,0.0005330971488208655,0.0005330971488208655,6.507533554942206e-08,3.552713678800501e-15,True,0,,4.8089461301970005e-09,332,1,10.435094313163624,0.9999999999998758,1.2967404927621828e-12,10.43509428131954,False,False,2.4253377084448857e-12,True,True,False,REJECT_ARMIJO_CONDITION,
731,1,13,16,0.5,0.0001220703125,6.507533554942206e-08,1.52587890625e-05,0.0005330971488208655,0.0005330971488208655,6.507533554942206e-08,3.552713678800501e-15,True,0,,4.8089461301970005e-09,332,1,10.4350943131644,0.9999999999999502,5.204725539442734e-13,10.43509429724223,False,False,2.4253377084448857e-12,True,True,False,REJECT_ABSOLUTE_DECREASE_BELOW_FLOOR,
732,1,13,17,0.5,0.0001220703125,6.507533554942206e-08,7.62939453125e-06,0.0005330971488208655,0.0005330971488208655,6.507533554942206e-08,3.552713678800501e-15,True,0,,4.8089461301970005e-09,332,1,10.435094313164662,0.9999999999999751,2.5934809855243657e-13,10.435094305203576,False,False,2.4253377084448857e-12,True,True,False,REJECT_ABSOLUTE_DECREASE_BELOW_FLOOR,
733,1,13,18,0.5,0.0001220703125,6.507533554942206e-08,3.814697265625e-06,0.0005330971488208655,0.0005330971488208655,6.507533554942206e-08,3.552713678800501e-15,True,0,,4.8089461301970005e-09,332,1,10.435094313164777,0.9999999999999862,1.438849039914203e-13,10.43509430918425,False,False,2.4253377084448857e-12,True,True,False,REJECT_ABSOLUTE_DECREASE_BELOW_FLOOR,
734,1,13,19,0.5,0.0001220703125,6.507533554942206e-08,1.9073486328125e-06,0.0005330971488208655,0.0005330971488208655,6.507533554942206e-08,3.552713678800501e-15,True,0,,4.8089461301970005e-09,332,1,10.435094313164937,1.0000000000000016,-1.5987211554602254e-14,10.435094311174584,False,False,2.4253377084448857e-12,True,True,False,REJECT_NOT_RESIDUAL_REDUCING,
735,1,13,20,0.5,0.0001220703125,6.507533554942206e-08,9.5367431640625e-07,0.0005330971488208655,0.0005330971488208655,6.507533554942206e-08,3.552713678800501e-15,True,0,,4.8089461301970005e-09,332,1,10.435094313164955,1.0000000000000033,-3.375077994860476e-14,10.435094312169753,False,False,2.4253377084448857e-12,True,True,False,REJECT_NOT_RESIDUAL_REDUCING,
736,1,14,0,0.5,6.103515625e-05,3.253766777471103e-08,1.0,0.0005330971488208655,0.0005330971488208655,3.253766777471103e-08,3.552713678800501e-15,True,0,,4.8089461301970005e-09,332,1,10.435094290822441,0.9999999978589096,2.234247986621085e-08,10.434050803733605,False,False,2.4253377084448857e-12,True,True,False,REJECT_ARMIJO_CONDITION,
737,1,14,1,0.5,6.103515625e-05,3.253766777471103e-08,0.5,0.0005330971488208655,0.0005330971488208655,3.253766777471103e-08,3.552713678800501e-15,True,0,,4.8089461301970005e-09,332,1,10.435094301993681,0.9999999989294548,1.1171239933105426e-08,10.434572558449263,False,False,2.4253377084448857e-12,True,True,False,REJECT_ARMIJO_CONDITION,
738,1,14,2,0.5,6.103515625e-05,3.253766777471103e-08,0.25,0.0005330971488208655,0.0005330971488208655,3.253766777471103e-08,3.552713678800501e-15,True,0,,4.8089461301970005e-09,332,1,10.435094307579446,0.9999999994647413,5.585475193470302e-09,10.434833435807091,False,False,2.4253377084448857e-12,True,True,False,REJECT_ARMIJO_CONDITION,
739,1,14,3,0.5,6.103515625e-05,3.253766777471103e-08,0.125,0.0005330971488208655,0.0005330971488208655,3.253766777471103e-08,3.552713678800501e-15,True,0,,4.8089461301970005e-09,332,1,10.43509431037221,0.9999999997323731,2.7927118395609796e-09,10.434963874486007,False,False,2.4253377084448857e-12,True,True,False,REJECT_ARMIJO_CONDITION,
740,1,14,4,0.5,6.103515625e-05,3.253766777471103e-08,0.0625,0.0005330971488208655,0.0005330971488208655,3.253766777471103e-08,3.552713678800501e-15,True,0,,4.8089461301970005e-09,332,1,10.435094311768527,0.9999999998661829,1.3963941114525369e-09,10.435029093825463,False,False,2.4253377084448857e-12,True,True,False,REJECT_ARMIJO_CONDITION,
741,1,14,5,0.5,6.103515625e-05,3.253766777471103e-08,0.03125,0.0005330971488208655,0.0005330971488208655,3.253766777471103e-08,3.552713678800501e-15,True,0,,4.8089461301970005e-09,332,1,10.435094312466724,0.9999999999330914,6.981970557262684e-10,10.435061703495192,False,False,2.4253377084448857e-12,True,True,False,REJECT_ARMIJO_CONDITION,
742,1,14,6,0.5,6.103515625e-05,3.253766777471103e-08,0.015625,0.0005330971488208655,0.0005330971488208655,3.253766777471103e-08,3.552713678800501e-15,True,0,,4.8089461301970005e-09,332,1,10.435094312815895,0.9999999999665528,3.490256972327188e-10,10.435078008330057,False,False,2.4253377084448857e-12,True,True,False,REJECT_ARMIJO_CONDITION,
743,1,14,7,0.5,6.103515625e-05,3.253766777471103e-08,0.0078125,0.0005330971488208655,0.0005330971488208655,3.253766777471103e-08,3.552713678800501e-15,True,0,,4.8089461301970005e-09,332,1,10.435094312990465,0.9999999999832818,1.744560051974986e-10,10.435086160747488,False,False,2.4253377084448857e-12,True,True,False,REJECT_ARMIJO_CONDITION,
744,1,14,8,0.5,6.103515625e-05,3.253766777471103e-08,0.00390625,0.0005330971488208655,0.0005330971488208655,3.253766777471103e-08,3.552713678800501e-15,True,0,,4.8089461301970005e-09,332,1,10.43509431307775,0.9999999999916463,8.717115917988849e-11,10.435090236956205,False,False,2.4253377084448857e-12,True,True,False,REJECT_ARMIJO_CONDITION,
745,1,14,9,0.5,6.103515625e-05,3.253766777471103e-08,0.001953125,0.0005330971488208655,0.0005330971488208655,3.253766777471103e-08,3.552713678800501e-15,True,0,,4.8089461301970005e-09,332,1,10.435094313121294,0.9999999999958191,4.362732397567015e-11,10.435092275060564,False,False,2.4253377084448857e-12,True,True,False,REJECT_ARMIJO_CONDITION,
746,1,14,10,0.5,6.103515625e-05,3.253766777471103e-08,0.0009765625,0.0005330971488208655,0.0005330971488208655,3.253766777471103e-08,3.552713678800501e-15,True,0,,4.8089461301970005e-09,332,1,10.435094313143235,0.9999999999979219,2.1685764295398258e-11,10.435093294112741,False,False,2.4253377084448857e-12,True,True,False,REJECT_ARMIJO_CONDITION,
747,1,14,11,0.5,6.103515625e-05,3.253766777471103e-08,0.00048828125,0.0005330971488208655,0.0005330971488208655,3.253766777471103e-08,3.552713678800501e-15,True,0,,4.8089461301970005e-09,332,1,10.43509431315408,0.999999999998961,1.0841105790859729e-11,10.435093803638832,False,False,2.4253377084448857e-12,True,True,False,REJECT_ARMIJO_CONDITION,
748,1,14,12,0.5,6.103515625e-05,3.253766777471103e-08,0.000244140625,0.0005330971488208655,0.0005330971488208655,3.253766777471103e-08,3.552713678800501e-15,True,0,,4.8089461301970005e-09,332,1,10.435094313159558,0.9999999999994861,5.362821298149356e-12,10.435094058401877,False,False,2.4253377084448857e-12,True,True,False,REJECT_ARMIJO_CONDITION,
749,1,14,13,0.5,6.103515625e-05,3.253766777471103e-08,0.0001220703125,0.0005330971488208655,0.0005330971488208655,3.253766777471103e-08,3.552713678800501e-15,True,0,,4.8089461301970005e-09,332,1,10.435094313162269,0.9999999999997459,2.652100761224574e-12,10.435094185783399,False,False,2.4253377084448857e-12,True,True,False,REJECT_ARMIJO_CONDITION,
750,1,14,14,0.5,6.103515625e-05,3.253766777471103e-08,6.103515625e-05,0.0005330971488208655,0.0005330971488208655,3.253766777471103e-08,3.552713678800501e-15,True,0,,4.8089461301970005e-09,332,1,10.435094313163624,0.9999999999998758,1.2967404927621828e-12,10.43509424947416,False,False,2.4253377084448857e-12,True,True,False,REJECT_ARMIJO_CONDITION,
751,1,14,15,0.5,6.103515625e-05,3.253766777471103e-08,3.0517578125e-05,0.0005330971488208655,0.0005330971488208655,3.253766777471103e-08,3.552713678800501e-15,True,0,,4.8089461301970005e-09,332,1,10.4350943131644,0.9999999999999502,5.204725539442734e-13,10.43509428131954,False,False,2.4253377084448857e-12,True,True,False,REJECT_ABSOLUTE_DECREASE_BELOW_FLOOR,
752,1,14,16,0.5,6.103515625e-05,3.253766777471103e-08,1.52587890625e-05,0.0005330971488208655,0.0005330971488208655,3.253766777471103e-08,3.552713678800501e-15,True,0,,4.8089461301970005e-09,332,1,10.435094313164662,0.9999999999999751,2.5934809855243657e-13,10.43509429724223,False,False,2.4253377084448857e-12,True,True,False,REJECT_ABSOLUTE_DECREASE_BELOW_FLOOR,
753,1,14,17,0.5,6.103515625e-05,3.253766777471103e-08,7.62939453125e-06,0.0005330971488208655,0.0005330971488208655,3.253766777471103e-08,3.552713678800501e-15,True,0,,4.8089461301970005e-09,332,1,10.435094313164777,0.9999999999999862,1.438849039914203e-13,10.435094305203576,False,False,2.4253377084448857e-12,True,True,False,REJECT_ABSOLUTE_DECREASE_BELOW_FLOOR,
754,1,14,18,0.5,6.103515625e-05,3.253766777471103e-08,3.814697265625e-06,0.0005330971488208655,0.0005330971488208655,3.253766777471103e-08,3.552713678800501e-15,True,0,,4.8089461301970005e-09,332,1,10.435094313164937,1.0000000000000016,-1.5987211554602254e-14,10.43509430918425,False,False,2.4253377084448857e-12,True,True,False,REJECT_NOT_RESIDUAL_REDUCING,
755,1,14,19,0.5,6.103515625e-05,3.253766777471103e-08,1.9073486328125e-06,0.0005330971488208655,0.0005330971488208655,3.253766777471103e-08,3.552713678800501e-15,True,0,,4.8089461301970005e-09,332,1,10.435094313164955,1.0000000000000033,-3.375077994860476e-14,10.435094311174584,False,False,2.4253377084448857e-12,True,True,False,REJECT_NOT_RESIDUAL_REDUCING,
756,1,14,20,0.5,6.103515625e-05,3.253766777471103e-08,9.5367431640625e-07,0.0005330971488208655,0.0005330971488208655,3.253766777471103e-08,3.552713678800501e-15,True,0,,4.8089461301970005e-09,332,1,10.435094313164885,0.9999999999999966,3.552713678800501e-14,10.435094312169753,False,False,2.4253377084448857e-12,True,True,False,REJECT_ABSOLUTE_DECREASE_BELOW_FLOOR,
757,1,15,0,0.5,3.0517578125e-05,1.6268833887355515e-08,1.0,0.0005330971488208655,0.0005330971488208655,1.6268833887355515e-08,3.552713678800501e-15,True,0,,4.8089461301970005e-09,332,1,10.435094301993681,0.9999999989294548,1.1171239933105426e-08,10.434050803733605,False,False,2.4253377084448857e-12,True,True,False,REJECT_ARMIJO_CONDITION,
758,1,15,1,0.5,3.0517578125e-05,1.6268833887355515e-08,0.5,0.0005330971488208655,0.0005330971488208655,1.6268833887355515e-08,3.552713678800501e-15,True,0,,4.8089461301970005e-09,332,1,10.435094307579446,0.9999999994647413,5.585475193470302e-09,10.434572558449263,False,False,2.4253377084448857e-12,True,True,False,REJECT_ARMIJO_CONDITION,
759,1,15,2,0.5,3.0517578125e-05,1.6268833887355515e-08,0.25,0.0005330971488208655,0.0005330971488208655,1.6268833887355515e-08,3.552713678800501e-15,True,0,,4.8089461301970005e-09,332,1,10.43509431037221,0.9999999997323731,2.7927118395609796e-09,10.434833435807091,False,False,2.4253377084448857e-12,True,True,False,REJECT_ARMIJO_CONDITION,
760,1,15,3,0.5,3.0517578125e-05,1.6268833887355515e-08,0.125,0.0005330971488208655,0.0005330971488208655,1.6268833887355515e-08,3.552713678800501e-15,True,0,,4.8089461301970005e-09,332,1,10.435094311768527,0.9999999998661829,1.3963941114525369e-09,10.434963874486007,False,False,2.4253377084448857e-12,True,True,False,REJECT_ARMIJO_CONDITION,
761,1,15,4,0.5,3.0517578125e-05,1.6268833887355515e-08,0.0625,0.0005330971488208655,0.0005330971488208655,1.6268833887355515e-08,3.552713678800501e-15,True,0,,4.8089461301970005e-09,332,1,10.435094312466724,0.9999999999330914,6.981970557262684e-10,10.435029093825463,False,False,2.4253377084448857e-12,True,True,False,REJECT_ARMIJO_CONDITION,
762,1,15,5,0.5,3.0517578125e-05,1.6268833887355515e-08,0.03125,0.0005330971488208655,0.0005330971488208655,1.6268833887355515e-08,3.552713678800501e-15,True,0,,4.8089461301970005e-09,332,1,10.435094312815895,0.9999999999665528,3.490256972327188e-10,10.435061703495192,False,False,2.4253377084448857e-12,True,True,False,REJECT_ARMIJO_CONDITION,
763,1,15,6,0.5,3.0517578125e-05,1.6268833887355515e-08,0.015625,0.0005330971488208655,0.0005330971488208655,1.6268833887355515e-08,3.552713678800501e-15,True,0,,4.8089461301970005e-09,332,1,10.435094312990465,0.9999999999832818,1.744560051974986e-10,10.435078008330057,False,False,2.4253377084448857e-12,True,True,False,REJECT_ARMIJO_CONDITION,
764,1,15,7,0.5,3.0517578125e-05,1.6268833887355515e-08,0.0078125,0.0005330971488208655,0.0005330971488208655,1.6268833887355515e-08,3.552713678800501e-15,True,0,,4.8089461301970005e-09,332,1,10.43509431307775,0.9999999999916463,8.717115917988849e-11,10.435086160747488,False,False,2.4253377084448857e-12,True,True,False,REJECT_ARMIJO_CONDITION,
765,1,15,8,0.5,3.0517578125e-05,1.6268833887355515e-08,0.00390625,0.0005330971488208655,0.0005330971488208655,1.6268833887355515e-08,3.552713678800501e-15,True,0,,4.8089461301970005e-09,332,1,10.435094313121294,0.9999999999958191,4.362732397567015e-11,10.435090236956205,False,False,2.4253377084448857e-12,True,True,False,REJECT_ARMIJO_CONDITION,
766,1,15,9,0.5,3.0517578125e-05,1.6268833887355515e-08,0.001953125,0.0005330971488208655,0.0005330971488208655,1.6268833887355515e-08,3.552713678800501e-15,True,0,,4.8089461301970005e-09,332,1,10.435094313143235,0.9999999999979219,2.1685764295398258e-11,10.435092275060564,False,False,2.4253377084448857e-12,True,True,False,REJECT_ARMIJO_CONDITION,
767,1,15,10,0.5,3.0517578125e-05,1.6268833887355515e-08,0.0009765625,0.0005330971488208655,0.0005330971488208655,1.6268833887355515e-08,3.552713678800501e-15,True,0,,4.8089461301970005e-09,332,1,10.43509431315408,0.999999999998961,1.0841105790859729e-11,10.435093294112741,False,False,2.4253377084448857e-12,True,True,False,REJECT_ARMIJO_CONDITION,
768,1,15,11,0.5,3.0517578125e-05,1.6268833887355515e-08,0.00048828125,0.0005330971488208655,0.0005330971488208655,1.6268833887355515e-08,3.552713678800501e-15,True,0,,4.8089461301970005e-09,332,1,10.435094313159558,0.9999999999994861,5.362821298149356e-12,10.435093803638832,False,False,2.4253377084448857e-12,True,True,False,REJECT_ARMIJO_CONDITION,
769,1,15,12,0.5,3.0517578125e-05,1.6268833887355515e-08,0.000244140625,0.0005330971488208655,0.0005330971488208655,1.6268833887355515e-08,3.552713678800501e-15,True,0,,4.8089461301970005e-09,332,1,10.435094313162269,0.9999999999997459,2.652100761224574e-12,10.435094058401877,False,False,2.4253377084448857e-12,True,True,False,REJECT_ARMIJO_CONDITION,
770,1,15,13,0.5,3.0517578125e-05,1.6268833887355515e-08,0.0001220703125,0.0005330971488208655,0.0005330971488208655,1.6268833887355515e-08,3.552713678800501e-15,True,0,,4.8089461301970005e-09,332,1,10.435094313163624,0.9999999999998758,1.2967404927621828e-12,10.435094185783399,False,False,2.4253377084448857e-12,True,True,False,REJECT_ARMIJO_CONDITION,
771,1,15,14,0.5,3.0517578125e-05,1.6268833887355515e-08,6.103515625e-05,0.0005330971488208655,0.0005330971488208655,1.6268833887355515e-08,3.552713678800501e-15,True,0,,4.8089461301970005e-09,332,1,10.4350943131644,0.9999999999999502,5.204725539442734e-13,10.43509424947416,False,False,2.4253377084448857e-12,True,True,False,REJECT_ABSOLUTE_DECREASE_BELOW_FLOOR,
772,1,15,15,0.5,3.0517578125e-05,1.6268833887355515e-08,3.0517578125e-05,0.0005330971488208655,0.0005330971488208655,1.6268833887355515e-08,3.552713678800501e-15,True,0,,4.8089461301970005e-09,332,1,10.435094313164662,0.9999999999999751,2.5934809855243657e-13,10.43509428131954,False,False,2.4253377084448857e-12,True,True,False,REJECT_ABSOLUTE_DECREASE_BELOW_FLOOR,
773,1,15,16,0.5,3.0517578125e-05,1.6268833887355515e-08,1.52587890625e-05,0.0005330971488208655,0.0005330971488208655,1.6268833887355515e-08,3.552713678800501e-15,True,0,,4.8089461301970005e-09,332,1,10.435094313164777,0.9999999999999862,1.438849039914203e-13,10.43509429724223,False,False,2.4253377084448857e-12,True,True,False,REJECT_ABSOLUTE_DECREASE_BELOW_FLOOR,
774,1,15,17,0.5,3.0517578125e-05,1.6268833887355515e-08,7.62939453125e-06,0.0005330971488208655,0.0005330971488208655,1.6268833887355515e-08,3.552713678800501e-15,True,0,,4.8089461301970005e-09,332,1,10.435094313164937,1.0000000000000016,-1.5987211554602254e-14,10.435094305203576,False,False,2.4253377084448857e-12,True,True,False,REJECT_NOT_RESIDUAL_REDUCING,
775,1,15,18,0.5,3.0517578125e-05,1.6268833887355515e-08,3.814697265625e-06,0.0005330971488208655,0.0005330971488208655,1.6268833887355515e-08,3.552713678800501e-15,True,0,,4.8089461301970005e-09,332,1,10.435094313164955,1.0000000000000033,-3.375077994860476e-14,10.43509430918425,False,False,2.4253377084448857e-12,True,True,False,REJECT_NOT_RESIDUAL_REDUCING,
776,1,15,19,0.5,3.0517578125e-05,1.6268833887355515e-08,1.9073486328125e-06,0.0005330971488208655,0.0005330971488208655,1.6268833887355515e-08,3.552713678800501e-15,True,0,,4.8089461301970005e-09,332,1,10.435094313164885,0.9999999999999966,3.552713678800501e-14,10.435094311174584,False,False,2.4253377084448857e-12,True,True,False,REJECT_ABSOLUTE_DECREASE_BELOW_FLOOR,
777,1,15,20,0.5,3.0517578125e-05,1.6268833887355515e-08,9.5367431640625e-07,0.0005330971488208655,0.0005330971488208655,1.6268833887355515e-08,3.552713678800501e-15,True,0,,4.8089461301970005e-09,332,1,10.435094313164974,1.000000000000005,-5.3290705182007514e-14,10.435094312169753,False,False,2.4253377084448857e-12,True,True,False,REJECT_NOT_RESIDUAL_REDUCING,
778,1,16,0,0.5,1.52587890625e-05,8.134416943677758e-09,1.0,0.0005330971488208655,0.0005330971488208655,8.134416943677758e-09,3.552713678800501e-15,True,0,,4.8089461301970005e-09,332,1,10.435094307579446,0.9999999994647413,5.585475193470302e-09,10.434050803733605,False,False,2.4253377084448857e-12,True,True,False,REJECT_ARMIJO_CONDITION,
779,1,16,1,0.5,1.52587890625e-05,8.134416943677758e-09,0.5,0.0005330971488208655,0.0005330971488208655,8.134416943677758e-09,3.552713678800501e-15,True,0,,4.8089461301970005e-09,332,1,10.43509431037221,0.9999999997323731,2.7927118395609796e-09,10.434572558449263,False,False,2.4253377084448857e-12,True,True,False,REJECT_ARMIJO_CONDITION,
780,1,16,2,0.5,1.52587890625e-05,8.134416943677758e-09,0.25,0.0005330971488208655,0.0005330971488208655,8.134416943677758e-09,3.552713678800501e-15,True,0,,4.8089461301970005e-09,332,1,10.435094311768527,0.9999999998661829,1.3963941114525369e-09,10.434833435807091,False,False,2.4253377084448857e-12,True,True,False,REJECT_ARMIJO_CONDITION,
781,1,16,3,0.5,1.52587890625e-05,8.134416943677758e-09,0.125,0.0005330971488208655,0.0005330971488208655,8.134416943677758e-09,3.552713678800501e-15,True,0,,4.8089461301970005e-09,332,1,10.435094312466724,0.9999999999330914,6.981970557262684e-10,10.434963874486007,False,False,2.4253377084448857e-12,True,True,False,REJECT_ARMIJO_CONDITION,
782,1,16,4,0.5,1.52587890625e-05,8.134416943677758e-09,0.0625,0.0005330971488208655,0.0005330971488208655,8.134416943677758e-09,3.552713678800501e-15,True,0,,4.8089461301970005e-09,332,1,10.435094312815895,0.9999999999665528,3.490256972327188e-10,10.435029093825463,False,False,2.4253377084448857e-12,True,True,False,REJECT_ARMIJO_CONDITION,
783,1,16,5,0.5,1.52587890625e-05,8.134416943677758e-09,0.03125,0.0005330971488208655,0.0005330971488208655,8.134416943677758e-09,3.552713678800501e-15,True,0,,4.8089461301970005e-09,332,1,10.435094312990465,0.9999999999832818,1.744560051974986e-10,10.435061703495192,False,False,2.4253377084448857e-12,True,True,False,REJECT_ARMIJO_CONDITION,
784,1,16,6,0.5,1.52587890625e-05,8.134416943677758e-09,0.015625,0.0005330971488208655,0.0005330971488208655,8.134416943677758e-09,3.552713678800501e-15,True,0,,4.8089461301970005e-09,332,1,10.43509431307775,0.9999999999916463,8.717115917988849e-11,10.435078008330057,False,False,2.4253377084448857e-12,True,True,False,REJECT_ARMIJO_CONDITION,
785,1,16,7,0.5,1.52587890625e-05,8.134416943677758e-09,0.0078125,0.0005330971488208655,0.0005330971488208655,8.134416943677758e-09,3.552713678800501e-15,True,0,,4.8089461301970005e-09,332,1,10.435094313121294,0.9999999999958191,4.362732397567015e-11,10.435086160747488,False,False,2.4253377084448857e-12,True,True,False,REJECT_ARMIJO_CONDITION,
786,1,16,8,0.5,1.52587890625e-05,8.134416943677758e-09,0.00390625,0.0005330971488208655,0.0005330971488208655,8.134416943677758e-09,3.552713678800501e-15,True,0,,4.8089461301970005e-09,332,1,10.435094313143235,0.9999999999979219,2.1685764295398258e-11,10.435090236956205,False,False,2.4253377084448857e-12,True,True,False,REJECT_ARMIJO_CONDITION,
787,1,16,9,0.5,1.52587890625e-05,8.134416943677758e-09,0.001953125,0.0005330971488208655,0.0005330971488208655,8.134416943677758e-09,3.552713678800501e-15,True,0,,4.8089461301970005e-09,332,1,10.43509431315408,0.999999999998961,1.0841105790859729e-11,10.435092275060564,False,False,2.4253377084448857e-12,True,True,False,REJECT_ARMIJO_CONDITION,
788,1,16,10,0.5,1.52587890625e-05,8.134416943677758e-09,0.0009765625,0.0005330971488208655,0.0005330971488208655,8.134416943677758e-09,3.552713678800501e-15,True,0,,4.8089461301970005e-09,332,1,10.435094313159558,0.9999999999994861,5.362821298149356e-12,10.435093294112741,False,False,2.4253377084448857e-12,True,True,False,REJECT_ARMIJO_CONDITION,
789,1,16,11,0.5,1.52587890625e-05,8.134416943677758e-09,0.00048828125,0.0005330971488208655,0.0005330971488208655,8.134416943677758e-09,3.552713678800501e-15,True,0,,4.8089461301970005e-09,332,1,10.435094313162269,0.9999999999997459,2.652100761224574e-12,10.435093803638832,False,False,2.4253377084448857e-12,True,True,False,REJECT_ARMIJO_CONDITION,
790,1,16,12,0.5,1.52587890625e-05,8.134416943677758e-09,0.000244140625,0.0005330971488208655,0.0005330971488208655,8.134416943677758e-09,3.552713678800501e-15,True,0,,4.8089461301970005e-09,332,1,10.435094313163624,0.9999999999998758,1.2967404927621828e-12,10.435094058401877,False,False,2.4253377084448857e-12,True,True,False,REJECT_ARMIJO_CONDITION,
791,1,16,13,0.5,1.52587890625e-05,8.134416943677758e-09,0.0001220703125,0.0005330971488208655,0.0005330971488208655,8.134416943677758e-09,3.552713678800501e-15,True,0,,4.8089461301970005e-09,332,1,10.4350943131644,0.9999999999999502,5.204725539442734e-13,10.435094185783399,False,False,2.4253377084448857e-12,True,True,False,REJECT_ABSOLUTE_DECREASE_BELOW_FLOOR,
792,1,16,14,0.5,1.52587890625e-05,8.134416943677758e-09,6.103515625e-05,0.0005330971488208655,0.0005330971488208655,8.134416943677758e-09,3.552713678800501e-15,True,0,,4.8089461301970005e-09,332,1,10.435094313164662,0.9999999999999751,2.5934809855243657e-13,10.43509424947416,False,False,2.4253377084448857e-12,True,True,False,REJECT_ABSOLUTE_DECREASE_BELOW_FLOOR,
793,1,16,15,0.5,1.52587890625e-05,8.134416943677758e-09,3.0517578125e-05,0.0005330971488208655,0.0005330971488208655,8.134416943677758e-09,3.552713678800501e-15,True,0,,4.8089461301970005e-09,332,1,10.435094313164777,0.9999999999999862,1.438849039914203e-13,10.43509428131954,False,False,2.4253377084448857e-12,True,True,False,REJECT_ABSOLUTE_DECREASE_BELOW_FLOOR,
794,1,16,16,0.5,1.52587890625e-05,8.134416943677758e-09,1.52587890625e-05,0.0005330971488208655,0.0005330971488208655,8.134416943677758e-09,3.552713678800501e-15,True,0,,4.8089461301970005e-09,332,1,10.435094313164937,1.0000000000000016,-1.5987211554602254e-14,10.43509429724223,False,False,2.4253377084448857e-12,True,True,False,REJECT_NOT_RESIDUAL_REDUCING,
795,1,16,17,0.5,1.52587890625e-05,8.134416943677758e-09,7.62939453125e-06,0.0005330971488208655,0.0005330971488208655,8.134416943677758e-09,3.552713678800501e-15,True,0,,4.8089461301970005e-09,332,1,10.435094313164955,1.0000000000000033,-3.375077994860476e-14,10.435094305203576,False,False,2.4253377084448857e-12,True,True,False,REJECT_NOT_RESIDUAL_REDUCING,
796,1,16,18,0.5,1.52587890625e-05,8.134416943677758e-09,3.814697265625e-06,0.0005330971488208655,0.0005330971488208655,8.134416943677758e-09,3.552713678800501e-15,True,0,,4.8089461301970005e-09,332,1,10.435094313164885,0.9999999999999966,3.552713678800501e-14,10.43509430918425,False,False,2.4253377084448857e-12,True,True,False,REJECT_ABSOLUTE_DECREASE_BELOW_FLOOR,
797,1,16,19,0.5,1.52587890625e-05,8.134416943677758e-09,1.9073486328125e-06,0.0005330971488208655,0.0005330971488208655,8.134416943677758e-09,3.552713678800501e-15,True,0,,4.8089461301970005e-09,332,1,10.435094313164974,1.000000000000005,-5.3290705182007514e-14,10.435094311174584,False,False,2.4253377084448857e-12,True,True,False,REJECT_NOT_RESIDUAL_REDUCING,
798,1,16,20,0.5,1.52587890625e-05,8.134416943677758e-09,9.5367431640625e-07,0.0005330971488208655,0.0005330971488208655,8.134416943677758e-09,3.552713678800501e-15,True,0,,4.8089461301970005e-09,332,1,10.435094313164978,1.0000000000000056,-5.684341886080802e-14,10.435094312169753,False,False,2.4253377084448857e-12,True,True,False,REJECT_NOT_RESIDUAL_REDUCING,
799,1,17,0,0.5,7.62939453125e-06,4.067208471838879e-09,1.0,0.0005330971488208655,0.0005330971488208655,4.067208471838879e-09,3.552713678800501e-15,True,0,,4.8089461301970005e-09,332,1,10.43509431037221,0.9999999997323731,2.7927118395609796e-09,10.434050803733605,False,False,2.4253377084448857e-12,True,True,False,REJECT_ARMIJO_CONDITION,
800,1,17,1,0.5,7.62939453125e-06,4.067208471838879e-09,0.5,0.0005330971488208655,0.0005330971488208655,4.067208471838879e-09,3.552713678800501e-15,True,0,,4.8089461301970005e-09,332,1,10.435094311768527,0.9999999998661829,1.3963941114525369e-09,10.434572558449263,False,False,2.4253377084448857e-12,True,True,False,REJECT_ARMIJO_CONDITION,
801,1,17,2,0.5,7.62939453125e-06,4.067208471838879e-09,0.25,0.0005330971488208655,0.0005330971488208655,4.067208471838879e-09,3.552713678800501e-15,True,0,,4.8089461301970005e-09,332,1,10.435094312466724,0.9999999999330914,6.981970557262684e-10,10.434833435807091,False,False,2.4253377084448857e-12,True,True,False,REJECT_ARMIJO_CONDITION,
802,1,17,3,0.5,7.62939453125e-06,4.067208471838879e-09,0.125,0.0005330971488208655,0.0005330971488208655,4.067208471838879e-09,3.552713678800501e-15,True,0,,4.8089461301970005e-09,332,1,10.435094312815895,0.9999999999665528,3.490256972327188e-10,10.434963874486007,False,False,2.4253377084448857e-12,True,True,False,REJECT_ARMIJO_CONDITION,
803,1,17,4,0.5,7.62939453125e-06,4.067208471838879e-09,0.0625,0.0005330971488208655,0.0005330971488208655,4.067208471838879e-09,3.552713678800501e-15,True,0,,4.8089461301970005e-09,332,1,10.435094312990465,0.9999999999832818,1.744560051974986e-10,10.435029093825463,False,False,2.4253377084448857e-12,True,True,False,REJECT_ARMIJO_CONDITION,
804,1,17,5,0.5,7.62939453125e-06,4.067208471838879e-09,0.03125,0.0005330971488208655,0.0005330971488208655,4.067208471838879e-09,3.552713678800501e-15,True,0,,4.8089461301970005e-09,332,1,10.43509431307775,0.9999999999916463,8.717115917988849e-11,10.435061703495192,False,False,2.4253377084448857e-12,True,True,False,REJECT_ARMIJO_CONDITION,
805,1,17,6,0.5,7.62939453125e-06,4.067208471838879e-09,0.015625,0.0005330971488208655,0.0005330971488208655,4.067208471838879e-09,3.552713678800501e-15,True,0,,4.8089461301970005e-09,332,1,10.435094313121294,0.9999999999958191,4.362732397567015e-11,10.435078008330057,False,False,2.4253377084448857e-12,True,True,False,REJECT_ARMIJO_CONDITION,
806,1,17,7,0.5,7.62939453125e-06,4.067208471838879e-09,0.0078125,0.0005330971488208655,0.0005330971488208655,4.067208471838879e-09,3.552713678800501e-15,True,0,,4.8089461301970005e-09,332,1,10.435094313143235,0.9999999999979219,2.1685764295398258e-11,10.435086160747488,False,False,2.4253377084448857e-12,True,True,False,REJECT_ARMIJO_CONDITION,
807,1,17,8,0.5,7.62939453125e-06,4.067208471838879e-09,0.00390625,0.0005330971488208655,0.0005330971488208655,4.067208471838879e-09,3.552713678800501e-15,True,0,,4.8089461301970005e-09,332,1,10.43509431315408,0.999999999998961,1.0841105790859729e-11,10.435090236956205,False,False,2.4253377084448857e-12,True,True,False,REJECT_ARMIJO_CONDITION,
808,1,17,9,0.5,7.62939453125e-06,4.067208471838879e-09,0.001953125,0.0005330971488208655,0.0005330971488208655,4.067208471838879e-09,3.552713678800501e-15,True,0,,4.8089461301970005e-09,332,1,10.435094313159558,0.9999999999994861,5.362821298149356e-12,10.435092275060564,False,False,2.4253377084448857e-12,True,True,False,REJECT_ARMIJO_CONDITION,
809,1,17,10,0.5,7.62939453125e-06,4.067208471838879e-09,0.0009765625,0.0005330971488208655,0.0005330971488208655,4.067208471838879e-09,3.552713678800501e-15,True,0,,4.8089461301970005e-09,332,1,10.435094313162269,0.9999999999997459,2.652100761224574e-12,10.435093294112741,False,False,2.4253377084448857e-12,True,True,False,REJECT_ARMIJO_CONDITION,
810,1,17,11,0.5,7.62939453125e-06,4.067208471838879e-09,0.00048828125,0.0005330971488208655,0.0005330971488208655,4.067208471838879e-09,3.552713678800501e-15,True,0,,4.8089461301970005e-09,332,1,10.435094313163624,0.9999999999998758,1.2967404927621828e-12,10.435093803638832,False,False,2.4253377084448857e-12,True,True,False,REJECT_ARMIJO_CONDITION,
811,1,17,12,0.5,7.62939453125e-06,4.067208471838879e-09,0.000244140625,0.0005330971488208655,0.0005330971488208655,4.067208471838879e-09,3.552713678800501e-15,True,0,,4.8089461301970005e-09,332,1,10.4350943131644,0.9999999999999502,5.204725539442734e-13,10.435094058401877,False,False,2.4253377084448857e-12,True,True,False,REJECT_ABSOLUTE_DECREASE_BELOW_FLOOR,
812,1,17,13,0.5,7.62939453125e-06,4.067208471838879e-09,0.0001220703125,0.0005330971488208655,0.0005330971488208655,4.067208471838879e-09,3.552713678800501e-15,True,0,,4.8089461301970005e-09,332,1,10.435094313164662,0.9999999999999751,2.5934809855243657e-13,10.435094185783399,False,False,2.4253377084448857e-12,True,True,False,REJECT_ABSOLUTE_DECREASE_BELOW_FLOOR,
813,1,17,14,0.5,7.62939453125e-06,4.067208471838879e-09,6.103515625e-05,0.0005330971488208655,0.0005330971488208655,4.067208471838879e-09,3.552713678800501e-15,True,0,,4.8089461301970005e-09,332,1,10.435094313164777,0.9999999999999862,1.438849039914203e-13,10.43509424947416,False,False,2.4253377084448857e-12,True,True,False,REJECT_ABSOLUTE_DECREASE_BELOW_FLOOR,
814,1,17,15,0.5,7.62939453125e-06,4.067208471838879e-09,3.0517578125e-05,0.0005330971488208655,0.0005330971488208655,4.067208471838879e-09,3.552713678800501e-15,True,0,,4.8089461301970005e-09,332,1,10.435094313164937,1.0000000000000016,-1.5987211554602254e-14,10.43509428131954,False,False,2.4253377084448857e-12,True,True,False,REJECT_NOT_RESIDUAL_REDUCING,
815,1,17,16,0.5,7.62939453125e-06,4.067208471838879e-09,1.52587890625e-05,0.0005330971488208655,0.0005330971488208655,4.067208471838879e-09,3.552713678800501e-15,True,0,,4.8089461301970005e-09,332,1,10.435094313164955,1.0000000000000033,-3.375077994860476e-14,10.43509429724223,False,False,2.4253377084448857e-12,True,True,False,REJECT_NOT_RESIDUAL_REDUCING,
816,1,17,17,0.5,7.62939453125e-06,4.067208471838879e-09,7.62939453125e-06,0.0005330971488208655,0.0005330971488208655,4.067208471838879e-09,3.552713678800501e-15,True,0,,4.8089461301970005e-09,332,1,10.435094313164885,0.9999999999999966,3.552713678800501e-14,10.435094305203576,False,False,2.4253377084448857e-12,True,True,False,REJECT_ABSOLUTE_DECREASE_BELOW_FLOOR,
817,1,17,18,0.5,7.62939453125e-06,4.067208471838879e-09,3.814697265625e-06,0.0005330971488208655,0.0005330971488208655,4.067208471838879e-09,3.552713678800501e-15,True,0,,4.8089461301970005e-09,332,1,10.435094313164974,1.000000000000005,-5.3290705182007514e-14,10.43509430918425,False,False,2.4253377084448857e-12,True,True,False,REJECT_NOT_RESIDUAL_REDUCING,
818,1,17,19,0.5,7.62939453125e-06,4.067208471838879e-09,1.9073486328125e-06,0.0005330971488208655,0.0005330971488208655,4.067208471838879e-09,3.552713678800501e-15,True,0,,4.8089461301970005e-09,332,1,10.435094313164978,1.0000000000000056,-5.684341886080802e-14,10.435094311174584,False,False,2.4253377084448857e-12,True,True,False,REJECT_NOT_RESIDUAL_REDUCING,
819,1,17,20,0.5,7.62939453125e-06,4.067208471838879e-09,9.5367431640625e-07,0.0005330971488208655,0.0005330971488208655,4.067208471838879e-09,3.552713678800501e-15,True,0,,4.8089461301970005e-09,332,1,10.435094313164921,1.0,0.0,10.435094312169753,False,False,2.4253377084448857e-12,True,True,False,REJECT_NOT_RESIDUAL_REDUCING,
820,1,18,0,0.5,3.814697265625e-06,2.0336042359194394e-09,1.0,0.0005330971488208655,0.0005330971488208655,2.0336042359194394e-09,3.552713678800501e-15,True,0,,4.8089461301970005e-09,332,1,10.435094311768527,0.9999999998661829,1.3963941114525369e-09,10.434050803733605,False,False,2.4253377084448857e-12,True,True,False,REJECT_ARMIJO_CONDITION,
821,1,18,1,0.5,3.814697265625e-06,2.0336042359194394e-09,0.5,0.0005330971488208655,0.0005330971488208655,2.0336042359194394e-09,3.552713678800501e-15,True,0,,4.8089461301970005e-09,332,1,10.435094312466724,0.9999999999330914,6.981970557262684e-10,10.434572558449263,False,False,2.4253377084448857e-12,True,True,False,REJECT_ARMIJO_CONDITION,
822,1,18,2,0.5,3.814697265625e-06,2.0336042359194394e-09,0.25,0.0005330971488208655,0.0005330971488208655,2.0336042359194394e-09,3.552713678800501e-15,True,0,,4.8089461301970005e-09,332,1,10.435094312815895,0.9999999999665528,3.490256972327188e-10,10.434833435807091,False,False,2.4253377084448857e-12,True,True,False,REJECT_ARMIJO_CONDITION,
823,1,18,3,0.5,3.814697265625e-06,2.0336042359194394e-09,0.125,0.0005330971488208655,0.0005330971488208655,2.0336042359194394e-09,3.552713678800501e-15,True,0,,4.8089461301970005e-09,332,1,10.435094312990465,0.9999999999832818,1.744560051974986e-10,10.434963874486007,False,False,2.4253377084448857e-12,True,True,False,REJECT_ARMIJO_CONDITION,
824,1,18,4,0.5,3.814697265625e-06,2.0336042359194394e-09,0.0625,0.0005330971488208655,0.0005330971488208655,2.0336042359194394e-09,3.552713678800501e-15,True,0,,4.8089461301970005e-09,332,1,10.43509431307775,0.9999999999916463,8.717115917988849e-11,10.435029093825463,False,False,2.4253377084448857e-12,True,True,False,REJECT_ARMIJO_CONDITION,
825,1,18,5,0.5,3.814697265625e-06,2.0336042359194394e-09,0.03125,0.0005330971488208655,0.0005330971488208655,2.0336042359194394e-09,3.552713678800501e-15,True,0,,4.8089461301970005e-09,332,1,10.435094313121294,0.9999999999958191,4.362732397567015e-11,10.435061703495192,False,False,2.4253377084448857e-12,True,True,False,REJECT_ARMIJO_CONDITION,
826,1,18,6,0.5,3.814697265625e-06,2.0336042359194394e-09,0.015625,0.0005330971488208655,0.0005330971488208655,2.0336042359194394e-09,3.552713678800501e-15,True,0,,4.8089461301970005e-09,332,1,10.435094313143235,0.9999999999979219,2.1685764295398258e-11,10.435078008330057,False,False,2.4253377084448857e-12,True,True,False,REJECT_ARMIJO_CONDITION,
827,1,18,7,0.5,3.814697265625e-06,2.0336042359194394e-09,0.0078125,0.0005330971488208655,0.0005330971488208655,2.0336042359194394e-09,3.552713678800501e-15,True,0,,4.8089461301970005e-09,332,1,10.43509431315408,0.999999999998961,1.0841105790859729e-11,10.435086160747488,False,False,2.4253377084448857e-12,True,True,False,REJECT_ARMIJO_CONDITION,
828,1,18,8,0.5,3.814697265625e-06,2.0336042359194394e-09,0.00390625,0.0005330971488208655,0.0005330971488208655,2.0336042359194394e-09,3.552713678800501e-15,True,0,,4.8089461301970005e-09,332,1,10.435094313159558,0.9999999999994861,5.362821298149356e-12,10.435090236956205,False,False,2.4253377084448857e-12,True,True,False,REJECT_ARMIJO_CONDITION,
829,1,18,9,0.5,3.814697265625e-06,2.0336042359194394e-09,0.001953125,0.0005330971488208655,0.0005330971488208655,2.0336042359194394e-09,3.552713678800501e-15,True,0,,4.8089461301970005e-09,332,1,10.435094313162269,0.9999999999997459,2.652100761224574e-12,10.435092275060564,False,False,2.4253377084448857e-12,True,True,False,REJECT_ARMIJO_CONDITION,
830,1,18,10,0.5,3.814697265625e-06,2.0336042359194394e-09,0.0009765625,0.0005330971488208655,0.0005330971488208655,2.0336042359194394e-09,3.552713678800501e-15,True,0,,4.8089461301970005e-09,332,1,10.435094313163624,0.9999999999998758,1.2967404927621828e-12,10.435093294112741,False,False,2.4253377084448857e-12,True,True,False,REJECT_ARMIJO_CONDITION,
831,1,18,11,0.5,3.814697265625e-06,2.0336042359194394e-09,0.00048828125,0.0005330971488208655,0.0005330971488208655,2.0336042359194394e-09,3.552713678800501e-15,True,0,,4.8089461301970005e-09,332,1,10.4350943131644,0.9999999999999502,5.204725539442734e-13,10.435093803638832,False,False,2.4253377084448857e-12,True,True,False,REJECT_ABSOLUTE_DECREASE_BELOW_FLOOR,
832,1,18,12,0.5,3.814697265625e-06,2.0336042359194394e-09,0.000244140625,0.0005330971488208655,0.0005330971488208655,2.0336042359194394e-09,3.552713678800501e-15,True,0,,4.8089461301970005e-09,332,1,10.435094313164662,0.9999999999999751,2.5934809855243657e-13,10.435094058401877,False,False,2.4253377084448857e-12,True,True,False,REJECT_ABSOLUTE_DECREASE_BELOW_FLOOR,
833,1,18,13,0.5,3.814697265625e-06,2.0336042359194394e-09,0.0001220703125,0.0005330971488208655,0.0005330971488208655,2.0336042359194394e-09,3.552713678800501e-15,True,0,,4.8089461301970005e-09,332,1,10.435094313164777,0.9999999999999862,1.438849039914203e-13,10.435094185783399,False,False,2.4253377084448857e-12,True,True,False,REJECT_ABSOLUTE_DECREASE_BELOW_FLOOR,
834,1,18,14,0.5,3.814697265625e-06,2.0336042359194394e-09,6.103515625e-05,0.0005330971488208655,0.0005330971488208655,2.0336042359194394e-09,3.552713678800501e-15,True,0,,4.8089461301970005e-09,332,1,10.435094313164937,1.0000000000000016,-1.5987211554602254e-14,10.43509424947416,False,False,2.4253377084448857e-12,True,True,False,REJECT_NOT_RESIDUAL_REDUCING,
835,1,18,15,0.5,3.814697265625e-06,2.0336042359194394e-09,3.0517578125e-05,0.0005330971488208655,0.0005330971488208655,2.0336042359194394e-09,3.552713678800501e-15,True,0,,4.8089461301970005e-09,332,1,10.435094313164955,1.0000000000000033,-3.375077994860476e-14,10.43509428131954,False,False,2.4253377084448857e-12,True,True,False,REJECT_NOT_RESIDUAL_REDUCING,
836,1,18,16,0.5,3.814697265625e-06,2.0336042359194394e-09,1.52587890625e-05,0.0005330971488208655,0.0005330971488208655,2.0336042359194394e-09,3.552713678800501e-15,True,0,,4.8089461301970005e-09,332,1,10.435094313164885,0.9999999999999966,3.552713678800501e-14,10.43509429724223,False,False,2.4253377084448857e-12,True,True,False,REJECT_ABSOLUTE_DECREASE_BELOW_FLOOR,
837,1,18,17,0.5,3.814697265625e-06,2.0336042359194394e-09,7.62939453125e-06,0.0005330971488208655,0.0005330971488208655,2.0336042359194394e-09,3.552713678800501e-15,True,0,,4.8089461301970005e-09,332,1,10.435094313164974,1.000000000000005,-5.3290705182007514e-14,10.435094305203576,False,False,2.4253377084448857e-12,True,True,False,REJECT_NOT_RESIDUAL_REDUCING,
838,1,18,18,0.5,3.814697265625e-06,2.0336042359194394e-09,3.814697265625e-06,0.0005330971488208655,0.0005330971488208655,2.0336042359194394e-09,3.552713678800501e-15,True,0,,4.8089461301970005e-09,332,1,10.435094313164978,1.0000000000000056,-5.684341886080802e-14,10.43509430918425,False,False,2.4253377084448857e-12,True,True,False,REJECT_NOT_RESIDUAL_REDUCING,
839,1,18,19,0.5,3.814697265625e-06,2.0336042359194394e-09,1.9073486328125e-06,0.0005330971488208655,0.0005330971488208655,2.0336042359194394e-09,3.552713678800501e-15,True,0,,4.8089461301970005e-09,332,1,10.435094313164921,1.0,0.0,10.435094311174584,False,False,2.4253377084448857e-12,True,True,False,REJECT_NOT_RESIDUAL_REDUCING,
840,1,18,20,0.5,3.814697265625e-06,2.0336042359194394e-09,9.5367431640625e-07,0.0005330971488208655,0.0005330971488208655,2.0336042359194394e-09,3.552713678800501e-15,True,0,,4.8089461301970005e-09,332,1,10.435094313164921,1.0,0.0,10.435094312169753,False,False,2.4253377084448857e-12,True,True,False,REJECT_NOT_RESIDUAL_REDUCING,
841,1,19,0,0.5,1.9073486328125e-06,1.0168021179597197e-09,1.0,0.0005330971488208655,0.0005330971488208655,1.0168021179597197e-09,3.552713678800501e-15,True,0,,4.8089461301970005e-09,332,1,10.435094312466724,0.9999999999330914,6.981970557262684e-10,10.434050803733605,False,False,2.4253377084448857e-12,True,True,False,REJECT_ARMIJO_CONDITION,
842,1,19,1,0.5,1.9073486328125e-06,1.0168021179597197e-09,0.5,0.0005330971488208655,0.0005330971488208655,1.0168021179597197e-09,3.552713678800501e-15,True,0,,4.8089461301970005e-09,332,1,10.435094312815895,0.9999999999665528,3.490256972327188e-10,10.434572558449263,False,False,2.4253377084448857e-12,True,True,False,REJECT_ARMIJO_CONDITION,
843,1,19,2,0.5,1.9073486328125e-06,1.0168021179597197e-09,0.25,0.0005330971488208655,0.0005330971488208655,1.0168021179597197e-09,3.552713678800501e-15,True,0,,4.8089461301970005e-09,332,1,10.435094312990465,0.9999999999832818,1.744560051974986e-10,10.434833435807091,False,False,2.4253377084448857e-12,True,True,False,REJECT_ARMIJO_CONDITION,
844,1,19,3,0.5,1.9073486328125e-06,1.0168021179597197e-09,0.125,0.0005330971488208655,0.0005330971488208655,1.0168021179597197e-09,3.552713678800501e-15,True,0,,4.8089461301970005e-09,332,1,10.43509431307775,0.9999999999916463,8.717115917988849e-11,10.434963874486007,False,False,2.4253377084448857e-12,True,True,False,REJECT_ARMIJO_CONDITION,
845,1,19,4,0.5,1.9073486328125e-06,1.0168021179597197e-09,0.0625,0.0005330971488208655,0.0005330971488208655,1.0168021179597197e-09,3.552713678800501e-15,True,0,,4.8089461301970005e-09,332,1,10.435094313121294,0.9999999999958191,4.362732397567015e-11,10.435029093825463,False,False,2.4253377084448857e-12,True,True,False,REJECT_ARMIJO_CONDITION,
846,1,19,5,0.5,1.9073486328125e-06,1.0168021179597197e-09,0.03125,0.0005330971488208655,0.0005330971488208655,1.0168021179597197e-09,3.552713678800501e-15,True,0,,4.8089461301970005e-09,332,1,10.435094313143235,0.9999999999979219,2.1685764295398258e-11,10.435061703495192,False,False,2.4253377084448857e-12,True,True,False,REJECT_ARMIJO_CONDITION,
847,1,19,6,0.5,1.9073486328125e-06,1.0168021179597197e-09,0.015625,0.0005330971488208655,0.0005330971488208655,1.0168021179597197e-09,3.552713678800501e-15,True,0,,4.8089461301970005e-09,332,1,10.43509431315408,0.999999999998961,1.0841105790859729e-11,10.435078008330057,False,False,2.4253377084448857e-12,True,True,False,REJECT_ARMIJO_CONDITION,
848,1,19,7,0.5,1.9073486328125e-06,1.0168021179597197e-09,0.0078125,0.0005330971488208655,0.0005330971488208655,1.0168021179597197e-09,3.552713678800501e-15,True,0,,4.8089461301970005e-09,332,1,10.435094313159558,0.9999999999994861,5.362821298149356e-12,10.435086160747488,False,False,2.4253377084448857e-12,True,True,False,REJECT_ARMIJO_CONDITION,
849,1,19,8,0.5,1.9073486328125e-06,1.0168021179597197e-09,0.00390625,0.0005330971488208655,0.0005330971488208655,1.0168021179597197e-09,3.552713678800501e-15,True,0,,4.8089461301970005e-09,332,1,10.435094313162269,0.9999999999997459,2.652100761224574e-12,10.435090236956205,False,False,2.4253377084448857e-12,True,True,False,REJECT_ARMIJO_CONDITION,
850,1,19,9,0.5,1.9073486328125e-06,1.0168021179597197e-09,0.001953125,0.0005330971488208655,0.0005330971488208655,1.0168021179597197e-09,3.552713678800501e-15,True,0,,4.8089461301970005e-09,332,1,10.435094313163624,0.9999999999998758,1.2967404927621828e-12,10.435092275060564,False,False,2.4253377084448857e-12,True,True,False,REJECT_ARMIJO_CONDITION,
851,1,19,10,0.5,1.9073486328125e-06,1.0168021179597197e-09,0.0009765625,0.0005330971488208655,0.0005330971488208655,1.0168021179597197e-09,3.552713678800501e-15,True,0,,4.8089461301970005e-09,332,1,10.4350943131644,0.9999999999999502,5.204725539442734e-13,10.435093294112741,False,False,2.4253377084448857e-12,True,True,False,REJECT_ABSOLUTE_DECREASE_BELOW_FLOOR,
852,1,19,11,0.5,1.9073486328125e-06,1.0168021179597197e-09,0.00048828125,0.0005330971488208655,0.0005330971488208655,1.0168021179597197e-09,3.552713678800501e-15,True,0,,4.8089461301970005e-09,332,1,10.435094313164662,0.9999999999999751,2.5934809855243657e-13,10.435093803638832,False,False,2.4253377084448857e-12,True,True,False,REJECT_ABSOLUTE_DECREASE_BELOW_FLOOR,
853,1,19,12,0.5,1.9073486328125e-06,1.0168021179597197e-09,0.000244140625,0.0005330971488208655,0.0005330971488208655,1.0168021179597197e-09,3.552713678800501e-15,True,0,,4.8089461301970005e-09,332,1,10.435094313164777,0.9999999999999862,1.438849039914203e-13,10.435094058401877,False,False,2.4253377084448857e-12,True,True,False,REJECT_ABSOLUTE_DECREASE_BELOW_FLOOR,
854,1,19,13,0.5,1.9073486328125e-06,1.0168021179597197e-09,0.0001220703125,0.0005330971488208655,0.0005330971488208655,1.0168021179597197e-09,3.552713678800501e-15,True,0,,4.8089461301970005e-09,332,1,10.435094313164937,1.0000000000000016,-1.5987211554602254e-14,10.435094185783399,False,False,2.4253377084448857e-12,True,True,False,REJECT_NOT_RESIDUAL_REDUCING,
855,1,19,14,0.5,1.9073486328125e-06,1.0168021179597197e-09,6.103515625e-05,0.0005330971488208655,0.0005330971488208655,1.0168021179597197e-09,3.552713678800501e-15,True,0,,4.8089461301970005e-09,332,1,10.435094313164955,1.0000000000000033,-3.375077994860476e-14,10.43509424947416,False,False,2.4253377084448857e-12,True,True,False,REJECT_NOT_RESIDUAL_REDUCING,
856,1,19,15,0.5,1.9073486328125e-06,1.0168021179597197e-09,3.0517578125e-05,0.0005330971488208655,0.0005330971488208655,1.0168021179597197e-09,3.552713678800501e-15,True,0,,4.8089461301970005e-09,332,1,10.435094313164885,0.9999999999999966,3.552713678800501e-14,10.43509428131954,False,False,2.4253377084448857e-12,True,True,False,REJECT_ABSOLUTE_DECREASE_BELOW_FLOOR,
857,1,19,16,0.5,1.9073486328125e-06,1.0168021179597197e-09,1.52587890625e-05,0.0005330971488208655,0.0005330971488208655,1.0168021179597197e-09,3.552713678800501e-15,True,0,,4.8089461301970005e-09,332,1,10.435094313164974,1.000000000000005,-5.3290705182007514e-14,10.43509429724223,False,False,2.4253377084448857e-12,True,True,False,REJECT_NOT_RESIDUAL_REDUCING,
858,1,19,17,0.5,1.9073486328125e-06,1.0168021179597197e-09,7.62939453125e-06,0.0005330971488208655,0.0005330971488208655,1.0168021179597197e-09,3.552713678800501e-15,True,0,,4.8089461301970005e-09,332,1,10.435094313164978,1.0000000000000056,-5.684341886080802e-14,10.435094305203576,False,False,2.4253377084448857e-12,True,True,False,REJECT_NOT_RESIDUAL_REDUCING,
859,1,19,18,0.5,1.9073486328125e-06,1.0168021179597197e-09,3.814697265625e-06,0.0005330971488208655,0.0005330971488208655,1.0168021179597197e-09,3.552713678800501e-15,True,0,,4.8089461301970005e-09,332,1,10.435094313164921,1.0,0.0,10.43509430918425,False,False,2.4253377084448857e-12,True,True,False,REJECT_NOT_RESIDUAL_REDUCING,
860,1,19,19,0.5,1.9073486328125e-06,1.0168021179597197e-09,1.9073486328125e-06,0.0005330971488208655,0.0005330971488208655,1.0168021179597197e-09,3.552713678800501e-15,True,0,,4.8089461301970005e-09,332,1,10.435094313164921,1.0,0.0,10.435094311174584,False,False,2.4253377084448857e-12,True,True,False,REJECT_NOT_RESIDUAL_REDUCING,
861,1,19,20,0.5,1.9073486328125e-06,1.0168021179597197e-09,9.5367431640625e-07,0.0005330971488208655,0.0005330971488208655,1.0168021179597197e-09,3.552713678800501e-15,True,0,,4.8089461301970005e-09,332,1,10.435094313164921,1.0,0.0,10.435094312169753,False,False,2.4253377084448857e-12,True,True,False,REJECT_NOT_RESIDUAL_REDUCING,
862,1,20,0,0.5,9.5367431640625e-07,5.084010589798599e-10,1.0,0.0005330971488208655,0.0005330971488208655,5.084010589798599e-10,3.552713678800501e-15,True,0,,4.8089461301970005e-09,332,1,10.435094312815895,0.9999999999665528,3.490256972327188e-10,10.434050803733605,False,False,2.4253377084448857e-12,True,True,False,REJECT_ARMIJO_CONDITION,
863,1,20,1,0.5,9.5367431640625e-07,5.084010589798599e-10,0.5,0.0005330971488208655,0.0005330971488208655,5.084010589798599e-10,3.552713678800501e-15,True,0,,4.8089461301970005e-09,332,1,10.435094312990465,0.9999999999832818,1.744560051974986e-10,10.434572558449263,False,False,2.4253377084448857e-12,True,True,False,REJECT_ARMIJO_CONDITION,
864,1,20,2,0.5,9.5367431640625e-07,5.084010589798599e-10,0.25,0.0005330971488208655,0.0005330971488208655,5.084010589798599e-10,3.552713678800501e-15,True,0,,4.8089461301970005e-09,332,1,10.43509431307775,0.9999999999916463,8.717115917988849e-11,10.434833435807091,False,False,2.4253377084448857e-12,True,True,False,REJECT_ARMIJO_CONDITION,
865,1,20,3,0.5,9.5367431640625e-07,5.084010589798599e-10,0.125,0.0005330971488208655,0.0005330971488208655,5.084010589798599e-10,3.552713678800501e-15,True,0,,4.8089461301970005e-09,332,1,10.435094313121294,0.9999999999958191,4.362732397567015e-11,10.434963874486007,False,False,2.4253377084448857e-12,True,True,False,REJECT_ARMIJO_CONDITION,
866,1,20,4,0.5,9.5367431640625e-07,5.084010589798599e-10,0.0625,0.0005330971488208655,0.0005330971488208655,5.084010589798599e-10,3.552713678800501e-15,True,0,,4.8089461301970005e-09,332,1,10.435094313143235,0.9999999999979219,2.1685764295398258e-11,10.435029093825463,False,False,2.4253377084448857e-12,True,True,False,REJECT_ARMIJO_CONDITION,
867,1,20,5,0.5,9.5367431640625e-07,5.084010589798599e-10,0.03125,0.0005330971488208655,0.0005330971488208655,5.084010589798599e-10,3.552713678800501e-15,True,0,,4.8089461301970005e-09,332,1,10.43509431315408,0.999999999998961,1.0841105790859729e-11,10.435061703495192,False,False,2.4253377084448857e-12,True,True,False,REJECT_ARMIJO_CONDITION,
868,1,20,6,0.5,9.5367431640625e-07,5.084010589798599e-10,0.015625,0.0005330971488208655,0.0005330971488208655,5.084010589798599e-10,3.552713678800501e-15,True,0,,4.8089461301970005e-09,332,1,10.435094313159558,0.9999999999994861,5.362821298149356e-12,10.435078008330057,False,False,2.4253377084448857e-12,True,True,False,REJECT_ARMIJO_CONDITION,
869,1,20,7,0.5,9.5367431640625e-07,5.084010589798599e-10,0.0078125,0.0005330971488208655,0.0005330971488208655,5.084010589798599e-10,3.552713678800501e-15,True,0,,4.8089461301970005e-09,332,1,10.435094313162269,0.9999999999997459,2.652100761224574e-12,10.435086160747488,False,False,2.4253377084448857e-12,True,True,False,REJECT_ARMIJO_CONDITION,
870,1,20,8,0.5,9.5367431640625e-07,5.084010589798599e-10,0.00390625,0.0005330971488208655,0.0005330971488208655,5.084010589798599e-10,3.552713678800501e-15,True,0,,4.8089461301970005e-09,332,1,10.435094313163624,0.9999999999998758,1.2967404927621828e-12,10.435090236956205,False,False,2.4253377084448857e-12,True,True,False,REJECT_ARMIJO_CONDITION,
871,1,20,9,0.5,9.5367431640625e-07,5.084010589798599e-10,0.001953125,0.0005330971488208655,0.0005330971488208655,5.084010589798599e-10,3.552713678800501e-15,True,0,,4.8089461301970005e-09,332,1,10.4350943131644,0.9999999999999502,5.204725539442734e-13,10.435092275060564,False,False,2.4253377084448857e-12,True,True,False,REJECT_ABSOLUTE_DECREASE_BELOW_FLOOR,
872,1,20,10,0.5,9.5367431640625e-07,5.084010589798599e-10,0.0009765625,0.0005330971488208655,0.0005330971488208655,5.084010589798599e-10,3.552713678800501e-15,True,0,,4.8089461301970005e-09,332,1,10.435094313164662,0.9999999999999751,2.5934809855243657e-13,10.435093294112741,False,False,2.4253377084448857e-12,True,True,False,REJECT_ABSOLUTE_DECREASE_BELOW_FLOOR,
873,1,20,11,0.5,9.5367431640625e-07,5.084010589798599e-10,0.00048828125,0.0005330971488208655,0.0005330971488208655,5.084010589798599e-10,3.552713678800501e-15,True,0,,4.8089461301970005e-09,332,1,10.435094313164777,0.9999999999999862,1.438849039914203e-13,10.435093803638832,False,False,2.4253377084448857e-12,True,True,False,REJECT_ABSOLUTE_DECREASE_BELOW_FLOOR,
874,1,20,12,0.5,9.5367431640625e-07,5.084010589798599e-10,0.000244140625,0.0005330971488208655,0.0005330971488208655,5.084010589798599e-10,3.552713678800501e-15,True,0,,4.8089461301970005e-09,332,1,10.435094313164937,1.0000000000000016,-1.5987211554602254e-14,10.435094058401877,False,False,2.4253377084448857e-12,True,True,False,REJECT_NOT_RESIDUAL_REDUCING,
875,1,20,13,0.5,9.5367431640625e-07,5.084010589798599e-10,0.0001220703125,0.0005330971488208655,0.0005330971488208655,5.084010589798599e-10,3.552713678800501e-15,True,0,,4.8089461301970005e-09,332,1,10.435094313164955,1.0000000000000033,-3.375077994860476e-14,10.435094185783399,False,False,2.4253377084448857e-12,True,True,False,REJECT_NOT_RESIDUAL_REDUCING,
876,1,20,14,0.5,9.5367431640625e-07,5.084010589798599e-10,6.103515625e-05,0.0005330971488208655,0.0005330971488208655,5.084010589798599e-10,3.552713678800501e-15,True,0,,4.8089461301970005e-09,332,1,10.435094313164885,0.9999999999999966,3.552713678800501e-14,10.43509424947416,False,False,2.4253377084448857e-12,True,True,False,REJECT_ABSOLUTE_DECREASE_BELOW_FLOOR,
877,1,20,15,0.5,9.5367431640625e-07,5.084010589798599e-10,3.0517578125e-05,0.0005330971488208655,0.0005330971488208655,5.084010589798599e-10,3.552713678800501e-15,True,0,,4.8089461301970005e-09,332,1,10.435094313164974,1.000000000000005,-5.3290705182007514e-14,10.43509428131954,False,False,2.4253377084448857e-12,True,True,False,REJECT_NOT_RESIDUAL_REDUCING,
878,1,20,16,0.5,9.5367431640625e-07,5.084010589798599e-10,1.52587890625e-05,0.0005330971488208655,0.0005330971488208655,5.084010589798599e-10,3.552713678800501e-15,True,0,,4.8089461301970005e-09,332,1,10.435094313164978,1.0000000000000056,-5.684341886080802e-14,10.43509429724223,False,False,2.4253377084448857e-12,True,True,False,REJECT_NOT_RESIDUAL_REDUCING,
879,1,20,17,0.5,9.5367431640625e-07,5.084010589798599e-10,7.62939453125e-06,0.0005330971488208655,0.0005330971488208655,5.084010589798599e-10,3.552713678800501e-15,True,0,,4.8089461301970005e-09,332,1,10.435094313164921,1.0,0.0,10.435094305203576,False,False,2.4253377084448857e-12,True,True,False,REJECT_NOT_RESIDUAL_REDUCING,
880,1,20,18,0.5,9.5367431640625e-07,5.084010589798599e-10,3.814697265625e-06,0.0005330971488208655,0.0005330971488208655,5.084010589798599e-10,3.552713678800501e-15,True,0,,4.8089461301970005e-09,332,1,10.435094313164921,1.0,0.0,10.43509430918425,False,False,2.4253377084448857e-12,True,True,False,REJECT_NOT_RESIDUAL_REDUCING,
881,1,20,19,0.5,9.5367431640625e-07,5.084010589798599e-10,1.9073486328125e-06,0.0005330971488208655,0.0005330971488208655,5.084010589798599e-10,3.552713678800501e-15,True,0,,4.8089461301970005e-09,332,1,10.435094313164921,1.0,0.0,10.435094311174584,False,False,2.4253377084448857e-12,True,True,False,REJECT_NOT_RESIDUAL_REDUCING,
882,1,20,20,0.5,9.5367431640625e-07,5.084010589798599e-10,9.5367431640625e-07,0.0005330971488208655,0.0005330971488208655,5.084010589798599e-10,3.552713678800501e-15,True,0,,4.8089461301970005e-09,332,1,10.435094313164921,1.0,0.0,10.435094312169753,False,False,2.4253377084448857e-12,True,True,False,REJECT_NOT_RESIDUAL_REDUCING,
883,2,0,0,0.25,1.0,0.0010661499364692892,1.0,0.0010661499364692892,0.0010661499364692892,0.0010661499364692892,5.329070518200751e-15,False,0,,nan,-1,-1,nan,nan,nan,nan,False,False,nan,False,False,False,REJECT_NONFINITE_CANDIDATE,REASSEMBLY_RAISED:BoundaryHJBFailure
884,2,0,1,0.25,1.0,0.0010661499364692892,0.5,0.0010661499364692892,0.0010661499364692892,0.0010661499364692892,5.329070518200751e-15,False,0,,nan,-1,-1,nan,nan,nan,nan,False,False,nan,False,False,False,REJECT_NONFINITE_CANDIDATE,REASSEMBLY_RAISED:BoundaryHJBFailure
885,2,0,2,0.25,1.0,0.0010661499364692892,0.25,0.0010661499364692892,0.0010661499364692892,0.0010661499364692892,5.329070518200751e-15,False,0,,nan,-1,-1,nan,nan,nan,nan,False,False,nan,False,False,False,REJECT_NONFINITE_CANDIDATE,REASSEMBLY_RAISED:BoundaryHJBFailure
886,2,0,3,0.25,1.0,0.0010661499364692892,0.125,0.0010661499364692892,0.0010661499364692892,0.0010661499364692892,5.329070518200751e-15,False,0,,nan,-1,-1,nan,nan,nan,nan,False,False,nan,False,False,False,REJECT_NONFINITE_CANDIDATE,REASSEMBLY_RAISED:BoundaryHJBFailure
887,2,0,4,0.25,1.0,0.0010661499364692892,0.0625,0.0010661499364692892,0.0010661499364692892,0.0010661499364692892,5.329070518200751e-15,False,0,,nan,-1,-1,nan,nan,nan,nan,False,False,nan,False,False,False,REJECT_NONFINITE_CANDIDATE,REASSEMBLY_RAISED:BoundaryHJBFailure
888,2,0,5,0.25,1.0,0.0010661499364692892,0.03125,0.0010661499364692892,0.0010661499364692892,0.0010661499364692892,5.329070518200751e-15,False,0,,nan,-1,-1,nan,nan,nan,nan,False,False,nan,False,False,False,REJECT_NONFINITE_CANDIDATE,REASSEMBLY_RAISED:BoundaryHJBFailure
889,2,0,6,0.25,1.0,0.0010661499364692892,0.015625,0.0010661499364692892,0.0010661499364692892,0.0010661499364692892,5.329070518200751e-15,False,0,,nan,-1,-1,nan,nan,nan,nan,False,False,nan,False,False,False,REJECT_NONFINITE_CANDIDATE,REASSEMBLY_RAISED:BoundaryHJBFailure
890,2,0,7,0.25,1.0,0.0010661499364692892,0.0078125,0.0010661499364692892,0.0010661499364692892,0.0010661499364692892,5.329070518200751e-15,False,0,,nan,-1,-1,nan,nan,nan,nan,False,False,nan,False,False,False,REJECT_NONFINITE_CANDIDATE,REASSEMBLY_RAISED:BoundaryHJBFailure
891,2,0,8,0.25,1.0,0.0010661499364692892,0.00390625,0.0010661499364692892,0.0010661499364692892,0.0010661499364692892,5.329070518200751e-15,False,0,,nan,-1,-1,nan,nan,nan,nan,False,False,nan,False,False,False,REJECT_NONFINITE_CANDIDATE,REASSEMBLY_RAISED:BoundaryHJBFailure
892,2,0,9,0.25,1.0,0.0010661499364692892,0.001953125,0.0010661499364692892,0.0010661499364692892,0.0010661499364692892,5.329070518200751e-15,False,0,,nan,-1,-1,nan,nan,nan,nan,False,False,nan,False,False,False,REJECT_NONFINITE_CANDIDATE,REASSEMBLY_RAISED:BoundaryHJBFailure
893,2,0,10,0.25,1.0,0.0010661499364692892,0.0009765625,0.0010661499364692892,0.0010661499364692892,0.0010661499364692892,5.329070518200751e-15,False,0,,nan,-1,-1,nan,nan,nan,nan,False,False,nan,False,False,False,REJECT_NONFINITE_CANDIDATE,REASSEMBLY_RAISED:BoundaryHJBFailure
894,2,0,11,0.25,1.0,0.0010661499364692892,0.00048828125,0.0010661499364692892,0.0010661499364692892,0.0010661499364692892,5.329070518200751e-15,False,0,,nan,-1,-1,nan,nan,nan,nan,False,False,nan,False,False,False,REJECT_NONFINITE_CANDIDATE,REASSEMBLY_RAISED:BoundaryHJBFailure
895,2,0,12,0.25,1.0,0.0010661499364692892,0.000244140625,0.0010661499364692892,0.0010661499364692892,0.0010661499364692892,5.329070518200751e-15,False,0,,nan,-1,-1,nan,nan,nan,nan,False,False,nan,False,False,False,REJECT_NONFINITE_CANDIDATE,REASSEMBLY_RAISED:BoundaryHJBFailure
896,2,0,13,0.25,1.0,0.0010661499364692892,0.0001220703125,0.0010661499364692892,0.0010661499364692892,0.0010661499364692892,5.329070518200751e-15,False,0,,nan,-1,-1,nan,nan,nan,nan,False,False,nan,False,False,False,REJECT_NONFINITE_CANDIDATE,REASSEMBLY_RAISED:BoundaryHJBFailure
897,2,0,14,0.25,1.0,0.0010661499364692892,6.103515625e-05,0.0010661499364692892,0.0010661499364692892,0.0010661499364692892,5.329070518200751e-15,False,0,,nan,-1,-1,nan,nan,nan,nan,False,False,nan,False,False,False,REJECT_NONFINITE_CANDIDATE,REASSEMBLY_RAISED:BoundaryHJBFailure
898,2,0,15,0.25,1.0,0.0010661499364692892,3.0517578125e-05,0.0010661499364692892,0.0010661499364692892,0.0010661499364692892,5.329070518200751e-15,False,0,,nan,-1,-1,nan,nan,nan,nan,False,False,nan,False,False,False,REJECT_NONFINITE_CANDIDATE,REASSEMBLY_RAISED:BoundaryHJBFailure
899,2,0,16,0.25,1.0,0.0010661499364692892,1.52587890625e-05,0.0010661499364692892,0.0010661499364692892,0.0010661499364692892,5.329070518200751e-15,True,0,,9.659666082890389e-10,332,1,10.435094299922525,0.999999998730975,1.3242395624502024e-08,10.43509429724223,False,False,4.85061990573854e-12,True,True,False,REJECT_ARMIJO_CONDITION,
900,2,0,17,0.25,1.0,0.0010661499364692892,7.62939453125e-06,0.0010661499364692892,0.0010661499364692892,0.0010661499364692892,5.329070518200751e-15,True,0,,2.8874467261630343e-09,332,1,10.435094306543839,0.9999999993654985,6.621082349056451e-09,10.435094305203576,False,False,2.4253377084448857e-12,True,True,False,REJECT_ARMIJO_CONDITION,
901,2,0,18,0.25,1.0,0.0010661499364692892,3.814697265625e-06,0.0010661499364692892,0.0010661499364692892,0.0010661499364692892,5.329070518200751e-15,True,0,,3.848206071260003e-09,332,1,10.435094309854446,0.9999999996827555,3.3104754493251676e-09,10.43509430918425,False,False,2.4253377084448857e-12,True,True,False,REJECT_ARMIJO_CONDITION,
902,2,0,19,0.25,1.0,0.0010661499364692892,1.9073486328125e-06,0.0010661499364692892,0.0010661499364692892,0.0010661499364692892,5.329070518200751e-15,True,0,,4.328566457648517e-09,332,1,10.435094311509825,0.9999999998413914,1.6550956161154318e-09,10.435094311174584,False,False,2.4253377084448857e-12,True,True,False,REJECT_ARMIJO_CONDITION,
903,2,0,20,0.25,1.0,0.0010661499364692892,9.5367431640625e-07,0.0010661499364692892,0.0010661499364692892,0.0010661499364692892,5.329070518200751e-15,True,0,,4.568775580082729e-09,332,1,10.435094312337444,0.9999999999207025,8.274767537841399e-10,10.435094312169753,False,False,2.4253377084448857e-12,True,True,False,REJECT_ARMIJO_CONDITION,
904,2,1,0,0.25,0.5,0.0005330749682346446,1.0,0.0010661499364692892,0.0010661499364692892,0.0005330749682346446,5.329070518200751e-15,False,0,,nan,-1,-1,nan,nan,nan,nan,False,False,nan,False,False,False,REJECT_NONFINITE_CANDIDATE,REASSEMBLY_RAISED:BoundaryHJBFailure
905,2,1,1,0.25,0.5,0.0005330749682346446,0.5,0.0010661499364692892,0.0010661499364692892,0.0005330749682346446,5.329070518200751e-15,False,0,,nan,-1,-1,nan,nan,nan,nan,False,False,nan,False,False,False,REJECT_NONFINITE_CANDIDATE,REASSEMBLY_RAISED:BoundaryHJBFailure
906,2,1,2,0.25,0.5,0.0005330749682346446,0.25,0.0010661499364692892,0.0010661499364692892,0.0005330749682346446,5.329070518200751e-15,False,0,,nan,-1,-1,nan,nan,nan,nan,False,False,nan,False,False,False,REJECT_NONFINITE_CANDIDATE,REASSEMBLY_RAISED:BoundaryHJBFailure
907,2,1,3,0.25,0.5,0.0005330749682346446,0.125,0.0010661499364692892,0.0010661499364692892,0.0005330749682346446,5.329070518200751e-15,False,0,,nan,-1,-1,nan,nan,nan,nan,False,False,nan,False,False,False,REJECT_NONFINITE_CANDIDATE,REASSEMBLY_RAISED:BoundaryHJBFailure
908,2,1,4,0.25,0.5,0.0005330749682346446,0.0625,0.0010661499364692892,0.0010661499364692892,0.0005330749682346446,5.329070518200751e-15,False,0,,nan,-1,-1,nan,nan,nan,nan,False,False,nan,False,False,False,REJECT_NONFINITE_CANDIDATE,REASSEMBLY_RAISED:BoundaryHJBFailure
909,2,1,5,0.25,0.5,0.0005330749682346446,0.03125,0.0010661499364692892,0.0010661499364692892,0.0005330749682346446,5.329070518200751e-15,False,0,,nan,-1,-1,nan,nan,nan,nan,False,False,nan,False,False,False,REJECT_NONFINITE_CANDIDATE,REASSEMBLY_RAISED:BoundaryHJBFailure
910,2,1,6,0.25,0.5,0.0005330749682346446,0.015625,0.0010661499364692892,0.0010661499364692892,0.0005330749682346446,5.329070518200751e-15,False,0,,nan,-1,-1,nan,nan,nan,nan,False,False,nan,False,False,False,REJECT_NONFINITE_CANDIDATE,REASSEMBLY_RAISED:BoundaryHJBFailure
911,2,1,7,0.25,0.5,0.0005330749682346446,0.0078125,0.0010661499364692892,0.0010661499364692892,0.0005330749682346446,5.329070518200751e-15,False,0,,nan,-1,-1,nan,nan,nan,nan,False,False,nan,False,False,False,REJECT_NONFINITE_CANDIDATE,REASSEMBLY_RAISED:BoundaryHJBFailure
912,2,1,8,0.25,0.5,0.0005330749682346446,0.00390625,0.0010661499364692892,0.0010661499364692892,0.0005330749682346446,5.329070518200751e-15,False,0,,nan,-1,-1,nan,nan,nan,nan,False,False,nan,False,False,False,REJECT_NONFINITE_CANDIDATE,REASSEMBLY_RAISED:BoundaryHJBFailure
913,2,1,9,0.25,0.5,0.0005330749682346446,0.001953125,0.0010661499364692892,0.0010661499364692892,0.0005330749682346446,5.329070518200751e-15,False,0,,nan,-1,-1,nan,nan,nan,nan,False,False,nan,False,False,False,REJECT_NONFINITE_CANDIDATE,REASSEMBLY_RAISED:BoundaryHJBFailure
914,2,1,10,0.25,0.5,0.0005330749682346446,0.0009765625,0.0010661499364692892,0.0010661499364692892,0.0005330749682346446,5.329070518200751e-15,False,0,,nan,-1,-1,nan,nan,nan,nan,False,False,nan,False,False,False,REJECT_NONFINITE_CANDIDATE,REASSEMBLY_RAISED:BoundaryHJBFailure
915,2,1,11,0.25,0.5,0.0005330749682346446,0.00048828125,0.0010661499364692892,0.0010661499364692892,0.0005330749682346446,5.329070518200751e-15,False,0,,nan,-1,-1,nan,nan,nan,nan,False,False,nan,False,False,False,REJECT_NONFINITE_CANDIDATE,REASSEMBLY_RAISED:BoundaryHJBFailure
916,2,1,12,0.25,0.5,0.0005330749682346446,0.000244140625,0.0010661499364692892,0.0010661499364692892,0.0005330749682346446,5.329070518200751e-15,False,0,,nan,-1,-1,nan,nan,nan,nan,False,False,nan,False,False,False,REJECT_NONFINITE_CANDIDATE,REASSEMBLY_RAISED:BoundaryHJBFailure
917,2,1,13,0.25,0.5,0.0005330749682346446,0.0001220703125,0.0010661499364692892,0.0010661499364692892,0.0005330749682346446,5.329070518200751e-15,False,0,,nan,-1,-1,nan,nan,nan,nan,False,False,nan,False,False,False,REJECT_NONFINITE_CANDIDATE,REASSEMBLY_RAISED:BoundaryHJBFailure
918,2,1,14,0.25,0.5,0.0005330749682346446,6.103515625e-05,0.0010661499364692892,0.0010661499364692892,0.0005330749682346446,5.329070518200751e-15,False,0,,nan,-1,-1,nan,nan,nan,nan,False,False,nan,False,False,False,REJECT_NONFINITE_CANDIDATE,REASSEMBLY_RAISED:BoundaryHJBFailure
919,2,1,15,0.25,0.5,0.0005330749682346446,3.0517578125e-05,0.0010661499364692892,0.0010661499364692892,0.0005330749682346446,5.329070518200751e-15,False,0,,nan,-1,-1,nan,nan,nan,nan,False,False,nan,False,False,False,REJECT_NONFINITE_CANDIDATE,REASSEMBLY_RAISED:BoundaryHJBFailure
920,2,1,16,0.25,0.5,0.0005330749682346446,1.52587890625e-05,0.0010661499364692892,0.0010661499364692892,0.0005330749682346446,5.329070518200751e-15,True,0,,9.659666082890389e-10,332,1,10.435094307579675,0.9999999994647633,5.585246043438019e-09,10.43509429724223,False,False,4.85061990573854e-12,True,True,False,REJECT_ARMIJO_CONDITION,
921,2,1,17,0.25,0.5,0.0005330749682346446,7.62939453125e-06,0.0010661499364692892,0.0010661499364692892,0.0005330749682346446,5.329070518200751e-15,True,0,,2.8874467261630343e-09,332,1,10.435094310372326,0.9999999997323843,2.792594600009579e-09,10.435094305203576,False,False,2.4253377084448857e-12,True,True,False,REJECT_ARMIJO_CONDITION,
922,2,1,18,0.25,0.5,0.0005330749682346446,3.814697265625e-06,0.0010661499364692892,0.0010661499364692892,0.0005330749682346446,5.329070518200751e-15,True,0,,3.848206071260003e-09,332,1,10.435094311768642,0.9999999998661939,1.3962786482579759e-09,10.43509430918425,False,False,2.4253377084448857e-12,True,True,False,REJECT_ARMIJO_CONDITION,
923,2,1,19,0.25,0.5,0.0005330749682346446,1.9073486328125e-06,0.0010661499364692892,0.0010661499364692892,0.0005330749682346446,5.329070518200751e-15,True,0,,4.328566457648517e-09,332,1,10.435094312466852,0.9999999999331037,6.980691580338316e-10,10.435094311174584,False,False,2.4253377084448857e-12,True,True,False,REJECT_ARMIJO_CONDITION,
924,2,1,20,0.25,0.5,0.0005330749682346446,9.5367431640625e-07,0.0010661499364692892,0.0010661499364692892,0.0005330749682346446,5.329070518200751e-15,True,0,,4.568775580082729e-09,332,1,10.435094312815817,0.9999999999665452,3.491038569336524e-10,10.435094312169753,False,False,2.4253377084448857e-12,True,True,False,REJECT_ARMIJO_CONDITION,
925,2,2,0,0.25,0.25,0.0002665374841173223,1.0,0.0010661499364692892,0.0010661499364692892,0.0002665374841173223,5.329070518200751e-15,True,0,,4.8089461301970005e-09,332,1,10.434911290759226,0.9999824608767106,0.00018302240569489925,10.434050803733605,False,False,2.4253377084448857e-12,True,True,False,REJECT_ARMIJO_CONDITION,
926,2,2,1,0.25,0.25,0.0002665374841173223,0.5,0.0010661499364692892,0.0010661499364692892,0.0002665374841173223,5.329070518200751e-15,True,0,,4.8089461301970005e-09,332,1,10.435002801962073,0.9999912304383552,9.15112028483378e-05,10.434572558449263,False,False,2.4253377084448857e-12,True,True,False,REJECT_ARMIJO_CONDITION,
927,2,2,2,0.25,0.25,0.0002665374841173223,0.25,0.0010661499364692892,0.0010661499364692892,0.0002665374841173223,5.329070518200751e-15,True,0,,4.8089461301970005e-09,332,1,10.435048557563485,0.9999956152191765,4.575560143571522e-05,10.434833435807091,False,False,2.4253377084448857e-12,True,True,False,REJECT_ARMIJO_CONDITION,
928,2,2,3,0.25,0.25,0.0002665374841173223,0.125,0.0010661499364692892,0.0010661499364692892,0.0002665374841173223,5.329070518200751e-15,True,0,,4.8089461301970005e-09,332,1,10.435071435364259,0.9999978076095937,2.287780066190237e-05,10.434963874486007,False,False,2.4253377084448857e-12,True,True,False,REJECT_ARMIJO_CONDITION,
929,2,2,4,0.25,0.25,0.0002665374841173223,0.0625,0.0010661499364692892,0.0010661499364692892,0.0002665374841173223,5.329070518200751e-15,True,0,,4.8089461301970005e-09,332,1,10.435082874264648,0.9999989038048024,1.1438900273219588e-05,10.435029093825463,False,False,2.4253377084448857e-12,True,True,False,REJECT_ARMIJO_CONDITION,
930,2,2,5,0.25,0.25,0.0002665374841173223,0.03125,0.0010661499364692892,0.0010661499364692892,0.0002665374841173223,5.329070518200751e-15,True,0,,4.8089461301970005e-09,332,1,10.435088593714799,0.9999994519024026,5.719450122398939e-06,10.435061703495192,False,False,2.4253377084448857e-12,True,True,False,REJECT_ARMIJO_CONDITION,
931,2,2,6,0.25,0.25,0.0002665374841173223,0.015625,0.0010661499364692892,0.0010661499364692892,0.0002665374841173223,5.329070518200751e-15,True,0,,4.8089461301970005e-09,332,1,10.43509145343993,0.9999997259512081,2.859724990145196e-06,10.435078008330057,False,False,2.4253377084448857e-12,True,True,False,REJECT_ARMIJO_CONDITION,
932,2,2,7,0.25,0.25,0.0002665374841173223,0.0078125,0.0010661499364692892,0.0010661499364692892,0.0002665374841173223,5.329070518200751e-15,True,0,,4.8089461301970005e-09,332,1,10.43509288330244,0.9999998629756054,1.4298624808617433e-06,10.435086160747488,False,False,2.4253377084448857e-12,True,True,False,REJECT_ARMIJO_CONDITION,
933,2,2,8,0.25,0.25,0.0002665374841173223,0.00390625,0.0010661499364692892,0.0010661499364692892,0.0002665374841173223,5.329070518200751e-15,True,0,,4.8089461301970005e-09,332,1,10.435093598233639,0.9999999314877988,7.149312821752574e-07,10.435090236956205,False,False,2.4253377084448857e-12,True,True,False,REJECT_ARMIJO_CONDITION,
934,2,2,9,0.25,0.25,0.0002665374841173223,0.001953125,0.0010661499364692892,0.0010661499364692892,0.0002665374841173223,5.329070518200751e-15,True,0,,4.8089461301970005e-09,332,1,10.435093955699339,0.9999999657439049,3.57465582467853e-07,10.435092275060564,False,False,2.4253377084448857e-12,True,True,False,REJECT_ARMIJO_CONDITION,
935,2,2,10,0.25,0.25,0.0002665374841173223,0.0009765625,0.0010661499364692892,0.0010661499364692892,0.0002665374841173223,5.329070518200751e-15,True,0,,4.8089461301970005e-09,332,1,10.435094134432173,0.9999999828719567,1.7873274771318393e-07,10.435093294112741,False,False,2.4253377084448857e-12,True,True,False,REJECT_ARMIJO_CONDITION,
936,2,2,11,0.25,0.25,0.0002665374841173223,0.00048828125,0.0010661499364692892,0.0010661499364692892,0.0002665374841173223,5.329070518200751e-15,True,0,,4.8089461301970005e-09,332,1,10.435094223798563,0.9999999914359798,8.936635786938041e-08,10.435093803638832,False,False,2.4253377084448857e-12,True,True,False,REJECT_ARMIJO_CONDITION,
937,2,2,12,0.25,0.25,0.0002665374841173223,0.000244140625,0.0010661499364692892,0.0010661499364692892,0.0002665374841173223,5.329070518200751e-15,True,0,,4.8089461301970005e-09,332,1,10.435094268481743,0.99999999571799,4.4683178046511784e-08,10.435094058401877,False,False,2.4253377084448857e-12,True,True,False,REJECT_ARMIJO_CONDITION,
938,2,2,13,0.25,0.25,0.0002665374841173223,0.0001220703125,0.0010661499364692892,0.0010661499364692892,0.0002665374841173223,5.329070518200751e-15,True,0,,4.8089461301970005e-09,332,1,10.43509429082329,0.999999997858991,2.2341630767641618e-08,10.435094185783399,False,False,2.4253377084448857e-12,True,True,False,REJECT_ARMIJO_CONDITION,
939,2,2,14,0.25,0.25,0.0002665374841173223,6.103515625e-05,0.0010661499364692892,0.0010661499364692892,0.0002665374841173223,5.329070518200751e-15,True,0,,4.8089461301970005e-09,332,1,10.435094301994175,0.9999999989295021,1.1170746105904072e-08,10.43509424947416,False,False,2.4253377084448857e-12,True,True,False,REJECT_ARMIJO_CONDITION,
940,2,2,15,0.25,0.25,0.0002665374841173223,3.0517578125e-05,0.0010661499364692892,0.0010661499364692892,0.0002665374841173223,5.329070518200751e-15,True,0,,4.8089461301970005e-09,332,1,10.435094307579675,0.9999999994647633,5.585246043438019e-09,10.43509428131954,False,False,2.4253377084448857e-12,True,True,False,REJECT_ARMIJO_CONDITION,
941,2,2,16,0.25,0.25,0.0002665374841173223,1.52587890625e-05,0.0010661499364692892,0.0010661499364692892,0.0002665374841173223,5.329070518200751e-15,True,0,,4.8089461301970005e-09,332,1,10.435094310372326,0.9999999997323843,2.792594600009579e-09,10.43509429724223,False,False,2.4253377084448857e-12,True,True,False,REJECT_ARMIJO_CONDITION,
942,2,2,17,0.25,0.25,0.0002665374841173223,7.62939453125e-06,0.0010661499364692892,0.0010661499364692892,0.0002665374841173223,5.329070518200751e-15,True,0,,4.8089461301970005e-09,332,1,10.435094311768642,0.9999999998661939,1.3962786482579759e-09,10.435094305203576,False,False,2.4253377084448857e-12,True,True,False,REJECT_ARMIJO_CONDITION,
943,2,2,18,0.25,0.25,0.0002665374841173223,3.814697265625e-06,0.0010661499364692892,0.0010661499364692892,0.0002665374841173223,5.329070518200751e-15,True,0,,4.8089461301970005e-09,332,1,10.435094312466852,0.9999999999331037,6.980691580338316e-10,10.43509430918425,False,False,2.4253377084448857e-12,True,True,False,REJECT_ARMIJO_CONDITION,
944,2,2,19,0.25,0.25,0.0002665374841173223,1.9073486328125e-06,0.0010661499364692892,0.0010661499364692892,0.0002665374841173223,5.329070518200751e-15,True,0,,4.8089461301970005e-09,332,1,10.435094312815817,0.9999999999665452,3.491038569336524e-10,10.435094311174584,False,False,2.4253377084448857e-12,True,True,False,REJECT_ARMIJO_CONDITION,
945,2,2,20,0.25,0.25,0.0002665374841173223,9.5367431640625e-07,0.0010661499364692892,0.0010661499364692892,0.0002665374841173223,5.329070518200751e-15,True,0,,4.8089461301970005e-09,332,1,10.43509431299044,0.9999999999832794,1.744808741932502e-10,10.435094312169753,False,False,2.4253377084448857e-12,True,True,False,REJECT_ARMIJO_CONDITION,
946,2,3,0,0.25,0.125,0.00013326874205866115,1.0,0.0010661499364692892,0.0010661499364692892,0.00013326874205866115,5.329070518200751e-15,True,0,,4.8089461301970005e-09,332,1,10.435002801962073,0.9999912304383552,9.15112028483378e-05,10.434050803733605,False,False,2.4253377084448857e-12,True,True,False,REJECT_ARMIJO_CONDITION,
947,2,3,1,0.25,0.125,0.00013326874205866115,0.5,0.0010661499364692892,0.0010661499364692892,0.00013326874205866115,5.329070518200751e-15,True,0,,4.8089461301970005e-09,332,1,10.435048557563485,0.9999956152191765,4.575560143571522e-05,10.434572558449263,False,False,2.4253377084448857e-12,True,True,False,REJECT_ARMIJO_CONDITION,
948,2,3,2,0.25,0.125,0.00013326874205866115,0.25,0.0010661499364692892,0.0010661499364692892,0.00013326874205866115,5.329070518200751e-15,True,0,,4.8089461301970005e-09,332,1,10.435071435364259,0.9999978076095937,2.287780066190237e-05,10.434833435807091,False,False,2.4253377084448857e-12,True,True,False,REJECT_ARMIJO_CONDITION,
949,2,3,3,0.25,0.125,0.00013326874205866115,0.125,0.0010661499364692892,0.0010661499364692892,0.00013326874205866115,5.329070518200751e-15,True,0,,4.8089461301970005e-09,332,1,10.435082874264648,0.9999989038048024,1.1438900273219588e-05,10.434963874486007,False,False,2.4253377084448857e-12,True,True,False,REJECT_ARMIJO_CONDITION,
950,2,3,4,0.25,0.125,0.00013326874205866115,0.0625,0.0010661499364692892,0.0010661499364692892,0.00013326874205866115,5.329070518200751e-15,True,0,,4.8089461301970005e-09,332,1,10.435088593714799,0.9999994519024026,5.719450122398939e-06,10.435029093825463,False,False,2.4253377084448857e-12,True,True,False,REJECT_ARMIJO_CONDITION,
951,2,3,5,0.25,0.125,0.00013326874205866115,0.03125,0.0010661499364692892,0.0010661499364692892,0.00013326874205866115,5.329070518200751e-15,True,0,,4.8089461301970005e-09,332,1,10.43509145343993,0.9999997259512081,2.859724990145196e-06,10.435061703495192,False,False,2.4253377084448857e-12,True,True,False,REJECT_ARMIJO_CONDITION,
952,2,3,6,0.25,0.125,0.00013326874205866115,0.015625,0.0010661499364692892,0.0010661499364692892,0.00013326874205866115,5.329070518200751e-15,True,0,,4.8089461301970005e-09,332,1,10.43509288330244,0.9999998629756054,1.4298624808617433e-06,10.435078008330057,False,False,2.4253377084448857e-12,True,True,False,REJECT_ARMIJO_CONDITION,
953,2,3,7,0.25,0.125,0.00013326874205866115,0.0078125,0.0010661499364692892,0.0010661499364692892,0.00013326874205866115,5.329070518200751e-15,True,0,,4.8089461301970005e-09,332,1,10.435093598233639,0.9999999314877988,7.149312821752574e-07,10.435086160747488,False,False,2.4253377084448857e-12,True,True,False,REJECT_ARMIJO_CONDITION,
954,2,3,8,0.25,0.125,0.00013326874205866115,0.00390625,0.0010661499364692892,0.0010661499364692892,0.00013326874205866115,5.329070518200751e-15,True,0,,4.8089461301970005e-09,332,1,10.435093955699339,0.9999999657439049,3.57465582467853e-07,10.435090236956205,False,False,2.4253377084448857e-12,True,True,False,REJECT_ARMIJO_CONDITION,
955,2,3,9,0.25,0.125,0.00013326874205866115,0.001953125,0.0010661499364692892,0.0010661499364692892,0.00013326874205866115,5.329070518200751e-15,True,0,,4.8089461301970005e-09,332,1,10.435094134432173,0.9999999828719567,1.7873274771318393e-07,10.435092275060564,False,False,2.4253377084448857e-12,True,True,False,REJECT_ARMIJO_CONDITION,
956,2,3,10,0.25,0.125,0.00013326874205866115,0.0009765625,0.0010661499364692892,0.0010661499364692892,0.00013326874205866115,5.329070518200751e-15,True,0,,4.8089461301970005e-09,332,1,10.435094223798563,0.9999999914359798,8.936635786938041e-08,10.435093294112741,False,False,2.4253377084448857e-12,True,True,False,REJECT_ARMIJO_CONDITION,
957,2,3,11,0.25,0.125,0.00013326874205866115,0.00048828125,0.0010661499364692892,0.0010661499364692892,0.00013326874205866115,5.329070518200751e-15,True,0,,4.8089461301970005e-09,332,1,10.435094268481743,0.99999999571799,4.4683178046511784e-08,10.435093803638832,False,False,2.4253377084448857e-12,True,True,False,REJECT_ARMIJO_CONDITION,
958,2,3,12,0.25,0.125,0.00013326874205866115,0.000244140625,0.0010661499364692892,0.0010661499364692892,0.00013326874205866115,5.329070518200751e-15,True,0,,4.8089461301970005e-09,332,1,10.43509429082329,0.999999997858991,2.2341630767641618e-08,10.435094058401877,False,False,2.4253377084448857e-12,True,True,False,REJECT_ARMIJO_CONDITION,
959,2,3,13,0.25,0.125,0.00013326874205866115,0.0001220703125,0.0010661499364692892,0.0010661499364692892,0.00013326874205866115,5.329070518200751e-15,True,0,,4.8089461301970005e-09,332,1,10.435094301994175,0.9999999989295021,1.1170746105904072e-08,10.435094185783399,False,False,2.4253377084448857e-12,True,True,False,REJECT_ARMIJO_CONDITION,
960,2,3,14,0.25,0.125,0.00013326874205866115,6.103515625e-05,0.0010661499364692892,0.0010661499364692892,0.00013326874205866115,5.329070518200751e-15,True,0,,4.8089461301970005e-09,332,1,10.435094307579675,0.9999999994647633,5.585246043438019e-09,10.43509424947416,False,False,2.4253377084448857e-12,True,True,False,REJECT_ARMIJO_CONDITION,
961,2,3,15,0.25,0.125,0.00013326874205866115,3.0517578125e-05,0.0010661499364692892,0.0010661499364692892,0.00013326874205866115,5.329070518200751e-15,True,0,,4.8089461301970005e-09,332,1,10.435094310372326,0.9999999997323843,2.792594600009579e-09,10.43509428131954,False,False,2.4253377084448857e-12,True,True,False,REJECT_ARMIJO_CONDITION,
962,2,3,16,0.25,0.125,0.00013326874205866115,1.52587890625e-05,0.0010661499364692892,0.0010661499364692892,0.00013326874205866115,5.329070518200751e-15,True,0,,4.8089461301970005e-09,332,1,10.435094311768642,0.9999999998661939,1.3962786482579759e-09,10.43509429724223,False,False,2.4253377084448857e-12,True,True,False,REJECT_ARMIJO_CONDITION,
963,2,3,17,0.25,0.125,0.00013326874205866115,7.62939453125e-06,0.0010661499364692892,0.0010661499364692892,0.00013326874205866115,5.329070518200751e-15,True,0,,4.8089461301970005e-09,332,1,10.435094312466852,0.9999999999331037,6.980691580338316e-10,10.435094305203576,False,False,2.4253377084448857e-12,True,True,False,REJECT_ARMIJO_CONDITION,
964,2,3,18,0.25,0.125,0.00013326874205866115,3.814697265625e-06,0.0010661499364692892,0.0010661499364692892,0.00013326874205866115,5.329070518200751e-15,True,0,,4.8089461301970005e-09,332,1,10.435094312815817,0.9999999999665452,3.491038569336524e-10,10.43509430918425,False,False,2.4253377084448857e-12,True,True,False,REJECT_ARMIJO_CONDITION,
965,2,3,19,0.25,0.125,0.00013326874205866115,1.9073486328125e-06,0.0010661499364692892,0.0010661499364692892,0.00013326874205866115,5.329070518200751e-15,True,0,,4.8089461301970005e-09,332,1,10.43509431299044,0.9999999999832794,1.744808741932502e-10,10.435094311174584,False,False,2.4253377084448857e-12,True,True,False,REJECT_ARMIJO_CONDITION,
966,2,3,20,0.25,0.125,0.00013326874205866115,9.5367431640625e-07,0.0010661499364692892,0.0010661499364692892,0.00013326874205866115,5.329070518200751e-15,True,0,,4.8089461301970005e-09,332,1,10.435094313077753,0.9999999999916467,8.716760646620969e-11,10.435094312169753,False,False,2.4253377084448857e-12,True,True,False,REJECT_ARMIJO_CONDITION,
967,2,4,0,0.25,0.0625,6.663437102933058e-05,1.0,0.0010661499364692892,0.0010661499364692892,6.663437102933058e-05,5.329070518200751e-15,True,0,,4.8089461301970005e-09,332,1,10.435048557563485,0.9999956152191765,4.575560143571522e-05,10.434050803733605,False,False,2.4253377084448857e-12,True,True,False,REJECT_ARMIJO_CONDITION,
968,2,4,1,0.25,0.0625,6.663437102933058e-05,0.5,0.0010661499364692892,0.0010661499364692892,6.663437102933058e-05,5.329070518200751e-15,True,0,,4.8089461301970005e-09,332,1,10.435071435364259,0.9999978076095937,2.287780066190237e-05,10.434572558449263,False,False,2.4253377084448857e-12,True,True,False,REJECT_ARMIJO_CONDITION,
969,2,4,2,0.25,0.0625,6.663437102933058e-05,0.25,0.0010661499364692892,0.0010661499364692892,6.663437102933058e-05,5.329070518200751e-15,True,0,,4.8089461301970005e-09,332,1,10.435082874264648,0.9999989038048024,1.1438900273219588e-05,10.434833435807091,False,False,2.4253377084448857e-12,True,True,False,REJECT_ARMIJO_CONDITION,
970,2,4,3,0.25,0.0625,6.663437102933058e-05,0.125,0.0010661499364692892,0.0010661499364692892,6.663437102933058e-05,5.329070518200751e-15,True,0,,4.8089461301970005e-09,332,1,10.435088593714799,0.9999994519024026,5.719450122398939e-06,10.434963874486007,False,False,2.4253377084448857e-12,True,True,False,REJECT_ARMIJO_CONDITION,
971,2,4,4,0.25,0.0625,6.663437102933058e-05,0.0625,0.0010661499364692892,0.0010661499364692892,6.663437102933058e-05,5.329070518200751e-15,True,0,,4.8089461301970005e-09,332,1,10.43509145343993,0.9999997259512081,2.859724990145196e-06,10.435029093825463,False,False,2.4253377084448857e-12,True,True,False,REJECT_ARMIJO_CONDITION,
972,2,4,5,0.25,0.0625,6.663437102933058e-05,0.03125,0.0010661499364692892,0.0010661499364692892,6.663437102933058e-05,5.329070518200751e-15,True,0,,4.8089461301970005e-09,332,1,10.43509288330244,0.9999998629756054,1.4298624808617433e-06,10.435061703495192,False,False,2.4253377084448857e-12,True,True,False,REJECT_ARMIJO_CONDITION,
973,2,4,6,0.25,0.0625,6.663437102933058e-05,0.015625,0.0010661499364692892,0.0010661499364692892,6.663437102933058e-05,5.329070518200751e-15,True,0,,4.8089461301970005e-09,332,1,10.435093598233639,0.9999999314877988,7.149312821752574e-07,10.435078008330057,False,False,2.4253377084448857e-12,True,True,False,REJECT_ARMIJO_CONDITION,
974,2,4,7,0.25,0.0625,6.663437102933058e-05,0.0078125,0.0010661499364692892,0.0010661499364692892,6.663437102933058e-05,5.329070518200751e-15,True,0,,4.8089461301970005e-09,332,1,10.435093955699339,0.9999999657439049,3.57465582467853e-07,10.435086160747488,False,False,2.4253377084448857e-12,True,True,False,REJECT_ARMIJO_CONDITION,
975,2,4,8,0.25,0.0625,6.663437102933058e-05,0.00390625,0.0010661499364692892,0.0010661499364692892,6.663437102933058e-05,5.329070518200751e-15,True,0,,4.8089461301970005e-09,332,1,10.435094134432173,0.9999999828719567,1.7873274771318393e-07,10.435090236956205,False,False,2.4253377084448857e-12,True,True,False,REJECT_ARMIJO_CONDITION,
976,2,4,9,0.25,0.0625,6.663437102933058e-05,0.001953125,0.0010661499364692892,0.0010661499364692892,6.663437102933058e-05,5.329070518200751e-15,True,0,,4.8089461301970005e-09,332,1,10.435094223798563,0.9999999914359798,8.936635786938041e-08,10.435092275060564,False,False,2.4253377084448857e-12,True,True,False,REJECT_ARMIJO_CONDITION,
977,2,4,10,0.25,0.0625,6.663437102933058e-05,0.0009765625,0.0010661499364692892,0.0010661499364692892,6.663437102933058e-05,5.329070518200751e-15,True,0,,4.8089461301970005e-09,332,1,10.435094268481743,0.99999999571799,4.4683178046511784e-08,10.435093294112741,False,False,2.4253377084448857e-12,True,True,False,REJECT_ARMIJO_CONDITION,
978,2,4,11,0.25,0.0625,6.663437102933058e-05,0.00048828125,0.0010661499364692892,0.0010661499364692892,6.663437102933058e-05,5.329070518200751e-15,True,0,,4.8089461301970005e-09,332,1,10.43509429082329,0.999999997858991,2.2341630767641618e-08,10.435093803638832,False,False,2.4253377084448857e-12,True,True,False,REJECT_ARMIJO_CONDITION,
979,2,4,12,0.25,0.0625,6.663437102933058e-05,0.000244140625,0.0010661499364692892,0.0010661499364692892,6.663437102933058e-05,5.329070518200751e-15,True,0,,4.8089461301970005e-09,332,1,10.435094301994175,0.9999999989295021,1.1170746105904072e-08,10.435094058401877,False,False,2.4253377084448857e-12,True,True,False,REJECT_ARMIJO_CONDITION,
980,2,4,13,0.25,0.0625,6.663437102933058e-05,0.0001220703125,0.0010661499364692892,0.0010661499364692892,6.663437102933058e-05,5.329070518200751e-15,True,0,,4.8089461301970005e-09,332,1,10.435094307579675,0.9999999994647633,5.585246043438019e-09,10.435094185783399,False,False,2.4253377084448857e-12,True,True,False,REJECT_ARMIJO_CONDITION,
981,2,4,14,0.25,0.0625,6.663437102933058e-05,6.103515625e-05,0.0010661499364692892,0.0010661499364692892,6.663437102933058e-05,5.329070518200751e-15,True,0,,4.8089461301970005e-09,332,1,10.435094310372326,0.9999999997323843,2.792594600009579e-09,10.43509424947416,False,False,2.4253377084448857e-12,True,True,False,REJECT_ARMIJO_CONDITION,
982,2,4,15,0.25,0.0625,6.663437102933058e-05,3.0517578125e-05,0.0010661499364692892,0.0010661499364692892,6.663437102933058e-05,5.329070518200751e-15,True,0,,4.8089461301970005e-09,332,1,10.435094311768642,0.9999999998661939,1.3962786482579759e-09,10.43509428131954,False,False,2.4253377084448857e-12,True,True,False,REJECT_ARMIJO_CONDITION,
983,2,4,16,0.25,0.0625,6.663437102933058e-05,1.52587890625e-05,0.0010661499364692892,0.0010661499364692892,6.663437102933058e-05,5.329070518200751e-15,True,0,,4.8089461301970005e-09,332,1,10.435094312466852,0.9999999999331037,6.980691580338316e-10,10.43509429724223,False,False,2.4253377084448857e-12,True,True,False,REJECT_ARMIJO_CONDITION,
984,2,4,17,0.25,0.0625,6.663437102933058e-05,7.62939453125e-06,0.0010661499364692892,0.0010661499364692892,6.663437102933058e-05,5.329070518200751e-15,True,0,,4.8089461301970005e-09,332,1,10.435094312815817,0.9999999999665452,3.491038569336524e-10,10.435094305203576,False,False,2.4253377084448857e-12,True,True,False,REJECT_ARMIJO_CONDITION,
985,2,4,18,0.25,0.0625,6.663437102933058e-05,3.814697265625e-06,0.0010661499364692892,0.0010661499364692892,6.663437102933058e-05,5.329070518200751e-15,True,0,,4.8089461301970005e-09,332,1,10.43509431299044,0.9999999999832794,1.744808741932502e-10,10.43509430918425,False,False,2.4253377084448857e-12,True,True,False,REJECT_ARMIJO_CONDITION,
986,2,4,19,0.25,0.0625,6.663437102933058e-05,1.9073486328125e-06,0.0010661499364692892,0.0010661499364692892,6.663437102933058e-05,5.329070518200751e-15,True,0,,4.8089461301970005e-09,332,1,10.435094313077753,0.9999999999916467,8.716760646620969e-11,10.435094311174584,False,False,2.4253377084448857e-12,True,True,False,REJECT_ARMIJO_CONDITION,
987,2,4,20,0.25,0.0625,6.663437102933058e-05,9.5367431640625e-07,0.0010661499364692892,0.0010661499364692892,6.663437102933058e-05,5.329070518200751e-15,True,0,,4.8089461301970005e-09,332,1,10.435094313121294,0.9999999999958191,4.362732397567015e-11,10.435094312169753,False,False,2.4253377084448857e-12,True,True,False,REJECT_ARMIJO_CONDITION,
988,2,5,0,0.25,0.03125,3.331718551466529e-05,1.0,0.0010661499364692892,0.0010661499364692892,3.331718551466529e-05,5.329070518200751e-15,True,0,,4.8089461301970005e-09,332,1,10.435071435364259,0.9999978076095937,2.287780066190237e-05,10.434050803733605,False,False,2.4253377084448857e-12,True,True,False,REJECT_ARMIJO_CONDITION,
989,2,5,1,0.25,0.03125,3.331718551466529e-05,0.5,0.0010661499364692892,0.0010661499364692892,3.331718551466529e-05,5.329070518200751e-15,True,0,,4.8089461301970005e-09,332,1,10.435082874264648,0.9999989038048024,1.1438900273219588e-05,10.434572558449263,False,False,2.4253377084448857e-12,True,True,False,REJECT_ARMIJO_CONDITION,
990,2,5,2,0.25,0.03125,3.331718551466529e-05,0.25,0.0010661499364692892,0.0010661499364692892,3.331718551466529e-05,5.329070518200751e-15,True,0,,4.8089461301970005e-09,332,1,10.435088593714799,0.9999994519024026,5.719450122398939e-06,10.434833435807091,False,False,2.4253377084448857e-12,True,True,False,REJECT_ARMIJO_CONDITION,
991,2,5,3,0.25,0.03125,3.331718551466529e-05,0.125,0.0010661499364692892,0.0010661499364692892,3.331718551466529e-05,5.329070518200751e-15,True,0,,4.8089461301970005e-09,332,1,10.43509145343993,0.9999997259512081,2.859724990145196e-06,10.434963874486007,False,False,2.4253377084448857e-12,True,True,False,REJECT_ARMIJO_CONDITION,
992,2,5,4,0.25,0.03125,3.331718551466529e-05,0.0625,0.0010661499364692892,0.0010661499364692892,3.331718551466529e-05,5.329070518200751e-15,True,0,,4.8089461301970005e-09,332,1,10.43509288330244,0.9999998629756054,1.4298624808617433e-06,10.435029093825463,False,False,2.4253377084448857e-12,True,True,False,REJECT_ARMIJO_CONDITION,
993,2,5,5,0.25,0.03125,3.331718551466529e-05,0.03125,0.0010661499364692892,0.0010661499364692892,3.331718551466529e-05,5.329070518200751e-15,True,0,,4.8089461301970005e-09,332,1,10.435093598233639,0.9999999314877988,7.149312821752574e-07,10.435061703495192,False,False,2.4253377084448857e-12,True,True,False,REJECT_ARMIJO_CONDITION,
994,2,5,6,0.25,0.03125,3.331718551466529e-05,0.015625,0.0010661499364692892,0.0010661499364692892,3.331718551466529e-05,5.329070518200751e-15,True,0,,4.8089461301970005e-09,332,1,10.435093955699339,0.9999999657439049,3.57465582467853e-07,10.435078008330057,False,False,2.4253377084448857e-12,True,True,False,REJECT_ARMIJO_CONDITION,
995,2,5,7,0.25,0.03125,3.331718551466529e-05,0.0078125,0.0010661499364692892,0.0010661499364692892,3.331718551466529e-05,5.329070518200751e-15,True,0,,4.8089461301970005e-09,332,1,10.435094134432173,0.9999999828719567,1.7873274771318393e-07,10.435086160747488,False,False,2.4253377084448857e-12,True,True,False,REJECT_ARMIJO_CONDITION,
996,2,5,8,0.25,0.03125,3.331718551466529e-05,0.00390625,0.0010661499364692892,0.0010661499364692892,3.331718551466529e-05,5.329070518200751e-15,True,0,,4.8089461301970005e-09,332,1,10.435094223798563,0.9999999914359798,8.936635786938041e-08,10.435090236956205,False,False,2.4253377084448857e-12,True,True,False,REJECT_ARMIJO_CONDITION,
997,2,5,9,0.25,0.03125,3.331718551466529e-05,0.001953125,0.0010661499364692892,0.0010661499364692892,3.331718551466529e-05,5.329070518200751e-15,True,0,,4.8089461301970005e-09,332,1,10.435094268481743,0.99999999571799,4.4683178046511784e-08,10.435092275060564,False,False,2.4253377084448857e-12,True,True,False,REJECT_ARMIJO_CONDITION,
998,2,5,10,0.25,0.03125,3.331718551466529e-05,0.0009765625,0.0010661499364692892,0.0010661499364692892,3.331718551466529e-05,5.329070518200751e-15,True,0,,4.8089461301970005e-09,332,1,10.43509429082329,0.999999997858991,2.2341630767641618e-08,10.435093294112741,False,False,2.4253377084448857e-12,True,True,False,REJECT_ARMIJO_CONDITION,
999,2,5,11,0.25,0.03125,3.331718551466529e-05,0.00048828125,0.0010661499364692892,0.0010661499364692892,3.331718551466529e-05,5.329070518200751e-15,True,0,,4.8089461301970005e-09,332,1,10.435094301994175,0.9999999989295021,1.1170746105904072e-08,10.435093803638832,False,False,2.4253377084448857e-12,True,True,False,REJECT_ARMIJO_CONDITION,
1000,2,5,12,0.25,0.03125,3.331718551466529e-05,0.000244140625,0.0010661499364692892,0.0010661499364692892,3.331718551466529e-05,5.329070518200751e-15,True,0,,4.8089461301970005e-09,332,1,10.435094307579675,0.9999999994647633,5.585246043438019e-09,10.435094058401877,False,False,2.4253377084448857e-12,True,True,False,REJECT_ARMIJO_CONDITION,
1001,2,5,13,0.25,0.03125,3.331718551466529e-05,0.0001220703125,0.0010661499364692892,0.0010661499364692892,3.331718551466529e-05,5.329070518200751e-15,True,0,,4.8089461301970005e-09,332,1,10.435094310372326,0.9999999997323843,2.792594600009579e-09,10.435094185783399,False,False,2.4253377084448857e-12,True,True,False,REJECT_ARMIJO_CONDITION,
1002,2,5,14,0.25,0.03125,3.331718551466529e-05,6.103515625e-05,0.0010661499364692892,0.0010661499364692892,3.331718551466529e-05,5.329070518200751e-15,True,0,,4.8089461301970005e-09,332,1,10.435094311768642,0.9999999998661939,1.3962786482579759e-09,10.43509424947416,False,False,2.4253377084448857e-12,True,True,False,REJECT_ARMIJO_CONDITION,
1003,2,5,15,0.25,0.03125,3.331718551466529e-05,3.0517578125e-05,0.0010661499364692892,0.0010661499364692892,3.331718551466529e-05,5.329070518200751e-15,True,0,,4.8089461301970005e-09,332,1,10.435094312466852,0.9999999999331037,6.980691580338316e-10,10.43509428131954,False,False,2.4253377084448857e-12,True,True,False,REJECT_ARMIJO_CONDITION,
1004,2,5,16,0.25,0.03125,3.331718551466529e-05,1.52587890625e-05,0.0010661499364692892,0.0010661499364692892,3.331718551466529e-05,5.329070518200751e-15,True,0,,4.8089461301970005e-09,332,1,10.435094312815817,0.9999999999665452,3.491038569336524e-10,10.43509429724223,False,False,2.4253377084448857e-12,True,True,False,REJECT_ARMIJO_CONDITION,
1005,2,5,17,0.25,0.03125,3.331718551466529e-05,7.62939453125e-06,0.0010661499364692892,0.0010661499364692892,3.331718551466529e-05,5.329070518200751e-15,True,0,,4.8089461301970005e-09,332,1,10.43509431299044,0.9999999999832794,1.744808741932502e-10,10.435094305203576,False,False,2.4253377084448857e-12,True,True,False,REJECT_ARMIJO_CONDITION,
1006,2,5,18,0.25,0.03125,3.331718551466529e-05,3.814697265625e-06,0.0010661499364692892,0.0010661499364692892,3.331718551466529e-05,5.329070518200751e-15,True,0,,4.8089461301970005e-09,332,1,10.435094313077753,0.9999999999916467,8.716760646620969e-11,10.43509430918425,False,False,2.4253377084448857e-12,True,True,False,REJECT_ARMIJO_CONDITION,
1007,2,5,19,0.25,0.03125,3.331718551466529e-05,1.9073486328125e-06,0.0010661499364692892,0.0010661499364692892,3.331718551466529e-05,5.329070518200751e-15,True,0,,4.8089461301970005e-09,332,1,10.435094313121294,0.9999999999958191,4.362732397567015e-11,10.435094311174584,False,False,2.4253377084448857e-12,True,True,False,REJECT_ARMIJO_CONDITION,
1008,2,5,20,0.25,0.03125,3.331718551466529e-05,9.5367431640625e-07,0.0010661499364692892,0.0010661499364692892,3.331718551466529e-05,5.329070518200751e-15,True,0,,4.8089461301970005e-09,332,1,10.435094313143235,0.9999999999979219,2.1685764295398258e-11,10.435094312169753,False,False,2.4253377084448857e-12,True,True,False,REJECT_ARMIJO_CONDITION,
1009,2,6,0,0.25,0.015625,1.6658592757332644e-05,1.0,0.0010661499364692892,0.0010661499364692892,1.6658592757332644e-05,5.329070518200751e-15,True,0,,4.8089461301970005e-09,332,1,10.435082874264648,0.9999989038048024,1.1438900273219588e-05,10.434050803733605,False,False,2.4253377084448857e-12,True,True,False,REJECT_ARMIJO_CONDITION,
1010,2,6,1,0.25,0.015625,1.6658592757332644e-05,0.5,0.0010661499364692892,0.0010661499364692892,1.6658592757332644e-05,5.329070518200751e-15,True,0,,4.8089461301970005e-09,332,1,10.435088593714799,0.9999994519024026,5.719450122398939e-06,10.434572558449263,False,False,2.4253377084448857e-12,True,True,False,REJECT_ARMIJO_CONDITION,
1011,2,6,2,0.25,0.015625,1.6658592757332644e-05,0.25,0.0010661499364692892,0.0010661499364692892,1.6658592757332644e-05,5.329070518200751e-15,True,0,,4.8089461301970005e-09,332,1,10.43509145343993,0.9999997259512081,2.859724990145196e-06,10.434833435807091,False,False,2.4253377084448857e-12,True,True,False,REJECT_ARMIJO_CONDITION,
1012,2,6,3,0.25,0.015625,1.6658592757332644e-05,0.125,0.0010661499364692892,0.0010661499364692892,1.6658592757332644e-05,5.329070518200751e-15,True,0,,4.8089461301970005e-09,332,1,10.43509288330244,0.9999998629756054,1.4298624808617433e-06,10.434963874486007,False,False,2.4253377084448857e-12,True,True,False,REJECT_ARMIJO_CONDITION,
1013,2,6,4,0.25,0.015625,1.6658592757332644e-05,0.0625,0.0010661499364692892,0.0010661499364692892,1.6658592757332644e-05,5.329070518200751e-15,True,0,,4.8089461301970005e-09,332,1,10.435093598233639,0.9999999314877988,7.149312821752574e-07,10.435029093825463,False,False,2.4253377084448857e-12,True,True,False,REJECT_ARMIJO_CONDITION,
1014,2,6,5,0.25,0.015625,1.6658592757332644e-05,0.03125,0.0010661499364692892,0.0010661499364692892,1.6658592757332644e-05,5.329070518200751e-15,True,0,,4.8089461301970005e-09,332,1,10.435093955699339,0.9999999657439049,3.57465582467853e-07,10.435061703495192,False,False,2.4253377084448857e-12,True,True,False,REJECT_ARMIJO_CONDITION,
1015,2,6,6,0.25,0.015625,1.6658592757332644e-05,0.015625,0.0010661499364692892,0.0010661499364692892,1.6658592757332644e-05,5.329070518200751e-15,True,0,,4.8089461301970005e-09,332,1,10.435094134432173,0.9999999828719567,1.7873274771318393e-07,10.435078008330057,False,False,2.4253377084448857e-12,True,True,False,REJECT_ARMIJO_CONDITION,
1016,2,6,7,0.25,0.015625,1.6658592757332644e-05,0.0078125,0.0010661499364692892,0.0010661499364692892,1.6658592757332644e-05,5.329070518200751e-15,True,0,,4.8089461301970005e-09,332,1,10.435094223798563,0.9999999914359798,8.936635786938041e-08,10.435086160747488,False,False,2.4253377084448857e-12,True,True,False,REJECT_ARMIJO_CONDITION,
1017,2,6,8,0.25,0.015625,1.6658592757332644e-05,0.00390625,0.0010661499364692892,0.0010661499364692892,1.6658592757332644e-05,5.329070518200751e-15,True,0,,4.8089461301970005e-09,332,1,10.435094268481743,0.99999999571799,4.4683178046511784e-08,10.435090236956205,False,False,2.4253377084448857e-12,True,True,False,REJECT_ARMIJO_CONDITION,
1018,2,6,9,0.25,0.015625,1.6658592757332644e-05,0.001953125,0.0010661499364692892,0.0010661499364692892,1.6658592757332644e-05,5.329070518200751e-15,True,0,,4.8089461301970005e-09,332,1,10.43509429082329,0.999999997858991,2.2341630767641618e-08,10.435092275060564,False,False,2.4253377084448857e-12,True,True,False,REJECT_ARMIJO_CONDITION,
1019,2,6,10,0.25,0.015625,1.6658592757332644e-05,0.0009765625,0.0010661499364692892,0.0010661499364692892,1.6658592757332644e-05,5.329070518200751e-15,True,0,,4.8089461301970005e-09,332,1,10.435094301994175,0.9999999989295021,1.1170746105904072e-08,10.435093294112741,False,False,2.4253377084448857e-12,True,True,False,REJECT_ARMIJO_CONDITION,
1020,2,6,11,0.25,0.015625,1.6658592757332644e-05,0.00048828125,0.0010661499364692892,0.0010661499364692892,1.6658592757332644e-05,5.329070518200751e-15,True,0,,4.8089461301970005e-09,332,1,10.435094307579675,0.9999999994647633,5.585246043438019e-09,10.435093803638832,False,False,2.4253377084448857e-12,True,True,False,REJECT_ARMIJO_CONDITION,
1021,2,6,12,0.25,0.015625,1.6658592757332644e-05,0.000244140625,0.0010661499364692892,0.0010661499364692892,1.6658592757332644e-05,5.329070518200751e-15,True,0,,4.8089461301970005e-09,332,1,10.435094310372326,0.9999999997323843,2.792594600009579e-09,10.435094058401877,False,False,2.4253377084448857e-12,True,True,False,REJECT_ARMIJO_CONDITION,
1022,2,6,13,0.25,0.015625,1.6658592757332644e-05,0.0001220703125,0.0010661499364692892,0.0010661499364692892,1.6658592757332644e-05,5.329070518200751e-15,True,0,,4.8089461301970005e-09,332,1,10.435094311768642,0.9999999998661939,1.3962786482579759e-09,10.435094185783399,False,False,2.4253377084448857e-12,True,True,False,REJECT_ARMIJO_CONDITION,
1023,2,6,14,0.25,0.015625,1.6658592757332644e-05,6.103515625e-05,0.0010661499364692892,0.0010661499364692892,1.6658592757332644e-05,5.329070518200751e-15,True,0,,4.8089461301970005e-09,332,1,10.435094312466852,0.9999999999331037,6.980691580338316e-10,10.43509424947416,False,False,2.4253377084448857e-12,True,True,False,REJECT_ARMIJO_CONDITION,
1024,2,6,15,0.25,0.015625,1.6658592757332644e-05,3.0517578125e-05,0.0010661499364692892,0.0010661499364692892,1.6658592757332644e-05,5.329070518200751e-15,True,0,,4.8089461301970005e-09,332,1,10.435094312815817,0.9999999999665452,3.491038569336524e-10,10.43509428131954,False,False,2.4253377084448857e-12,True,True,False,REJECT_ARMIJO_CONDITION,
1025,2,6,16,0.25,0.015625,1.6658592757332644e-05,1.52587890625e-05,0.0010661499364692892,0.0010661499364692892,1.6658592757332644e-05,5.329070518200751e-15,True,0,,4.8089461301970005e-09,332,1,10.43509431299044,0.9999999999832794,1.744808741932502e-10,10.43509429724223,False,False,2.4253377084448857e-12,True,True,False,REJECT_ARMIJO_CONDITION,
1026,2,6,17,0.25,0.015625,1.6658592757332644e-05,7.62939453125e-06,0.0010661499364692892,0.0010661499364692892,1.6658592757332644e-05,5.329070518200751e-15,True,0,,4.8089461301970005e-09,332,1,10.435094313077753,0.9999999999916467,8.716760646620969e-11,10.435094305203576,False,False,2.4253377084448857e-12,True,True,False,REJECT_ARMIJO_CONDITION,
1027,2,6,18,0.25,0.015625,1.6658592757332644e-05,3.814697265625e-06,0.0010661499364692892,0.0010661499364692892,1.6658592757332644e-05,5.329070518200751e-15,True,0,,4.8089461301970005e-09,332,1,10.435094313121294,0.9999999999958191,4.362732397567015e-11,10.43509430918425,False,False,2.4253377084448857e-12,True,True,False,REJECT_ARMIJO_CONDITION,
1028,2,6,19,0.25,0.015625,1.6658592757332644e-05,1.9073486328125e-06,0.0010661499364692892,0.0010661499364692892,1.6658592757332644e-05,5.329070518200751e-15,True,0,,4.8089461301970005e-09,332,1,10.435094313143235,0.9999999999979219,2.1685764295398258e-11,10.435094311174584,False,False,2.4253377084448857e-12,True,True,False,REJECT_ARMIJO_CONDITION,
1029,2,6,20,0.25,0.015625,1.6658592757332644e-05,9.5367431640625e-07,0.0010661499364692892,0.0010661499364692892,1.6658592757332644e-05,5.329070518200751e-15,True,0,,4.8089461301970005e-09,332,1,10.43509431315408,0.999999999998961,1.0841105790859729e-11,10.435094312169753,False,False,2.4253377084448857e-12,True,True,False,REJECT_ARMIJO_CONDITION,
1030,2,7,0,0.25,0.0078125,8.329296378666322e-06,1.0,0.0010661499364692892,0.0010661499364692892,8.329296378666322e-06,5.329070518200751e-15,True,0,,4.8089461301970005e-09,332,1,10.435088593714799,0.9999994519024026,5.719450122398939e-06,10.434050803733605,False,False,2.4253377084448857e-12,True,True,False,REJECT_ARMIJO_CONDITION,
1031,2,7,1,0.25,0.0078125,8.329296378666322e-06,0.5,0.0010661499364692892,0.0010661499364692892,8.329296378666322e-06,5.329070518200751e-15,True,0,,4.8089461301970005e-09,332,1,10.43509145343993,0.9999997259512081,2.859724990145196e-06,10.434572558449263,False,False,2.4253377084448857e-12,True,True,False,REJECT_ARMIJO_CONDITION,
1032,2,7,2,0.25,0.0078125,8.329296378666322e-06,0.25,0.0010661499364692892,0.0010661499364692892,8.329296378666322e-06,5.329070518200751e-15,True,0,,4.8089461301970005e-09,332,1,10.43509288330244,0.9999998629756054,1.4298624808617433e-06,10.434833435807091,False,False,2.4253377084448857e-12,True,True,False,REJECT_ARMIJO_CONDITION,
1033,2,7,3,0.25,0.0078125,8.329296378666322e-06,0.125,0.0010661499364692892,0.0010661499364692892,8.329296378666322e-06,5.329070518200751e-15,True,0,,4.8089461301970005e-09,332,1,10.435093598233639,0.9999999314877988,7.149312821752574e-07,10.434963874486007,False,False,2.4253377084448857e-12,True,True,False,REJECT_ARMIJO_CONDITION,
1034,2,7,4,0.25,0.0078125,8.329296378666322e-06,0.0625,0.0010661499364692892,0.0010661499364692892,8.329296378666322e-06,5.329070518200751e-15,True,0,,4.8089461301970005e-09,332,1,10.435093955699339,0.9999999657439049,3.57465582467853e-07,10.435029093825463,False,False,2.4253377084448857e-12,True,True,False,REJECT_ARMIJO_CONDITION,
1035,2,7,5,0.25,0.0078125,8.329296378666322e-06,0.03125,0.0010661499364692892,0.0010661499364692892,8.329296378666322e-06,5.329070518200751e-15,True,0,,4.8089461301970005e-09,332,1,10.435094134432173,0.9999999828719567,1.7873274771318393e-07,10.435061703495192,False,False,2.4253377084448857e-12,True,True,False,REJECT_ARMIJO_CONDITION,
1036,2,7,6,0.25,0.0078125,8.329296378666322e-06,0.015625,0.0010661499364692892,0.0010661499364692892,8.329296378666322e-06,5.329070518200751e-15,True,0,,4.8089461301970005e-09,332,1,10.435094223798563,0.9999999914359798,8.936635786938041e-08,10.435078008330057,False,False,2.4253377084448857e-12,True,True,False,REJECT_ARMIJO_CONDITION,
1037,2,7,7,0.25,0.0078125,8.329296378666322e-06,0.0078125,0.0010661499364692892,0.0010661499364692892,8.329296378666322e-06,5.329070518200751e-15,True,0,,4.8089461301970005e-09,332,1,10.435094268481743,0.99999999571799,4.4683178046511784e-08,10.435086160747488,False,False,2.4253377084448857e-12,True,True,False,REJECT_ARMIJO_CONDITION,
1038,2,7,8,0.25,0.0078125,8.329296378666322e-06,0.00390625,0.0010661499364692892,0.0010661499364692892,8.329296378666322e-06,5.329070518200751e-15,True,0,,4.8089461301970005e-09,332,1,10.43509429082329,0.999999997858991,2.2341630767641618e-08,10.435090236956205,False,False,2.4253377084448857e-12,True,True,False,REJECT_ARMIJO_CONDITION,
1039,2,7,9,0.25,0.0078125,8.329296378666322e-06,0.001953125,0.0010661499364692892,0.0010661499364692892,8.329296378666322e-06,5.329070518200751e-15,True,0,,4.8089461301970005e-09,332,1,10.435094301994175,0.9999999989295021,1.1170746105904072e-08,10.435092275060564,False,False,2.4253377084448857e-12,True,True,False,REJECT_ARMIJO_CONDITION,
1040,2,7,10,0.25,0.0078125,8.329296378666322e-06,0.0009765625,0.0010661499364692892,0.0010661499364692892,8.329296378666322e-06,5.329070518200751e-15,True,0,,4.8089461301970005e-09,332,1,10.435094307579675,0.9999999994647633,5.585246043438019e-09,10.435093294112741,False,False,2.4253377084448857e-12,True,True,False,REJECT_ARMIJO_CONDITION,
1041,2,7,11,0.25,0.0078125,8.329296378666322e-06,0.00048828125,0.0010661499364692892,0.0010661499364692892,8.329296378666322e-06,5.329070518200751e-15,True,0,,4.8089461301970005e-09,332,1,10.435094310372326,0.9999999997323843,2.792594600009579e-09,10.435093803638832,False,False,2.4253377084448857e-12,True,True,False,REJECT_ARMIJO_CONDITION,
1042,2,7,12,0.25,0.0078125,8.329296378666322e-06,0.000244140625,0.0010661499364692892,0.0010661499364692892,8.329296378666322e-06,5.329070518200751e-15,True,0,,4.8089461301970005e-09,332,1,10.435094311768642,0.9999999998661939,1.3962786482579759e-09,10.435094058401877,False,False,2.4253377084448857e-12,True,True,False,REJECT_ARMIJO_CONDITION,
1043,2,7,13,0.25,0.0078125,8.329296378666322e-06,0.0001220703125,0.0010661499364692892,0.0010661499364692892,8.329296378666322e-06,5.329070518200751e-15,True,0,,4.8089461301970005e-09,332,1,10.435094312466852,0.9999999999331037,6.980691580338316e-10,10.435094185783399,False,False,2.4253377084448857e-12,True,True,False,REJECT_ARMIJO_CONDITION,
1044,2,7,14,0.25,0.0078125,8.329296378666322e-06,6.103515625e-05,0.0010661499364692892,0.0010661499364692892,8.329296378666322e-06,5.329070518200751e-15,True,0,,4.8089461301970005e-09,332,1,10.435094312815817,0.9999999999665452,3.491038569336524e-10,10.43509424947416,False,False,2.4253377084448857e-12,True,True,False,REJECT_ARMIJO_CONDITION,
1045,2,7,15,0.25,0.0078125,8.329296378666322e-06,3.0517578125e-05,0.0010661499364692892,0.0010661499364692892,8.329296378666322e-06,5.329070518200751e-15,True,0,,4.8089461301970005e-09,332,1,10.43509431299044,0.9999999999832794,1.744808741932502e-10,10.43509428131954,False,False,2.4253377084448857e-12,True,True,False,REJECT_ARMIJO_CONDITION,
1046,2,7,16,0.25,0.0078125,8.329296378666322e-06,1.52587890625e-05,0.0010661499364692892,0.0010661499364692892,8.329296378666322e-06,5.329070518200751e-15,True,0,,4.8089461301970005e-09,332,1,10.435094313077753,0.9999999999916467,8.716760646620969e-11,10.43509429724223,False,False,2.4253377084448857e-12,True,True,False,REJECT_ARMIJO_CONDITION,
1047,2,7,17,0.25,0.0078125,8.329296378666322e-06,7.62939453125e-06,0.0010661499364692892,0.0010661499364692892,8.329296378666322e-06,5.329070518200751e-15,True,0,,4.8089461301970005e-09,332,1,10.435094313121294,0.9999999999958191,4.362732397567015e-11,10.435094305203576,False,False,2.4253377084448857e-12,True,True,False,REJECT_ARMIJO_CONDITION,
1048,2,7,18,0.25,0.0078125,8.329296378666322e-06,3.814697265625e-06,0.0010661499364692892,0.0010661499364692892,8.329296378666322e-06,5.329070518200751e-15,True,0,,4.8089461301970005e-09,332,1,10.435094313143235,0.9999999999979219,2.1685764295398258e-11,10.43509430918425,False,False,2.4253377084448857e-12,True,True,False,REJECT_ARMIJO_CONDITION,
1049,2,7,19,0.25,0.0078125,8.329296378666322e-06,1.9073486328125e-06,0.0010661499364692892,0.0010661499364692892,8.329296378666322e-06,5.329070518200751e-15,True,0,,4.8089461301970005e-09,332,1,10.43509431315408,0.999999999998961,1.0841105790859729e-11,10.435094311174584,False,False,2.4253377084448857e-12,True,True,False,REJECT_ARMIJO_CONDITION,
1050,2,7,20,0.25,0.0078125,8.329296378666322e-06,9.5367431640625e-07,0.0010661499364692892,0.0010661499364692892,8.329296378666322e-06,5.329070518200751e-15,True,0,,4.8089461301970005e-09,332,1,10.435094313159558,0.9999999999994861,5.362821298149356e-12,10.435094312169753,False,False,2.4253377084448857e-12,True,True,False,REJECT_ARMIJO_CONDITION,
1051,2,8,0,0.25,0.00390625,4.164648189333161e-06,1.0,0.0010661499364692892,0.0010661499364692892,4.164648189333161e-06,5.329070518200751e-15,True,0,,4.8089461301970005e-09,332,1,10.43509145343993,0.9999997259512081,2.859724990145196e-06,10.434050803733605,False,False,2.4253377084448857e-12,True,True,False,REJECT_ARMIJO_CONDITION,
1052,2,8,1,0.25,0.00390625,4.164648189333161e-06,0.5,0.0010661499364692892,0.0010661499364692892,4.164648189333161e-06,5.329070518200751e-15,True,0,,4.8089461301970005e-09,332,1,10.43509288330244,0.9999998629756054,1.4298624808617433e-06,10.434572558449263,False,False,2.4253377084448857e-12,True,True,False,REJECT_ARMIJO_CONDITION,
1053,2,8,2,0.25,0.00390625,4.164648189333161e-06,0.25,0.0010661499364692892,0.0010661499364692892,4.164648189333161e-06,5.329070518200751e-15,True,0,,4.8089461301970005e-09,332,1,10.435093598233639,0.9999999314877988,7.149312821752574e-07,10.434833435807091,False,False,2.4253377084448857e-12,True,True,False,REJECT_ARMIJO_CONDITION,
1054,2,8,3,0.25,0.00390625,4.164648189333161e-06,0.125,0.0010661499364692892,0.0010661499364692892,4.164648189333161e-06,5.329070518200751e-15,True,0,,4.8089461301970005e-09,332,1,10.435093955699339,0.9999999657439049,3.57465582467853e-07,10.434963874486007,False,False,2.4253377084448857e-12,True,True,False,REJECT_ARMIJO_CONDITION,
1055,2,8,4,0.25,0.00390625,4.164648189333161e-06,0.0625,0.0010661499364692892,0.0010661499364692892,4.164648189333161e-06,5.329070518200751e-15,True,0,,4.8089461301970005e-09,332,1,10.435094134432173,0.9999999828719567,1.7873274771318393e-07,10.435029093825463,False,False,2.4253377084448857e-12,True,True,False,REJECT_ARMIJO_CONDITION,
1056,2,8,5,0.25,0.00390625,4.164648189333161e-06,0.03125,0.0010661499364692892,0.0010661499364692892,4.164648189333161e-06,5.329070518200751e-15,True,0,,4.8089461301970005e-09,332,1,10.435094223798563,0.9999999914359798,8.936635786938041e-08,10.435061703495192,False,False,2.4253377084448857e-12,True,True,False,REJECT_ARMIJO_CONDITION,
1057,2,8,6,0.25,0.00390625,4.164648189333161e-06,0.015625,0.0010661499364692892,0.0010661499364692892,4.164648189333161e-06,5.329070518200751e-15,True,0,,4.8089461301970005e-09,332,1,10.435094268481743,0.99999999571799,4.4683178046511784e-08,10.435078008330057,False,False,2.4253377084448857e-12,True,True,False,REJECT_ARMIJO_CONDITION,
1058,2,8,7,0.25,0.00390625,4.164648189333161e-06,0.0078125,0.0010661499364692892,0.0010661499364692892,4.164648189333161e-06,5.329070518200751e-15,True,0,,4.8089461301970005e-09,332,1,10.43509429082329,0.999999997858991,2.2341630767641618e-08,10.435086160747488,False,False,2.4253377084448857e-12,True,True,False,REJECT_ARMIJO_CONDITION,
1059,2,8,8,0.25,0.00390625,4.164648189333161e-06,0.00390625,0.0010661499364692892,0.0010661499364692892,4.164648189333161e-06,5.329070518200751e-15,True,0,,4.8089461301970005e-09,332,1,10.435094301994175,0.9999999989295021,1.1170746105904072e-08,10.435090236956205,False,False,2.4253377084448857e-12,True,True,False,REJECT_ARMIJO_CONDITION,
1060,2,8,9,0.25,0.00390625,4.164648189333161e-06,0.001953125,0.0010661499364692892,0.0010661499364692892,4.164648189333161e-06,5.329070518200751e-15,True,0,,4.8089461301970005e-09,332,1,10.435094307579675,0.9999999994647633,5.585246043438019e-09,10.435092275060564,False,False,2.4253377084448857e-12,True,True,False,REJECT_ARMIJO_CONDITION,
1061,2,8,10,0.25,0.00390625,4.164648189333161e-06,0.0009765625,0.0010661499364692892,0.0010661499364692892,4.164648189333161e-06,5.329070518200751e-15,True,0,,4.8089461301970005e-09,332,1,10.435094310372326,0.9999999997323843,2.792594600009579e-09,10.435093294112741,False,False,2.4253377084448857e-12,True,True,False,REJECT_ARMIJO_CONDITION,
1062,2,8,11,0.25,0.00390625,4.164648189333161e-06,0.00048828125,0.0010661499364692892,0.0010661499364692892,4.164648189333161e-06,5.329070518200751e-15,True,0,,4.8089461301970005e-09,332,1,10.435094311768642,0.9999999998661939,1.3962786482579759e-09,10.435093803638832,False,False,2.4253377084448857e-12,True,True,False,REJECT_ARMIJO_CONDITION,
1063,2,8,12,0.25,0.00390625,4.164648189333161e-06,0.000244140625,0.0010661499364692892,0.0010661499364692892,4.164648189333161e-06,5.329070518200751e-15,True,0,,4.8089461301970005e-09,332,1,10.435094312466852,0.9999999999331037,6.980691580338316e-10,10.435094058401877,False,False,2.4253377084448857e-12,True,True,False,REJECT_ARMIJO_CONDITION,
1064,2,8,13,0.25,0.00390625,4.164648189333161e-06,0.0001220703125,0.0010661499364692892,0.0010661499364692892,4.164648189333161e-06,5.329070518200751e-15,True,0,,4.8089461301970005e-09,332,1,10.435094312815817,0.9999999999665452,3.491038569336524e-10,10.435094185783399,False,False,2.4253377084448857e-12,True,True,False,REJECT_ARMIJO_CONDITION,
1065,2,8,14,0.25,0.00390625,4.164648189333161e-06,6.103515625e-05,0.0010661499364692892,0.0010661499364692892,4.164648189333161e-06,5.329070518200751e-15,True,0,,4.8089461301970005e-09,332,1,10.43509431299044,0.9999999999832794,1.744808741932502e-10,10.43509424947416,False,False,2.4253377084448857e-12,True,True,False,REJECT_ARMIJO_CONDITION,
1066,2,8,15,0.25,0.00390625,4.164648189333161e-06,3.0517578125e-05,0.0010661499364692892,0.0010661499364692892,4.164648189333161e-06,5.329070518200751e-15,True,0,,4.8089461301970005e-09,332,1,10.435094313077753,0.9999999999916467,8.716760646620969e-11,10.43509428131954,False,False,2.4253377084448857e-12,True,True,False,REJECT_ARMIJO_CONDITION,
1067,2,8,16,0.25,0.00390625,4.164648189333161e-06,1.52587890625e-05,0.0010661499364692892,0.0010661499364692892,4.164648189333161e-06,5.329070518200751e-15,True,0,,4.8089461301970005e-09,332,1,10.435094313121294,0.9999999999958191,4.362732397567015e-11,10.43509429724223,False,False,2.4253377084448857e-12,True,True,False,REJECT_ARMIJO_CONDITION,
1068,2,8,17,0.25,0.00390625,4.164648189333161e-06,7.62939453125e-06,0.0010661499364692892,0.0010661499364692892,4.164648189333161e-06,5.329070518200751e-15,True,0,,4.8089461301970005e-09,332,1,10.435094313143235,0.9999999999979219,2.1685764295398258e-11,10.435094305203576,False,False,2.4253377084448857e-12,True,True,False,REJECT_ARMIJO_CONDITION,
1069,2,8,18,0.25,0.00390625,4.164648189333161e-06,3.814697265625e-06,0.0010661499364692892,0.0010661499364692892,4.164648189333161e-06,5.329070518200751e-15,True,0,,4.8089461301970005e-09,332,1,10.43509431315408,0.999999999998961,1.0841105790859729e-11,10.43509430918425,False,False,2.4253377084448857e-12,True,True,False,REJECT_ARMIJO_CONDITION,
1070,2,8,19,0.25,0.00390625,4.164648189333161e-06,1.9073486328125e-06,0.0010661499364692892,0.0010661499364692892,4.164648189333161e-06,5.329070518200751e-15,True,0,,4.8089461301970005e-09,332,1,10.435094313159558,0.9999999999994861,5.362821298149356e-12,10.435094311174584,False,False,2.4253377084448857e-12,True,True,False,REJECT_ARMIJO_CONDITION,
1071,2,8,20,0.25,0.00390625,4.164648189333161e-06,9.5367431640625e-07,0.0010661499364692892,0.0010661499364692892,4.164648189333161e-06,5.329070518200751e-15,True,0,,4.8089461301970005e-09,332,1,10.435094313162269,0.9999999999997459,2.652100761224574e-12,10.435094312169753,False,False,2.4253377084448857e-12,True,True,False,REJECT_ARMIJO_CONDITION,
1072,2,9,0,0.25,0.001953125,2.0823240946665805e-06,1.0,0.0010661499364692892,0.0010661499364692892,2.0823240946665805e-06,5.329070518200751e-15,True,0,,4.8089461301970005e-09,332,1,10.43509288330244,0.9999998629756054,1.4298624808617433e-06,10.434050803733605,False,False,2.4253377084448857e-12,True,True,False,REJECT_ARMIJO_CONDITION,
1073,2,9,1,0.25,0.001953125,2.0823240946665805e-06,0.5,0.0010661499364692892,0.0010661499364692892,2.0823240946665805e-06,5.329070518200751e-15,True,0,,4.8089461301970005e-09,332,1,10.435093598233639,0.9999999314877988,7.149312821752574e-07,10.434572558449263,False,False,2.4253377084448857e-12,True,True,False,REJECT_ARMIJO_CONDITION,
1074,2,9,2,0.25,0.001953125,2.0823240946665805e-06,0.25,0.0010661499364692892,0.0010661499364692892,2.0823240946665805e-06,5.329070518200751e-15,True,0,,4.8089461301970005e-09,332,1,10.435093955699339,0.9999999657439049,3.57465582467853e-07,10.434833435807091,False,False,2.4253377084448857e-12,True,True,False,REJECT_ARMIJO_CONDITION,
1075,2,9,3,0.25,0.001953125,2.0823240946665805e-06,0.125,0.0010661499364692892,0.0010661499364692892,2.0823240946665805e-06,5.329070518200751e-15,True,0,,4.8089461301970005e-09,332,1,10.435094134432173,0.9999999828719567,1.7873274771318393e-07,10.434963874486007,False,False,2.4253377084448857e-12,True,True,False,REJECT_ARMIJO_CONDITION,
1076,2,9,4,0.25,0.001953125,2.0823240946665805e-06,0.0625,0.0010661499364692892,0.0010661499364692892,2.0823240946665805e-06,5.329070518200751e-15,True,0,,4.8089461301970005e-09,332,1,10.435094223798563,0.9999999914359798,8.936635786938041e-08,10.435029093825463,False,False,2.4253377084448857e-12,True,True,False,REJECT_ARMIJO_CONDITION,
1077,2,9,5,0.25,0.001953125,2.0823240946665805e-06,0.03125,0.0010661499364692892,0.0010661499364692892,2.0823240946665805e-06,5.329070518200751e-15,True,0,,4.8089461301970005e-09,332,1,10.435094268481743,0.99999999571799,4.4683178046511784e-08,10.435061703495192,False,False,2.4253377084448857e-12,True,True,False,REJECT_ARMIJO_CONDITION,
1078,2,9,6,0.25,0.001953125,2.0823240946665805e-06,0.015625,0.0010661499364692892,0.0010661499364692892,2.0823240946665805e-06,5.329070518200751e-15,True,0,,4.8089461301970005e-09,332,1,10.43509429082329,0.999999997858991,2.2341630767641618e-08,10.435078008330057,False,False,2.4253377084448857e-12,True,True,False,REJECT_ARMIJO_CONDITION,
1079,2,9,7,0.25,0.001953125,2.0823240946665805e-06,0.0078125,0.0010661499364692892,0.0010661499364692892,2.0823240946665805e-06,5.329070518200751e-15,True,0,,4.8089461301970005e-09,332,1,10.435094301994175,0.9999999989295021,1.1170746105904072e-08,10.435086160747488,False,False,2.4253377084448857e-12,True,True,False,REJECT_ARMIJO_CONDITION,
1080,2,9,8,0.25,0.001953125,2.0823240946665805e-06,0.00390625,0.0010661499364692892,0.0010661499364692892,2.0823240946665805e-06,5.329070518200751e-15,True,0,,4.8089461301970005e-09,332,1,10.435094307579675,0.9999999994647633,5.585246043438019e-09,10.435090236956205,False,False,2.4253377084448857e-12,True,True,False,REJECT_ARMIJO_CONDITION,
1081,2,9,9,0.25,0.001953125,2.0823240946665805e-06,0.001953125,0.0010661499364692892,0.0010661499364692892,2.0823240946665805e-06,5.329070518200751e-15,True,0,,4.8089461301970005e-09,332,1,10.435094310372326,0.9999999997323843,2.792594600009579e-09,10.435092275060564,False,False,2.4253377084448857e-12,True,True,False,REJECT_ARMIJO_CONDITION,
1082,2,9,10,0.25,0.001953125,2.0823240946665805e-06,0.0009765625,0.0010661499364692892,0.0010661499364692892,2.0823240946665805e-06,5.329070518200751e-15,True,0,,4.8089461301970005e-09,332,1,10.435094311768642,0.9999999998661939,1.3962786482579759e-09,10.435093294112741,False,False,2.4253377084448857e-12,True,True,False,REJECT_ARMIJO_CONDITION,
1083,2,9,11,0.25,0.001953125,2.0823240946665805e-06,0.00048828125,0.0010661499364692892,0.0010661499364692892,2.0823240946665805e-06,5.329070518200751e-15,True,0,,4.8089461301970005e-09,332,1,10.435094312466852,0.9999999999331037,6.980691580338316e-10,10.435093803638832,False,False,2.4253377084448857e-12,True,True,False,REJECT_ARMIJO_CONDITION,
1084,2,9,12,0.25,0.001953125,2.0823240946665805e-06,0.000244140625,0.0010661499364692892,0.0010661499364692892,2.0823240946665805e-06,5.329070518200751e-15,True,0,,4.8089461301970005e-09,332,1,10.435094312815817,0.9999999999665452,3.491038569336524e-10,10.435094058401877,False,False,2.4253377084448857e-12,True,True,False,REJECT_ARMIJO_CONDITION,
1085,2,9,13,0.25,0.001953125,2.0823240946665805e-06,0.0001220703125,0.0010661499364692892,0.0010661499364692892,2.0823240946665805e-06,5.329070518200751e-15,True,0,,4.8089461301970005e-09,332,1,10.43509431299044,0.9999999999832794,1.744808741932502e-10,10.435094185783399,False,False,2.4253377084448857e-12,True,True,False,REJECT_ARMIJO_CONDITION,
1086,2,9,14,0.25,0.001953125,2.0823240946665805e-06,6.103515625e-05,0.0010661499364692892,0.0010661499364692892,2.0823240946665805e-06,5.329070518200751e-15,True,0,,4.8089461301970005e-09,332,1,10.435094313077753,0.9999999999916467,8.716760646620969e-11,10.43509424947416,False,False,2.4253377084448857e-12,True,True,False,REJECT_ARMIJO_CONDITION,
1087,2,9,15,0.25,0.001953125,2.0823240946665805e-06,3.0517578125e-05,0.0010661499364692892,0.0010661499364692892,2.0823240946665805e-06,5.329070518200751e-15,True,0,,4.8089461301970005e-09,332,1,10.435094313121294,0.9999999999958191,4.362732397567015e-11,10.43509428131954,False,False,2.4253377084448857e-12,True,True,False,REJECT_ARMIJO_CONDITION,
1088,2,9,16,0.25,0.001953125,2.0823240946665805e-06,1.52587890625e-05,0.0010661499364692892,0.0010661499364692892,2.0823240946665805e-06,5.329070518200751e-15,True,0,,4.8089461301970005e-09,332,1,10.435094313143235,0.9999999999979219,2.1685764295398258e-11,10.43509429724223,False,False,2.4253377084448857e-12,True,True,False,REJECT_ARMIJO_CONDITION,
1089,2,9,17,0.25,0.001953125,2.0823240946665805e-06,7.62939453125e-06,0.0010661499364692892,0.0010661499364692892,2.0823240946665805e-06,5.329070518200751e-15,True,0,,4.8089461301970005e-09,332,1,10.43509431315408,0.999999999998961,1.0841105790859729e-11,10.435094305203576,False,False,2.4253377084448857e-12,True,True,False,REJECT_ARMIJO_CONDITION,
1090,2,9,18,0.25,0.001953125,2.0823240946665805e-06,3.814697265625e-06,0.0010661499364692892,0.0010661499364692892,2.0823240946665805e-06,5.329070518200751e-15,True,0,,4.8089461301970005e-09,332,1,10.435094313159558,0.9999999999994861,5.362821298149356e-12,10.43509430918425,False,False,2.4253377084448857e-12,True,True,False,REJECT_ARMIJO_CONDITION,
1091,2,9,19,0.25,0.001953125,2.0823240946665805e-06,1.9073486328125e-06,0.0010661499364692892,0.0010661499364692892,2.0823240946665805e-06,5.329070518200751e-15,True,0,,4.8089461301970005e-09,332,1,10.435094313162269,0.9999999999997459,2.652100761224574e-12,10.435094311174584,False,False,2.4253377084448857e-12,True,True,False,REJECT_ARMIJO_CONDITION,
1092,2,9,20,0.25,0.001953125,2.0823240946665805e-06,9.5367431640625e-07,0.0010661499364692892,0.0010661499364692892,2.0823240946665805e-06,5.329070518200751e-15,True,0,,4.8089461301970005e-09,332,1,10.435094313163624,0.9999999999998758,1.2967404927621828e-12,10.435094312169753,False,False,2.4253377084448857e-12,True,True,False,REJECT_ARMIJO_CONDITION,
1093,2,10,0,0.25,0.0009765625,1.0411620473332903e-06,1.0,0.0010661499364692892,0.0010661499364692892,1.0411620473332903e-06,5.329070518200751e-15,True,0,,4.8089461301970005e-09,332,1,10.435093598233639,0.9999999314877988,7.149312821752574e-07,10.434050803733605,False,False,2.4253377084448857e-12,True,True,False,REJECT_ARMIJO_CONDITION,
1094,2,10,1,0.25,0.0009765625,1.0411620473332903e-06,0.5,0.0010661499364692892,0.0010661499364692892,1.0411620473332903e-06,5.329070518200751e-15,True,0,,4.8089461301970005e-09,332,1,10.435093955699339,0.9999999657439049,3.57465582467853e-07,10.434572558449263,False,False,2.4253377084448857e-12,True,True,False,REJECT_ARMIJO_CONDITION,
1095,2,10,2,0.25,0.0009765625,1.0411620473332903e-06,0.25,0.0010661499364692892,0.0010661499364692892,1.0411620473332903e-06,5.329070518200751e-15,True,0,,4.8089461301970005e-09,332,1,10.435094134432173,0.9999999828719567,1.7873274771318393e-07,10.434833435807091,False,False,2.4253377084448857e-12,True,True,False,REJECT_ARMIJO_CONDITION,
1096,2,10,3,0.25,0.0009765625,1.0411620473332903e-06,0.125,0.0010661499364692892,0.0010661499364692892,1.0411620473332903e-06,5.329070518200751e-15,True,0,,4.8089461301970005e-09,332,1,10.435094223798563,0.9999999914359798,8.936635786938041e-08,10.434963874486007,False,False,2.4253377084448857e-12,True,True,False,REJECT_ARMIJO_CONDITION,
1097,2,10,4,0.25,0.0009765625,1.0411620473332903e-06,0.0625,0.0010661499364692892,0.0010661499364692892,1.0411620473332903e-06,5.329070518200751e-15,True,0,,4.8089461301970005e-09,332,1,10.435094268481743,0.99999999571799,4.4683178046511784e-08,10.435029093825463,False,False,2.4253377084448857e-12,True,True,False,REJECT_ARMIJO_CONDITION,
1098,2,10,5,0.25,0.0009765625,1.0411620473332903e-06,0.03125,0.0010661499364692892,0.0010661499364692892,1.0411620473332903e-06,5.329070518200751e-15,True,0,,4.8089461301970005e-09,332,1,10.43509429082329,0.999999997858991,2.2341630767641618e-08,10.435061703495192,False,False,2.4253377084448857e-12,True,True,False,REJECT_ARMIJO_CONDITION,
1099,2,10,6,0.25,0.0009765625,1.0411620473332903e-06,0.015625,0.0010661499364692892,0.0010661499364692892,1.0411620473332903e-06,5.329070518200751e-15,True,0,,4.8089461301970005e-09,332,1,10.435094301994175,0.9999999989295021,1.1170746105904072e-08,10.435078008330057,False,False,2.4253377084448857e-12,True,True,False,REJECT_ARMIJO_CONDITION,
1100,2,10,7,0.25,0.0009765625,1.0411620473332903e-06,0.0078125,0.0010661499364692892,0.0010661499364692892,1.0411620473332903e-06,5.329070518200751e-15,True,0,,4.8089461301970005e-09,332,1,10.435094307579675,0.9999999994647633,5.585246043438019e-09,10.435086160747488,False,False,2.4253377084448857e-12,True,True,False,REJECT_ARMIJO_CONDITION,
1101,2,10,8,0.25,0.0009765625,1.0411620473332903e-06,0.00390625,0.0010661499364692892,0.0010661499364692892,1.0411620473332903e-06,5.329070518200751e-15,True,0,,4.8089461301970005e-09,332,1,10.435094310372326,0.9999999997323843,2.792594600009579e-09,10.435090236956205,False,False,2.4253377084448857e-12,True,True,False,REJECT_ARMIJO_CONDITION,
1102,2,10,9,0.25,0.0009765625,1.0411620473332903e-06,0.001953125,0.0010661499364692892,0.0010661499364692892,1.0411620473332903e-06,5.329070518200751e-15,True,0,,4.8089461301970005e-09,332,1,10.435094311768642,0.9999999998661939,1.3962786482579759e-09,10.435092275060564,False,False,2.4253377084448857e-12,True,True,False,REJECT_ARMIJO_CONDITION,
1103,2,10,10,0.25,0.0009765625,1.0411620473332903e-06,0.0009765625,0.0010661499364692892,0.0010661499364692892,1.0411620473332903e-06,5.329070518200751e-15,True,0,,4.8089461301970005e-09,332,1,10.435094312466852,0.9999999999331037,6.980691580338316e-10,10.435093294112741,False,False,2.4253377084448857e-12,True,True,False,REJECT_ARMIJO_CONDITION,
1104,2,10,11,0.25,0.0009765625,1.0411620473332903e-06,0.00048828125,0.0010661499364692892,0.0010661499364692892,1.0411620473332903e-06,5.329070518200751e-15,True,0,,4.8089461301970005e-09,332,1,10.435094312815817,0.9999999999665452,3.491038569336524e-10,10.435093803638832,False,False,2.4253377084448857e-12,True,True,False,REJECT_ARMIJO_CONDITION,
1105,2,10,12,0.25,0.0009765625,1.0411620473332903e-06,0.000244140625,0.0010661499364692892,0.0010661499364692892,1.0411620473332903e-06,5.329070518200751e-15,True,0,,4.8089461301970005e-09,332,1,10.43509431299044,0.9999999999832794,1.744808741932502e-10,10.435094058401877,False,False,2.4253377084448857e-12,True,True,False,REJECT_ARMIJO_CONDITION,
1106,2,10,13,0.25,0.0009765625,1.0411620473332903e-06,0.0001220703125,0.0010661499364692892,0.0010661499364692892,1.0411620473332903e-06,5.329070518200751e-15,True,0,,4.8089461301970005e-09,332,1,10.435094313077753,0.9999999999916467,8.716760646620969e-11,10.435094185783399,False,False,2.4253377084448857e-12,True,True,False,REJECT_ARMIJO_CONDITION,
1107,2,10,14,0.25,0.0009765625,1.0411620473332903e-06,6.103515625e-05,0.0010661499364692892,0.0010661499364692892,1.0411620473332903e-06,5.329070518200751e-15,True,0,,4.8089461301970005e-09,332,1,10.435094313121294,0.9999999999958191,4.362732397567015e-11,10.43509424947416,False,False,2.4253377084448857e-12,True,True,False,REJECT_ARMIJO_CONDITION,
1108,2,10,15,0.25,0.0009765625,1.0411620473332903e-06,3.0517578125e-05,0.0010661499364692892,0.0010661499364692892,1.0411620473332903e-06,5.329070518200751e-15,True,0,,4.8089461301970005e-09,332,1,10.435094313143235,0.9999999999979219,2.1685764295398258e-11,10.43509428131954,False,False,2.4253377084448857e-12,True,True,False,REJECT_ARMIJO_CONDITION,
1109,2,10,16,0.25,0.0009765625,1.0411620473332903e-06,1.52587890625e-05,0.0010661499364692892,0.0010661499364692892,1.0411620473332903e-06,5.329070518200751e-15,True,0,,4.8089461301970005e-09,332,1,10.43509431315408,0.999999999998961,1.0841105790859729e-11,10.43509429724223,False,False,2.4253377084448857e-12,True,True,False,REJECT_ARMIJO_CONDITION,
1110,2,10,17,0.25,0.0009765625,1.0411620473332903e-06,7.62939453125e-06,0.0010661499364692892,0.0010661499364692892,1.0411620473332903e-06,5.329070518200751e-15,True,0,,4.8089461301970005e-09,332,1,10.435094313159558,0.9999999999994861,5.362821298149356e-12,10.435094305203576,False,False,2.4253377084448857e-12,True,True,False,REJECT_ARMIJO_CONDITION,
1111,2,10,18,0.25,0.0009765625,1.0411620473332903e-06,3.814697265625e-06,0.0010661499364692892,0.0010661499364692892,1.0411620473332903e-06,5.329070518200751e-15,True,0,,4.8089461301970005e-09,332,1,10.435094313162269,0.9999999999997459,2.652100761224574e-12,10.43509430918425,False,False,2.4253377084448857e-12,True,True,False,REJECT_ARMIJO_CONDITION,
1112,2,10,19,0.25,0.0009765625,1.0411620473332903e-06,1.9073486328125e-06,0.0010661499364692892,0.0010661499364692892,1.0411620473332903e-06,5.329070518200751e-15,True,0,,4.8089461301970005e-09,332,1,10.435094313163624,0.9999999999998758,1.2967404927621828e-12,10.435094311174584,False,False,2.4253377084448857e-12,True,True,False,REJECT_ARMIJO_CONDITION,
1113,2,10,20,0.25,0.0009765625,1.0411620473332903e-06,9.5367431640625e-07,0.0010661499364692892,0.0010661499364692892,1.0411620473332903e-06,5.329070518200751e-15,True,0,,4.8089461301970005e-09,332,1,10.4350943131644,0.9999999999999502,5.204725539442734e-13,10.435094312169753,False,False,2.4253377084448857e-12,True,True,False,REJECT_ABSOLUTE_DECREASE_BELOW_FLOOR,
1114,2,11,0,0.25,0.00048828125,5.205810236666451e-07,1.0,0.0010661499364692892,0.0010661499364692892,5.205810236666451e-07,5.329070518200751e-15,True,0,,4.8089461301970005e-09,332,1,10.435093955699339,0.9999999657439049,3.57465582467853e-07,10.434050803733605,False,False,2.4253377084448857e-12,True,True,False,REJECT_ARMIJO_CONDITION,
1115,2,11,1,0.25,0.00048828125,5.205810236666451e-07,0.5,0.0010661499364692892,0.0010661499364692892,5.205810236666451e-07,5.329070518200751e-15,True,0,,4.8089461301970005e-09,332,1,10.435094134432173,0.9999999828719567,1.7873274771318393e-07,10.434572558449263,False,False,2.4253377084448857e-12,True,True,False,REJECT_ARMIJO_CONDITION,
1116,2,11,2,0.25,0.00048828125,5.205810236666451e-07,0.25,0.0010661499364692892,0.0010661499364692892,5.205810236666451e-07,5.329070518200751e-15,True,0,,4.8089461301970005e-09,332,1,10.435094223798563,0.9999999914359798,8.936635786938041e-08,10.434833435807091,False,False,2.4253377084448857e-12,True,True,False,REJECT_ARMIJO_CONDITION,
1117,2,11,3,0.25,0.00048828125,5.205810236666451e-07,0.125,0.0010661499364692892,0.0010661499364692892,5.205810236666451e-07,5.329070518200751e-15,True,0,,4.8089461301970005e-09,332,1,10.435094268481743,0.99999999571799,4.4683178046511784e-08,10.434963874486007,False,False,2.4253377084448857e-12,True,True,False,REJECT_ARMIJO_CONDITION,
1118,2,11,4,0.25,0.00048828125,5.205810236666451e-07,0.0625,0.0010661499364692892,0.0010661499364692892,5.205810236666451e-07,5.329070518200751e-15,True,0,,4.8089461301970005e-09,332,1,10.43509429082329,0.999999997858991,2.2341630767641618e-08,10.435029093825463,False,False,2.4253377084448857e-12,True,True,False,REJECT_ARMIJO_CONDITION,
1119,2,11,5,0.25,0.00048828125,5.205810236666451e-07,0.03125,0.0010661499364692892,0.0010661499364692892,5.205810236666451e-07,5.329070518200751e-15,True,0,,4.8089461301970005e-09,332,1,10.435094301994175,0.9999999989295021,1.1170746105904072e-08,10.435061703495192,False,False,2.4253377084448857e-12,True,True,False,REJECT_ARMIJO_CONDITION,
1120,2,11,6,0.25,0.00048828125,5.205810236666451e-07,0.015625,0.0010661499364692892,0.0010661499364692892,5.205810236666451e-07,5.329070518200751e-15,True,0,,4.8089461301970005e-09,332,1,10.435094307579675,0.9999999994647633,5.585246043438019e-09,10.435078008330057,False,False,2.4253377084448857e-12,True,True,False,REJECT_ARMIJO_CONDITION,
1121,2,11,7,0.25,0.00048828125,5.205810236666451e-07,0.0078125,0.0010661499364692892,0.0010661499364692892,5.205810236666451e-07,5.329070518200751e-15,True,0,,4.8089461301970005e-09,332,1,10.435094310372326,0.9999999997323843,2.792594600009579e-09,10.435086160747488,False,False,2.4253377084448857e-12,True,True,False,REJECT_ARMIJO_CONDITION,
1122,2,11,8,0.25,0.00048828125,5.205810236666451e-07,0.00390625,0.0010661499364692892,0.0010661499364692892,5.205810236666451e-07,5.329070518200751e-15,True,0,,4.8089461301970005e-09,332,1,10.435094311768642,0.9999999998661939,1.3962786482579759e-09,10.435090236956205,False,False,2.4253377084448857e-12,True,True,False,REJECT_ARMIJO_CONDITION,
1123,2,11,9,0.25,0.00048828125,5.205810236666451e-07,0.001953125,0.0010661499364692892,0.0010661499364692892,5.205810236666451e-07,5.329070518200751e-15,True,0,,4.8089461301970005e-09,332,1,10.435094312466852,0.9999999999331037,6.980691580338316e-10,10.435092275060564,False,False,2.4253377084448857e-12,True,True,False,REJECT_ARMIJO_CONDITION,
1124,2,11,10,0.25,0.00048828125,5.205810236666451e-07,0.0009765625,0.0010661499364692892,0.0010661499364692892,5.205810236666451e-07,5.329070518200751e-15,True,0,,4.8089461301970005e-09,332,1,10.435094312815817,0.9999999999665452,3.491038569336524e-10,10.435093294112741,False,False,2.4253377084448857e-12,True,True,False,REJECT_ARMIJO_CONDITION,
1125,2,11,11,0.25,0.00048828125,5.205810236666451e-07,0.00048828125,0.0010661499364692892,0.0010661499364692892,5.205810236666451e-07,5.329070518200751e-15,True,0,,4.8089461301970005e-09,332,1,10.43509431299044,0.9999999999832794,1.744808741932502e-10,10.435093803638832,False,False,2.4253377084448857e-12,True,True,False,REJECT_ARMIJO_CONDITION,
1126,2,11,12,0.25,0.00048828125,5.205810236666451e-07,0.000244140625,0.0010661499364692892,0.0010661499364692892,5.205810236666451e-07,5.329070518200751e-15,True,0,,4.8089461301970005e-09,332,1,10.435094313077753,0.9999999999916467,8.716760646620969e-11,10.435094058401877,False,False,2.4253377084448857e-12,True,True,False,REJECT_ARMIJO_CONDITION,
1127,2,11,13,0.25,0.00048828125,5.205810236666451e-07,0.0001220703125,0.0010661499364692892,0.0010661499364692892,5.205810236666451e-07,5.329070518200751e-15,True,0,,4.8089461301970005e-09,332,1,10.435094313121294,0.9999999999958191,4.362732397567015e-11,10.435094185783399,False,False,2.4253377084448857e-12,True,True,False,REJECT_ARMIJO_CONDITION,
1128,2,11,14,0.25,0.00048828125,5.205810236666451e-07,6.103515625e-05,0.0010661499364692892,0.0010661499364692892,5.205810236666451e-07,5.329070518200751e-15,True,0,,4.8089461301970005e-09,332,1,10.435094313143235,0.9999999999979219,2.1685764295398258e-11,10.43509424947416,False,False,2.4253377084448857e-12,True,True,False,REJECT_ARMIJO_CONDITION,
1129,2,11,15,0.25,0.00048828125,5.205810236666451e-07,3.0517578125e-05,0.0010661499364692892,0.0010661499364692892,5.205810236666451e-07,5.329070518200751e-15,True,0,,4.8089461301970005e-09,332,1,10.43509431315408,0.999999999998961,1.0841105790859729e-11,10.43509428131954,False,False,2.4253377084448857e-12,True,True,False,REJECT_ARMIJO_CONDITION,
1130,2,11,16,0.25,0.00048828125,5.205810236666451e-07,1.52587890625e-05,0.0010661499364692892,0.0010661499364692892,5.205810236666451e-07,5.329070518200751e-15,True,0,,4.8089461301970005e-09,332,1,10.435094313159558,0.9999999999994861,5.362821298149356e-12,10.43509429724223,False,False,2.4253377084448857e-12,True,True,False,REJECT_ARMIJO_CONDITION,
1131,2,11,17,0.25,0.00048828125,5.205810236666451e-07,7.62939453125e-06,0.0010661499364692892,0.0010661499364692892,5.205810236666451e-07,5.329070518200751e-15,True,0,,4.8089461301970005e-09,332,1,10.435094313162269,0.9999999999997459,2.652100761224574e-12,10.435094305203576,False,False,2.4253377084448857e-12,True,True,False,REJECT_ARMIJO_CONDITION,
1132,2,11,18,0.25,0.00048828125,5.205810236666451e-07,3.814697265625e-06,0.0010661499364692892,0.0010661499364692892,5.205810236666451e-07,5.329070518200751e-15,True,0,,4.8089461301970005e-09,332,1,10.435094313163624,0.9999999999998758,1.2967404927621828e-12,10.43509430918425,False,False,2.4253377084448857e-12,True,True,False,REJECT_ARMIJO_CONDITION,
1133,2,11,19,0.25,0.00048828125,5.205810236666451e-07,1.9073486328125e-06,0.0010661499364692892,0.0010661499364692892,5.205810236666451e-07,5.329070518200751e-15,True,0,,4.8089461301970005e-09,332,1,10.4350943131644,0.9999999999999502,5.204725539442734e-13,10.435094311174584,False,False,2.4253377084448857e-12,True,True,False,REJECT_ABSOLUTE_DECREASE_BELOW_FLOOR,
1134,2,11,20,0.25,0.00048828125,5.205810236666451e-07,9.5367431640625e-07,0.0010661499364692892,0.0010661499364692892,5.205810236666451e-07,5.329070518200751e-15,True,0,,4.8089461301970005e-09,332,1,10.435094313164662,0.9999999999999751,2.5934809855243657e-13,10.435094312169753,False,False,2.4253377084448857e-12,True,True,False,REJECT_ABSOLUTE_DECREASE_BELOW_FLOOR,
1135,2,12,0,0.25,0.000244140625,2.6029051183332257e-07,1.0,0.0010661499364692892,0.0010661499364692892,2.6029051183332257e-07,5.329070518200751e-15,True,0,,4.8089461301970005e-09,332,1,10.435094134432173,0.9999999828719567,1.7873274771318393e-07,10.434050803733605,False,False,2.4253377084448857e-12,True,True,False,REJECT_ARMIJO_CONDITION,
1136,2,12,1,0.25,0.000244140625,2.6029051183332257e-07,0.5,0.0010661499364692892,0.0010661499364692892,2.6029051183332257e-07,5.329070518200751e-15,True,0,,4.8089461301970005e-09,332,1,10.435094223798563,0.9999999914359798,8.936635786938041e-08,10.434572558449263,False,False,2.4253377084448857e-12,True,True,False,REJECT_ARMIJO_CONDITION,
1137,2,12,2,0.25,0.000244140625,2.6029051183332257e-07,0.25,0.0010661499364692892,0.0010661499364692892,2.6029051183332257e-07,5.329070518200751e-15,True,0,,4.8089461301970005e-09,332,1,10.435094268481743,0.99999999571799,4.4683178046511784e-08,10.434833435807091,False,False,2.4253377084448857e-12,True,True,False,REJECT_ARMIJO_CONDITION,
1138,2,12,3,0.25,0.000244140625,2.6029051183332257e-07,0.125,0.0010661499364692892,0.0010661499364692892,2.6029051183332257e-07,5.329070518200751e-15,True,0,,4.8089461301970005e-09,332,1,10.43509429082329,0.999999997858991,2.2341630767641618e-08,10.434963874486007,False,False,2.4253377084448857e-12,True,True,False,REJECT_ARMIJO_CONDITION,
1139,2,12,4,0.25,0.000244140625,2.6029051183332257e-07,0.0625,0.0010661499364692892,0.0010661499364692892,2.6029051183332257e-07,5.329070518200751e-15,True,0,,4.8089461301970005e-09,332,1,10.435094301994175,0.9999999989295021,1.1170746105904072e-08,10.435029093825463,False,False,2.4253377084448857e-12,True,True,False,REJECT_ARMIJO_CONDITION,
1140,2,12,5,0.25,0.000244140625,2.6029051183332257e-07,0.03125,0.0010661499364692892,0.0010661499364692892,2.6029051183332257e-07,5.329070518200751e-15,True,0,,4.8089461301970005e-09,332,1,10.435094307579675,0.9999999994647633,5.585246043438019e-09,10.435061703495192,False,False,2.4253377084448857e-12,True,True,False,REJECT_ARMIJO_CONDITION,
1141,2,12,6,0.25,0.000244140625,2.6029051183332257e-07,0.015625,0.0010661499364692892,0.0010661499364692892,2.6029051183332257e-07,5.329070518200751e-15,True,0,,4.8089461301970005e-09,332,1,10.435094310372326,0.9999999997323843,2.792594600009579e-09,10.435078008330057,False,False,2.4253377084448857e-12,True,True,False,REJECT_ARMIJO_CONDITION,
1142,2,12,7,0.25,0.000244140625,2.6029051183332257e-07,0.0078125,0.0010661499364692892,0.0010661499364692892,2.6029051183332257e-07,5.329070518200751e-15,True,0,,4.8089461301970005e-09,332,1,10.435094311768642,0.9999999998661939,1.3962786482579759e-09,10.435086160747488,False,False,2.4253377084448857e-12,True,True,False,REJECT_ARMIJO_CONDITION,
1143,2,12,8,0.25,0.000244140625,2.6029051183332257e-07,0.00390625,0.0010661499364692892,0.0010661499364692892,2.6029051183332257e-07,5.329070518200751e-15,True,0,,4.8089461301970005e-09,332,1,10.435094312466852,0.9999999999331037,6.980691580338316e-10,10.435090236956205,False,False,2.4253377084448857e-12,True,True,False,REJECT_ARMIJO_CONDITION,
1144,2,12,9,0.25,0.000244140625,2.6029051183332257e-07,0.001953125,0.0010661499364692892,0.0010661499364692892,2.6029051183332257e-07,5.329070518200751e-15,True,0,,4.8089461301970005e-09,332,1,10.435094312815817,0.9999999999665452,3.491038569336524e-10,10.435092275060564,False,False,2.4253377084448857e-12,True,True,False,REJECT_ARMIJO_CONDITION,
1145,2,12,10,0.25,0.000244140625,2.6029051183332257e-07,0.0009765625,0.0010661499364692892,0.0010661499364692892,2.6029051183332257e-07,5.329070518200751e-15,True,0,,4.8089461301970005e-09,332,1,10.43509431299044,0.9999999999832794,1.744808741932502e-10,10.435093294112741,False,False,2.4253377084448857e-12,True,True,False,REJECT_ARMIJO_CONDITION,
1146,2,12,11,0.25,0.000244140625,2.6029051183332257e-07,0.00048828125,0.0010661499364692892,0.0010661499364692892,2.6029051183332257e-07,5.329070518200751e-15,True,0,,4.8089461301970005e-09,332,1,10.435094313077753,0.9999999999916467,8.716760646620969e-11,10.435093803638832,False,False,2.4253377084448857e-12,True,True,False,REJECT_ARMIJO_CONDITION,
1147,2,12,12,0.25,0.000244140625,2.6029051183332257e-07,0.000244140625,0.0010661499364692892,0.0010661499364692892,2.6029051183332257e-07,5.329070518200751e-15,True,0,,4.8089461301970005e-09,332,1,10.435094313121294,0.9999999999958191,4.362732397567015e-11,10.435094058401877,False,False,2.4253377084448857e-12,True,True,False,REJECT_ARMIJO_CONDITION,
1148,2,12,13,0.25,0.000244140625,2.6029051183332257e-07,0.0001220703125,0.0010661499364692892,0.0010661499364692892,2.6029051183332257e-07,5.329070518200751e-15,True,0,,4.8089461301970005e-09,332,1,10.435094313143235,0.9999999999979219,2.1685764295398258e-11,10.435094185783399,False,False,2.4253377084448857e-12,True,True,False,REJECT_ARMIJO_CONDITION,
1149,2,12,14,0.25,0.000244140625,2.6029051183332257e-07,6.103515625e-05,0.0010661499364692892,0.0010661499364692892,2.6029051183332257e-07,5.329070518200751e-15,True,0,,4.8089461301970005e-09,332,1,10.43509431315408,0.999999999998961,1.0841105790859729e-11,10.43509424947416,False,False,2.4253377084448857e-12,True,True,False,REJECT_ARMIJO_CONDITION,
1150,2,12,15,0.25,0.000244140625,2.6029051183332257e-07,3.0517578125e-05,0.0010661499364692892,0.0010661499364692892,2.6029051183332257e-07,5.329070518200751e-15,True,0,,4.8089461301970005e-09,332,1,10.435094313159558,0.9999999999994861,5.362821298149356e-12,10.43509428131954,False,False,2.4253377084448857e-12,True,True,False,REJECT_ARMIJO_CONDITION,
1151,2,12,16,0.25,0.000244140625,2.6029051183332257e-07,1.52587890625e-05,0.0010661499364692892,0.0010661499364692892,2.6029051183332257e-07,5.329070518200751e-15,True,0,,4.8089461301970005e-09,332,1,10.435094313162269,0.9999999999997459,2.652100761224574e-12,10.43509429724223,False,False,2.4253377084448857e-12,True,True,False,REJECT_ARMIJO_CONDITION,
1152,2,12,17,0.25,0.000244140625,2.6029051183332257e-07,7.62939453125e-06,0.0010661499364692892,0.0010661499364692892,2.6029051183332257e-07,5.329070518200751e-15,True,0,,4.8089461301970005e-09,332,1,10.435094313163624,0.9999999999998758,1.2967404927621828e-12,10.435094305203576,False,False,2.4253377084448857e-12,True,True,False,REJECT_ARMIJO_CONDITION,
1153,2,12,18,0.25,0.000244140625,2.6029051183332257e-07,3.814697265625e-06,0.0010661499364692892,0.0010661499364692892,2.6029051183332257e-07,5.329070518200751e-15,True,0,,4.8089461301970005e-09,332,1,10.4350943131644,0.9999999999999502,5.204725539442734e-13,10.43509430918425,False,False,2.4253377084448857e-12,True,True,False,REJECT_ABSOLUTE_DECREASE_BELOW_FLOOR,
1154,2,12,19,0.25,0.000244140625,2.6029051183332257e-07,1.9073486328125e-06,0.0010661499364692892,0.0010661499364692892,2.6029051183332257e-07,5.329070518200751e-15,True,0,,4.8089461301970005e-09,332,1,10.435094313164662,0.9999999999999751,2.5934809855243657e-13,10.435094311174584,False,False,2.4253377084448857e-12,True,True,False,REJECT_ABSOLUTE_DECREASE_BELOW_FLOOR,
1155,2,12,20,0.25,0.000244140625,2.6029051183332257e-07,9.5367431640625e-07,0.0010661499364692892,0.0010661499364692892,2.6029051183332257e-07,5.329070518200751e-15,True,0,,4.8089461301970005e-09,332,1,10.435094313164777,0.9999999999999862,1.438849039914203e-13,10.435094312169753,False,False,2.4253377084448857e-12,True,True,False,REJECT_ABSOLUTE_DECREASE_BELOW_FLOOR,
1156,2,13,0,0.25,0.0001220703125,1.3014525591666128e-07,1.0,0.0010661499364692892,0.0010661499364692892,1.3014525591666128e-07,5.329070518200751e-15,True,0,,4.8089461301970005e-09,332,1,10.435094223798563,0.9999999914359798,8.936635786938041e-08,10.434050803733605,False,False,2.4253377084448857e-12,True,True,False,REJECT_ARMIJO_CONDITION,
1157,2,13,1,0.25,0.0001220703125,1.3014525591666128e-07,0.5,0.0010661499364692892,0.0010661499364692892,1.3014525591666128e-07,5.329070518200751e-15,True,0,,4.8089461301970005e-09,332,1,10.435094268481743,0.99999999571799,4.4683178046511784e-08,10.434572558449263,False,False,2.4253377084448857e-12,True,True,False,REJECT_ARMIJO_CONDITION,
1158,2,13,2,0.25,0.0001220703125,1.3014525591666128e-07,0.25,0.0010661499364692892,0.0010661499364692892,1.3014525591666128e-07,5.329070518200751e-15,True,0,,4.8089461301970005e-09,332,1,10.43509429082329,0.999999997858991,2.2341630767641618e-08,10.434833435807091,False,False,2.4253377084448857e-12,True,True,False,REJECT_ARMIJO_CONDITION,
1159,2,13,3,0.25,0.0001220703125,1.3014525591666128e-07,0.125,0.0010661499364692892,0.0010661499364692892,1.3014525591666128e-07,5.329070518200751e-15,True,0,,4.8089461301970005e-09,332,1,10.435094301994175,0.9999999989295021,1.1170746105904072e-08,10.434963874486007,False,False,2.4253377084448857e-12,True,True,False,REJECT_ARMIJO_CONDITION,
1160,2,13,4,0.25,0.0001220703125,1.3014525591666128e-07,0.0625,0.0010661499364692892,0.0010661499364692892,1.3014525591666128e-07,5.329070518200751e-15,True,0,,4.8089461301970005e-09,332,1,10.435094307579675,0.9999999994647633,5.585246043438019e-09,10.435029093825463,False,False,2.4253377084448857e-12,True,True,False,REJECT_ARMIJO_CONDITION,
1161,2,13,5,0.25,0.0001220703125,1.3014525591666128e-07,0.03125,0.0010661499364692892,0.0010661499364692892,1.3014525591666128e-07,5.329070518200751e-15,True,0,,4.8089461301970005e-09,332,1,10.435094310372326,0.9999999997323843,2.792594600009579e-09,10.435061703495192,False,False,2.4253377084448857e-12,True,True,False,REJECT_ARMIJO_CONDITION,
1162,2,13,6,0.25,0.0001220703125,1.3014525591666128e-07,0.015625,0.0010661499364692892,0.0010661499364692892,1.3014525591666128e-07,5.329070518200751e-15,True,0,,4.8089461301970005e-09,332,1,10.435094311768642,0.9999999998661939,1.3962786482579759e-09,10.435078008330057,False,False,2.4253377084448857e-12,True,True,False,REJECT_ARMIJO_CONDITION,
1163,2,13,7,0.25,0.0001220703125,1.3014525591666128e-07,0.0078125,0.0010661499364692892,0.0010661499364692892,1.3014525591666128e-07,5.329070518200751e-15,True,0,,4.8089461301970005e-09,332,1,10.435094312466852,0.9999999999331037,6.980691580338316e-10,10.435086160747488,False,False,2.4253377084448857e-12,True,True,False,REJECT_ARMIJO_CONDITION,
1164,2,13,8,0.25,0.0001220703125,1.3014525591666128e-07,0.00390625,0.0010661499364692892,0.0010661499364692892,1.3014525591666128e-07,5.329070518200751e-15,True,0,,4.8089461301970005e-09,332,1,10.435094312815817,0.9999999999665452,3.491038569336524e-10,10.435090236956205,False,False,2.4253377084448857e-12,True,True,False,REJECT_ARMIJO_CONDITION,
1165,2,13,9,0.25,0.0001220703125,1.3014525591666128e-07,0.001953125,0.0010661499364692892,0.0010661499364692892,1.3014525591666128e-07,5.329070518200751e-15,True,0,,4.8089461301970005e-09,332,1,10.43509431299044,0.9999999999832794,1.744808741932502e-10,10.435092275060564,False,False,2.4253377084448857e-12,True,True,False,REJECT_ARMIJO_CONDITION,
1166,2,13,10,0.25,0.0001220703125,1.3014525591666128e-07,0.0009765625,0.0010661499364692892,0.0010661499364692892,1.3014525591666128e-07,5.329070518200751e-15,True,0,,4.8089461301970005e-09,332,1,10.435094313077753,0.9999999999916467,8.716760646620969e-11,10.435093294112741,False,False,2.4253377084448857e-12,True,True,False,REJECT_ARMIJO_CONDITION,
1167,2,13,11,0.25,0.0001220703125,1.3014525591666128e-07,0.00048828125,0.0010661499364692892,0.0010661499364692892,1.3014525591666128e-07,5.329070518200751e-15,True,0,,4.8089461301970005e-09,332,1,10.435094313121294,0.9999999999958191,4.362732397567015e-11,10.435093803638832,False,False,2.4253377084448857e-12,True,True,False,REJECT_ARMIJO_CONDITION,
1168,2,13,12,0.25,0.0001220703125,1.3014525591666128e-07,0.000244140625,0.0010661499364692892,0.0010661499364692892,1.3014525591666128e-07,5.329070518200751e-15,True,0,,4.8089461301970005e-09,332,1,10.435094313143235,0.9999999999979219,2.1685764295398258e-11,10.435094058401877,False,False,2.4253377084448857e-12,True,True,False,REJECT_ARMIJO_CONDITION,
1169,2,13,13,0.25,0.0001220703125,1.3014525591666128e-07,0.0001220703125,0.0010661499364692892,0.0010661499364692892,1.3014525591666128e-07,5.329070518200751e-15,True,0,,4.8089461301970005e-09,332,1,10.43509431315408,0.999999999998961,1.0841105790859729e-11,10.435094185783399,False,False,2.4253377084448857e-12,True,True,False,REJECT_ARMIJO_CONDITION,
1170,2,13,14,0.25,0.0001220703125,1.3014525591666128e-07,6.103515625e-05,0.0010661499364692892,0.0010661499364692892,1.3014525591666128e-07,5.329070518200751e-15,True,0,,4.8089461301970005e-09,332,1,10.435094313159558,0.9999999999994861,5.362821298149356e-12,10.43509424947416,False,False,2.4253377084448857e-12,True,True,False,REJECT_ARMIJO_CONDITION,
1171,2,13,15,0.25,0.0001220703125,1.3014525591666128e-07,3.0517578125e-05,0.0010661499364692892,0.0010661499364692892,1.3014525591666128e-07,5.329070518200751e-15,True,0,,4.8089461301970005e-09,332,1,10.435094313162269,0.9999999999997459,2.652100761224574e-12,10.43509428131954,False,False,2.4253377084448857e-12,True,True,False,REJECT_ARMIJO_CONDITION,
1172,2,13,16,0.25,0.0001220703125,1.3014525591666128e-07,1.52587890625e-05,0.0010661499364692892,0.0010661499364692892,1.3014525591666128e-07,5.329070518200751e-15,True,0,,4.8089461301970005e-09,332,1,10.435094313163624,0.9999999999998758,1.2967404927621828e-12,10.43509429724223,False,False,2.4253377084448857e-12,True,True,False,REJECT_ARMIJO_CONDITION,
1173,2,13,17,0.25,0.0001220703125,1.3014525591666128e-07,7.62939453125e-06,0.0010661499364692892,0.0010661499364692892,1.3014525591666128e-07,5.329070518200751e-15,True,0,,4.8089461301970005e-09,332,1,10.4350943131644,0.9999999999999502,5.204725539442734e-13,10.435094305203576,False,False,2.4253377084448857e-12,True,True,False,REJECT_ABSOLUTE_DECREASE_BELOW_FLOOR,
1174,2,13,18,0.25,0.0001220703125,1.3014525591666128e-07,3.814697265625e-06,0.0010661499364692892,0.0010661499364692892,1.3014525591666128e-07,5.329070518200751e-15,True,0,,4.8089461301970005e-09,332,1,10.435094313164662,0.9999999999999751,2.5934809855243657e-13,10.43509430918425,False,False,2.4253377084448857e-12,True,True,False,REJECT_ABSOLUTE_DECREASE_BELOW_FLOOR,
1175,2,13,19,0.25,0.0001220703125,1.3014525591666128e-07,1.9073486328125e-06,0.0010661499364692892,0.0010661499364692892,1.3014525591666128e-07,5.329070518200751e-15,True,0,,4.8089461301970005e-09,332,1,10.435094313164777,0.9999999999999862,1.438849039914203e-13,10.435094311174584,False,False,2.4253377084448857e-12,True,True,False,REJECT_ABSOLUTE_DECREASE_BELOW_FLOOR,
1176,2,13,20,0.25,0.0001220703125,1.3014525591666128e-07,9.5367431640625e-07,0.0010661499364692892,0.0010661499364692892,1.3014525591666128e-07,5.329070518200751e-15,True,0,,4.8089461301970005e-09,332,1,10.435094313164937,1.0000000000000016,-1.5987211554602254e-14,10.435094312169753,False,False,2.4253377084448857e-12,True,True,False,REJECT_NOT_RESIDUAL_REDUCING,
1177,2,14,0,0.25,6.103515625e-05,6.507262795833064e-08,1.0,0.0010661499364692892,0.0010661499364692892,6.507262795833064e-08,5.329070518200751e-15,True,0,,4.8089461301970005e-09,332,1,10.435094268481743,0.99999999571799,4.4683178046511784e-08,10.434050803733605,False,False,2.4253377084448857e-12,True,True,False,REJECT_ARMIJO_CONDITION,
1178,2,14,1,0.25,6.103515625e-05,6.507262795833064e-08,0.5,0.0010661499364692892,0.0010661499364692892,6.507262795833064e-08,5.329070518200751e-15,True,0,,4.8089461301970005e-09,332,1,10.43509429082329,0.999999997858991,2.2341630767641618e-08,10.434572558449263,False,False,2.4253377084448857e-12,True,True,False,REJECT_ARMIJO_CONDITION,
1179,2,14,2,0.25,6.103515625e-05,6.507262795833064e-08,0.25,0.0010661499364692892,0.0010661499364692892,6.507262795833064e-08,5.329070518200751e-15,True,0,,4.8089461301970005e-09,332,1,10.435094301994175,0.9999999989295021,1.1170746105904072e-08,10.434833435807091,False,False,2.4253377084448857e-12,True,True,False,REJECT_ARMIJO_CONDITION,
1180,2,14,3,0.25,6.103515625e-05,6.507262795833064e-08,0.125,0.0010661499364692892,0.0010661499364692892,6.507262795833064e-08,5.329070518200751e-15,True,0,,4.8089461301970005e-09,332,1,10.435094307579675,0.9999999994647633,5.585246043438019e-09,10.434963874486007,False,False,2.4253377084448857e-12,True,True,False,REJECT_ARMIJO_CONDITION,
1181,2,14,4,0.25,6.103515625e-05,6.507262795833064e-08,0.0625,0.0010661499364692892,0.0010661499364692892,6.507262795833064e-08,5.329070518200751e-15,True,0,,4.8089461301970005e-09,332,1,10.435094310372326,0.9999999997323843,2.792594600009579e-09,10.435029093825463,False,False,2.4253377084448857e-12,True,True,False,REJECT_ARMIJO_CONDITION,
1182,2,14,5,0.25,6.103515625e-05,6.507262795833064e-08,0.03125,0.0010661499364692892,0.0010661499364692892,6.507262795833064e-08,5.329070518200751e-15,True,0,,4.8089461301970005e-09,332,1,10.435094311768642,0.9999999998661939,1.3962786482579759e-09,10.435061703495192,False,False,2.4253377084448857e-12,True,True,False,REJECT_ARMIJO_CONDITION,
1183,2,14,6,0.25,6.103515625e-05,6.507262795833064e-08,0.015625,0.0010661499364692892,0.0010661499364692892,6.507262795833064e-08,5.329070518200751e-15,True,0,,4.8089461301970005e-09,332,1,10.435094312466852,0.9999999999331037,6.980691580338316e-10,10.435078008330057,False,False,2.4253377084448857e-12,True,True,False,REJECT_ARMIJO_CONDITION,
1184,2,14,7,0.25,6.103515625e-05,6.507262795833064e-08,0.0078125,0.0010661499364692892,0.0010661499364692892,6.507262795833064e-08,5.329070518200751e-15,True,0,,4.8089461301970005e-09,332,1,10.435094312815817,0.9999999999665452,3.491038569336524e-10,10.435086160747488,False,False,2.4253377084448857e-12,True,True,False,REJECT_ARMIJO_CONDITION,
1185,2,14,8,0.25,6.103515625e-05,6.507262795833064e-08,0.00390625,0.0010661499364692892,0.0010661499364692892,6.507262795833064e-08,5.329070518200751e-15,True,0,,4.8089461301970005e-09,332,1,10.43509431299044,0.9999999999832794,1.744808741932502e-10,10.435090236956205,False,False,2.4253377084448857e-12,True,True,False,REJECT_ARMIJO_CONDITION,
1186,2,14,9,0.25,6.103515625e-05,6.507262795833064e-08,0.001953125,0.0010661499364692892,0.0010661499364692892,6.507262795833064e-08,5.329070518200751e-15,True,0,,4.8089461301970005e-09,332,1,10.435094313077753,0.9999999999916467,8.716760646620969e-11,10.435092275060564,False,False,2.4253377084448857e-12,True,True,False,REJECT_ARMIJO_CONDITION,
1187,2,14,10,0.25,6.103515625e-05,6.507262795833064e-08,0.0009765625,0.0010661499364692892,0.0010661499364692892,6.507262795833064e-08,5.329070518200751e-15,True,0,,4.8089461301970005e-09,332,1,10.435094313121294,0.9999999999958191,4.362732397567015e-11,10.435093294112741,False,False,2.4253377084448857e-12,True,True,False,REJECT_ARMIJO_CONDITION,
1188,2,14,11,0.25,6.103515625e-05,6.507262795833064e-08,0.00048828125,0.0010661499364692892,0.0010661499364692892,6.507262795833064e-08,5.329070518200751e-15,True,0,,4.8089461301970005e-09,332,1,10.435094313143235,0.9999999999979219,2.1685764295398258e-11,10.435093803638832,False,False,2.4253377084448857e-12,True,True,False,REJECT_ARMIJO_CONDITION,
1189,2,14,12,0.25,6.103515625e-05,6.507262795833064e-08,0.000244140625,0.0010661499364692892,0.0010661499364692892,6.507262795833064e-08,5.329070518200751e-15,True,0,,4.8089461301970005e-09,332,1,10.43509431315408,0.999999999998961,1.0841105790859729e-11,10.435094058401877,False,False,2.4253377084448857e-12,True,True,False,REJECT_ARMIJO_CONDITION,
1190,2,14,13,0.25,6.103515625e-05,6.507262795833064e-08,0.0001220703125,0.0010661499364692892,0.0010661499364692892,6.507262795833064e-08,5.329070518200751e-15,True,0,,4.8089461301970005e-09,332,1,10.435094313159558,0.9999999999994861,5.362821298149356e-12,10.435094185783399,False,False,2.4253377084448857e-12,True,True,False,REJECT_ARMIJO_CONDITION,
1191,2,14,14,0.25,6.103515625e-05,6.507262795833064e-08,6.103515625e-05,0.0010661499364692892,0.0010661499364692892,6.507262795833064e-08,5.329070518200751e-15,True,0,,4.8089461301970005e-09,332,1,10.435094313162269,0.9999999999997459,2.652100761224574e-12,10.43509424947416,False,False,2.4253377084448857e-12,True,True,False,REJECT_ARMIJO_CONDITION,
1192,2,14,15,0.25,6.103515625e-05,6.507262795833064e-08,3.0517578125e-05,0.0010661499364692892,0.0010661499364692892,6.507262795833064e-08,5.329070518200751e-15,True,0,,4.8089461301970005e-09,332,1,10.435094313163624,0.9999999999998758,1.2967404927621828e-12,10.43509428131954,False,False,2.4253377084448857e-12,True,True,False,REJECT_ARMIJO_CONDITION,
1193,2,14,16,0.25,6.103515625e-05,6.507262795833064e-08,1.52587890625e-05,0.0010661499364692892,0.0010661499364692892,6.507262795833064e-08,5.329070518200751e-15,True,0,,4.8089461301970005e-09,332,1,10.4350943131644,0.9999999999999502,5.204725539442734e-13,10.43509429724223,False,False,2.4253377084448857e-12,True,True,False,REJECT_ABSOLUTE_DECREASE_BELOW_FLOOR,
1194,2,14,17,0.25,6.103515625e-05,6.507262795833064e-08,7.62939453125e-06,0.0010661499364692892,0.0010661499364692892,6.507262795833064e-08,5.329070518200751e-15,True,0,,4.8089461301970005e-09,332,1,10.435094313164662,0.9999999999999751,2.5934809855243657e-13,10.435094305203576,False,False,2.4253377084448857e-12,True,True,False,REJECT_ABSOLUTE_DECREASE_BELOW_FLOOR,
1195,2,14,18,0.25,6.103515625e-05,6.507262795833064e-08,3.814697265625e-06,0.0010661499364692892,0.0010661499364692892,6.507262795833064e-08,5.329070518200751e-15,True,0,,4.8089461301970005e-09,332,1,10.435094313164777,0.9999999999999862,1.438849039914203e-13,10.43509430918425,False,False,2.4253377084448857e-12,True,True,False,REJECT_ABSOLUTE_DECREASE_BELOW_FLOOR,
1196,2,14,19,0.25,6.103515625e-05,6.507262795833064e-08,1.9073486328125e-06,0.0010661499364692892,0.0010661499364692892,6.507262795833064e-08,5.329070518200751e-15,True,0,,4.8089461301970005e-09,332,1,10.435094313164937,1.0000000000000016,-1.5987211554602254e-14,10.435094311174584,False,False,2.4253377084448857e-12,True,True,False,REJECT_NOT_RESIDUAL_REDUCING,
1197,2,14,20,0.25,6.103515625e-05,6.507262795833064e-08,9.5367431640625e-07,0.0010661499364692892,0.0010661499364692892,6.507262795833064e-08,5.329070518200751e-15,True,0,,4.8089461301970005e-09,332,1,10.435094313164955,1.0000000000000033,-3.375077994860476e-14,10.435094312169753,False,False,2.4253377084448857e-12,True,True,False,REJECT_NOT_RESIDUAL_REDUCING,
1198,2,15,0,0.25,3.0517578125e-05,3.253631397916532e-08,1.0,0.0010661499364692892,0.0010661499364692892,3.253631397916532e-08,5.329070518200751e-15,True,0,,4.8089461301970005e-09,332,1,10.43509429082329,0.999999997858991,2.2341630767641618e-08,10.434050803733605,False,False,2.4253377084448857e-12,True,True,False,REJECT_ARMIJO_CONDITION,
1199,2,15,1,0.25,3.0517578125e-05,3.253631397916532e-08,0.5,0.0010661499364692892,0.0010661499364692892,3.253631397916532e-08,5.329070518200751e-15,True,0,,4.8089461301970005e-09,332,1,10.435094301994175,0.9999999989295021,1.1170746105904072e-08,10.434572558449263,False,False,2.4253377084448857e-12,True,True,False,REJECT_ARMIJO_CONDITION,
1200,2,15,2,0.25,3.0517578125e-05,3.253631397916532e-08,0.25,0.0010661499364692892,0.0010661499364692892,3.253631397916532e-08,5.329070518200751e-15,True,0,,4.8089461301970005e-09,332,1,10.435094307579675,0.9999999994647633,5.585246043438019e-09,10.434833435807091,False,False,2.4253377084448857e-12,True,True,False,REJECT_ARMIJO_CONDITION,
1201,2,15,3,0.25,3.0517578125e-05,3.253631397916532e-08,0.125,0.0010661499364692892,0.0010661499364692892,3.253631397916532e-08,5.329070518200751e-15,True,0,,4.8089461301970005e-09,332,1,10.435094310372326,0.9999999997323843,2.792594600009579e-09,10.434963874486007,False,False,2.4253377084448857e-12,True,True,False,REJECT_ARMIJO_CONDITION,
1202,2,15,4,0.25,3.0517578125e-05,3.253631397916532e-08,0.0625,0.0010661499364692892,0.0010661499364692892,3.253631397916532e-08,5.329070518200751e-15,True,0,,4.8089461301970005e-09,332,1,10.435094311768642,0.9999999998661939,1.3962786482579759e-09,10.435029093825463,False,False,2.4253377084448857e-12,True,True,False,REJECT_ARMIJO_CONDITION,
1203,2,15,5,0.25,3.0517578125e-05,3.253631397916532e-08,0.03125,0.0010661499364692892,0.0010661499364692892,3.253631397916532e-08,5.329070518200751e-15,True,0,,4.8089461301970005e-09,332,1,10.435094312466852,0.9999999999331037,6.980691580338316e-10,10.435061703495192,False,False,2.4253377084448857e-12,True,True,False,REJECT_ARMIJO_CONDITION,
1204,2,15,6,0.25,3.0517578125e-05,3.253631397916532e-08,0.015625,0.0010661499364692892,0.0010661499364692892,3.253631397916532e-08,5.329070518200751e-15,True,0,,4.8089461301970005e-09,332,1,10.435094312815817,0.9999999999665452,3.491038569336524e-10,10.435078008330057,False,False,2.4253377084448857e-12,True,True,False,REJECT_ARMIJO_CONDITION,
1205,2,15,7,0.25,3.0517578125e-05,3.253631397916532e-08,0.0078125,0.0010661499364692892,0.0010661499364692892,3.253631397916532e-08,5.329070518200751e-15,True,0,,4.8089461301970005e-09,332,1,10.43509431299044,0.9999999999832794,1.744808741932502e-10,10.435086160747488,False,False,2.4253377084448857e-12,True,True,False,REJECT_ARMIJO_CONDITION,
1206,2,15,8,0.25,3.0517578125e-05,3.253631397916532e-08,0.00390625,0.0010661499364692892,0.0010661499364692892,3.253631397916532e-08,5.329070518200751e-15,True,0,,4.8089461301970005e-09,332,1,10.435094313077753,0.9999999999916467,8.716760646620969e-11,10.435090236956205,False,False,2.4253377084448857e-12,True,True,False,REJECT_ARMIJO_CONDITION,
1207,2,15,9,0.25,3.0517578125e-05,3.253631397916532e-08,0.001953125,0.0010661499364692892,0.0010661499364692892,3.253631397916532e-08,5.329070518200751e-15,True,0,,4.8089461301970005e-09,332,1,10.435094313121294,0.9999999999958191,4.362732397567015e-11,10.435092275060564,False,False,2.4253377084448857e-12,True,True,False,REJECT_ARMIJO_CONDITION,
1208,2,15,10,0.25,3.0517578125e-05,3.253631397916532e-08,0.0009765625,0.0010661499364692892,0.0010661499364692892,3.253631397916532e-08,5.329070518200751e-15,True,0,,4.8089461301970005e-09,332,1,10.435094313143235,0.9999999999979219,2.1685764295398258e-11,10.435093294112741,False,False,2.4253377084448857e-12,True,True,False,REJECT_ARMIJO_CONDITION,
1209,2,15,11,0.25,3.0517578125e-05,3.253631397916532e-08,0.00048828125,0.0010661499364692892,0.0010661499364692892,3.253631397916532e-08,5.329070518200751e-15,True,0,,4.8089461301970005e-09,332,1,10.43509431315408,0.999999999998961,1.0841105790859729e-11,10.435093803638832,False,False,2.4253377084448857e-12,True,True,False,REJECT_ARMIJO_CONDITION,
1210,2,15,12,0.25,3.0517578125e-05,3.253631397916532e-08,0.000244140625,0.0010661499364692892,0.0010661499364692892,3.253631397916532e-08,5.329070518200751e-15,True,0,,4.8089461301970005e-09,332,1,10.435094313159558,0.9999999999994861,5.362821298149356e-12,10.435094058401877,False,False,2.4253377084448857e-12,True,True,False,REJECT_ARMIJO_CONDITION,
1211,2,15,13,0.25,3.0517578125e-05,3.253631397916532e-08,0.0001220703125,0.0010661499364692892,0.0010661499364692892,3.253631397916532e-08,5.329070518200751e-15,True,0,,4.8089461301970005e-09,332,1,10.435094313162269,0.9999999999997459,2.652100761224574e-12,10.435094185783399,False,False,2.4253377084448857e-12,True,True,False,REJECT_ARMIJO_CONDITION,
1212,2,15,14,0.25,3.0517578125e-05,3.253631397916532e-08,6.103515625e-05,0.0010661499364692892,0.0010661499364692892,3.253631397916532e-08,5.329070518200751e-15,True,0,,4.8089461301970005e-09,332,1,10.435094313163624,0.9999999999998758,1.2967404927621828e-12,10.43509424947416,False,False,2.4253377084448857e-12,True,True,False,REJECT_ARMIJO_CONDITION,
1213,2,15,15,0.25,3.0517578125e-05,3.253631397916532e-08,3.0517578125e-05,0.0010661499364692892,0.0010661499364692892,3.253631397916532e-08,5.329070518200751e-15,True,0,,4.8089461301970005e-09,332,1,10.4350943131644,0.9999999999999502,5.204725539442734e-13,10.43509428131954,False,False,2.4253377084448857e-12,True,True,False,REJECT_ABSOLUTE_DECREASE_BELOW_FLOOR,
1214,2,15,16,0.25,3.0517578125e-05,3.253631397916532e-08,1.52587890625e-05,0.0010661499364692892,0.0010661499364692892,3.253631397916532e-08,5.329070518200751e-15,True,0,,4.8089461301970005e-09,332,1,10.435094313164662,0.9999999999999751,2.5934809855243657e-13,10.43509429724223,False,False,2.4253377084448857e-12,True,True,False,REJECT_ABSOLUTE_DECREASE_BELOW_FLOOR,
1215,2,15,17,0.25,3.0517578125e-05,3.253631397916532e-08,7.62939453125e-06,0.0010661499364692892,0.0010661499364692892,3.253631397916532e-08,5.329070518200751e-15,True,0,,4.8089461301970005e-09,332,1,10.435094313164777,0.9999999999999862,1.438849039914203e-13,10.435094305203576,False,False,2.4253377084448857e-12,True,True,False,REJECT_ABSOLUTE_DECREASE_BELOW_FLOOR,
1216,2,15,18,0.25,3.0517578125e-05,3.253631397916532e-08,3.814697265625e-06,0.0010661499364692892,0.0010661499364692892,3.253631397916532e-08,5.329070518200751e-15,True,0,,4.8089461301970005e-09,332,1,10.435094313164937,1.0000000000000016,-1.5987211554602254e-14,10.43509430918425,False,False,2.4253377084448857e-12,True,True,False,REJECT_NOT_RESIDUAL_REDUCING,
1217,2,15,19,0.25,3.0517578125e-05,3.253631397916532e-08,1.9073486328125e-06,0.0010661499364692892,0.0010661499364692892,3.253631397916532e-08,5.329070518200751e-15,True,0,,4.8089461301970005e-09,332,1,10.435094313164955,1.0000000000000033,-3.375077994860476e-14,10.435094311174584,False,False,2.4253377084448857e-12,True,True,False,REJECT_NOT_RESIDUAL_REDUCING,
1218,2,15,20,0.25,3.0517578125e-05,3.253631397916532e-08,9.5367431640625e-07,0.0010661499364692892,0.0010661499364692892,3.253631397916532e-08,5.329070518200751e-15,True,0,,4.8089461301970005e-09,332,1,10.435094313164885,0.9999999999999966,3.552713678800501e-14,10.435094312169753,False,False,2.4253377084448857e-12,True,True,False,REJECT_ABSOLUTE_DECREASE_BELOW_FLOOR,
1219,2,16,0,0.25,1.52587890625e-05,1.626815698958266e-08,1.0,0.0010661499364692892,0.0010661499364692892,1.626815698958266e-08,5.329070518200751e-15,True,0,,4.8089461301970005e-09,332,1,10.435094301994175,0.9999999989295021,1.1170746105904072e-08,10.434050803733605,False,False,2.4253377084448857e-12,True,True,False,REJECT_ARMIJO_CONDITION,
1220,2,16,1,0.25,1.52587890625e-05,1.626815698958266e-08,0.5,0.0010661499364692892,0.0010661499364692892,1.626815698958266e-08,5.329070518200751e-15,True,0,,4.8089461301970005e-09,332,1,10.435094307579675,0.9999999994647633,5.585246043438019e-09,10.434572558449263,False,False,2.4253377084448857e-12,True,True,False,REJECT_ARMIJO_CONDITION,
1221,2,16,2,0.25,1.52587890625e-05,1.626815698958266e-08,0.25,0.0010661499364692892,0.0010661499364692892,1.626815698958266e-08,5.329070518200751e-15,True,0,,4.8089461301970005e-09,332,1,10.435094310372326,0.9999999997323843,2.792594600009579e-09,10.434833435807091,False,False,2.4253377084448857e-12,True,True,False,REJECT_ARMIJO_CONDITION,
1222,2,16,3,0.25,1.52587890625e-05,1.626815698958266e-08,0.125,0.0010661499364692892,0.0010661499364692892,1.626815698958266e-08,5.329070518200751e-15,True,0,,4.8089461301970005e-09,332,1,10.435094311768642,0.9999999998661939,1.3962786482579759e-09,10.434963874486007,False,False,2.4253377084448857e-12,True,True,False,REJECT_ARMIJO_CONDITION,
1223,2,16,4,0.25,1.52587890625e-05,1.626815698958266e-08,0.0625,0.0010661499364692892,0.0010661499364692892,1.626815698958266e-08,5.329070518200751e-15,True,0,,4.8089461301970005e-09,332,1,10.435094312466852,0.9999999999331037,6.980691580338316e-10,10.435029093825463,False,False,2.4253377084448857e-12,True,True,False,REJECT_ARMIJO_CONDITION,
1224,2,16,5,0.25,1.52587890625e-05,1.626815698958266e-08,0.03125,0.0010661499364692892,0.0010661499364692892,1.626815698958266e-08,5.329070518200751e-15,True,0,,4.8089461301970005e-09,332,1,10.435094312815817,0.9999999999665452,3.491038569336524e-10,10.435061703495192,False,False,2.4253377084448857e-12,True,True,False,REJECT_ARMIJO_CONDITION,
1225,2,16,6,0.25,1.52587890625e-05,1.626815698958266e-08,0.015625,0.0010661499364692892,0.0010661499364692892,1.626815698958266e-08,5.329070518200751e-15,True,0,,4.8089461301970005e-09,332,1,10.43509431299044,0.9999999999832794,1.744808741932502e-10,10.435078008330057,False,False,2.4253377084448857e-12,True,True,False,REJECT_ARMIJO_CONDITION,
1226,2,16,7,0.25,1.52587890625e-05,1.626815698958266e-08,0.0078125,0.0010661499364692892,0.0010661499364692892,1.626815698958266e-08,5.329070518200751e-15,True,0,,4.8089461301970005e-09,332,1,10.435094313077753,0.9999999999916467,8.716760646620969e-11,10.435086160747488,False,False,2.4253377084448857e-12,True,True,False,REJECT_ARMIJO_CONDITION,
1227,2,16,8,0.25,1.52587890625e-05,1.626815698958266e-08,0.00390625,0.0010661499364692892,0.0010661499364692892,1.626815698958266e-08,5.329070518200751e-15,True,0,,4.8089461301970005e-09,332,1,10.435094313121294,0.9999999999958191,4.362732397567015e-11,10.435090236956205,False,False,2.4253377084448857e-12,True,True,False,REJECT_ARMIJO_CONDITION,
1228,2,16,9,0.25,1.52587890625e-05,1.626815698958266e-08,0.001953125,0.0010661499364692892,0.0010661499364692892,1.626815698958266e-08,5.329070518200751e-15,True,0,,4.8089461301970005e-09,332,1,10.435094313143235,0.9999999999979219,2.1685764295398258e-11,10.435092275060564,False,False,2.4253377084448857e-12,True,True,False,REJECT_ARMIJO_CONDITION,
1229,2,16,10,0.25,1.52587890625e-05,1.626815698958266e-08,0.0009765625,0.0010661499364692892,0.0010661499364692892,1.626815698958266e-08,5.329070518200751e-15,True,0,,4.8089461301970005e-09,332,1,10.43509431315408,0.999999999998961,1.0841105790859729e-11,10.435093294112741,False,False,2.4253377084448857e-12,True,True,False,REJECT_ARMIJO_CONDITION,
1230,2,16,11,0.25,1.52587890625e-05,1.626815698958266e-08,0.00048828125,0.0010661499364692892,0.0010661499364692892,1.626815698958266e-08,5.329070518200751e-15,True,0,,4.8089461301970005e-09,332,1,10.435094313159558,0.9999999999994861,5.362821298149356e-12,10.435093803638832,False,False,2.4253377084448857e-12,True,True,False,REJECT_ARMIJO_CONDITION,
1231,2,16,12,0.25,1.52587890625e-05,1.626815698958266e-08,0.000244140625,0.0010661499364692892,0.0010661499364692892,1.626815698958266e-08,5.329070518200751e-15,True,0,,4.8089461301970005e-09,332,1,10.435094313162269,0.9999999999997459,2.652100761224574e-12,10.435094058401877,False,False,2.4253377084448857e-12,True,True,False,REJECT_ARMIJO_CONDITION,
1232,2,16,13,0.25,1.52587890625e-05,1.626815698958266e-08,0.0001220703125,0.0010661499364692892,0.0010661499364692892,1.626815698958266e-08,5.329070518200751e-15,True,0,,4.8089461301970005e-09,332,1,10.435094313163624,0.9999999999998758,1.2967404927621828e-12,10.435094185783399,False,False,2.4253377084448857e-12,True,True,False,REJECT_ARMIJO_CONDITION,
1233,2,16,14,0.25,1.52587890625e-05,1.626815698958266e-08,6.103515625e-05,0.0010661499364692892,0.0010661499364692892,1.626815698958266e-08,5.329070518200751e-15,True,0,,4.8089461301970005e-09,332,1,10.4350943131644,0.9999999999999502,5.204725539442734e-13,10.43509424947416,False,False,2.4253377084448857e-12,True,True,False,REJECT_ABSOLUTE_DECREASE_BELOW_FLOOR,
1234,2,16,15,0.25,1.52587890625e-05,1.626815698958266e-08,3.0517578125e-05,0.0010661499364692892,0.0010661499364692892,1.626815698958266e-08,5.329070518200751e-15,True,0,,4.8089461301970005e-09,332,1,10.435094313164662,0.9999999999999751,2.5934809855243657e-13,10.43509428131954,False,False,2.4253377084448857e-12,True,True,False,REJECT_ABSOLUTE_DECREASE_BELOW_FLOOR,
1235,2,16,16,0.25,1.52587890625e-05,1.626815698958266e-08,1.52587890625e-05,0.0010661499364692892,0.0010661499364692892,1.626815698958266e-08,5.329070518200751e-15,True,0,,4.8089461301970005e-09,332,1,10.435094313164777,0.9999999999999862,1.438849039914203e-13,10.43509429724223,False,False,2.4253377084448857e-12,True,True,False,REJECT_ABSOLUTE_DECREASE_BELOW_FLOOR,
1236,2,16,17,0.25,1.52587890625e-05,1.626815698958266e-08,7.62939453125e-06,0.0010661499364692892,0.0010661499364692892,1.626815698958266e-08,5.329070518200751e-15,True,0,,4.8089461301970005e-09,332,1,10.435094313164937,1.0000000000000016,-1.5987211554602254e-14,10.435094305203576,False,False,2.4253377084448857e-12,True,True,False,REJECT_NOT_RESIDUAL_REDUCING,
1237,2,16,18,0.25,1.52587890625e-05,1.626815698958266e-08,3.814697265625e-06,0.0010661499364692892,0.0010661499364692892,1.626815698958266e-08,5.329070518200751e-15,True,0,,4.8089461301970005e-09,332,1,10.435094313164955,1.0000000000000033,-3.375077994860476e-14,10.43509430918425,False,False,2.4253377084448857e-12,True,True,False,REJECT_NOT_RESIDUAL_REDUCING,
1238,2,16,19,0.25,1.52587890625e-05,1.626815698958266e-08,1.9073486328125e-06,0.0010661499364692892,0.0010661499364692892,1.626815698958266e-08,5.329070518200751e-15,True,0,,4.8089461301970005e-09,332,1,10.435094313164885,0.9999999999999966,3.552713678800501e-14,10.435094311174584,False,False,2.4253377084448857e-12,True,True,False,REJECT_ABSOLUTE_DECREASE_BELOW_FLOOR,
1239,2,16,20,0.25,1.52587890625e-05,1.626815698958266e-08,9.5367431640625e-07,0.0010661499364692892,0.0010661499364692892,1.626815698958266e-08,5.329070518200751e-15,True,0,,4.8089461301970005e-09,332,1,10.435094313164974,1.000000000000005,-5.3290705182007514e-14,10.435094312169753,False,False,2.4253377084448857e-12,True,True,False,REJECT_NOT_RESIDUAL_REDUCING,
1240,2,17,0,0.25,7.62939453125e-06,8.13407849479133e-09,1.0,0.0010661499364692892,0.0010661499364692892,8.13407849479133e-09,5.329070518200751e-15,True,0,,4.8089461301970005e-09,332,1,10.435094307579675,0.9999999994647633,5.585246043438019e-09,10.434050803733605,False,False,2.4253377084448857e-12,True,True,False,REJECT_ARMIJO_CONDITION,
1241,2,17,1,0.25,7.62939453125e-06,8.13407849479133e-09,0.5,0.0010661499364692892,0.0010661499364692892,8.13407849479133e-09,5.329070518200751e-15,True,0,,4.8089461301970005e-09,332,1,10.435094310372326,0.9999999997323843,2.792594600009579e-09,10.434572558449263,False,False,2.4253377084448857e-12,True,True,False,REJECT_ARMIJO_CONDITION,
1242,2,17,2,0.25,7.62939453125e-06,8.13407849479133e-09,0.25,0.0010661499364692892,0.0010661499364692892,8.13407849479133e-09,5.329070518200751e-15,True,0,,4.8089461301970005e-09,332,1,10.435094311768642,0.9999999998661939,1.3962786482579759e-09,10.434833435807091,False,False,2.4253377084448857e-12,True,True,False,REJECT_ARMIJO_CONDITION,
1243,2,17,3,0.25,7.62939453125e-06,8.13407849479133e-09,0.125,0.0010661499364692892,0.0010661499364692892,8.13407849479133e-09,5.329070518200751e-15,True,0,,4.8089461301970005e-09,332,1,10.435094312466852,0.9999999999331037,6.980691580338316e-10,10.434963874486007,False,False,2.4253377084448857e-12,True,True,False,REJECT_ARMIJO_CONDITION,
1244,2,17,4,0.25,7.62939453125e-06,8.13407849479133e-09,0.0625,0.0010661499364692892,0.0010661499364692892,8.13407849479133e-09,5.329070518200751e-15,True,0,,4.8089461301970005e-09,332,1,10.435094312815817,0.9999999999665452,3.491038569336524e-10,10.435029093825463,False,False,2.4253377084448857e-12,True,True,False,REJECT_ARMIJO_CONDITION,
1245,2,17,5,0.25,7.62939453125e-06,8.13407849479133e-09,0.03125,0.0010661499364692892,0.0010661499364692892,8.13407849479133e-09,5.329070518200751e-15,True,0,,4.8089461301970005e-09,332,1,10.43509431299044,0.9999999999832794,1.744808741932502e-10,10.435061703495192,False,False,2.4253377084448857e-12,True,True,False,REJECT_ARMIJO_CONDITION,
1246,2,17,6,0.25,7.62939453125e-06,8.13407849479133e-09,0.015625,0.0010661499364692892,0.0010661499364692892,8.13407849479133e-09,5.329070518200751e-15,True,0,,4.8089461301970005e-09,332,1,10.435094313077753,0.9999999999916467,8.716760646620969e-11,10.435078008330057,False,False,2.4253377084448857e-12,True,True,False,REJECT_ARMIJO_CONDITION,
1247,2,17,7,0.25,7.62939453125e-06,8.13407849479133e-09,0.0078125,0.0010661499364692892,0.0010661499364692892,8.13407849479133e-09,5.329070518200751e-15,True,0,,4.8089461301970005e-09,332,1,10.435094313121294,0.9999999999958191,4.362732397567015e-11,10.435086160747488,False,False,2.4253377084448857e-12,True,True,False,REJECT_ARMIJO_CONDITION,
1248,2,17,8,0.25,7.62939453125e-06,8.13407849479133e-09,0.00390625,0.0010661499364692892,0.0010661499364692892,8.13407849479133e-09,5.329070518200751e-15,True,0,,4.8089461301970005e-09,332,1,10.435094313143235,0.9999999999979219,2.1685764295398258e-11,10.435090236956205,False,False,2.4253377084448857e-12,True,True,False,REJECT_ARMIJO_CONDITION,
1249,2,17,9,0.25,7.62939453125e-06,8.13407849479133e-09,0.001953125,0.0010661499364692892,0.0010661499364692892,8.13407849479133e-09,5.329070518200751e-15,True,0,,4.8089461301970005e-09,332,1,10.43509431315408,0.999999999998961,1.0841105790859729e-11,10.435092275060564,False,False,2.4253377084448857e-12,True,True,False,REJECT_ARMIJO_CONDITION,
1250,2,17,10,0.25,7.62939453125e-06,8.13407849479133e-09,0.0009765625,0.0010661499364692892,0.0010661499364692892,8.13407849479133e-09,5.329070518200751e-15,True,0,,4.8089461301970005e-09,332,1,10.435094313159558,0.9999999999994861,5.362821298149356e-12,10.435093294112741,False,False,2.4253377084448857e-12,True,True,False,REJECT_ARMIJO_CONDITION,
1251,2,17,11,0.25,7.62939453125e-06,8.13407849479133e-09,0.00048828125,0.0010661499364692892,0.0010661499364692892,8.13407849479133e-09,5.329070518200751e-15,True,0,,4.8089461301970005e-09,332,1,10.435094313162269,0.9999999999997459,2.652100761224574e-12,10.435093803638832,False,False,2.4253377084448857e-12,True,True,False,REJECT_ARMIJO_CONDITION,
1252,2,17,12,0.25,7.62939453125e-06,8.13407849479133e-09,0.000244140625,0.0010661499364692892,0.0010661499364692892,8.13407849479133e-09,5.329070518200751e-15,True,0,,4.8089461301970005e-09,332,1,10.435094313163624,0.9999999999998758,1.2967404927621828e-12,10.435094058401877,False,False,2.4253377084448857e-12,True,True,False,REJECT_ARMIJO_CONDITION,
1253,2,17,13,0.25,7.62939453125e-06,8.13407849479133e-09,0.0001220703125,0.0010661499364692892,0.0010661499364692892,8.13407849479133e-09,5.329070518200751e-15,True,0,,4.8089461301970005e-09,332,1,10.4350943131644,0.9999999999999502,5.204725539442734e-13,10.435094185783399,False,False,2.4253377084448857e-12,True,True,False,REJECT_ABSOLUTE_DECREASE_BELOW_FLOOR,
1254,2,17,14,0.25,7.62939453125e-06,8.13407849479133e-09,6.103515625e-05,0.0010661499364692892,0.0010661499364692892,8.13407849479133e-09,5.329070518200751e-15,True,0,,4.8089461301970005e-09,332,1,10.435094313164662,0.9999999999999751,2.5934809855243657e-13,10.43509424947416,False,False,2.4253377084448857e-12,True,True,False,REJECT_ABSOLUTE_DECREASE_BELOW_FLOOR,
1255,2,17,15,0.25,7.62939453125e-06,8.13407849479133e-09,3.0517578125e-05,0.0010661499364692892,0.0010661499364692892,8.13407849479133e-09,5.329070518200751e-15,True,0,,4.8089461301970005e-09,332,1,10.435094313164777,0.9999999999999862,1.438849039914203e-13,10.43509428131954,False,False,2.4253377084448857e-12,True,True,False,REJECT_ABSOLUTE_DECREASE_BELOW_FLOOR,
1256,2,17,16,0.25,7.62939453125e-06,8.13407849479133e-09,1.52587890625e-05,0.0010661499364692892,0.0010661499364692892,8.13407849479133e-09,5.329070518200751e-15,True,0,,4.8089461301970005e-09,332,1,10.435094313164937,1.0000000000000016,-1.5987211554602254e-14,10.43509429724223,False,False,2.4253377084448857e-12,True,True,False,REJECT_NOT_RESIDUAL_REDUCING,
1257,2,17,17,0.25,7.62939453125e-06,8.13407849479133e-09,7.62939453125e-06,0.0010661499364692892,0.0010661499364692892,8.13407849479133e-09,5.329070518200751e-15,True,0,,4.8089461301970005e-09,332,1,10.435094313164955,1.0000000000000033,-3.375077994860476e-14,10.435094305203576,False,False,2.4253377084448857e-12,True,True,False,REJECT_NOT_RESIDUAL_REDUCING,
1258,2,17,18,0.25,7.62939453125e-06,8.13407849479133e-09,3.814697265625e-06,0.0010661499364692892,0.0010661499364692892,8.13407849479133e-09,5.329070518200751e-15,True,0,,4.8089461301970005e-09,332,1,10.435094313164885,0.9999999999999966,3.552713678800501e-14,10.43509430918425,False,False,2.4253377084448857e-12,True,True,False,REJECT_ABSOLUTE_DECREASE_BELOW_FLOOR,
1259,2,17,19,0.25,7.62939453125e-06,8.13407849479133e-09,1.9073486328125e-06,0.0010661499364692892,0.0010661499364692892,8.13407849479133e-09,5.329070518200751e-15,True,0,,4.8089461301970005e-09,332,1,10.435094313164974,1.000000000000005,-5.3290705182007514e-14,10.435094311174584,False,False,2.4253377084448857e-12,True,True,False,REJECT_NOT_RESIDUAL_REDUCING,
1260,2,17,20,0.25,7.62939453125e-06,8.13407849479133e-09,9.5367431640625e-07,0.0010661499364692892,0.0010661499364692892,8.13407849479133e-09,5.329070518200751e-15,True,0,,4.8089461301970005e-09,332,1,10.435094313164978,1.0000000000000056,-5.684341886080802e-14,10.435094312169753,False,False,2.4253377084448857e-12,True,True,False,REJECT_NOT_RESIDUAL_REDUCING,
1261,2,18,0,0.25,3.814697265625e-06,4.067039247395665e-09,1.0,0.0010661499364692892,0.0010661499364692892,4.067039247395665e-09,5.329070518200751e-15,True,0,,4.8089461301970005e-09,332,1,10.435094310372326,0.9999999997323843,2.792594600009579e-09,10.434050803733605,False,False,2.4253377084448857e-12,True,True,False,REJECT_ARMIJO_CONDITION,
1262,2,18,1,0.25,3.814697265625e-06,4.067039247395665e-09,0.5,0.0010661499364692892,0.0010661499364692892,4.067039247395665e-09,5.329070518200751e-15,True,0,,4.8089461301970005e-09,332,1,10.435094311768642,0.9999999998661939,1.3962786482579759e-09,10.434572558449263,False,False,2.4253377084448857e-12,True,True,False,REJECT_ARMIJO_CONDITION,
1263,2,18,2,0.25,3.814697265625e-06,4.067039247395665e-09,0.25,0.0010661499364692892,0.0010661499364692892,4.067039247395665e-09,5.329070518200751e-15,True,0,,4.8089461301970005e-09,332,1,10.435094312466852,0.9999999999331037,6.980691580338316e-10,10.434833435807091,False,False,2.4253377084448857e-12,True,True,False,REJECT_ARMIJO_CONDITION,
1264,2,18,3,0.25,3.814697265625e-06,4.067039247395665e-09,0.125,0.0010661499364692892,0.0010661499364692892,4.067039247395665e-09,5.329070518200751e-15,True,0,,4.8089461301970005e-09,332,1,10.435094312815817,0.9999999999665452,3.491038569336524e-10,10.434963874486007,False,False,2.4253377084448857e-12,True,True,False,REJECT_ARMIJO_CONDITION,
1265,2,18,4,0.25,3.814697265625e-06,4.067039247395665e-09,0.0625,0.0010661499364692892,0.0010661499364692892,4.067039247395665e-09,5.329070518200751e-15,True,0,,4.8089461301970005e-09,332,1,10.43509431299044,0.9999999999832794,1.744808741932502e-10,10.435029093825463,False,False,2.4253377084448857e-12,True,True,False,REJECT_ARMIJO_CONDITION,
1266,2,18,5,0.25,3.814697265625e-06,4.067039247395665e-09,0.03125,0.0010661499364692892,0.0010661499364692892,4.067039247395665e-09,5.329070518200751e-15,True,0,,4.8089461301970005e-09,332,1,10.435094313077753,0.9999999999916467,8.716760646620969e-11,10.435061703495192,False,False,2.4253377084448857e-12,True,True,False,REJECT_ARMIJO_CONDITION,
1267,2,18,6,0.25,3.814697265625e-06,4.067039247395665e-09,0.015625,0.0010661499364692892,0.0010661499364692892,4.067039247395665e-09,5.329070518200751e-15,True,0,,4.8089461301970005e-09,332,1,10.435094313121294,0.9999999999958191,4.362732397567015e-11,10.435078008330057,False,False,2.4253377084448857e-12,True,True,False,REJECT_ARMIJO_CONDITION,
1268,2,18,7,0.25,3.814697265625e-06,4.067039247395665e-09,0.0078125,0.0010661499364692892,0.0010661499364692892,4.067039247395665e-09,5.329070518200751e-15,True,0,,4.8089461301970005e-09,332,1,10.435094313143235,0.9999999999979219,2.1685764295398258e-11,10.435086160747488,False,False,2.4253377084448857e-12,True,True,False,REJECT_ARMIJO_CONDITION,
1269,2,18,8,0.25,3.814697265625e-06,4.067039247395665e-09,0.00390625,0.0010661499364692892,0.0010661499364692892,4.067039247395665e-09,5.329070518200751e-15,True,0,,4.8089461301970005e-09,332,1,10.43509431315408,0.999999999998961,1.0841105790859729e-11,10.435090236956205,False,False,2.4253377084448857e-12,True,True,False,REJECT_ARMIJO_CONDITION,
1270,2,18,9,0.25,3.814697265625e-06,4.067039247395665e-09,0.001953125,0.0010661499364692892,0.0010661499364692892,4.067039247395665e-09,5.329070518200751e-15,True,0,,4.8089461301970005e-09,332,1,10.435094313159558,0.9999999999994861,5.362821298149356e-12,10.435092275060564,False,False,2.4253377084448857e-12,True,True,False,REJECT_ARMIJO_CONDITION,
1271,2,18,10,0.25,3.814697265625e-06,4.067039247395665e-09,0.0009765625,0.0010661499364692892,0.0010661499364692892,4.067039247395665e-09,5.329070518200751e-15,True,0,,4.8089461301970005e-09,332,1,10.435094313162269,0.9999999999997459,2.652100761224574e-12,10.435093294112741,False,False,2.4253377084448857e-12,True,True,False,REJECT_ARMIJO_CONDITION,
1272,2,18,11,0.25,3.814697265625e-06,4.067039247395665e-09,0.00048828125,0.0010661499364692892,0.0010661499364692892,4.067039247395665e-09,5.329070518200751e-15,True,0,,4.8089461301970005e-09,332,1,10.435094313163624,0.9999999999998758,1.2967404927621828e-12,10.435093803638832,False,False,2.4253377084448857e-12,True,True,False,REJECT_ARMIJO_CONDITION,
1273,2,18,12,0.25,3.814697265625e-06,4.067039247395665e-09,0.000244140625,0.0010661499364692892,0.0010661499364692892,4.067039247395665e-09,5.329070518200751e-15,True,0,,4.8089461301970005e-09,332,1,10.4350943131644,0.9999999999999502,5.204725539442734e-13,10.435094058401877,False,False,2.4253377084448857e-12,True,True,False,REJECT_ABSOLUTE_DECREASE_BELOW_FLOOR,
1274,2,18,13,0.25,3.814697265625e-06,4.067039247395665e-09,0.0001220703125,0.0010661499364692892,0.0010661499364692892,4.067039247395665e-09,5.329070518200751e-15,True,0,,4.8089461301970005e-09,332,1,10.435094313164662,0.9999999999999751,2.5934809855243657e-13,10.435094185783399,False,False,2.4253377084448857e-12,True,True,False,REJECT_ABSOLUTE_DECREASE_BELOW_FLOOR,
1275,2,18,14,0.25,3.814697265625e-06,4.067039247395665e-09,6.103515625e-05,0.0010661499364692892,0.0010661499364692892,4.067039247395665e-09,5.329070518200751e-15,True,0,,4.8089461301970005e-09,332,1,10.435094313164777,0.9999999999999862,1.438849039914203e-13,10.43509424947416,False,False,2.4253377084448857e-12,True,True,False,REJECT_ABSOLUTE_DECREASE_BELOW_FLOOR,
1276,2,18,15,0.25,3.814697265625e-06,4.067039247395665e-09,3.0517578125e-05,0.0010661499364692892,0.0010661499364692892,4.067039247395665e-09,5.329070518200751e-15,True,0,,4.8089461301970005e-09,332,1,10.435094313164937,1.0000000000000016,-1.5987211554602254e-14,10.43509428131954,False,False,2.4253377084448857e-12,True,True,False,REJECT_NOT_RESIDUAL_REDUCING,
1277,2,18,16,0.25,3.814697265625e-06,4.067039247395665e-09,1.52587890625e-05,0.0010661499364692892,0.0010661499364692892,4.067039247395665e-09,5.329070518200751e-15,True,0,,4.8089461301970005e-09,332,1,10.435094313164955,1.0000000000000033,-3.375077994860476e-14,10.43509429724223,False,False,2.4253377084448857e-12,True,True,False,REJECT_NOT_RESIDUAL_REDUCING,
1278,2,18,17,0.25,3.814697265625e-06,4.067039247395665e-09,7.62939453125e-06,0.0010661499364692892,0.0010661499364692892,4.067039247395665e-09,5.329070518200751e-15,True,0,,4.8089461301970005e-09,332,1,10.435094313164885,0.9999999999999966,3.552713678800501e-14,10.435094305203576,False,False,2.4253377084448857e-12,True,True,False,REJECT_ABSOLUTE_DECREASE_BELOW_FLOOR,
1279,2,18,18,0.25,3.814697265625e-06,4.067039247395665e-09,3.814697265625e-06,0.0010661499364692892,0.0010661499364692892,4.067039247395665e-09,5.329070518200751e-15,True,0,,4.8089461301970005e-09,332,1,10.435094313164974,1.000000000000005,-5.3290705182007514e-14,10.43509430918425,False,False,2.4253377084448857e-12,True,True,False,REJECT_NOT_RESIDUAL_REDUCING,
1280,2,18,19,0.25,3.814697265625e-06,4.067039247395665e-09,1.9073486328125e-06,0.0010661499364692892,0.0010661499364692892,4.067039247395665e-09,5.329070518200751e-15,True,0,,4.8089461301970005e-09,332,1,10.435094313164978,1.0000000000000056,-5.684341886080802e-14,10.435094311174584,False,False,2.4253377084448857e-12,True,True,False,REJECT_NOT_RESIDUAL_REDUCING,
1281,2,18,20,0.25,3.814697265625e-06,4.067039247395665e-09,9.5367431640625e-07,0.0010661499364692892,0.0010661499364692892,4.067039247395665e-09,5.329070518200751e-15,True,0,,4.8089461301970005e-09,332,1,10.435094313164921,1.0,0.0,10.435094312169753,False,False,2.4253377084448857e-12,True,True,False,REJECT_NOT_RESIDUAL_REDUCING,
1282,2,19,0,0.25,1.9073486328125e-06,2.0335196236978325e-09,1.0,0.0010661499364692892,0.0010661499364692892,2.0335196236978325e-09,5.329070518200751e-15,True,0,,4.8089461301970005e-09,332,1,10.435094311768642,0.9999999998661939,1.3962786482579759e-09,10.434050803733605,False,False,2.4253377084448857e-12,True,True,False,REJECT_ARMIJO_CONDITION,
1283,2,19,1,0.25,1.9073486328125e-06,2.0335196236978325e-09,0.5,0.0010661499364692892,0.0010661499364692892,2.0335196236978325e-09,5.329070518200751e-15,True,0,,4.8089461301970005e-09,332,1,10.435094312466852,0.9999999999331037,6.980691580338316e-10,10.434572558449263,False,False,2.4253377084448857e-12,True,True,False,REJECT_ARMIJO_CONDITION,
1284,2,19,2,0.25,1.9073486328125e-06,2.0335196236978325e-09,0.25,0.0010661499364692892,0.0010661499364692892,2.0335196236978325e-09,5.329070518200751e-15,True,0,,4.8089461301970005e-09,332,1,10.435094312815817,0.9999999999665452,3.491038569336524e-10,10.434833435807091,False,False,2.4253377084448857e-12,True,True,False,REJECT_ARMIJO_CONDITION,
1285,2,19,3,0.25,1.9073486328125e-06,2.0335196236978325e-09,0.125,0.0010661499364692892,0.0010661499364692892,2.0335196236978325e-09,5.329070518200751e-15,True,0,,4.8089461301970005e-09,332,1,10.43509431299044,0.9999999999832794,1.744808741932502e-10,10.434963874486007,False,False,2.4253377084448857e-12,True,True,False,REJECT_ARMIJO_CONDITION,
1286,2,19,4,0.25,1.9073486328125e-06,2.0335196236978325e-09,0.0625,0.0010661499364692892,0.0010661499364692892,2.0335196236978325e-09,5.329070518200751e-15,True,0,,4.8089461301970005e-09,332,1,10.435094313077753,0.9999999999916467,8.716760646620969e-11,10.435029093825463,False,False,2.4253377084448857e-12,True,True,False,REJECT_ARMIJO_CONDITION,
1287,2,19,5,0.25,1.9073486328125e-06,2.0335196236978325e-09,0.03125,0.0010661499364692892,0.0010661499364692892,2.0335196236978325e-09,5.329070518200751e-15,True,0,,4.8089461301970005e-09,332,1,10.435094313121294,0.9999999999958191,4.362732397567015e-11,10.435061703495192,False,False,2.4253377084448857e-12,True,True,False,REJECT_ARMIJO_CONDITION,
1288,2,19,6,0.25,1.9073486328125e-06,2.0335196236978325e-09,0.015625,0.0010661499364692892,0.0010661499364692892,2.0335196236978325e-09,5.329070518200751e-15,True,0,,4.8089461301970005e-09,332,1,10.435094313143235,0.9999999999979219,2.1685764295398258e-11,10.435078008330057,False,False,2.4253377084448857e-12,True,True,False,REJECT_ARMIJO_CONDITION,
1289,2,19,7,0.25,1.9073486328125e-06,2.0335196236978325e-09,0.0078125,0.0010661499364692892,0.0010661499364692892,2.0335196236978325e-09,5.329070518200751e-15,True,0,,4.8089461301970005e-09,332,1,10.43509431315408,0.999999999998961,1.0841105790859729e-11,10.435086160747488,False,False,2.4253377084448857e-12,True,True,False,REJECT_ARMIJO_CONDITION,
1290,2,19,8,0.25,1.9073486328125e-06,2.0335196236978325e-09,0.00390625,0.0010661499364692892,0.0010661499364692892,2.0335196236978325e-09,5.329070518200751e-15,True,0,,4.8089461301970005e-09,332,1,10.435094313159558,0.9999999999994861,5.362821298149356e-12,10.435090236956205,False,False,2.4253377084448857e-12,True,True,False,REJECT_ARMIJO_CONDITION,
1291,2,19,9,0.25,1.9073486328125e-06,2.0335196236978325e-09,0.001953125,0.0010661499364692892,0.0010661499364692892,2.0335196236978325e-09,5.329070518200751e-15,True,0,,4.8089461301970005e-09,332,1,10.435094313162269,0.9999999999997459,2.652100761224574e-12,10.435092275060564,False,False,2.4253377084448857e-12,True,True,False,REJECT_ARMIJO_CONDITION,
1292,2,19,10,0.25,1.9073486328125e-06,2.0335196236978325e-09,0.0009765625,0.0010661499364692892,0.0010661499364692892,2.0335196236978325e-09,5.329070518200751e-15,True,0,,4.8089461301970005e-09,332,1,10.435094313163624,0.9999999999998758,1.2967404927621828e-12,10.435093294112741,False,False,2.4253377084448857e-12,True,True,False,REJECT_ARMIJO_CONDITION,
1293,2,19,11,0.25,1.9073486328125e-06,2.0335196236978325e-09,0.00048828125,0.0010661499364692892,0.0010661499364692892,2.0335196236978325e-09,5.329070518200751e-15,True,0,,4.8089461301970005e-09,332,1,10.4350943131644,0.9999999999999502,5.204725539442734e-13,10.435093803638832,False,False,2.4253377084448857e-12,True,True,False,REJECT_ABSOLUTE_DECREASE_BELOW_FLOOR,
1294,2,19,12,0.25,1.9073486328125e-06,2.0335196236978325e-09,0.000244140625,0.0010661499364692892,0.0010661499364692892,2.0335196236978325e-09,5.329070518200751e-15,True,0,,4.8089461301970005e-09,332,1,10.435094313164662,0.9999999999999751,2.5934809855243657e-13,10.435094058401877,False,False,2.4253377084448857e-12,True,True,False,REJECT_ABSOLUTE_DECREASE_BELOW_FLOOR,
1295,2,19,13,0.25,1.9073486328125e-06,2.0335196236978325e-09,0.0001220703125,0.0010661499364692892,0.0010661499364692892,2.0335196236978325e-09,5.329070518200751e-15,True,0,,4.8089461301970005e-09,332,1,10.435094313164777,0.9999999999999862,1.438849039914203e-13,10.435094185783399,False,False,2.4253377084448857e-12,True,True,False,REJECT_ABSOLUTE_DECREASE_BELOW_FLOOR,
1296,2,19,14,0.25,1.9073486328125e-06,2.0335196236978325e-09,6.103515625e-05,0.0010661499364692892,0.0010661499364692892,2.0335196236978325e-09,5.329070518200751e-15,True,0,,4.8089461301970005e-09,332,1,10.435094313164937,1.0000000000000016,-1.5987211554602254e-14,10.43509424947416,False,False,2.4253377084448857e-12,True,True,False,REJECT_NOT_RESIDUAL_REDUCING,
1297,2,19,15,0.25,1.9073486328125e-06,2.0335196236978325e-09,3.0517578125e-05,0.0010661499364692892,0.0010661499364692892,2.0335196236978325e-09,5.329070518200751e-15,True,0,,4.8089461301970005e-09,332,1,10.435094313164955,1.0000000000000033,-3.375077994860476e-14,10.43509428131954,False,False,2.4253377084448857e-12,True,True,False,REJECT_NOT_RESIDUAL_REDUCING,
1298,2,19,16,0.25,1.9073486328125e-06,2.0335196236978325e-09,1.52587890625e-05,0.0010661499364692892,0.0010661499364692892,2.0335196236978325e-09,5.329070518200751e-15,True,0,,4.8089461301970005e-09,332,1,10.435094313164885,0.9999999999999966,3.552713678800501e-14,10.43509429724223,False,False,2.4253377084448857e-12,True,True,False,REJECT_ABSOLUTE_DECREASE_BELOW_FLOOR,
1299,2,19,17,0.25,1.9073486328125e-06,2.0335196236978325e-09,7.62939453125e-06,0.0010661499364692892,0.0010661499364692892,2.0335196236978325e-09,5.329070518200751e-15,True,0,,4.8089461301970005e-09,332,1,10.435094313164974,1.000000000000005,-5.3290705182007514e-14,10.435094305203576,False,False,2.4253377084448857e-12,True,True,False,REJECT_NOT_RESIDUAL_REDUCING,
1300,2,19,18,0.25,1.9073486328125e-06,2.0335196236978325e-09,3.814697265625e-06,0.0010661499364692892,0.0010661499364692892,2.0335196236978325e-09,5.329070518200751e-15,True,0,,4.8089461301970005e-09,332,1,10.435094313164978,1.0000000000000056,-5.684341886080802e-14,10.43509430918425,False,False,2.4253377084448857e-12,True,True,False,REJECT_NOT_RESIDUAL_REDUCING,
1301,2,19,19,0.25,1.9073486328125e-06,2.0335196236978325e-09,1.9073486328125e-06,0.0010661499364692892,0.0010661499364692892,2.0335196236978325e-09,5.329070518200751e-15,True,0,,4.8089461301970005e-09,332,1,10.435094313164921,1.0,0.0,10.435094311174584,False,False,2.4253377084448857e-12,True,True,False,REJECT_NOT_RESIDUAL_REDUCING,
1302,2,19,20,0.25,1.9073486328125e-06,2.0335196236978325e-09,9.5367431640625e-07,0.0010661499364692892,0.0010661499364692892,2.0335196236978325e-09,5.329070518200751e-15,True,0,,4.8089461301970005e-09,332,1,10.435094313164921,1.0,0.0,10.435094312169753,False,False,2.4253377084448857e-12,True,True,False,REJECT_NOT_RESIDUAL_REDUCING,
1303,2,20,0,0.25,9.5367431640625e-07,1.0167598118489163e-09,1.0,0.0010661499364692892,0.0010661499364692892,1.0167598118489163e-09,5.329070518200751e-15,True,0,,4.8089461301970005e-09,332,1,10.435094312466852,0.9999999999331037,6.980691580338316e-10,10.434050803733605,False,False,2.4253377084448857e-12,True,True,False,REJECT_ARMIJO_CONDITION,
1304,2,20,1,0.25,9.5367431640625e-07,1.0167598118489163e-09,0.5,0.0010661499364692892,0.0010661499364692892,1.0167598118489163e-09,5.329070518200751e-15,True,0,,4.8089461301970005e-09,332,1,10.435094312815817,0.9999999999665452,3.491038569336524e-10,10.434572558449263,False,False,2.4253377084448857e-12,True,True,False,REJECT_ARMIJO_CONDITION,
1305,2,20,2,0.25,9.5367431640625e-07,1.0167598118489163e-09,0.25,0.0010661499364692892,0.0010661499364692892,1.0167598118489163e-09,5.329070518200751e-15,True,0,,4.8089461301970005e-09,332,1,10.43509431299044,0.9999999999832794,1.744808741932502e-10,10.434833435807091,False,False,2.4253377084448857e-12,True,True,False,REJECT_ARMIJO_CONDITION,
1306,2,20,3,0.25,9.5367431640625e-07,1.0167598118489163e-09,0.125,0.0010661499364692892,0.0010661499364692892,1.0167598118489163e-09,5.329070518200751e-15,True,0,,4.8089461301970005e-09,332,1,10.435094313077753,0.9999999999916467,8.716760646620969e-11,10.434963874486007,False,False,2.4253377084448857e-12,True,True,False,REJECT_ARMIJO_CONDITION,
1307,2,20,4,0.25,9.5367431640625e-07,1.0167598118489163e-09,0.0625,0.0010661499364692892,0.0010661499364692892,1.0167598118489163e-09,5.329070518200751e-15,True,0,,4.8089461301970005e-09,332,1,10.435094313121294,0.9999999999958191,4.362732397567015e-11,10.435029093825463,False,False,2.4253377084448857e-12,True,True,False,REJECT_ARMIJO_CONDITION,
1308,2,20,5,0.25,9.5367431640625e-07,1.0167598118489163e-09,0.03125,0.0010661499364692892,0.0010661499364692892,1.0167598118489163e-09,5.329070518200751e-15,True,0,,4.8089461301970005e-09,332,1,10.435094313143235,0.9999999999979219,2.1685764295398258e-11,10.435061703495192,False,False,2.4253377084448857e-12,True,True,False,REJECT_ARMIJO_CONDITION,
1309,2,20,6,0.25,9.5367431640625e-07,1.0167598118489163e-09,0.015625,0.0010661499364692892,0.0010661499364692892,1.0167598118489163e-09,5.329070518200751e-15,True,0,,4.8089461301970005e-09,332,1,10.43509431315408,0.999999999998961,1.0841105790859729e-11,10.435078008330057,False,False,2.4253377084448857e-12,True,True,False,REJECT_ARMIJO_CONDITION,
1310,2,20,7,0.25,9.5367431640625e-07,1.0167598118489163e-09,0.0078125,0.0010661499364692892,0.0010661499364692892,1.0167598118489163e-09,5.329070518200751e-15,True,0,,4.8089461301970005e-09,332,1,10.435094313159558,0.9999999999994861,5.362821298149356e-12,10.435086160747488,False,False,2.4253377084448857e-12,True,True,False,REJECT_ARMIJO_CONDITION,
1311,2,20,8,0.25,9.5367431640625e-07,1.0167598118489163e-09,0.00390625,0.0010661499364692892,0.0010661499364692892,1.0167598118489163e-09,5.329070518200751e-15,True,0,,4.8089461301970005e-09,332,1,10.435094313162269,0.9999999999997459,2.652100761224574e-12,10.435090236956205,False,False,2.4253377084448857e-12,True,True,False,REJECT_ARMIJO_CONDITION,
1312,2,20,9,0.25,9.5367431640625e-07,1.0167598118489163e-09,0.001953125,0.0010661499364692892,0.0010661499364692892,1.0167598118489163e-09,5.329070518200751e-15,True,0,,4.8089461301970005e-09,332,1,10.435094313163624,0.9999999999998758,1.2967404927621828e-12,10.435092275060564,False,False,2.4253377084448857e-12,True,True,False,REJECT_ARMIJO_CONDITION,
1313,2,20,10,0.25,9.5367431640625e-07,1.0167598118489163e-09,0.0009765625,0.0010661499364692892,0.0010661499364692892,1.0167598118489163e-09,5.329070518200751e-15,True,0,,4.8089461301970005e-09,332,1,10.4350943131644,0.9999999999999502,5.204725539442734e-13,10.435093294112741,False,False,2.4253377084448857e-12,True,True,False,REJECT_ABSOLUTE_DECREASE_BELOW_FLOOR,
1314,2,20,11,0.25,9.5367431640625e-07,1.0167598118489163e-09,0.00048828125,0.0010661499364692892,0.0010661499364692892,1.0167598118489163e-09,5.329070518200751e-15,True,0,,4.8089461301970005e-09,332,1,10.435094313164662,0.9999999999999751,2.5934809855243657e-13,10.435093803638832,False,False,2.4253377084448857e-12,True,True,False,REJECT_ABSOLUTE_DECREASE_BELOW_FLOOR,
1315,2,20,12,0.25,9.5367431640625e-07,1.0167598118489163e-09,0.000244140625,0.0010661499364692892,0.0010661499364692892,1.0167598118489163e-09,5.329070518200751e-15,True,0,,4.8089461301970005e-09,332,1,10.435094313164777,0.9999999999999862,1.438849039914203e-13,10.435094058401877,False,False,2.4253377084448857e-12,True,True,False,REJECT_ABSOLUTE_DECREASE_BELOW_FLOOR,
1316,2,20,13,0.25,9.5367431640625e-07,1.0167598118489163e-09,0.0001220703125,0.0010661499364692892,0.0010661499364692892,1.0167598118489163e-09,5.329070518200751e-15,True,0,,4.8089461301970005e-09,332,1,10.435094313164937,1.0000000000000016,-1.5987211554602254e-14,10.435094185783399,False,False,2.4253377084448857e-12,True,True,False,REJECT_NOT_RESIDUAL_REDUCING,
1317,2,20,14,0.25,9.5367431640625e-07,1.0167598118489163e-09,6.103515625e-05,0.0010661499364692892,0.0010661499364692892,1.0167598118489163e-09,5.329070518200751e-15,True,0,,4.8089461301970005e-09,332,1,10.435094313164955,1.0000000000000033,-3.375077994860476e-14,10.43509424947416,False,False,2.4253377084448857e-12,True,True,False,REJECT_NOT_RESIDUAL_REDUCING,
1318,2,20,15,0.25,9.5367431640625e-07,1.0167598118489163e-09,3.0517578125e-05,0.0010661499364692892,0.0010661499364692892,1.0167598118489163e-09,5.329070518200751e-15,True,0,,4.8089461301970005e-09,332,1,10.435094313164885,0.9999999999999966,3.552713678800501e-14,10.43509428131954,False,False,2.4253377084448857e-12,True,True,False,REJECT_ABSOLUTE_DECREASE_BELOW_FLOOR,
1319,2,20,16,0.25,9.5367431640625e-07,1.0167598118489163e-09,1.52587890625e-05,0.0010661499364692892,0.0010661499364692892,1.0167598118489163e-09,5.329070518200751e-15,True,0,,4.8089461301970005e-09,332,1,10.435094313164974,1.000000000000005,-5.3290705182007514e-14,10.43509429724223,False,False,2.4253377084448857e-12,True,True,False,REJECT_NOT_RESIDUAL_REDUCING,
1320,2,20,17,0.25,9.5367431640625e-07,1.0167598118489163e-09,7.62939453125e-06,0.0010661499364692892,0.0010661499364692892,1.0167598118489163e-09,5.329070518200751e-15,True,0,,4.8089461301970005e-09,332,1,10.435094313164978,1.0000000000000056,-5.684341886080802e-14,10.435094305203576,False,False,2.4253377084448857e-12,True,True,False,REJECT_NOT_RESIDUAL_REDUCING,
1321,2,20,18,0.25,9.5367431640625e-07,1.0167598118489163e-09,3.814697265625e-06,0.0010661499364692892,0.0010661499364692892,1.0167598118489163e-09,5.329070518200751e-15,True,0,,4.8089461301970005e-09,332,1,10.435094313164921,1.0,0.0,10.43509430918425,False,False,2.4253377084448857e-12,True,True,False,REJECT_NOT_RESIDUAL_REDUCING,
1322,2,20,19,0.25,9.5367431640625e-07,1.0167598118489163e-09,1.9073486328125e-06,0.0010661499364692892,0.0010661499364692892,1.0167598118489163e-09,5.329070518200751e-15,True,0,,4.8089461301970005e-09,332,1,10.435094313164921,1.0,0.0,10.435094311174584,False,False,2.4253377084448857e-12,True,True,False,REJECT_NOT_RESIDUAL_REDUCING,
1323,2,20,20,0.25,9.5367431640625e-07,1.0167598118489163e-09,9.5367431640625e-07,0.0010661499364692892,0.0010661499364692892,1.0167598118489163e-09,5.329070518200751e-15,True,0,,4.8089461301970005e-09,332,1,10.435094313164921,1.0,0.0,10.435094312169753,False,False,2.4253377084448857e-12,True,True,False,REJECT_NOT_RESIDUAL_REDUCING,
1324,3,0,0,0.125,1.0,0.0021321221487896093,1.0,0.0021321221487896093,0.0021321221487896093,0.0021321221487896093,5.329070518200751e-15,False,0,,nan,-1,-1,nan,nan,nan,nan,False,False,nan,False,False,False,REJECT_NONFINITE_CANDIDATE,REASSEMBLY_RAISED:BoundaryHJBFailure
1325,3,0,1,0.125,1.0,0.0021321221487896093,0.5,0.0021321221487896093,0.0021321221487896093,0.0021321221487896093,5.329070518200751e-15,False,0,,nan,-1,-1,nan,nan,nan,nan,False,False,nan,False,False,False,REJECT_NONFINITE_CANDIDATE,REASSEMBLY_RAISED:BoundaryHJBFailure
1326,3,0,2,0.125,1.0,0.0021321221487896093,0.25,0.0021321221487896093,0.0021321221487896093,0.0021321221487896093,5.329070518200751e-15,False,0,,nan,-1,-1,nan,nan,nan,nan,False,False,nan,False,False,False,REJECT_NONFINITE_CANDIDATE,REASSEMBLY_RAISED:BoundaryHJBFailure
1327,3,0,3,0.125,1.0,0.0021321221487896093,0.125,0.0021321221487896093,0.0021321221487896093,0.0021321221487896093,5.329070518200751e-15,False,0,,nan,-1,-1,nan,nan,nan,nan,False,False,nan,False,False,False,REJECT_NONFINITE_CANDIDATE,REASSEMBLY_RAISED:BoundaryHJBFailure
1328,3,0,4,0.125,1.0,0.0021321221487896093,0.0625,0.0021321221487896093,0.0021321221487896093,0.0021321221487896093,5.329070518200751e-15,False,0,,nan,-1,-1,nan,nan,nan,nan,False,False,nan,False,False,False,REJECT_NONFINITE_CANDIDATE,REASSEMBLY_RAISED:BoundaryHJBFailure
1329,3,0,5,0.125,1.0,0.0021321221487896093,0.03125,0.0021321221487896093,0.0021321221487896093,0.0021321221487896093,5.329070518200751e-15,False,0,,nan,-1,-1,nan,nan,nan,nan,False,False,nan,False,False,False,REJECT_NONFINITE_CANDIDATE,REASSEMBLY_RAISED:BoundaryHJBFailure
1330,3,0,6,0.125,1.0,0.0021321221487896093,0.015625,0.0021321221487896093,0.0021321221487896093,0.0021321221487896093,5.329070518200751e-15,False,0,,nan,-1,-1,nan,nan,nan,nan,False,False,nan,False,False,False,REJECT_NONFINITE_CANDIDATE,REASSEMBLY_RAISED:BoundaryHJBFailure
1331,3,0,7,0.125,1.0,0.0021321221487896093,0.0078125,0.0021321221487896093,0.0021321221487896093,0.0021321221487896093,5.329070518200751e-15,False,0,,nan,-1,-1,nan,nan,nan,nan,False,False,nan,False,False,False,REJECT_NONFINITE_CANDIDATE,REASSEMBLY_RAISED:BoundaryHJBFailure
1332,3,0,8,0.125,1.0,0.0021321221487896093,0.00390625,0.0021321221487896093,0.0021321221487896093,0.0021321221487896093,5.329070518200751e-15,False,0,,nan,-1,-1,nan,nan,nan,nan,False,False,nan,False,False,False,REJECT_NONFINITE_CANDIDATE,REASSEMBLY_RAISED:BoundaryHJBFailure
1333,3,0,9,0.125,1.0,0.0021321221487896093,0.001953125,0.0021321221487896093,0.0021321221487896093,0.0021321221487896093,5.329070518200751e-15,False,0,,nan,-1,-1,nan,nan,nan,nan,False,False,nan,False,False,False,REJECT_NONFINITE_CANDIDATE,REASSEMBLY_RAISED:BoundaryHJBFailure
1334,3,0,10,0.125,1.0,0.0021321221487896093,0.0009765625,0.0021321221487896093,0.0021321221487896093,0.0021321221487896093,5.329070518200751e-15,False,0,,nan,-1,-1,nan,nan,nan,nan,False,False,nan,False,False,False,REJECT_NONFINITE_CANDIDATE,REASSEMBLY_RAISED:BoundaryHJBFailure
1335,3,0,11,0.125,1.0,0.0021321221487896093,0.00048828125,0.0021321221487896093,0.0021321221487896093,0.0021321221487896093,5.329070518200751e-15,False,0,,nan,-1,-1,nan,nan,nan,nan,False,False,nan,False,False,False,REJECT_NONFINITE_CANDIDATE,REASSEMBLY_RAISED:BoundaryHJBFailure
1336,3,0,12,0.125,1.0,0.0021321221487896093,0.000244140625,0.0021321221487896093,0.0021321221487896093,0.0021321221487896093,5.329070518200751e-15,False,0,,nan,-1,-1,nan,nan,nan,nan,False,False,nan,False,False,False,REJECT_NONFINITE_CANDIDATE,REASSEMBLY_RAISED:BoundaryHJBFailure
1337,3,0,13,0.125,1.0,0.0021321221487896093,0.0001220703125,0.0021321221487896093,0.0021321221487896093,0.0021321221487896093,5.329070518200751e-15,False,0,,nan,-1,-1,nan,nan,nan,nan,False,False,nan,False,False,False,REJECT_NONFINITE_CANDIDATE,REASSEMBLY_RAISED:BoundaryHJBFailure
1338,3,0,14,0.125,1.0,0.0021321221487896093,6.103515625e-05,0.0021321221487896093,0.0021321221487896093,0.0021321221487896093,5.329070518200751e-15,False,0,,nan,-1,-1,nan,nan,nan,nan,False,False,nan,False,False,False,REJECT_NONFINITE_CANDIDATE,REASSEMBLY_RAISED:BoundaryHJBFailure
1339,3,0,15,0.125,1.0,0.0021321221487896093,3.0517578125e-05,0.0021321221487896093,0.0021321221487896093,0.0021321221487896093,5.329070518200751e-15,False,0,,nan,-1,-1,nan,nan,nan,nan,False,False,nan,False,False,False,REJECT_NONFINITE_CANDIDATE,REASSEMBLY_RAISED:BoundaryHJBFailure
1340,3,0,16,0.125,1.0,0.0021321221487896093,1.52587890625e-05,0.0021321221487896093,0.0021321221487896093,0.0021321221487896093,5.329070518200751e-15,True,0,,5.41690375095121e-10,332,1,10.435094286652339,0.9999999974592868,2.6512582351756464e-08,10.43509429724223,True,False,4.85061990573854e-12,True,True,True,ACCEPTED,
